23261	40.6438845363	-73.7828063965
16907	40.74137425	-73.9881052167
12973	40.741388197	-73.9894545078
341255	40.7249103345	-73.9946207517
260957	40.729768314	-73.9985353275
1933724	40.7285271242	-73.9968681335
105068	40.7417466987	-73.993421425
34817	40.7341933833	-74.0041635333
27836	40.7425115937	-74.0060305595
15079	40.7423961659	-74.0075433254
22806	40.7358847426	-74.0049684048
1365909	40.7275253534	-73.9853990078
11844	40.7568799674	-73.9862251282
11742	40.7074172208	-74.0113627911
19822	40.7071727167	-74.0105454333
15169	40.7070708167	-74.0119528667
11794	40.705823135	-73.9966964722
1567837	40.7693780407	-73.9630830288
35513	40.7808054632	-73.9764726162
87914	40.7317243329	-74.0033376217
16397	40.7308686424	-73.9975655079
17710	40.7422010764	-73.9879953861
60450	40.7458101407	-73.9882206917
12313	40.7484436586	-73.9857316017
34484	40.7515076167	-73.9755
458146	40.761176868	-73.9868709323
490887	40.7637712634	-73.9777493477
906408	40.7563951	-73.98525065
84240	40.7568352692	-73.985055685
17417	40.645919692	-73.7779355049
164424	40.73850238	-74.00378865
24785	40.7319546167	-73.9838675167
1545684	40.758804975	-73.985171702
78751	40.7595343138	-73.9854497778
11848	40.7592880667	-73.9851307833
327028	40.75925219	-73.98482728
285517	40.7592529943	-73.9856243134
11835	40.7532308669	-73.982180357
48524	40.7563923486	-73.9860105515
114822	40.7457360833	-73.9723638333
54888	40.7556527867	-73.9857530594
323968	40.75408691	-73.98391765
1433726	40.754401251	-73.984031604
11834	40.7538160368	-73.983618021
1471386	40.751971675	-73.977535226
13022	40.7527919861	-73.9772558212
832965	40.7516947714	-73.9766013622
461139	40.74967622	-73.97509026
156025	40.7491101497	-73.975507021
527937	40.74882441	-73.9758597
786595	40.7496542215	-73.9767415714
956514	40.75004855	-73.9760338667
422508	40.7392199	-74.00933688
39670	40.7481536865	-74.0077590942
1171692	40.7493864977	-74.0075325966
891124	40.7607320299	-73.9963746071
25323	40.7527147753	-73.9936387539
27278	40.7560916486	-73.9902591705
501390	40.7606053102	-73.9898298414
328270	40.75855487	-73.98525011
11875	40.750613794	-73.993434906
1441166	40.74993789	-73.99542582
104462	40.7284996	-73.9485223833
697094	40.7269073583	-73.9916229151
122085	40.7126083926	-73.9568261871
52393	40.7147426115	-73.943490833
321012	40.72419245	-73.9507600833
35846	40.7142815709	-73.9632908085
336941	40.71816962	-73.94737428
70243	40.7657915879	-73.9872660412
47918	40.7365143833	-73.9868755833
147726	40.7142296167	-73.9554185833
259466	40.72121385	-73.9406308333
220064	40.7146195949	-73.9441792896
307870	40.7206354031	-73.9843063423
65864	40.6756762829	-74.0004730771
42524	40.7104890667	-73.9654097833
54061	40.6864054215	-73.9851879612
58496	40.7405398781	-74.0057506218
239785	40.740534663	-74.005998373
12871	40.7133621734	-73.951420784
335166	40.7223179167	-73.9833465167
195026	40.73568255	-74.0018915
112800	40.7299580618	-73.9995610714
52245	40.7254941667	-73.9848992167
157926	40.7197294341	-73.9580512047
148006	40.7458263973	-73.9882743359
12947	40.7141997917	-73.956130743
502435	40.75889581	-73.98111581
12525	40.7613333866	-73.9775025845
873393	40.7588019632	-73.9780658484
71798	40.7195870107	-73.9868685297
737000	40.7634210141	-73.9867480977
93056	40.7630967931	-73.9811182022
24963	40.6912468675	-74.1795158386
70798	40.7317873406	-73.9890950918
340684	40.7558762816	-73.9823949337
2061845	40.7480295838	-74.0071158496
28593	40.7258684255	-73.983424902
112016	40.7277736384	-73.985715066
259789	40.76773025	-73.8994259833
13240	40.6882631667	-73.9788436833
721470	40.7259011857	-73.9847670972
12579	40.7235104693	-73.9884352684
1008773	40.7633263858	-73.9777377088
739981	40.7331512078	-74.0058752721
161677	40.7334206534	-74.0044514831
172672	40.7304645196	-74.0021956229
507924	40.7600881033	-73.973275284
12821	40.7657052487	-73.9472579956
12506	40.7589340167	-73.9684581667
124493	40.7667465495	-73.9537504797
1140908	40.7302167089	-74.0008718677
276014	40.7233783184	-73.9896653435
2062169	40.748165393	-74.007330699
731109	40.6654865824	-73.9716982841
1240642	40.8785994085	-73.9206182957
1365206	40.7515322195	-73.9939820766
106840	40.735844095	-73.9903879166
1147519	40.75994089	-73.99269268
12505	40.7745781069	-73.8720059395
1245384	40.76211023	-73.96595001
893348	40.7700679846	-73.9655471674
62464	40.76978445	-73.9648129333
1157179	40.7613333866	-73.9504659176
207035	40.7332810262	-73.9997256792
210577	40.7220387371	-74.0042281151
506344	40.7653314576	-73.9518284798
294127	40.7431114894	-74.0057301521
306161	40.7603606667	-73.9869341333
543765	40.7215941717	-73.9887228773
22418	40.7588992833	-73.9536705167
231817	40.7754566167	-73.9800858333
398859	40.7717831219	-73.9836609364
463647	40.72532659	-74.0017755
215957	40.7180062822	-73.9897007162
102764	40.7211888643	-73.994469807
556746	40.7597686	-73.94139925
83043	40.7464809327	-73.9825093343
325992	40.74737828	-73.98871755
933174	40.74752151	-73.98821431
72948	40.7327569615	-73.9858830793
655680	40.7809180092	-73.9810265391
12819	40.7504689667	-73.9987564
28125	40.7458426539	-73.9882743359
83203	40.7230030099	-73.9890840986
38062	40.75732825	-73.9822051333
99492	40.75862665	-73.9869783333
13116	40.7409248514	-74.0080475807
880812	40.76313769	-73.98286521
160882	40.7585703514	-73.9858174324
627369	40.72343965	-73.9886553
377920	40.7593251569	-73.9924048223
1093863	40.72657495	-73.98924124
13076	40.7377301171	-73.9865899086
898205	40.737933349	-73.9859247208
95281	40.7444201864	-73.9872121811
785336	40.7445908841	-73.9894008636
830720	40.7457202429	-73.9884921714
149897	40.7642440796	-73.9789733887
689248	40.7152481079	-73.9840545654
105168	40.7642803605	-73.9791989921
133502	40.76922509	-73.9929787788
538600	40.72699451	-73.98449742
1035207	40.7243507167	-73.9928707667
29067	40.7243054667	-73.9931995667
458830	40.7293401607	-73.9917290211
442514	40.7581329353	-73.9937057504
12535	40.7638606505	-73.9729321003
1015957	40.76428747	-73.97335731
861197	40.7638931549	-73.9730715752
12994	40.764266954	-73.9739835262
812520	40.7623617	-73.97427737
898057	40.74748903	-73.98817884
22479	40.7236061333	-73.9882734833
787624	40.734413284	-73.9889395237
61631	40.7578005245	-73.984544039
135998	40.7610774043	-73.985093236
112019	40.7633812091	-73.9843797684
157396	40.7627961234	-73.9821052551
124488	40.7621947799	-73.9846372604
83487	40.7643319624	-73.9835321903
365878	40.7612521225	-73.9780497551
607066	40.7614016888	-73.9775743645
765769	40.7616683239	-73.9772640938
765945	40.7612683753	-73.9769017696
12993	40.7612729	-73.9740371667
512753	40.7634401237	-73.9704054594
13211	40.7456946333	-74.0063953333
482501	40.745225223	-74.0057344027
365404	40.7557421847	-73.9675462246
63622	40.7561085716	-73.9807347223
358270	40.7236269167	-73.95158005
475790	40.6807890407	-73.9675174474
167064	40.67996615	-73.9676370667
55633	40.6857370789	-73.9725811436
12828	40.6868362333	-73.9778137167
196211	40.7299255408	-73.9808499813
75713	40.7622764333	-73.9783159667
15992	40.7634218398	-73.9738762379
29005	40.7585113667	-73.9790817
717555	40.7522666	-74.0026763833
717083	40.7651127	-73.9704382333
12571	40.7593667674	-73.9529442787
23792	40.7648317119	-73.9469254017
389893	40.758718846	-73.9931003491
704531	40.759163601	-73.9919543266
129309	40.76135647	-73.98647141
360979	40.76117831	-73.98665094
160793	40.7579149167	-73.9873854833
161780	40.76135015	-73.98658931
53706	40.7578433833	-73.9872365667
280891	40.7587057391	-73.9864058753
356756	40.7592910699	-73.9916997255
76544	40.7595780599	-73.9916217327
383276	40.7669990561	-73.9930717752
326100	40.7266717224	-73.9923530566
22811	40.7291125115	-73.9918577671
682770	40.7780635485	-73.9806461334
548832	40.76959609	-73.95653182
450366	40.76947426	-73.95661622
562127	40.7666388384	-73.9597391833
568709	40.7692333887	-73.9558441523
425657	40.7642751221	-73.9593040793
579497	40.76915854	-73.95522469
637578	40.7686061212	-73.9516997337
659909	40.7659811117	-73.953672812
348916	40.7128886904	-73.9675389842
55733	40.7130043527	-73.9666450024
55191	40.7634434585	-73.99550686
640183	40.7678967333	-73.9966035833
95319	40.7750005944	-73.9826095104
12191	40.7720431255	-73.9750671387
173911	40.7714923493	-73.9805154967
104439	40.77198135	-73.9792067167
384197	40.7723112531	-73.9789938927
248666	40.7725306294	-73.9819121361
122503	40.7729993291	-73.981853118
183846	40.7737656234	-73.9829421043
617896	40.7742774892	-73.9841330051
64343	40.773351253	-73.9840042591
179738	40.7734406272	-73.9840900898
44092	40.7726606299	-73.9840579033
445711	40.77044063	-73.98660665
506797	40.7705227342	-73.9870377868
157249	40.76922975	-73.9876591167
318399	40.76730734	-73.98758786
514015	40.76707798	-73.98776155
418242	40.7577740833	-73.9891236333
389065	40.7563168	-73.9873365
159256	40.756443519	-73.9872928207
159263	40.756443519	-73.9872928207
46730	40.7578064332	-73.9891648293
434885	40.75771123	-73.98820239
92085	40.7565078328	-73.9875384653
80884	40.7572356054	-73.9893727708
212298	40.7554608191	-73.9894779893
102561	40.7573251167	-73.988819
258577	40.7571170358	-73.9891954274
652477	40.7570253542	-73.9892681883
139375	40.7571271105	-73.9891744072
538144	40.75711	-73.9891761
43409	40.7570993947	-73.9890682697
507320	40.7562879085	-73.9882821553
48496	40.7569206021	-73.9891433716
598200	40.7567371615	-73.9880786054
48497	40.7564654917	-73.9888215065
179870	40.7565747	-73.9882533
635362	40.75680881	-73.98897403
534873	40.75683784	-73.98888224
451909	40.75681984	-73.98847842
48498	40.7564411107	-73.9876198769
293343	40.7291372345	-73.9886470917
302791	40.7290302219	-73.9887367363
530561	40.72923125	-73.9889466333
101818	40.7289641326	-73.9888054132
464449	40.7295505816	-73.9888648467
469438	40.7292995091	-73.9889609814
70848	40.72919085	-73.9887562333
628089	40.7289057714	-73.9875949857
12482	40.7140371482	-73.9898514748
492223	40.714216056	-73.9903450012
554344	40.7136089192	-73.9891897622
67627	40.71402315	-73.9903207333
574500	40.7141052333	-73.9891732833
442099	40.71495491	-73.98996567
320743	40.7666790029	-73.9904402304
446857	40.7717343711	-73.9885640144
133474	40.7694050537	-73.9884166895
111023	40.7692271815	-73.9884530736
575735	40.7689971333	-73.9884544167
127955	40.7697010991	-73.9881748051
612652	40.7659681343	-73.9910902841
645719	40.7655272021	-73.9911783248
104489	40.7646379134	-73.996057763
152769	40.7704942004	-73.987568552
108942	40.7691267984	-73.9886263934
634908	40.7730808167	-73.9894503833
37525	40.7661581565	-73.9915211892
474183	40.7686421825	-73.9889533934
371173	40.7674940768	-73.9897528901
572103	40.76923565	-73.98873815
459276	40.7674509	-73.9885533
183116	40.768335665	-73.9897627416
438209	40.7674754058	-73.9898556021
127346	40.7695009529	-73.9893503281
162002	40.7674780394	-73.9906873262
124580	40.76603485	-73.9947516167
595774	40.7687327899	-73.9898074987
497702	40.76637434	-73.99458903
49675	40.7704255667	-73.9904602667
124574	40.767013501	-73.9939713478
179227	40.7690110333	-73.9910039667
566624	40.77132314	-73.99071818
638791	40.7704993394	-73.991535902
475902	40.7709381641	-73.9916461175
124568	40.7683182833	-73.9930160333
50042	40.7678814667	-73.9956579167
119102	40.7687911833	-73.9927493667
50039	40.768183593	-73.9962244034
182719	40.7692541279	-73.9946338534
49758	40.7693498	-73.9957970333
41713	40.7546917502	-73.9881402254
128439	40.7668740833	-73.98662275
165777	40.7631676	-73.9792362
517285	40.7635749845	-73.9594330497
382963	40.76003479	-73.96356779
411182	40.7633161	-73.9596221
124511	40.75870065	-73.9633445833
298380	40.7621389407	-73.9615338692
534420	40.7631464	-73.9594544167
118707	40.7614740263	-73.9621715887
502305	40.7629350065	-73.9595674785
434194	40.7580736822	-73.9627620755
172161	40.76269352	-73.95982921
575097	40.76247608	-73.96003592
407298	40.7590785568	-73.9626537608
63041	40.7616731918	-73.9609070228
571713	40.7616369	-73.9606528833
238950	40.7620583898	-73.9598923123
390528	40.7623174	-73.9590936167
545286	40.760426942	-73.96139554
144548	40.7612216	-73.9605733167
411143	40.7605950167	-73.9610931167
102632	40.7607224425	-73.9609886281
560886	40.760579923	-73.9582421183
223674	40.75	-73.997
174608	40.75	-73.997
606305	40.75	-73.997
590289	40.75	-73.997
521371	40.7300709964	-74.0048642828
339262	40.7299982154	-74.0043191347
172532	40.7304730333	-74.00451725
33366	40.7227793289	-73.9979139443
226005	40.72218954	-73.99643075
631553	40.7227715926	-73.9980943053
76345	40.7230653	-73.9979214333
588944	40.7221283833	-73.99686905
236996	40.72237122	-73.99650418
360301	40.7221954478	-73.9967273208
46599	40.722558299	-73.9978355394
163887	40.7221607051	-73.9974153042
546229	40.72229599	-73.99702954
381947	40.7223355255	-73.9969271421
303045	40.72237312	-73.99704051
88004	40.7231018839	-73.9990675449
87994	40.7234860762	-73.9998722076
307462	40.72457015	-74.00125771
274206	40.72458374	-74.00128406
481355	40.7237542333	-74.0005976667
33871	40.7234107333	-74.0009946
303363	40.723472588	-74.0008550887
315487	40.72435095	-74.0013474
166237	40.7341590995	-74.0030177347
513319	40.7337138	-74.00304466
440651	40.7338915833	-74.0044516
200881	40.7334377134	-74.0032947063
144879	40.730565031	-74.0060327031
67980	40.7190166905	-74.0019759908
273251	40.7282832113	-74.0042281151
247998	40.7279877023	-74.0057232367
295650	40.72894614	-74.00601118
466259	40.72895896	-74.00604587
330722	40.73385602	-74.0038166
96977	40.728694961	-74.0050956192
530326	40.7314849667	-74.00419055
273990	40.7321212362	-74.0037106558
166245	40.7328257946	-74.0033049732
92725	40.7337629052	-74.002468586
129884	40.7336545361	-74.0030540655
405479	40.7337429559	-74.0046292755
211068	40.73382502	-74.00377792
350795	40.73381882	-74.00374472
624542	40.74089449	-74.0064435
67247	40.7407460153	-74.0045392513
291901	40.7640932423	-73.9589878254
433586	40.7639357409	-73.958838021
458923	40.7639118682	-73.9586643761
330819	40.7656199341	-73.9578120401
505890	40.7657119	-73.9577067333
614236	40.7651855469	-73.9579279491
506143	40.7642747333	-73.9580890167
637884	40.7622099718	-73.9572925489
594245	40.7658636936	-73.9572622759
576833	40.76441515	-73.9578504167
638676	40.7650112506	-73.9551908438
463788	40.7421995985	-74.0044771726
108907	40.7421403	-74.0034926333
378048	40.74207	-74.003975
636806	40.7424611957	-74.0038740635
518325	40.7425018392	-74.003970623
45946	40.7424368095	-74.0037989616
231271	40.7420385013	-74.0047001839
59679	40.7403070521	-74.0056979656
637714	40.7426989601	-74.0038070083
28111	40.7418382703	-74.0034257382
46995	40.736904989	-74.0022325516
527928	40.7595263259	-73.9587605885
474537	40.7283409521	-73.9902064457
31779	40.7292843206	-73.9936743134
493062	40.7294458547	-73.9894545078
435352	40.72969639	-73.99043095
299146	40.7297300667	-73.9930425667
68308	40.7291809	-73.9933717833
603300	40.7294214638	-73.9937782288
530492	40.72966715	-73.9930544667
220596	40.7275352062	-73.9905703068
355915	40.72961044	-73.99056935
530522	40.7298747268	-73.9910048246
425186	40.729372682	-73.9904630184
314496	40.7299255408	-73.9927375317
154030	40.7281514389	-73.990983991
186389	40.7297641076	-73.9890720212
225150	40.7284523829	-73.9926579662
153899	40.7281627781	-73.9913149977
602751	40.7296393167	-73.9921853
521373	40.7284896479	-73.992605551
326478	40.7282600015	-73.9912317092
49718	40.7285468273	-73.9925331742
541118	40.7286978627	-73.9923083782
399247	40.72968357	-73.99076759
864730	40.7300800153	-73.9916110039
39399	40.744294195	-73.9903986454
590361	40.74878785	-74.0052502333
430863	40.7491679735	-74.0067644967
194959	40.7604109501	-73.9696879413
113855	40.7588979179	-73.9678923256
393014	40.7605451667	-73.96886835
149490	40.76093912	-73.96869462
321755	40.7603916915	-73.9661775334
185492	40.7595871	-73.9678055
334515	40.75987213	-73.96831375
370807	40.7600642667	-73.9680170833
415799	40.760851595	-73.9684404339
427308	40.76001572	-73.96808856
124528	40.75995564	-73.9678682
599009	40.7595623558	-73.9692262437
576893	40.7589002582	-73.9679022536
221180	40.7609328053	-73.9694643892
279685	40.7592375167	-73.96871895
286922	40.7603325169	-73.965363295
480356	40.7614582068	-73.9683898747
299850	40.7602383043	-73.9659552814
463288	40.758705	-73.9929695
520880	40.7397937303	-73.9850429064
169924	40.7398300171	-73.9853363037
349641	40.7391852441	-73.9873409271
117067	40.7373967018	-73.9874146321
371485	40.7404943989	-73.9832346091
128313	40.7391994017	-73.983993186
188217	40.73887401	-73.98737198
192182	40.7381844167	-73.98373305
371666	40.7386080746	-73.9873301983
147124	40.7383277233	-73.9873254611
226700	40.73774904	-73.98436015
191667	40.73901921	-73.9856882
255148	40.7379291	-73.98609453
490419	40.73808413	-73.98618286
238340	40.73813849	-73.9861257
120817	40.7383269298	-73.9855956191
99253	40.7383280349	-73.9855944482
124578	40.7457482667	-73.9850020333
387801	40.7444240755	-73.9869633326
480889	40.744728987	-73.9876104281
480953	40.7449513664	-73.9878090536
101721	40.7454617579	-73.9849570561
270506	40.74768745	-73.98698085
90469	40.7476632971	-73.9863243594
391139	40.7475674931	-73.986424966
543982	40.74647414	-73.9862414
383029	40.7465293915	-73.9860248415
299102	40.7492849768	-73.9843425018
187665	40.75009107	-73.98614299
572794	40.7456861467	-73.980276911
155658	40.7456978167	-73.97986225
268515	40.7450379474	-73.9793479443
92128	40.7467452109	-73.9813176112
504997	40.7476314333	-73.9829194429
345943	40.7483100868	-73.9825300027
380769	40.7479421	-73.9824845333
168859	40.7475571888	-73.9822712033
331842	40.7474439094	-73.9813542366
62327	40.7475039965	-73.978694724
63544	40.7462525333	-73.9806246667
225071	40.7466867667	-73.9808058833
495479	40.7461989671	-73.9791122374
155650	40.74646365	-73.9804425167
298864	40.7462743333	-73.9801742
408142	40.7426495833	-73.9537567333
479563	40.74291801	-73.9518457
472498	40.7429880861	-73.9514369916
231890	40.74190819	-73.95214509
408688	40.74307799	-73.95399487
409451	40.7433954064	-73.9536357008
298562	40.7448349833	-73.9532385
464044	40.7450877349	-73.953366577
562447	40.7452927702	-73.953209098
399286	40.75435924	-73.95038408
570315	40.7193980751	-73.9888349175
479802	40.7230595333	-73.9895201333
434656	40.72330754	-73.98934137
505751	40.72305428	-73.98896348
437962	40.72305542	-73.98902106
342288	40.7226580833	-73.9877200167
321345	40.7244211382	-73.9876306057
469654	40.7234719187	-73.9881062886
549368	40.7236852862	-73.9879846573
535213	40.7236693833	-73.9888293167
435441	40.72303229	-73.98894429
469142	40.7225870929	-73.9886599523
767470	40.7219818186	-73.9881563187
387856	40.7318789117	-74.0014462422
276260	40.7319357132	-74.0009585023
68528	40.7315092525	-74.0005947203
487090	40.73189413	-74.00121223
513493	40.7318296167	-74.00111695
306263	40.73182928	-74.00098055
461435	40.7314438465	-74.0006768703
513497	40.7318296167	-74.00111695
286383	40.73179674	-74.001001
262885	40.7317030044	-74.0009774042
411633	40.73171019	-74.00121062
210659	40.7321044105	-73.99985075
520177	40.73166412	-74.00107187
316084	40.7313401882	-74.0021789074
520562	40.731423	-74.00100635
564864	40.7310962856	-74.001224041
543694	40.73148745	-74.00108671
271849	40.7330637409	-74.0001296997
232081	40.7315694167	-74.0031738833
404612	40.7315713962	-74.0047670177
158589	40.7297508526	-74.0034692338
485432	40.7312221667	-74.0031008333
87922	40.7313889686	-74.0031981468
513544	40.7309000533	-74.0044733059
310008	40.7316139664	-74.0040187248
359231	40.73112219	-74.00416827
87925	40.7310515701	-74.0029594302
530346	40.7317013	-74.0031536667
174421	40.7309458786	-74.0029326081
87932	40.7309245333	-74.0028821
566329	40.7313970987	-74.0053868294
13657	40.7241528174	-73.9828455448
38011	40.7299533086	-73.9808174885
348512	40.7275880547	-73.9824968576
34132	40.7298889414	-73.9810101338
116379	40.7298930198	-73.9809250832
83569	40.729584913	-73.9806958143
418622	40.7297421167	-73.98159275
293869	40.7296068076	-73.9810360831
492823	40.7294532982	-73.9811409489
160183	40.72825598	-73.98083049
165669	40.7283157331	-73.9822125435
162365	40.72912955	-73.98127031
313333	40.729069233	-73.9811937514
184285	40.7283197983	-73.9818048477
389750	40.7287411333	-73.9819457833
262016	40.7284254269	-73.9812970538
555545	40.7237218757	-73.9837360382
214812	40.7252746417	-73.9853243098
166151	40.7259464806	-73.9835107327
239173	40.7230859	-73.9855771
517313	40.723165641	-73.985593827
464321	40.72496686	-73.9863873966
486555	40.7252414464	-73.985971444
464385	40.7253179951	-73.9857802289
239192	40.7228868167	-73.9857655333
109714	40.7228239306	-73.9854204294
215848	40.7236608931	-73.9850986004
336891	40.7227338185	-73.9885895754
287940	40.7236882667	-73.9855006667
287943	40.7236882667	-73.9855006667
455759	40.7243552421	-73.9849614116
202017	40.72381079	-73.98510712
215923	40.72384154	-73.9851107
433810	40.72390443	-73.98513936
513775	40.7241744254	-73.9852386946
526223	40.7241522	-73.98532593
86144	40.7259090792	-73.9948001504
195580	40.7246609998	-73.9958113432
127898	40.7234285696	-73.9956731348
124838	40.7245878217	-73.9964282513
325493	40.7236653667	-73.9953662833
296829	40.7236306841	-73.9955412489
502941	40.7245407104	-73.9957733154
222779	40.7246502965	-73.9968413511
235110	40.72426629	-73.99583077
409694	40.72412443	-73.99590826
62616	40.7234535521	-73.9982843399
232142	40.72399181	-73.99606966
439467	40.72391623	-73.99612134
486580	40.7231193374	-73.9947066304
194920	40.7246650652	-73.9984345436
525377	40.7239170194	-73.9985203743
296856	40.7242991743	-73.9975225925
479503	40.7235348624	-73.9980268478
169616	40.7239414124	-73.9964497089
58176	40.7222257546	-73.9930486679
303425	40.72348088	-73.99653702
73858	40.7235493131	-73.9966290705
272833	40.72326713	-73.99644273
232052	40.72248548	-73.99709987
524611	40.7232217282	-73.9966694231
62650	40.7229652593	-73.9975196549
519405	40.72291765	-73.9968155167
293327	40.72243338	-73.99700552
280983	40.7217785379	-73.9956343174
88556	40.722018409	-73.9975225925
15998	40.721437025	-73.9978015423
283748	40.721398483	-73.9978845736
253208	40.72037589	-73.99777752
539703	40.7211294081	-73.9977830319
376532	40.7210365582	-73.9976727962
231886	40.7209396184	-73.9975969702
490516	40.72044277	-73.9970777
27248	40.7203280306	-73.9976080522
462951	40.72024232	-73.99756425
356667	40.7195830672	-73.9979302883
296897	40.7195007594	-73.9980779609
184432	40.7194607233	-73.9984150974
492642	40.7197068833	-73.9987866667
209918	40.7208271761	-73.9988958836
80420	40.7205985833	-73.9983769
397568	40.7197656667	-73.99952575
69903	40.7191696756	-73.9997946995
365116	40.71918183	-74.00062912
388859	40.7187906901	-74.0010525634
123039	40.71857065	-73.9999189167
308124	40.71856451	-74.00038617
122954	40.7181819322	-74.0007184849
287820	40.7178589222	-74.0011936277
553845	40.7163972833	-74.0017784833
22088	40.7169381167	-74.0037027
101552	40.7161054503	-74.0042100022
427236	40.7159608375	-74.0031321035
555167	40.7146709667	-74.00344145
359496	40.7144807333	-74.0030655
57706	40.7128173093	-74.0059769154
16802	40.7123678333	-74.0081857667
57703	40.712402559	-74.0067601204
340572	40.7118758796	-74.0076751661
178124	40.7114917257	-74.0075433254
197750	40.71117913	-74.00783234
393262	40.7115092672	-74.0079609384
230914	40.7115429781	-74.0082174411
467094	40.71161615	-74.00888562
381411	40.71122688	-74.00887155
16919	40.7113372081	-74.009206295
11745	40.7120447331	-74.0095871687
11744	40.7116734833	-74.010365
11746	40.7116842167	-74.0102577167
11797	40.7114347982	-74.0121889114
156762	40.7154524	-73.9647769667
119186	40.7155630667	-73.9601448
399606	40.714846	-73.96164305
360822	40.7151202966	-73.9627695741
220730	40.71604895	-73.9612016333
308030	40.7163070833	-73.9623750333
326560	40.71809672	-73.9595017805
444111	40.718893522	-73.9599401193
38088	40.7165199667	-73.9614652667
180567	40.7183440024	-73.9598786105
220666	40.7176548344	-73.9635847478
521468	40.7183678571	-73.9598948737
72034	40.7166153167	-73.9621193167
286998	40.7182252625	-73.9599016145
49436	40.7193677602	-73.9616082284
166269	40.7167026064	-73.9621966138
435143	40.7184825829	-73.9601427046
417137	40.7183919338	-73.9601347677
157229	40.7192090168	-73.9617151022
341703	40.7186997	-73.9604872833
370981	40.7185454787	-73.9603686333
72012	40.71722865	-73.9628946167
315963	40.7187655001	-73.9606638612
349451	40.7182771333	-73.9604943833
520976	40.71796226	-73.96174907
48713	40.7213955999	-74.0046320676
231146	40.722362871	-74.0039074146
307740	40.7226526404	-74.0033537149
59678	40.7220799333	-74.0059915167
370189	40.72172439	-74.00563281
122974	40.7228646686	-74.0046391171
278434	40.72283864	-74.00558495
377343	40.7226729682	-74.0046572685
26196	40.7230144748	-74.0034556389
87951	40.7227524375	-74.0052544344
521470	40.7288199592	-74.0019902199
170971	40.7273888564	-74.0003979206
596480	40.7262546345	-74.0020340681
232063	40.72861212	-74.00194406
249163	40.7281229804	-74.0022111558
457413	40.7282325	-74.00223606
537919	40.72832018	-74.00183135
154784	40.72848725	-74.00213688
226485	40.72844547	-74.00197231
313969	40.72837579	-74.00216174
517728	40.7295840697	-74.0009343624
390825	40.72834491	-74.0019868
349054	40.72847992	-74.00086587
315451	40.72924	-74.0022467
519138	40.7276218	-74.0026794167
405122	40.7284494726	-74.0031704044
98007	40.7279128762	-74.0014757497
309922	40.7281381775	-74.0010172528
23731	40.762820502	-73.9739406109
119779	40.7625929674	-73.9733612537
243546	40.76429635	-73.97362059
332693	40.7640211407	-73.973621428
212343	40.7632024334	-73.9722132683
212346	40.7641374167	-73.9715508833
208377	40.7636920333	-73.9719537167
269321	40.7637196167	-73.9715732833
214335	40.7631924833	-73.9716011167
292922	40.7604782833	-73.9656994833
495777	40.76198112	-73.96760267
219493	40.7613090266	-73.967177055
190501	40.7608603333	-73.9652841833
496537	40.7614390297	-73.9669024944
427844	40.76186728	-73.96466517
299185	40.7626235081	-73.9656867043
242559	40.7625982333	-73.9660529667
487866	40.7624458833	-73.96558085
76944	40.7622526833	-73.9663864667
243498	40.7621178248	-73.9659482648
202000	40.76167035	-73.96590763
502643	40.7616532668	-73.9674133641
76871	40.761648	-73.9669209833
199263	40.7619997484	-73.9680504799
24075	40.7568799674	-73.9545536041
200301	40.75952595	-73.95795822
539674	40.74632507	-73.98654699
502212	40.7474538304	-73.9862204891
506067	40.7452030787	-73.9864364356
432199	40.74685835	-73.9853318667
328355	40.7453809473	-73.9865910816
186429	40.7472183976	-73.9861557874
141918	40.74695265	-73.9857679833
455459	40.7458572388	-73.9855957031
171708	40.7470474805	-73.9859461758
443501	40.7470003474	-73.9870578883
148049	40.74572724	-73.98578131
433106	40.74624222	-73.98722767
176409	40.7476389836	-73.9861929417
440426	40.74653744	-73.98626959
279701	40.74605637	-73.98655152
482151	40.74650239	-73.98632431
404831	40.7464118	-73.98628079
433668	40.74631077	-73.98649948
466048	40.7360892912	-73.99120293
146364	40.7348278972	-73.9905703068
201070	40.73576915	-73.99107241
309225	40.7362811667	-73.9900689667
261515	40.7373236513	-73.9910423756
188235	40.73579472	-73.99089455
190550	40.73581182	-73.99082052
441925	40.7357212167	-73.9899969667
22168	40.734039317	-73.9906990528
520337	40.7348848047	-73.9914500713
27917	40.7364619357	-73.9909029007
361844	40.73584717	-73.99038726
539037	40.73553276	-73.99130523
188198	40.73579472	-73.99089455
132977	40.78010189	-73.97780692
170943	40.7813497136	-73.9757949016
220517	40.7807359198	-73.9766040504
293173	40.77973985	-73.9772346167
170929	40.7808710542	-73.9759447444
11824	40.7810613694	-73.9737582207
174191	40.7809899	-73.9762216333
141785	40.7799727455	-73.9771029353
357820	40.7803502833	-73.9767949667
274503	40.7804418897	-73.9769716093
413365	40.7644222292	-73.9570752979
351038	40.7692236575	-73.9494359493
462154	40.7639219853	-73.9546652431
438143	40.7679789507	-73.9525633435
461504	40.7632836952	-73.9455413818
178035	40.7539460739	-73.9815366268
227969	40.753176	-73.983995
278039	40.7570138806	-73.9890195296
72235	40.7569355807	-73.9889589883
389950	40.7569372576	-73.988959535
113824	40.75460575	-73.9873330833
310401	40.75450611	-73.98787915
237126	40.7544012667	-73.9880352
98151	40.7569612368	-73.9888751507
48492	40.7561851096	-73.9907178283
396251	40.7562866974	-73.9897978306
48494	40.7560753945	-73.9904844761
312054	40.7512314975	-73.9892506599
492151	40.74972176	-73.99203062
214978	40.7510526892	-73.9947223663
460509	40.7505731554	-73.9933812618
106690	40.7515061333	-73.9928534833
323705	40.75153666	-73.99375295
398223	40.7516268667	-73.9935719667
12702	40.7222306667	-73.9942502833
243146	40.7383499058	-73.9879455021
164072	40.7364050296	-73.9888966084
83125	40.7348782728	-73.9882582461
281581	40.7368833	-73.9868718
260531	40.7356607019	-73.9885746027
389619	40.7368038667	-73.9871166167
262075	40.7355522328	-73.9883341478
417421	40.736203628	-73.9881943943
347563	40.735289	-73.986663
249138	40.73565405	-73.98803842
102696	40.7357441333	-73.98741875
348551	40.735931	-73.9874123
391302	40.7497710031	-74.0026460695
332301	40.75022006	-74.00358116
443605	40.7505986333	-74.00353435
317311	40.7226508629	-73.9880782204
411059	40.7234665231	-73.9889269206
305518	40.7239016472	-73.9880277731
287974	40.7226307833	-73.98701785
352635	40.7231527031	-73.9879953861
410639	40.72302502	-73.98892027
339224	40.7654929667	-73.9315796667
339270	40.7654011667	-73.9315223
279079	40.7683367667	-73.9365426167
377462	40.7663046833	-73.9356789833
245767	40.7759940167	-73.87063905
222997	40.7695630565	-73.8646541753
331426	40.7708965	-73.8667338
368446	40.7699189333	-73.86065085
246266	40.7712436655	-73.8673292316
245760	40.7759940167	-73.87063905
245762	40.7759940167	-73.87063905
245927	40.7762112	-73.8707743667
290398	40.7757721833	-73.87080495
290080	40.7758510333	-73.8709423333
290066	40.7758510333	-73.8709423333
257694	40.7688417607	-73.8621997833
249153	40.77295517	-73.85849881
226621	40.77433162	-73.85970771
181566	40.77450871	-73.8586058
231022	40.7771492	-73.85817569
161000	40.7765226167	-73.8746000667
382731	40.7700524472	-73.9181506634
267702	40.7231671667	-74.0027349667
214680	40.7226985229	-74.0014862696
243529	40.7224309167	-74.00048345
232061	40.7303917183	-73.9831826126
232733	40.7288523724	-73.9876378237
345842	40.728502733	-73.9879524708
266536	40.7291165767	-73.989148736
235186	40.72943935	-73.99073655
148130	40.7309905942	-73.990291357
155779	40.73025888	-73.991176486
174062	40.7299235751	-73.9917493875
60777	40.7298523686	-73.991407156
12536	40.7620566327	-73.9715480804
279264	40.77071273	-73.95372629
299199	40.77020087	-73.9514000318
310194	40.7191033065	-73.9854955673
221262	40.7192377448	-73.9853589062
70210	40.7191010843	-73.9851068923
133459	40.7198873167	-73.9865925
304436	40.7227603261	-73.9881806983
101330	40.722290804	-73.9498221874
214767	40.7577262333	-73.9321451167
303248	40.76397544	-73.92846804
210896	40.7706925167	-73.91688145
207505	40.76909643	-73.90298396
290385	40.6461557661	-73.7730646133
243151	40.6454801036	-73.7762832642
278258	40.6469291063	-73.7768626213
228183	40.6454547639	-73.7805274324
201965	40.64452575	-73.7811048333
245379	40.6467988601	-73.7768411636
298816	40.6453010112	-73.776884079
287443	40.64596956	-73.77645713
243836	40.6459611	-73.77643042
264436	40.64593327	-73.7764551
279999	40.64590567	-73.77643549
268299	40.64590567	-73.77643549
132282	40.6430053298	-73.782248497
265025	40.6468933369	-73.7839355374
174151	40.6459701	-73.77632558
187721	40.64600342	-73.77626889
279776	40.7696535144	-73.9484246375
274618	40.7638813395	-73.9542195702
267030	40.7709309776	-73.9537027761
256210	40.7728353176	-73.9401850104
256207	40.7718887485	-73.9409172535
167223	40.80989134	-73.95480966
180184	40.79508864	-73.97246247
192003	40.7930164533	-73.9713597412
215670	40.7949565833	-73.9722285167
157258	40.793697	-73.9711687
215451	40.7907224574	-73.9725889141
87300	40.7920847126	-73.978972435
123063	40.7940405838	-73.9704120184
11735	40.7894950957	-73.9757771059
39068	40.7892691324	-73.9738525542
180160	40.7947398753	-73.9699104008
53271	40.7959224107	-73.9705415522
203295	40.7957285922	-73.9750368975
222577	40.7944045	-73.97202277
235206	40.7943763963	-73.9721383298
59490	40.79199665	-73.9730758167
217259	40.7925578549	-73.9730206132
162521	40.79313755	-73.9729428167
99385	40.7918410328	-73.9740264416
246701	40.7927855667	-73.9731594839
261643	40.7710077555	-73.9478411929
44683	40.7658457269	-73.9572415912
151303	40.7779457452	-73.9562863111
254740	40.7708617478	-73.9511030586
12520	40.7619022325	-73.9502620697
101260	40.7699720667	-73.9541111667
19706	40.7697337758	-73.9543916458
28981	40.7625767149	-73.9492964745
62405	40.7688701546	-73.955240263
167249	40.7689187132	-73.9551531902
25369	40.76358475	-73.9478492667
164621	40.76823395	-73.95315415
67880	40.7685069706	-73.9522745051
55726	40.7943589351	-73.9747254434
112755	40.7677699	-73.96587545
13137	40.7667839736	-73.9673427058
184089	40.7232476336	-73.9898621967
129741	40.7232650604	-73.9898727957
203500	40.7235204167	-73.9883698167
39862	40.7224733058	-73.9877905639
82731	40.72210795	-73.9888621333
249339	40.723304846	-73.9883166165
140489	40.7222298221	-73.9888581952
166725	40.7222520833	-73.9890548
157320	40.7224667	-73.9891862833
197274	40.7227362	-73.988024
226986	40.72304284	-73.98903656
216084	40.7715527886	-73.9526579113
37523	40.7760116167	-73.9431788667
115548	40.77551025	-73.94430525
22419	40.7620891379	-73.9499080181
79240	40.7711412337	-73.9533519745
58382	40.7718122235	-73.9536104216
154386	40.771454246	-73.9560980547
231399	40.7718536667	-73.9558429167
171512	40.7714174389	-73.956334599
241585	40.7719511185	-73.9559763897
172381	40.7712371326	-73.9565014583
64695	40.7723356283	-73.9530086517
241697	40.7694684627	-73.957554964
60745	40.7705688685	-73.95693206
51159	40.7708188667	-73.9545877333
118849	40.7814289791	-73.979742229
85737	40.7808826413	-73.9815795422
131865	40.780961622	-73.9813511527
228756	40.7808196802	-73.9811262488
142529	40.7793166446	-73.9812720604
77042	40.7718724982	-73.98178339
147947	40.7715474928	-73.9825183153
152115	40.7712397541	-73.9822901884
96896	40.772896255	-73.984798193
36049	40.7711938183	-73.9816916167
47282	40.7692627333	-73.9821125
37502	40.7686955018	-73.9832639694
48691	40.7684436106	-73.9828455448
161753	40.7683217275	-73.9826416969
40328	40.769205002	-73.9821738063
224770	40.7689564716	-73.982402989
11828	40.7681673419	-73.9816653728
110749	40.7673913454	-73.9814347029
197000	40.76801699	-73.98173063
36585	40.7658160333	-73.97660085
195856	40.7647458664	-73.9764726283
124542	40.76388299	-73.97551256
226156	40.7653480462	-73.977144614
190541	40.765061064	-73.9764933145
93160	40.7653717	-73.9762802333
75909	40.7634185833	-73.9776653833
142741	40.76377069	-73.97764748
45290	40.7677672167	-73.9589056833
29974	40.7635699241	-73.9590994136
173601	40.7641137167	-73.9587288
139917	40.7651717265	-73.931740252
97036	40.7739118712	-73.9513242245
67036	40.77282455	-73.9522620333
115573	40.776305799	-73.9467571832
119071	40.7760989972	-73.9467738413
115631	40.7759759982	-73.9469844605
143250	40.7201827227	-73.9883263707
155967	40.719578	-73.98720665
142984	40.7199176667	-73.98778135
210734	40.7200991018	-73.988309179
102806	40.7199798852	-73.9878671567
155971	40.719578	-73.98720665
44402	40.7177362833	-73.98979635
133417	40.7189355188	-73.9870168403
156923	40.7180680015	-73.9900834127
120047	40.7180583819	-73.9899963089
61564	40.7193921054	-73.9901112397
179392	40.7183389253	-73.9900959883
210925	40.71893675	-73.9902088667
156628	40.7187698765	-73.987941611
155900	40.7193228584	-73.9877378941
474205	40.7198839322	-73.9880812168
143182	40.7188864233	-73.9896522257
54471	40.7194123053	-73.9893901348
58881	40.7188294965	-73.9881248224
173871	40.7348193833	-73.9936515333
173890	40.7347931667	-73.99329025
35372	40.7339616565	-73.9930146946
96887	40.7346408014	-73.9937139537
88616	40.7341368738	-73.9938426018
156685	40.7342374687	-73.992927827
144928	40.7343328	-73.9929752833
71960	40.7492932169	-74.0039285849
109974	40.7506778833	-74.00372895
13594	40.7501773864	-74.0040492712
178405	40.7508044365	-74.0058943967
93198	40.7508811	-74.0058419
69446	40.7511386871	-74.0059866352
13361	40.7524108833	-74.00978565
21553	40.7412987797	-74.0055263042
142254	40.74088221	-74.00660973
107060	40.7369976613	-73.993140438
158265	40.73580211	-73.99276471
174475	40.7348905837	-73.9911946415
160866	40.7317911163	-73.9856852373
68721	40.7319611551	-73.9853351308
88214	40.7318562667	-73.9851866167
171045	40.72292214	-73.98846036
157129	40.7587125693	-73.9785754681
11718	40.7610905167	-73.8576936667
38296	40.7754966667	-73.8751671833
135103	40.7742385864	-73.8727645874
56831	40.7413150374	-74.0050756931
140226	40.733642898	-73.9917747239
64681	40.7343139648	-73.9926452637
57871	40.7344531244	-73.9917138278
98364	40.7272766788	-73.993556585
111675	40.7590909667	-73.9780219833
75093	40.7587884386	-73.9755269416
80001	40.8096451333	-73.95020135
103722	40.8149675667	-73.95879005
122640	40.77833479	-73.98200482
16350	40.7707886167	-73.96734525
12183	40.7689762	-73.9743161167
12185	40.7691371333	-73.9737582167
12181	40.7665584596	-73.973865509
12179	40.7685248659	-73.9706146717
12178	40.7697916	-73.9700245833
100355	40.7639175331	-73.9722132683
119062	40.7623329269	-73.9742517471
13048	40.7437509602	-73.9933277438
53705	40.7575545008	-73.9865362644
33596	40.758307001	-73.9851873489
80265	40.7570750139	-73.9847767353
53716	40.7590010674	-73.9853560925
107517	40.758972624	-73.9846801758
53711	40.7582561833	-73.987298
96295	40.7578308137	-73.9864182472
53709	40.7581381833	-73.98717575
53713	40.7587223333	-73.98710355
96720	40.75887695	-73.9864637333
99467	40.7587572662	-73.9871048927
99471	40.7585494667	-73.9868814667
37312	40.7625645408	-73.9827593767
34841	40.7631198	-73.98277795
13004	40.7242476833	-74.0039706167
15895	40.7244409	-73.9924251833
22499	40.72636225	-73.9843706667
49307	40.7252762377	-73.9887567794
68610	40.7231178903	-73.9895338433
104520	40.7232165088	-73.9888691534
83615	40.72243895	-73.9887403
70943	40.7226201158	-73.9884379506
12156	40.7796084833	-73.9653468
12166	40.7759392167	-73.96573305
12165	40.777348601	-73.9658617973
12148	40.7818722667	-73.9697027167
12151	40.7814188241	-73.9663338661
40877	40.7750049167	-73.96909365
12161	40.77952265	-73.9668703
12160	40.7799088833	-73.9696383333
12159	40.7794582833	-73.9690804333
12193	40.7777523833	-73.9727497
99426	40.7377660167	-73.98854255
77440	40.7398336784	-73.989346129
75252	40.7394142456	-73.9901845153
88268	40.7387828518	-73.9872658253
86140	40.7374437	-73.9896548
85390	40.7382156651	-73.9897701813
75611	40.73820105	-73.9894884167
16803	40.7390304833	-73.9887598
88260	40.7379130259	-73.9878505468
91324	40.7377013544	-73.9879269128
99038	40.7258353333	-73.99424255
22327	40.7268329333	-73.98588355
70552	40.728169385	-73.9812791348
58329	40.7287749	-73.9875530333
58233	40.7311403371	-73.9859773529
49729	40.7272572167	-73.98630025
55671	40.7291504397	-73.9814388625
30777	40.7291650351	-73.9815220372
50641	40.727112417	-73.9839586616
34155	40.7289661651	-73.9871478081
68779	40.7277984428	-73.9821930409
59858	40.7300637601	-73.9869543262
60219	40.730392175	-73.9864051416
70714	40.7272933224	-73.9849027991
70530	40.7272831591	-73.9853668213
86413	40.7276252833	-73.9847585
58118	40.7303259667	-73.9840318333
53540	40.7287279838	-73.9862539532
80948	40.7294218058	-73.9859467907
58108	40.7302583345	-73.9838953538
77813	40.7641853667	-73.9923766333
22501	40.7564842984	-73.9974967501
27953	40.7551808095	-73.9984588148
72408	40.732405219	-74.0359532833
68644	40.7285271242	-74.0290546417
68249	40.7296938285	-74.0041476488
53535	40.7318442507	-74.0033590794
68812	40.7320441465	-74.0035131042
37076	40.7345450167	-74.0020892333
58388	40.736722186	-74.0011768425
37085	40.7364089667	-74.0010934167
14107	40.7380810493	-74.0006161553
13274	40.7422044558	-73.9984585217
45890	40.7422414333	-73.9868000924
47561	40.7404518989	-73.9868170495
48762	40.7415039025	-73.9852748627
62730	40.7409754978	-73.983706446
59825	40.7398349849	-73.9795446414
63381	40.7390876947	-73.9830493927
67760	40.7474196332	-73.9739769013
75799	40.7266733639	-74.0055263042
56226	40.7246875667	-73.9975547667
57488	40.7246848833	-73.99743675
69280	40.7235676771	-73.9965870059
73864	40.7238130167	-73.9965448833
54945	40.7153181242	-74.0094022103
72882	40.7152754333	-74.01025335
62578	40.7266268167	-74.00315705
46348	40.7253249667	-74.0042984333
48724	40.7252195667	-74.0048656167
53699	40.7566605394	-73.9881455898
58793	40.7550351243	-73.9880919456
50325	40.7566456	-73.9857362
55445	40.7517397157	-73.9846240091
65187	40.7518462088	-73.9847209506
58795	40.7534897	-73.9870335333
49790	40.7558980843	-73.9842533823
54889	40.7555633885	-73.9854633808
12633	40.7552111	-73.9839076833
38142	40.7375421167	-73.9840858
39358	40.7387300122	-73.9901733398
48001	40.7377707635	-73.9878880978
37457	40.7372236617	-73.9905098137
16812	40.73838125	-73.9880529167
48076	40.7373846214	-73.9900445938
46409	40.737149002	-73.9904070954
49616	40.7367967819	-73.9867859178
57764	40.7339556333	-73.98777895
63301	40.7344427872	-73.9878268943
59204	40.7335108817	-73.9881241322
33283	40.7317461797	-73.9880998345
48271	40.7286102939	-73.989709783
65193	40.72228965	-73.9965398167
60947	40.7220187718	-73.9933945104
14285	40.7728393801	-73.9829742908
46917	40.7427538287	-73.9888322353
39024	40.7437572585	-73.9829693434
46813	40.743300501	-73.9840220344
41311	40.74390685	-73.9833734
851661	40.7422661063	-73.9837574959
46728	40.7493522175	-73.9879813798
28542	40.7490129856	-73.9858690391
19795	40.7476809	-73.9836359
28204	40.7448675534	-73.983397425
45616	40.7483542507	-73.9847445488
30044	40.7449160214	-73.9837896824
37736	40.744402	-73.987949
17954	40.74597358	-73.98503684
52000	40.7461632	-73.9845286
20182	40.74557131	-73.98466134
48029	40.7204122831	-73.9599263879
60589	40.73102195	-73.95765575
42989	40.7185700225	-73.9562893696
39138	40.7228363981	-73.9554092077
37403	40.7313259	-73.9582208833
37479	40.7295459	-73.9573776
60460	40.7275123667	-73.9514961
12155	40.7844579167	-73.9592742833
12348	40.7829298615	-73.9589846134
35568	40.787239043	-73.9541927563
12154	40.7842326	-73.9590811667
30249	40.7863144898	-73.9505733057
14938	40.7842865162	-73.9578688145
14937	40.7840073	-73.9583086833
18525	40.78226387	-73.94855344
26211	40.7787453662	-73.9540679241
26210	40.7787453662	-73.9540679241
33078	40.7803272625	-73.9499900467
30606	40.7850828862	-73.9558019885
59243	40.7847675602	-73.9560747787
58085	40.7636807095	-73.9694564043
56243	40.7597713167	-73.9680390167
87258	40.7441692833	-73.97586725
31530	40.7432873937	-73.977026193
54582	40.7479821236	-73.9728969153
11832	40.7516598667	-73.9755821167
54902	40.7537185089	-73.9744877815
31871	40.7519180948	-73.9753336951
54895	40.7520239377	-73.9777439833
53984	40.7519304709	-73.9759039879
57892	40.73353885	-73.9935207333
41431	40.7368872833	-73.9965411833
55320	40.7310740772	-73.9918962051
13731	40.7332491833	-73.9909887167
39756	40.7333605167	-73.9922997
27180	40.7329235502	-73.9940141792
26900	40.7339027603	-73.9930215518
32357	40.7247168833	-73.9904004333
34982	40.7215857667	-73.99541595
37160	40.7258520833	-73.9928853833
36035	40.7214914112	-73.9926012711
46763	40.7241316833	-73.9935975833
12529	40.7732892	-73.96420955
12929	40.7741475	-73.9638233167
54022	40.7583265487	-73.9691877365
27923	40.7551629	-73.9735955667
37286	40.7564979997	-73.9734685421
34338	40.7554514667	-73.9739220833
38045	40.7537802747	-73.9742672596
48783	40.7539120333	-73.9748874333
23745	40.7608686667	-73.9733049833
53698	40.7558478368	-73.9883762598
32881	40.7499798292	-73.9878129959
28089	40.7516855977	-73.9873701188
54084	40.7491964	-73.9846053167
47833	40.7254374949	-74.0004301071
46654	40.7300824384	-73.9957156334
28948	40.7359822967	-73.9902806282
46874	40.7417100082	-73.9903021455
49002	40.7565386346	-73.9857959747
45089	40.7566361585	-73.9884889126
45086	40.7567905709	-73.9884996414
48514	40.7581071254	-73.9858925343
31392	40.75748695	-73.98461885
48513	40.7585947316	-73.9859461784
11847	40.757066887	-73.9865255356
40722	40.7579574585	-73.9855499268
45090	40.7565792696	-73.988263607
41466	40.7581470327	-73.9865576973
48516	40.7578083	-73.98553395
48512	40.7578308137	-73.9860856533
48510	40.75716441	-73.9862787724
48525	40.7559372346	-73.9859569073
45349	40.7579239	-73.98677555
48499	40.7562785704	-73.9877486229
48521	40.7570018715	-73.9857423306
48518	40.7573838364	-73.9856350422
48748	40.7309723	-74.0026545333
46380	40.7329044667	-74.0030428833
37080	40.73488705	-74.0018195167
48320	40.7332182081	-74.0032732487
46358	40.7319903167	-74.0035433333
33634	40.7314577366	-74.0002718454
40459	40.729771066	-73.9997005463
48017	40.7299824525	-74.0006513893
48011	40.7301037833	-73.9994489
40754	40.7225087085	-73.9936704194
47758	40.7256843667	-73.9995444833
19762	40.7250228232	-73.9991104603
37036	40.7252886333	-73.9994115167
47073	40.7301928833	-74.0046574667
22113	40.7297504439	-74.0028312031
46363	40.7324457667	-74.00363555
37073	40.7333995333	-74.0024893667
41853	40.7299743223	-73.9976191521
46988	40.7365609	-74.0056838
37090	40.73609285	-74.0041454833
46398	40.7359310667	-74.0051143833
26524	40.7309352833	-74.0073360333
28597	40.7259090792	-74.0094423294
46342	40.7221037867	-74.0055692196
25867	40.719678	-74.0045610667
40284	40.7190057276	-74.0049684048
46967	40.7202554833	-74.003919
46202	40.7221119179	-74.0008163452
28813	40.72138585	-73.9990819167
32690	40.7240698148	-73.9961355947
37705	40.723584	-73.996117
37001	40.7240715078	-73.9977049828
33503	40.7241479009	-73.9966463817
36983	40.7256854487	-73.9945650128
31820	40.7306572587	-73.9929306507
13497	40.7340431167	-73.9907956
33696	40.7348441565	-73.9913481474
44663	40.735813	-73.99159425
34017	40.7355676908	-73.991305232
34219	40.7353226667	-73.9908457667
27824	40.73160848	-73.9856028557
176536	40.687276885	-74.1826701164
1150876	40.7544655167	-73.9771938
104364	40.7674644764	-73.9819335938
434970	40.7292829867	-73.999118056
840314	40.72294688	-73.9888547
391557	40.7198244333	-73.9872948167
4233672	40.675905688	-73.99910355
957415	40.7222420169	-73.9941644669
1531151	40.739900695	-73.993385539
676662	40.6930337405	-73.9987962667
953317	40.6819496167	-73.99389305
857500	40.7221370813	-73.9876671451
390916	40.7257793384	-73.991982783
65254	40.7310660833	-74.0012748
764864	40.73554879	-73.9922831
3225874	40.744096518	-73.984549567
395096	40.63947755	-73.7873357833
570779	40.73216104	-73.98577511
1278051	40.72547197	-74.00566059
472366	40.69031828	-74.16603177
421494	40.7597688	-73.9971621
242395	40.7584251175	-73.9991589077
212314	40.7584403234	-73.9979732037
67942	40.7539795856	-73.9908839684
939077	40.7483081833	-73.9843716667
433396	40.7935448146	-73.9663882862
207491	40.7220323173	-73.987532112
983036	40.7213882373	-73.9881026745
107072	40.7660356812	-73.987183123
1155927	40.7650087487	-73.9783051672
600351	40.75698339	-73.96972638
1274495	40.76585425	-73.969367883
23733	40.7625578	-73.9738289333
972311	40.763479	-73.97908
772349	40.76338231	-73.98013466
162097	40.7628929398	-73.9808606051
11784	40.7008291704	-74.0130579472
409711	40.7030640333	-74.0165997167
11736	40.7036054	-74.0164375167
11753	40.704123277	-74.015225172
11751	40.7118880667	-74.0102148
11750	40.71199535	-74.01023625
11743	40.7118773333	-74.0105581167
11749	40.7128010446	-74.0133261681
11747	40.7127603829	-74.0122747421
678081	40.7682242208	-73.9816761017
11827	40.7685979956	-73.9829850197
696518	40.76735752	-73.98766672
227072	40.73201864	-73.98894149
1261841	40.724396633	-74.00498985
12010	40.6993813387	-74.0393972397
11975	40.6891968241	-74.0445041656
11738	40.7039524755	-74.0160727501
12037	40.7028651167	-74.0171241667
262047	40.793790446	-73.9671278
44109	40.7716262248	-73.9825449216
11826	40.7691478667	-73.9810967333
154608	40.7679723279	-73.9818692207
327122	40.765281518	-73.9839477138
161797	40.7269556833	-73.9824432333
209100	40.7291860283	-73.9867552404
19777	40.7222664105	-73.9873945713
349982	40.7805414319	-73.9668273926
352264	40.7594201588	-73.9830281097
116677	40.7691708833	-73.98161
306114	40.7058460996	-74.0096315269
1207715	40.7624791998	-73.9797019958
1244491	40.75599943	-73.990509092
1045100	40.74454492	-73.99883872
667266	40.7565722502	-73.9941386553
541727	40.75411283	-73.98926573
898892	40.7562530643	-73.994187593
823247	40.7503829337	-73.987856929
463237	40.753572806	-73.9884725312
361642	40.7717018706	-73.8658475876
1144292	40.7292995091	-74.0095818043
610799	40.7559045167	-73.9942844333
1009908	40.73635143	-73.9972591904
549534	40.7434955917	-73.9999180145
68088	40.7429652856	-73.9986395877
13666	40.7182502667	-73.9904308167
349379	40.71874624	-73.9886437
123604	40.7536114131	-73.9965490268
19713	40.78070265	-73.97911083
104167	40.7785055167	-73.9813561
431417	40.7640234833	-73.9982350667
956722	40.7216354895	-73.9818254193
202928	40.7171814833	-73.9590725
681442	40.71783161	-73.96113741
1006546	40.7560640574	-73.9893633127
58915	40.755622135	-73.9915910528
150161	40.7843213833	-73.9798210667
54912	40.7548807078	-73.9734899998
878592	40.7531890585	-73.9924734152
133752	40.7549619796	-73.9733934402
599767	40.7829379852	-73.9527618885
599760	40.7829379852	-73.9527618885
942732	40.7396668361	-73.988591051
880642	40.7304752333	-74.0027037
437882	40.7334139314	-74.0007845754
50065	40.7644213487	-73.9993143082
2379393	40.749687228	-73.8469541073
583892	40.7612733667	-73.9818988333
1073096	40.7622031	-73.981978
440774	40.7763492866	-73.9726209641
917345	40.75747126	-73.98596453
14151	40.7587125693	-73.9785754681
983219	40.6981893757	-74.1867588526
728715	40.6979537793	-74.1849779473
707277	40.69682	-74.181426
356355	40.6967174087	-74.18217659
959143	40.6979728438	-74.1865562883
664011	40.6953804531	-74.1772167847
243314	40.6956965463	-74.1771554947
381858	40.6936779744	-74.1765790554
687117	40.6936018334	-74.1767316259
949165	40.6872546684	-74.1875319033
798425	40.7086010167	-74.1554695667
725231	40.6936999065	-74.1764198524
287965	40.7225183667	-73.9858537833
225462	40.7268065214	-73.9837789536
874016	40.7263481374	-73.9818263054
746631	40.7252884025	-73.9922333749
68184	40.7486712417	-73.9883226156
21875	40.725356187	-73.9923298359
2766551	40.725595255	-73.992105347
1383969	40.7245551	-73.99056855
652444	40.7149398146	-74.0082728863
284300	40.7443348374	-73.9803028107
1504180	40.72449	-73.992612
475260	40.7404940183	-74.0017819405
440653	40.730840187	-73.9975306392
154174	40.72885234	-73.9962565899
680075	40.7195666333	-73.9538739833
63999	40.76096655	-73.98409395
849049	40.7605163866	-73.9834818055
151065	40.760988486	-73.9834614927
14148	40.7601773954	-73.9801606536
929167	40.7601062881	-73.9805924892
929134	40.7600006428	-73.9811503887
226967	40.7218702798	-73.9934794185
255621	40.7197216513	-73.9950467613
588904	40.7262421929	-73.9891068885
432271	40.7260554323	-73.998670578
687257	40.7252938829	-73.9971648005
857890	40.7300292786	-73.9886588499
1080081	40.72886759	-73.9879201
284775	40.7211422654	-73.9839050174
474174	40.7366595381	-73.988783327
1426785	40.72934278	-74.00384028
2236109	40.7211312714	-73.9841969286
1025639	40.7214114755	-73.9988931081
172247	40.7635127251	-73.9812231727
971455	40.763104905	-73.9764274013
372074	40.7642939469	-73.9775415107
222591	40.7652683667	-73.9790092833
23705	40.7279579927	-73.9915680885
36834	40.7269933333	-73.9918479667
817747	40.72206187	-73.99656957
513801	40.7178967548	-73.992055366
695494	40.749136299	-73.9814450239
686763	40.7495180667	-73.9828096333
210691	40.7712104264	-73.9835174916
15451	40.7616340629	-73.9678573608
102434	40.7187045273	-73.9567755814
217223	40.7178102167	-73.9580282667
118366	40.7261394061	-73.9863140822
12349	40.7698736895	-73.9752173424
12174	40.7742937388	-73.9708399773
12171	40.7750859041	-73.9687532187
170706	40.7722171186	-73.9563593412
119950	40.7325002333	-73.9874600167
298508	40.7329629167	-73.99014145
656979	40.7744674	-73.95937603
205365	40.73437356	-74.00283831
87437	40.7247951593	-73.9987778664
461186	40.74080622	-74.00634288
163416	40.7624791998	-73.9797019958
27719	40.7592814376	-73.9806354046
203197	40.759075	-73.9799041
134990	40.7589319905	-73.9793640375
794350	40.7601304	-73.9830879
85697	40.7320393706	-73.9962297678
209536	40.7623329269	-73.9798951149
283367	40.7524425049	-73.9945077896
772134	40.7548447233	-73.984355803
772122	40.7548447233	-73.984355803
11838	40.7545800009	-73.9841544628
176471	40.7617315792	-73.9792728424
418235	40.7585511333	-73.9895878167
283724	40.7542589611	-73.9922572464
88485	40.74358665	-74.0079350833
36247	40.7442653329	-74.0067328297
370023	40.7411735508	-74.0057747932
735493	40.7425376375	-74.0057077835
764346	40.74084073	-74.00584512
655980	40.74083733	-74.00596302
88478	40.7432578047	-74.007307291
374380	40.7548644534	-73.9841544628
110448	40.7439628667	-73.9848741167
209122	40.7403174333	-73.9923035667
320037	40.7451576082	-73.592404797
507583	40.7301613175	-74.0071570873
128481	40.6401071227	-73.7864112854
749094	40.7362138195	-74.0033876558
1530542	40.72192978	-73.99624574
266831	40.7506943666	-73.973861568
1498028	40.751999643	-73.977263563
161579	40.64855581	-73.78384232
724663	40.7453468258	-73.9662802219
1194468	40.74444657	-73.99670004
34251	40.6488990482	-73.7925696373
564640	40.7638335786	-73.9932599054
214670	40.75197118	-73.97708564
598394	40.8941833	-73.9436377
947685	40.77368068	-73.9818716
808043	40.7839640671	-73.9522826164
977584	40.7268579333	-73.9859404167
671055	40.76157158	-73.98420178
975065	40.76340496	-73.98264575
150676	40.7628367545	-73.9825987816
696306	40.7223299186	-74.0028703816
463886	40.724744354	-74.0022811677
1007303	40.7288664579	-73.9880543947
199847	40.7310068545	-73.9885532856
292359	40.7322413479	-74.003648478
185661	40.6415073957	-73.7887501717
60201	40.6431545593	-73.7897526868
276072	40.7194895548	-73.9888054132
114245	40.7292100755	-73.9844334126
82940	40.6428992167	-73.7926211833
179572	40.7244781362	-74.0017916324
524668	40.7241574893	-73.9826614097
12522	40.7574407245	-73.9540493488
373731	40.7558816831	-73.9688105729
780294	40.7620611638	-73.9605067202
651556	40.7594642871	-73.9726424217
3471571	40.7601753637	-73.976534307
5384088	40.721102809	-74.000062019
1122541	40.72525191	-73.99914735
174718	40.720688943	-74.0009880066
3706430	40.7209084896	-74.0037238598
199634	40.7393458833	-73.9925295833
366482	40.7346630402	-73.9983129346
386073	40.7333654015	-73.9930409298
651098	40.7878397781	-73.9772179074
422333	40.8074550373	-73.9610123634
422189	40.8079666434	-73.9631956816
411622	40.8068134939	-73.9617955685
422296	40.8074997015	-73.9634692669
411605	40.8063790274	-73.9632117748
1553034	40.805191133	-73.9652346
605473	40.8055019649	-73.9660736918
422308	40.8069820011	-73.9642632008
22945	40.8054369968	-73.9654111862
37749	40.8073129238	-73.9625144005
422224	40.8092131593	-73.9622890949
343810	40.8047061019	-73.9667308331
617988	40.7571237754	-73.9719665051
184336	40.7481078328	-73.9853870181
598790	40.7515645	-73.97574871
1930013	40.7506165333	-73.9830952667
177549	40.746931837	-73.9945721626
3366871	40.7516460059	-73.9900016785
259461	40.749158917	-73.9814400673
213125	40.7442738737	-73.9878344536
208429	40.7442251028	-73.9874696732
297714	40.74351065	-73.9823459167
95263	40.7437585667	-73.9817140333
201639	40.7429412333	-73.9828827167
96349	40.7437292626	-73.9815044403
178661	40.743042396	-73.9839667082
202243	40.7427708667	-73.9890293667
154953	40.7408273045	-73.9881134033
224611	40.7410677953	-73.9900449664
164042	40.7432638	-73.9857402
253198	40.7443825333	-73.9783781667
30223	40.7442998059	-73.9968000717
353162	40.7506056663	-73.9892935753
323506	40.7498091453	-73.9879310131
196546	40.72691029	-73.98435151
2180859	40.7291615009	-73.9856779575
801656	40.7300040167	-73.9870649667
191535	40.73031902	-73.9924345
787272	40.7298157824	-73.9917933941
93276	40.6969079833	-73.9974779
308649	40.6936892	-73.9873138333
110525	40.6936202021	-73.9900499582
934041	40.6936547745	-73.9898622036
196241	40.6928331673	-73.9903128147
903866	40.69417119	-73.99044179
125127	40.7271651833	-74.0061617667
75136	40.7223151975	-74.0010738373
353261	40.72231985	-74.0008513667
12189	40.7721650018	-73.9775562286
314158	40.7704193	-73.97305965
12345	40.7757236918	-73.9717841148
19921	40.7768123854	-73.9761185646
147006	40.7799646214	-73.9703035355
1426529	40.779179167	-73.97261
747177	40.7787531333	-73.9718244833
883860	40.78396236	-73.97988086
36848	40.77987615	-73.9805796
572075	40.7874854833	-73.9749429833
1014950	40.7805099167	-73.9684142833
12158	40.7806169833	-73.96856545
1053817	40.7818656398	-73.9728248119
552983	40.78214395	-73.9753251
12162	40.77888965	-73.9666771833
12157	40.78045605	-73.968544
12083	40.78681825	-73.9672136167
12145	40.7842755167	-73.9683723333
12144	40.7840931333	-73.9694237667
12146	40.7832241	-73.9699602
12147	40.7819581	-73.9712691167
340877	40.781256345	-73.9736509323
128187	40.7924745983	-73.9518284798
1102208	40.7930919128	-73.9513671398
441601	40.8004956167	-73.9581599333
12096	40.7915174833	-73.96461725
12097	40.7917106	-73.9641880833
12102	40.7916247833	-73.9595317833
12099	40.7923007	-73.9631795833
12101	40.7920539333	-73.9611840167
12133	40.7937335889	-73.9524185658
12132	40.7945430167	-73.95133495
12109	40.7928478667	-73.96000385
12134	40.7932770167	-73.9555621
12112	40.7936096167	-73.9621925333
12131	40.7952833167	-73.9521288833
12115	40.7942533333	-73.9610552667
12124	40.7973003333	-73.9512920333
12125	40.7972466833	-73.9516782667
12119	40.79462885	-73.9598107333
12129	40.7965600333	-73.95300865
12126	40.7964951619	-73.9520215988
12128	40.7962918167	-73.9550685833
12120	40.7972252333	-73.9582443167
12122	40.7998430667	-73.95706415
895871	40.81051465	-73.9525495333
1038175	40.7758546333	-73.9752521667
19919	40.775479952	-73.9747345448
12192	40.7746624833	-73.9739727833
441228	40.7679154487	-73.981128931
743046	40.76803684	-73.98153132
462874	40.7679353	-73.9812730667
190562	40.7684111085	-73.9827811718
955177	40.759164	-73.978705
24387	40.7589344285	-73.9771699905
48631	40.75901985	-73.9780653333
12190	40.7729566	-73.9761829333
12173	40.7724201667	-73.9694237667
12176	40.7702100167	-73.972342
12188	40.7693517167	-73.9771485167
23139	40.7619002	-73.96472
1934866	40.7623552741	-73.9683187008
889498	40.7625279574	-73.9679217339
12524	40.7625067167	-73.9680504667
891352	40.76301181	-73.96678191
638686	40.7646895071	-73.9663767815
1529627	40.723189233	-73.9890497
13661	40.71958065	-73.98489475
110008	40.7198224691	-73.9874053492
345328	40.7194146758	-73.9865840456
1135437	40.76233595	-73.97442543
2565091	40.76219332	-73.974406
77766	40.7622272851	-73.9746487141
287901	40.7623734167	-73.9749635
23741	40.763608741	-73.9729428291
3098978	40.763964227	-73.973090902
266916	40.7647188	-73.9730170333
1165047	40.76417982	-73.97338551
266928	40.7645530667	-73.9731506333
790995	40.7652051	-73.9727667833
873968	40.7651195667	-73.9733140667
972035	40.7652380095	-73.9726826549
12186	40.7682251833	-73.9768266667
1431499	40.76832234	-73.97130608
679606	40.7666414292	-73.9714365618
269269	40.7678823833	-73.9711969167
441014	40.7672847833	-73.97557355
353288	40.7671794	-73.9719431167
308731	40.7668273	-73.9737433
2584388	40.768335917	-73.973688017
12182	40.7678179414	-73.9739942551
19906	40.7726869667	-73.9711328833
12177	40.7697594	-73.9722990833
1342935	40.7726615667	-73.9715373516
209309	40.7725893667	-73.9723117833
871024	40.7725383833	-73.9723317333
12175	40.7724087538	-73.971580267
209312	40.772789	-73.97187525
5304228	40.77342681	-73.971094055
339370	40.7731267	-73.9714318
370373	40.7743158333	-73.97139905
12172	40.7768367589	-73.9701318741
314281	40.7731807667	-73.9684493
3197151	40.774767288	-73.969372737
1352217	40.77488267	-73.96852838
24077	40.7756211167	-73.9683362
1567916	40.77448085	-73.9681284
12170	40.7742333333	-73.9676642333
1468418	40.767623317	-73.972127433
12167	40.7748878	-73.9664840667
12169	40.7741045833	-73.96659135
12168	40.7741962409	-73.9670956135
607634	40.77494597	-73.96734064
765240	40.7788776833	-73.96517995
111801	40.7743758642	-73.9640201906
454008	40.7753355833	-73.96519565
899963	40.7768779667	-73.9630706833
12164	40.7792090733	-73.9630508423
1102231	40.7790628372	-73.9616131783
14936	40.7812285333	-73.9604115333
1102223	40.7836122541	-73.9584803581
12149	40.7826983833	-73.9665269833
1372038	40.779651383	-73.965280983
12150	40.7820868333	-73.9647245333
19926	40.7775056333	-73.9639888
12163	40.7775914667	-73.9641880833
307958	40.7810539667	-73.9645660833
454034	40.7773079788	-73.9638125896
87667	40.7806637833	-73.9613382333
12153	40.7859030926	-73.9633083344
146586	40.7854481806	-73.9571070671
1102213	40.7853263286	-73.9569890499
1015136	40.7821295167	-73.9626428
12152	40.7821824709	-73.9625358582
1015206	40.7840851833	-73.9591191667
468113	40.7842458982	-73.9590167999
1229205	40.784146517	-73.959145117
2069791	40.7790384645	-73.954886198
605433	40.7795851667	-73.9558870833
210448	40.7584381167	-73.9721101
728392	40.75677978	-73.97016388
948746	40.7575871667	-73.9724520667
12526	40.7587897731	-73.9766871929
72046	40.7595699333	-73.9769768715
158468	40.7574039667	-73.9751863833
3471304	40.7593505141	-73.9763975143
212323	40.75954245	-73.9760629667
846996	40.7603048	-73.97777074
14520	40.7603419577	-73.980474472
487232	40.76179605	-73.98005187
702423	40.76196032	-73.9788171
800491	40.7559571952	-73.980150853
52993	40.72330215	-73.9981454167
1054543	40.72252374	-73.99735295
1582723	40.7225753946	-73.9975333214
1350271	40.722626353	-73.997137981
104875	40.7287547754	-73.9954304695
395654	40.7248595167	-73.9997235167
962581	40.72333383	-73.99869317
266450	40.72276639	-73.99902325
2885740	40.722294308	-73.998395426
273981	40.7220655	-74.0033912
519721	40.72446739	-73.99781215
1179934	40.72258251	-73.99773353
212271	40.7228488667	-73.99813815
724738	40.72256743	-73.9979732
103599	40.7253686667	-73.9995916
854456	40.7258536667	-74.0009628333
334480	40.725929	-74.0011800667
231789	40.7247545049	-73.9995074272
656255	40.7248366	-74.0023322167
439344	40.7236139302	-74.0028122017
532828	40.7232993775	-74.0022802365
1324583	40.722341793	-74.003897544
144902	40.7211396313	-74.0049179993
779165	40.7202415425	-74.0049041324
416509	40.7201605833	-74.00544855
491940	40.7198079904	-74.0055195323
83259	40.7197422386	-74.0055012942
486570	40.7194025167	-74.006019
398350	40.7190283229	-74.006366008
65947	40.7179323507	-74.0071383119
171638	40.71653383	-74.00820803
544154	40.7168589565	-74.0073502064
143975	40.717058614	-74.0076999346
347924	40.7171022612	-74.007991219
382873	40.7155200275	-74.0090170482
5228517	40.71588301	-74.009216805
179980	40.7236568276	-74.0088093281
1005760	40.71924	-73.997362
440623	40.7197658333	-74.0064262167
45589	40.7184446464	-74.003777504
925386	40.71220285	-74.0097940833
1553307	40.7132076602	-74.0114915371
463128	40.7134516283	-74.009206295
512814	40.7403504333	-74.0064432167
264979	40.7417458652	-74.0045499802
952653	40.7416386833	-74.0047472
799007	40.7416534812	-74.0052087348
2415647	40.7421929476	-74.0047430992
644326	40.7411036869	-74.0052580833
5218620	40.740716623	-74.005537088
34946	40.7426041167	-74.0075234333
5210555	40.743592897	-74.006603102
225918	40.745556	-74.007778
5084133	40.7455012645	-74.0074682236
1138868	40.7459098357	-74.0081024424
33734	40.7433106445	-74.0068523882
1713805	40.7452817989	-73.9984881878
55452	40.7524262499	-73.9935529232
623366	40.7503537066	-73.9929306507
59233	40.7578877015	-74.0022754669
11831	40.7490532543	-73.9680397511
28513	40.763877	-73.97941
64021	40.7599271	-73.9855156833
53710	40.7582843167	-73.98769255
280128	40.7383583798	-73.9899529121
811864	40.73636949	-73.99036246
473231	40.7381447096	-73.9905890822
1240181	40.737276	-73.9914166
901172	40.7367400992	-73.9913172347
150332	40.74382686	-73.9847157
302281	40.7369497007	-73.9906668663
111147	40.736742	-73.9907732833
964303	40.73652445	-73.9910507
187555	40.7363887707	-73.990945816
78865	40.736811501	-73.9894759655
964286	40.7363618	-73.9909033667
545978	40.7369043444	-73.9916587146
689572	40.7369090537	-73.9914125204
201929	40.7377707635	-73.9903771877
273041	40.7369749444	-73.9905606228
1007451	40.7367383363	-73.9908063412
941206	40.7371054889	-73.9905960222
553961	40.7346571745	-73.9903771877
1319244	40.709585108	-74.010985408
1231459	40.7094240066	-74.0117329359
199160	40.7106378082	-74.0094691515
923745	40.7104019624	-74.0112769604
341954	40.7114185332	-74.0108263493
103730	40.7055659224	-74.0134307742
1363258	40.7120081372	-74.0095764399
11752	40.712049	-74.0101718833
1472684	40.7117732222	-74.0096851
4232819	40.7109865	-74.0129985
18018	40.7110310706	-74.0104991712
55477	40.7106052778	-74.0107405186
425544	40.708255868	-74.0058628934
1508508	40.70613545	-74.004909933
223233	40.7065822167	-74.004368
12006	40.6987988833	-74.0400195
73681	40.7142554319	-74.0347717925
1366987	40.714787167	-74.033174483
899649	40.7134625167	-74.01558565
1218972	40.693143633	-74.0161155
598501	40.7026168924	-74.009214084
26618	40.703005	-73.986745
427307	40.7028381881	-73.9894759655
91271	40.7032930833	-73.9897616333
479548	40.7053807	-74.00268655
478573	40.7050598667	-74.0028102667
511356	40.7050331333	-74.0016958
75585	40.7058475346	-74.0019106865
20303	40.7067340458	-73.9904308319
22639	40.7136549344	-73.9725887775
1116038	40.72273635	-73.98872947
1040386	40.72273796	-73.98869931
907721	40.7225424327	-73.9879497095
4068285	40.7243886145	-73.992909193
715645	40.7242472	-73.9927961667
1212301	40.7259497329	-74.0061807632
3358002	40.733733	-73.992751
440680	40.7312751476	-73.9971095324
326459	40.7307592	-73.99864149
923664	40.73122429	-73.99722003
1079551	40.7227306833	-74.0009915333
397828	40.7272699833	-73.98548615
530609	40.7275311667	-73.9854707
1204834	40.7266814945	-73.9865791798
451281	40.7350145	-73.991902
421708	40.7281926333	-73.9936398667
722354	40.7233559796	-73.995923996
1517890	40.7250441667	-73.9828911424
124646	40.7303160944	-74.0003045253
656081	40.7354186703	-73.9983703376
440335	40.7246922193	-73.9971301158
1162991	40.7246325416	-73.992587328
616904	40.7309764131	-73.9859917215
96335	40.7247981372	-73.9985303532
80393	40.7259090792	-73.9916110039
3135173	40.7294214638	-73.993241787
1446022	40.7299841	-73.99330967
2726152	40.726702369	-73.990417455
1176534	40.7277416858	-73.9933361191
2014388	40.729619533	-73.990342867
1110474	40.7279221	-73.99373715
955984	40.72973942	-73.990538
812504	40.72976779	-73.99062794
1168290	40.72978603	-73.99137997
444082	40.7305759571	-73.9924371243
645427	40.7297243058	-73.990619312
787160	40.729815	-73.9901280333
1007558	40.728533864	-73.9906024933
358063	40.7566930473	-73.9724385738
71284	40.7580634526	-73.9710767794
1059064	40.75855425	-73.97170135
257089	40.75817221	-73.97326266
212318	40.7589195	-73.97592125
991101	40.7574659492	-73.9745813081
212322	40.7594447667	-73.9750277
153798	40.7581883934	-73.9744448662
1285911	40.75859987	-73.97482931
581776	40.7610923	-73.9757078
777521	40.7603705584	-73.9774601518
3838253	40.76108175	-73.9781742
1157895	40.760579	-73.987907
853505	40.758984814	-73.9792943001
480037	40.7586109851	-73.9784252644
165882	40.7643021167	-73.97975055
93136	40.7628560543	-73.9780068398
77193	40.7642482616	-73.9789908024
62466	40.7651445613	-73.9799380302
62478	40.7641186535	-73.9812630415
1080642	40.76437008	-73.98107957
11857	40.7636900022	-73.9828562737
893264	40.7631536764	-73.9831995964
632107	40.7632227489	-73.983567059
11858	40.7615853046	-73.9834463596
128638	40.7617036497	-73.9837039869
11839	40.7549965333	-73.9848518333
1567506	40.753446703	-73.98277508
237368	40.7542142745	-73.9850127697
4702589	40.7528326233	-73.978972435
225844	40.7536032833	-73.9770701
2378609	40.75281578	-73.97926819
285065	40.75305312	-73.9793989
1599251	40.75298089	-73.979443891
4831452	40.7534218604	-73.9840659499
471885	40.7528488782	-73.9837896824
1308099	40.7538465143	-73.9845085144
963943	40.7539745195	-73.9841195941
361266	40.7557056128	-73.9862465858
291557	40.7586922524	-73.9814829826
1340288	40.7602607	-73.984118867
23053	40.760179427	-73.9846587181
846815	40.7568316921	-73.9865174895
846829	40.7553774118	-73.9848250151
661663	40.7565467616	-73.9870834351
1064995	40.7596586	-73.985404
377798	40.7589495667	-73.9850012833
1015236	40.7594598333	-73.9859358
928973	40.75616085	-73.9836741333
843436	40.7573312167	-73.98576105
70152	40.7537215444	-73.9782800231
239823	40.7566849203	-73.9859837294
53717	40.7591432843	-73.9849215746
985409	40.756588106	-73.9863381706
1008068	40.7575594303	-73.9861148049
238964	40.7564238408	-73.9864705503
355828	40.7561784167	-73.96918175
19721	40.7994190552	-73.9222383499
1186167	40.79411017	-73.92285412
921300	40.7961859667	-73.9234601667
1408151	40.816894777	-73.892392998
401367	40.64583253	-73.77655935
574524	40.76466804	-73.98217529
502274	40.7507400513	-73.986366272
645146	40.7648573319	-73.9734519073
132602	40.7594653167	-73.9888201333
384452	40.7250799667	-73.99814175
764634	40.73772345	-73.9890493667
110484	40.7406829157	-73.9914175456
670684	40.74022543	-73.98997014
178308	40.7415028054	-73.9938663778
177792	40.74125736	-73.94826757
476729	40.64913123	-73.78296011
641469	40.7399321833	-74.0058278667
75889	40.7399168602	-74.0057650208
986078	40.73630756	-74.00124001
982969	40.75380754	-73.99633699
568981	40.7506073167	-74.00341465
16481	40.8514833821	-73.9520859718
298605	40.7509521389	-73.9868547578
85096	40.7626417249	-74.0091848373
990606	40.8135818706	-74.0744376183
52822	40.8821929497	-74.066798687
11720	40.826946067	-73.9281177521
1959473	40.727591	-73.990941
474190	40.7587948615	-73.983074192
5711760	40.76090592	-73.98519092
28031	40.6997066969	-73.8085234165
12488	40.7581152522	-73.9866113663
91539	40.7601912333	-73.9707472249
109484	40.752604	-73.99538755
98665	40.7576276425	-74.002661705
109910	40.7519304709	-73.993370533
72348	40.75168975	-73.9941437667
109606	40.7526310955	-73.9945384808
87224	40.7491122118	-73.9914627113
109632	40.7485139467	-73.9924670898
108960	40.7520031352	-73.9713696221
108871	40.75286185	-73.9804421833
108607	40.7508596559	-73.9714899431
90564	40.7482585999	-73.9877473241
65656	40.7522556667	-73.99128445
19797	40.7499960848	-73.9907097816
17711	40.74163355	-73.9875931833
84615	40.7424001833	-73.9869723667
85696	40.7479541777	-73.991834681
54916	40.7558315826	-73.973017931
60496	40.7548894769	-73.9727591321
95709	40.759187981	-73.981590271
64017	40.7599271	-73.9855156833
83218	40.76121275	-73.9871892167
103396	40.7814436	-73.95999915
95646	40.75756265	-73.9742757167
1429494	40.758029334	-73.988164463
486869	40.6918081779	-74.1746020317
206537	40.6908075778	-74.1765761375
416248	40.720933174	-73.9948899791
43142	40.7134700167	-73.9579927167
70482	40.7245756254	-73.9933598042
62838	40.7421812329	-74.0059271018
954191	40.7422092051	-74.0053653717
173842	40.7420513	-74.0049406
953379	40.7414532278	-74.005934
949710	40.7503919284	-73.9938674485
933201	40.7605369941	-73.976547718
1050832	40.71442639	-73.94426512
190203	40.7426237697	-73.9847552776
2247921	40.747525	-73.849193
2586382	40.7508494974	-73.8455164433
416951	40.70458036	-74.01534938
11781	40.7016313	-74.01495695
51233	40.7253562333	-73.9781897833
416345	40.7363761879	-73.9920694601
813165	40.7388062477	-73.9888026217
276396	40.7128725179	-73.9587259731
12838	40.74510455	-73.9979839167
13046	40.7448229722	-73.9988896641
13673	40.7454371333	-74.00588035
26710	40.7342402706	-74.0028755987
34732	40.7335762167	-74.0014375167
16320	40.7336496333	-74.0021934167
28511	40.7285377167	-74.0031525167
13390	40.7259321167	-74.00156735
23051	40.724047115	-73.9964282513
20302	40.72614741	-73.99379259
110013	40.7423456006	-73.9849794841
109594	40.7490194394	-73.9700260685
1484983	40.764987813	-73.987741789
814700	40.755813353	-73.9976791495
333070	40.7436463667	-73.9793240333
570378	40.752965306	-73.9968474213
398312	40.7351124342	-74.0004193783
3558276	40.73090457	-73.9866656
276136	40.7267493993	-74.0027678504
772025	40.7415231943	-73.9834059331
492929	40.7590173208	-73.9899051189
713819	40.7561079169	-73.982395201
308257	40.7244292691	-74.0009880066
1130842	40.6920388447	-74.190149075
1328742	40.74948412	-73.99181872
438782	40.74967125	-73.99403495
163333	40.7387277	-73.9830034667
62696	40.7434085387	-73.9846412796
163157	40.7358080667	-73.98936755
110487	40.7362991667	-73.9891321833
160355	40.7303550241	-74.0027814956
158523	40.73903185	-73.9821341833
81937	40.7565149313	-73.9720827622
95928	40.744357601	-73.986365858
819050	40.6499478167	-73.7820532333
209452	40.7285108634	-73.9871370792
35033	40.7641523699	-73.9884416078
27122	40.7608701798	-73.9800453186
383238	40.7631819139	-73.9895466501
80971	40.7632591016	-73.9808269206
450906	40.7607726622	-73.9800775051
366679	40.7615690519	-73.9817404747
383564	40.7687174095	-73.9819700483
281096	40.7641598194	-73.9667280309
309049	40.7660896725	-73.9799091577
173765	40.7272629353	-73.9848619024
99606	40.7642696833	-73.9865084833
228553	40.7501191469	-73.9765753496
300048	40.76067155	-73.97401058
40420	40.7608549391	-73.9942378333
275451	40.7490462167	-73.9788170167
47598	40.7529089392	-73.9966748478
102066	40.7561756332	-73.9927919896
9818	40.8638743983	-73.8769626617
1088258	40.8295249667	-73.8512609
507815	40.7578366167	-73.9839479833
610217	40.75879991	-73.98333698
466288	40.75860078	-73.9816817045
466324	40.75860078	-73.9816817045
846749	40.7575017167	-73.9823179833
375282	40.75835788	-73.98170834
811780	40.7542549109	-73.982373476
212299	40.7536372355	-73.9805281162
565562	40.7537266362	-73.9809679985
172055	40.7778321852	-73.9616590368
537739	40.7806818952	-73.9587192202
556665	40.7794121784	-73.9580512047
1068800	40.7781306163	-73.9606742383
1144437	40.7785821833	-73.9587962667
499293	40.7798918883	-73.96066246
324783	40.7776812335	-73.9611797771
814082	40.776961575	-73.95922865
1127707	40.7789456186	-73.9601849005
788205	40.7794688333	-73.9596795833
870669	40.7836607	-73.95479834
437531	40.7897354333	-73.9573393333
437555	40.79032065	-73.9547360833
437659	40.7898184561	-73.9617848396
843790	40.7959498167	-73.9616424667
446540	40.7946351739	-73.9591884613
426848	40.7984972305	-73.9526854455
426765	40.79496195	-73.9567881667
779431	40.792664	-73.947
64029	40.7951920667	-73.9557858167
911205	40.7922963	-73.9524258
452903	40.7923771271	-73.9526224136
468212	40.7934757008	-73.9519518614
452877	40.7942574844	-73.9519518614
426738	40.7951319	-73.9542627833
495796	40.7934798	-73.9530266
452890	40.7938879151	-73.9528155327
12187	40.7692337	-73.9768266667
951837	40.7719306	-73.9724023
1072554	40.7774889333	-73.9711480167
1120681	40.7799889937	-73.9804422855
649751	40.7714391333	-73.9698451833
588579	40.7715661167	-73.9679629333
353344	40.7681818667	-73.9711906833
1033633	40.75153404	-73.99375057
415637	40.7514319894	-73.9936063068
270758	40.7522068072	-73.9934563637
902723	40.75146758	-73.99373924
181526	40.75139838	-73.99383699
1033716	40.75153404	-73.99375057
1103098	40.7519129	-73.9939381833
897253	40.7511215833	-73.9927506667
914888	40.75133943	-73.99383425
563409	40.7238926265	-73.9970397949
819661	40.72334355	-73.99587082
632518	40.7236984008	-73.9970283016
809467	40.7234228798	-73.9964393717
656426	40.723507	-73.9961165167
595979	40.7239013289	-73.9962242252
299972	40.76852893	-73.98337399
737437	40.77801752	-73.85736787
87942	40.730429614	-74.002431035
215438	40.7302100987	-74.0020501614
736572	40.72829979	-74.0022493
45321	40.7294295941	-73.9971363544
735356	40.73195469	-73.99725043
188530	40.7491239097	-73.9838168291
626323	40.7490601565	-73.9835966477
339393	40.7739526	-73.9721939667
297693	40.7741087833	-73.9737133
590566	40.78203767	-73.97545278
109890	40.7485851667	-73.9859188833
2217709	40.772639883	-73.9687886
279375	40.7857162541	-73.9729857445
931198	40.811401611	-74.0600663424
86073	40.7424578176	-73.9837482386
1208527	40.85218155	-74.010798433
611009	40.7618202455	-73.9738374348
48230	40.7351124342	-74.0290331841
383836	40.7355619934	-73.9978867112
1025265	40.742372	-73.982958
30170	40.7424087524	-73.984916687
1240752	40.873683323	-73.9109945297
42881	40.8699195535	-73.9176383107
165438	40.7369662185	-73.989434286
196278	40.7375807964	-73.9876007576
492214	40.7442982592	-73.9839720726
109602	40.7445507333	-73.98850745
916245	40.7438260333	-73.9886303167
111584	40.70856705	-74.0017662667
301643	40.9163626477	-74.0765760114
259185	40.9237775333	-74.0738348333
99459	40.7607507319	-73.99017226
210994	40.75513525	-73.9830879833
19812	40.7342344305	-74.1645169258
176668	40.7616015574	-74.0749740601
1328205	40.73068749	-73.99766397
759479	40.7493771456	-73.9812487783
659216	40.74472403	-73.99704217
873696	40.73980063	-74.00745975
302061	40.8301996	-74.1853734
1101727	40.7514705658	-73.9768562317
497596	40.75240159	-73.9779669
35867	40.9074165391	-74.0319548628
766003	40.7526934333	-73.9715610667
11711	40.7564248567	-73.8454198837
11807	40.8117304816	-74.0675711632
891233	40.7621250333	-73.9839040167
234791	40.7594375721	-73.984161299
899521	40.7450229285	-73.9828832267
418171	40.6457266922	-73.7788535094
84860	40.8124653593	-74.2164632678
814674	40.7668209	-73.98342156
637147	40.7369995117	-74.0309524536
298458	40.6541115932	-73.7876774766
179379	40.8175204184	-74.2117691317
470613	40.6456184929	-73.7796199322
16904	40.732397089	-73.9992284775
21639	40.7228160833	-74.0013843667
855875	40.7845135167	-73.9777666167
1212003	40.7799625	-73.988696217
300132	40.7303386713	-73.9866739179
316827	40.73851633	-74.00368416
252194	40.7595779213	-73.981328647
69978	40.7676520972	-73.9853596634
302293	40.7826490667	-73.9807405167
144826	40.7779728599	-73.9818589235
299013	40.7628715	-73.8039207333
54277	40.7771801764	-73.9783515446
296233	40.7808420213	-73.9815688133
243064	40.7761168574	-73.979850764
123189	40.77563495	-73.9799766167
222455	40.776372078	-73.9795239984
201574	40.7512477528	-73.9907097816
1182761	40.74770617	-73.9893378
827631	40.73773491	-73.98375588
880958	40.73448175	-73.97818434
46774	40.7034296167	-73.9901166167
98940	40.7413556817	-73.9810752869
9438	40.721157671	-73.9923564282
13389	40.7146239167	-73.9980912167
4233882	40.742130485	-73.985181363
890598	40.712353	-74.01574
885966	40.74102294	-74.0055558
874014	40.7156765333	-74.0170929667
144944	40.7407947889	-74.0077364445
1170512	40.7408072098	-74.0058821774
112074	40.7251428327	-73.978031883
1343903	40.72348052	-74.17568886
40593	40.7024923167	-73.99389865
171123	40.7455329667	-73.9782372667
1042378	40.7545260885	-73.9763055019
172079	40.7363032177	-74.0057597851
194456	40.7392790673	-74.0037004648
670490	40.8279689747	-73.92583251
85945	40.74238626	-73.9837505345
812912	40.75079679	-73.97626101
566213	40.6935146074	-74.1765964213
22996	40.7229238833	-73.9942199667
1249033	40.75120019	-73.99771946
1402712	40.72374868	-73.99642592
1518063	40.7174302158	-73.989636898
174056	40.6951349	-73.99200635
11974	40.6899476	-74.04446125
250458	40.6944682369	-74.059138298
1547122	40.748255205	-73.986206117
415982	40.7484436586	-73.9850449562
974340	40.71456555	-74.0107288667
1060446	40.7648357749	-73.9726102352
955535	40.78396499	-73.95909053
820403	40.7833983833	-73.96745495
489669	40.7596268196	-73.9857208729
663196	40.758298105	-73.9841759205
307320	40.6562499334	-73.9771422895
243049	40.6454343501	-73.7851326298
611928	40.64915901	-73.78289431
418536	40.6481397333	-73.78248
754559	40.7659871008	-73.9691489406
864261	40.74105656	-74.00535935
761170	40.7561340332	-73.9714660645
454806	40.7520435677	-73.9791223908
554392	40.75168371	-73.97993403
58800	40.7501362	-73.9781576667
972320	40.77363115	-73.95472127
434031	40.7286734715	-73.9949798584
551425	40.73426866	-73.98816466
794450	40.72313177	-73.98910224
72901	40.7292722143	-74.000982783
585373	40.7722056272	-73.9292120934
556610	40.72703897	-73.98487937
948782	40.7277751	-73.98544875
583880	40.72617781	-73.98585873
970823	40.74103742	-74.00555884
487041	40.7382132667	-73.99067925
317322	40.72641944	-73.98970168
51896	40.7210690835	-73.9877271652
833720	40.7387565427	-74.0064049921
998990	40.7522880823	-74.0086483955
99647	40.7277032667	-73.9851919167
202367	40.730299531	-73.9840257168
487476	40.7260208204	-73.9962083218
100459	40.6720781272	-74.0109229088
433545	40.6710203833	-74.0132192833
375274	40.70278265	-74.0054144
100867	40.7261150667	-73.9834805833
880295	40.7857867167	-73.98471165
1094899	40.7861711642	-73.9855921268
11740	40.7049528782	-74.0136426687
948460	40.72877568	-73.98776602
79013	40.7583979387	-73.9883087677
856509	40.7194027478	-73.989006102
183572	40.7589947712	-73.983725818
184218	40.7293523459	-73.9873019452
1376508	40.725390978	-73.983891172
861016	40.7265919093	-73.9891429562
195363	40.7263571667	-73.9890721833
778829	40.7428515715	-73.9929967501
148100	40.7272606058	-73.9826636288
882269	40.7758943091	-73.8747310638
58331	40.7283369167	-73.98775885
543669	40.72501825	-74.0048994667
705081	40.7260640271	-73.989549449
1421577	40.7345312834	-73.9896798134
2657850	40.734120267	-74.029076183
201969	40.739250277	-74.0278315544
199667	40.7385888667	-74.0304032167
721003	40.7359957167	-74.151244
129197	40.7268058667	-73.999279952
497311	40.7197456971	-73.9870083332
140416	40.7559246936	-73.9688562459
79124	40.7605824799	-73.9897468238
113287	40.7403774833	-74.00646595
211272	40.7401658294	-74.0075395565
570356	40.7154258144	-74.009531649
4125790	40.702984783	-73.816199067
878932	40.7307710808	-73.9951300621
197933	40.7223584412	-73.9871572973
475665	40.7407326365	-74.0071093643
754098	40.73675054	-74.0056402
1500498	40.73851704	-73.99944436
452381	40.6915100833	-73.96360205
36913	40.7106320541	-74.0112250823
1491340	40.743772628	-73.99173735
284912	40.76330673	-73.97828477
570260	40.71555876	-74.0110293
59056	40.7175038727	-74.0106032531
275052	40.79220527	-73.67460924
135828	40.7905978167	-73.6265093667
146614	40.7451515337	-73.9708859174
137902	40.7395721632	-73.6133771658
50033	40.7380878049	-73.6129045486
171474	40.77332806	-73.98226815
423481	40.6366063115	-74.1984415054
16623	40.6069153117	-74.0447616577
395620	40.7326839167	-73.92515105
2417367	40.7974635849	-73.6687119893
1083959	40.7973271661	-73.668178113
688597	40.7680544833	-73.8676268833
2381971	40.770704	-73.761797
2326640	40.7642737227	-73.8847734963
2279914	40.735194	-73.87447
162075	40.7350832833	-73.8742689833
2259176	40.9017400433	-73.7918289133
2253191	40.912639	-73.786337
92390	40.8007510083	-73.8289833069
11715	40.7441818667	-73.8452482167
2229618	40.76599	-73.869993
840235	40.76857995	-73.86616528
713655	40.76901048	-73.86699211
203370	40.6349942483	-74.195394516
661045	40.7150088267	-74.0095199755
394137	40.7408119667	-74.0046252333
274701	40.7740367	-73.8721398
496288	40.7289974	-73.9877671
91244	40.7382450758	-74.003594377
220723	40.73923254	-73.99456781
507778	40.7390899107	-74.0004882802
218783	40.7795739564	-73.9554416236
156741	40.7388925954	-73.9899909496
481645	40.73578804	-73.99157565
313976	40.747019761	-73.9935398156
192190	40.7342547336	-73.9918021586
588152	40.7255573917	-74.0049049971
346870	40.7347820193	-73.9883960076
72327	40.733999137	-73.9906422886
351229	40.7644279489	-73.966573727
261217	40.7341575526	-73.9929442359
157844	40.7463034815	-73.9926220263
106975	40.7316075244	-73.994546883
27372	40.7375488062	-74.0017242549
17680	40.912766657	-73.7835359573
68571	40.7689473919	-73.9830172062
395721	40.7328044625	-73.9913879786
212021	40.73757123	-74.00050407
323164	40.7599233034	-73.9739855879
461330	40.7563435866	-73.9753246307
103328	40.7787469872	-73.9556369767
77503	40.7742003033	-73.9594352245
37421	40.7742043657	-73.9812684059
265915	40.7373834983	-73.9965238143
438689	40.734011178	-73.999477804
194600	40.7595293001	-73.9730286598
410006	40.7749709807	-73.956619344
397723	40.9244924667	-73.745129
395134	40.7337589752	-73.9907168017
29002	40.7581396326	-73.9772236347
12530	40.7720875667	-73.9652395167
193905	40.7591229676	-73.9737153053
146932	40.7324660823	-73.9912411483
80741	40.7438061333	-73.9798209667
222912	40.72037065	-74.0000236
302719	40.7331391236	-73.9899516688
196399	40.7733693316	-73.8709092006
185769	40.7561783597	-73.971465525
23722	40.7626742299	-73.9713549614
80431	40.7738143727	-73.9808928967
299500	40.76333659	-73.97829443
64203	40.6426269333	-74.0740269333
235930	40.7009349097	-74.0138733387
552336	40.7589654242	-73.9786079746
393605	40.7589441805	-73.979036808
210958	40.7095398982	-74.014570713
99299	40.7384291122	-73.9913549865
1477810	40.74415057	-73.99183422
865430	40.7463886521	-74.0048232782
204502	40.73819565	-73.98285782
770774	40.7404915494	-73.9912084928
524429	40.7276571642	-74.0002208948
1036038	40.72501254	-74.00237953
715001	40.7253997833	-74.0029002
234307	40.7739443706	-73.8845157623
232211	40.645838287	-73.7761974335
222811	40.75497853	-73.9867627
92980	40.7527261511	-73.9861499886
226961	40.78211021	-73.95388549
183628	40.75548398	-73.98148173
67055	40.7560144416	-73.9794820547
196621	40.7608246	-73.9840295
100214	40.7523440838	-73.9941153071
463322	40.7393305406	-74.0014501768
229617	40.8136129971	-74.2171031611
1007362	40.8163888889	-74.2205555556
109968	40.7490363167	-73.9829531167
878398	40.8346688747	-74.1909098625
1310072	40.725843167	-74.153753233
79212	40.7299268228	-74.1598280697
1303327	40.815116158	-74.219075158
43099	40.8284641863	-74.1867148876
249181	40.8273803988	-74.1873586178
92370	40.8163368167	-74.2185390667
72440	40.81401855	-74.21893075
840450	40.8472382	-74.1947546167
422229	40.83190315	-74.2113537167
351144	40.83006765	-74.2119538667
520320	40.8408906333	-74.2070699667
281206	40.8156520292	-74.2197443435
323255	40.81734945	-74.2173027992
546398	40.7933269767	-74.2329549721
1150655	40.81596775	-74.2202275667
1114141	40.8151572593	-74.2191036162
1041237	40.8224362753	-74.21966329
324227	40.7491633398	-73.9901882786
1030239	40.7588130833	-73.98439505
550933	40.82374755	-74.21917
339024	40.7390239667	-74.1554135167
84843	40.8185308344	-74.2232036591
617734	40.8139494	-74.2175818
785629	40.8136179833	-74.2171131833
548786	40.8143089366	-74.2175138512
49997	40.8142786115	-74.2199902323
789500	40.8150945579	-74.2190130654
684349	40.6932754215	-74.1767395397
111752	40.8121892096	-74.2152783711
602652	40.8169169919	-74.2105309834
583318	40.7309520925	-74.1469649206
206941	40.8056251166	-74.2083489304
564452	40.8182236755	-74.223210316
509517	40.8118384167	-74.2183652022
507165	40.81678595	-74.2206913167
478430	40.8046476	-74.14116915
160244	40.7494899333	-73.9789002333
379871	40.7955116	-74.1990608333
253489	40.8116989136	-74.2115478516
40444	40.8173419333	-74.2098966333
287000	40.8165929213	-74.2196715107
49938	40.8147845009	-74.2195599137
33849	40.7611871111	-73.9942288399
147560	40.76145243	-73.99330097
893303	40.7682567231	-73.8604831696
577266	40.7573818046	-73.9742651582
813816	40.7386162038	-73.9897441864
615352	40.6456103524	-73.7779140472
63620	40.7723275	-73.9678601667
453988	40.7725969667	-73.9669950667
209379	40.77253345	-73.9675329167
880510	40.77379333	-73.96999228
314241	40.7724509	-73.9695276667
486179	40.7724261	-73.9725411833
370040	40.7702850167	-73.9724873833
370028	40.7705614333	-73.9721436833
209251	40.77011795	-73.9709511167
209417	40.7692820333	-73.9693665167
269278	40.7692158333	-73.9700581833
606202	40.7688911738	-73.9612744927
112742	40.7689876833	-73.96224765
184200	40.7669	-73.96437925
708990	40.76748317	-73.95969957
299092	40.7703944784	-73.9602044509
756760	40.76861208	-73.96594458
241635	40.7712737	-73.9615561667
631572	40.771458116	-73.9617043734
377757	40.7650070333	-73.9629138
265349	40.77156603	-73.96280044
940310	40.7670695	-73.95806215
366470	40.77170103	-73.96269983
458012	40.7708352956	-73.9592541157
629195	40.7710782634	-73.9595988393
460701	40.77127391	-73.95997333
856855	40.7657233703	-73.9608691762
234649	40.7659327727	-73.9636409283
192047	40.7700063885	-73.9603936294
828076	40.76756429	-73.95965296
712017	40.7663959737	-73.9626676198
162544	40.76902943	-73.96068578
54324	40.7679352	-73.9603078833
34363	40.7682242208	-73.9644026756
707748	40.7688097167	-73.9608723
927248	40.7679894833	-73.9637554667
975755	40.74214899	-73.9848327
748753	40.7638146	-73.9724275667
133542	40.7383394728	-74.0035247093
404175	40.7385579595	-73.9825963469
548404	40.7377026863	-73.9810632361
639509	40.7419423017	-73.9851300039
814248	40.7421165705	-73.9836072922
838115	40.7404811381	-73.9866987046
939756	40.74168801	-73.98604571
685122	40.7416458833	-73.9858683833
512974	40.74178594	-73.98385584
395775	40.7406335945	-73.9832573116
780032	40.74186849	-73.98439449
366996	40.7399368172	-73.9850977865
433373	40.74105852	-73.98373949
114176	40.7414376986	-73.9842448642
692093	40.7658913	-73.97333855
952236	40.76584184	-73.97218644
495831	40.7919542667	-73.953637
452909	40.7917156667	-73.9530644333
523580	40.7661930667	-73.9658891167
265611	40.76836514	-73.96161669
242011	40.76739007	-73.96445316
247818	40.76740282	-73.96422392
596078	40.7641277167	-73.9665086333
836835	40.8581132167	-73.8559689833
569669	40.8631227167	-73.8343745167
925208	40.81573265	-74.08717715
899227	40.8267835167	-73.8575748333
898976	40.8295200936	-73.8252707149
898948	40.8295200936	-73.8252707149
865927	40.8495602129	-73.8450374423
451278	40.8486468018	-73.8455410646
148252	40.7616909474	-73.9702177048
645696	40.7639500375	-73.9705181122
722197	40.7630792667	-73.9690612667
552060	40.76474714	-73.9710983
242142	40.7640075823	-73.9769515941
217157	40.76455396	-73.9766407
78851	40.7644241	-73.97679165
606613	40.7651402833	-73.9769746333
100206	40.7648824348	-73.9770161065
93151	40.7645039667	-73.9771502667
214287	40.7637671457	-73.9766099236
66971	40.7646769907	-73.9762443502
12649	40.7637298	-73.9762043833
528070	40.764457719	-73.9759750562
30766	40.7644376008	-73.9755606651
639559	40.76432895	-73.97562551
419931	40.7631160773	-73.9759543489
480121	40.7638766206	-73.9759813407
124545	40.76388299	-73.97551256
137640	40.7631578287	-73.9746150922
601923	40.7643099833	-73.97450395
840131	40.7628535289	-73.9736681307
23728	40.7630399097	-73.9736616611
91821	40.7626658695	-73.9745601996
23734	40.7626742299	-73.974391222
840650	40.8519820952	-73.8680571445
839060	40.7780018831	-73.9545708824
677545	40.77875339	-73.95433598
838285	40.7838059509	-73.9566524072
390499	40.73561483	-73.9918645
174402	40.7346734338	-73.9910128713
836923	40.8418630333	-73.87391
816242	40.8544373122	-73.8603758812
402322	40.77811235	-73.98185682
409819	40.77927738	-73.95488166
237603	40.77929139	-73.95499414
345086	40.7791684522	-73.9536416531
560076	40.77875339	-73.95433598
255270	40.7778235255	-73.9546355293
351514	40.7724981293	-73.96463871
253983	40.7643800667	-73.9702915333
277886	40.7620831833	-73.9727128833
280214	40.7624236167	-73.9689689833
23744	40.7619634333	-73.9726579833
230305	40.7572816007	-73.969745425
157879	40.758042111	-73.9702498913
295054	40.75995808	-73.97246593
546610	40.75859981	-73.97472548
570322	40.7577382767	-73.9754652223
225817	40.7566637167	-73.9751736333
141817	40.7574000901	-73.9772450924
606890	40.7534323667	-73.9784925833
225671	40.754629873	-73.9776772213
161475	40.7526294369	-73.9773416519
623007	40.7305587167	-74.0001332167
520488	40.7325789833	-74.00056475
567858	40.7429245306	-73.9927911758
554140	40.7414044547	-73.9892506599
506110	40.7481708135	-73.9847062942
212289	40.7517735167	-73.98201825
619791	40.7534909431	-73.9809465408
169178	40.7571454157	-73.9781182033
574779	40.76021185	-73.97798825
267791	40.7608492667	-73.9762680667
601888	40.76225459	-73.97537541
441106	40.7650633018	-73.9725995064
304447	40.7878526801	-73.9560449123
437597	40.7877756333	-73.95603075
445613	40.7967549333	-73.94977845
583735	40.8045405167	-73.9275169333
569775	40.8652711446	-73.8356806229
123123	40.86478835	-73.83014279
105134	40.8674606253	-73.8254213333
284518	40.9108916	-73.7803166
183897	40.9105141828	-73.7807699802
318611	40.7678180944	-73.9683205289
212353	40.76398355	-73.9707763833
142797	40.76470625	-73.9700352833
209779	40.764518861	-73.9708614349
286703	40.7536965212	-73.9773813686
366013	40.7525100685	-73.9797820872
22512	40.7415747333	-73.9870256833
235218	40.7353180833	-73.9912828
321071	40.73566532	-73.99170023
202559	40.7357884	-73.9915142
187499	40.7353258167	-73.9917343167
144266	40.73428171	-73.98993456
272164	40.7347547304	-73.9918255806
404296	40.7339199204	-73.9909034708
361569	40.7336501026	-73.9907743298
13371	40.7411524602	-74.0059876442
238857	40.7560510134	-73.986659646
325882	40.7558003032	-73.9873852352
337390	40.7481535372	-73.9850573407
320011	40.75848549	-73.97732627
24388	40.7590218333	-73.9760790333
23729	40.763486849	-73.9733719826
394826	40.76998192	-73.9691835
118358	40.7770134167	-73.9640417333
437624	40.7874871368	-73.9574182034
146057	40.76561337	-73.96563255
286129	40.763324621	-73.9808859147
206529	40.7627098211	-73.9754330658
308764	40.7627633117	-73.9779836632
64013	40.760268819	-73.9849483967
5044522	40.64827537	-73.79220956
56216	40.7586634	-73.98220185
243125	40.7295840697	-73.9864397049
59040	40.7198676693	-74.0085196495
1407973	40.7167291	-73.96125209
280198	40.74557507	-73.9481936637
205284	40.7268457576	-73.9916403178
947177	40.7216389855	-73.99229948
1398074	40.720560157	-73.99751374
744708	40.7211846333	-73.99289135
118809	40.7106276424	-73.9657250047
122879	40.7217578412	-73.9974763636
351651	40.7026911715	-73.9811759664
123716	40.7335575534	-74.0014980981
281157	40.7427783484	-73.9828192944
239361	40.7283321	-73.9994913167
336149	40.7428595014	-73.9801204205
680297	40.7652814342	-73.9839475384
203289	40.7293945414	-73.999845822
819377	40.7336563601	-73.9995276321
786049	40.7207133371	-73.9982950687
193773	40.7335190115	-73.9920401573
142158	40.7266979167	-73.9824644167
710744	40.8411215589	-73.9397049908
689962	40.8873475174	-73.9052181012
689427	40.8852484	-73.9010728167
425083	40.7298789825	-73.9903545055
1222280	40.76887387	-73.96291244
161856	40.7744471167	-73.9569909
140318	40.7345032392	-74.0023233908
767818	40.7734893767	-73.9516595006
243388	40.7764751727	-73.9566505166
231772	40.7406931291	-74.0069600025
226360	40.7036693039	-73.9871362932
34957	40.7121212	-74.0179271333
31371	40.7622162333	-74.0017175833
31350	40.7335027833	-73.9992476833
30729	40.7235521833	-74.0354831833
668243	40.7248054546	-73.9985473872
4713268	40.74329459	-73.98315519
706166	40.68921923	-74.16773325
704873	40.6954906839	-74.1771962946
637500	40.7617912	-73.9696553333
178467	40.7543239926	-73.9883494377
418921	40.7390573701	-73.9906244774
462107	40.7620214656	-73.9756365511
461626	40.7639365722	-73.967020215
113476	40.7404042261	-74.0075976497
247317	40.74620628	-73.98397755
455332	40.7534419595	-73.974559839
85264	40.7174155437	-73.9984871566
439366	40.7183984672	-73.9978573804
227173	40.7181474359	-73.9980291678
139172	40.7682546917	-73.9847794175
201025	40.7425530435	-74.0005221552
882693	40.76897794	-73.98472303
1307001	40.773321383	-73.971118917
304510	40.7678464667	-73.9825940333
643111	40.7683461041	-73.9814293385
1080058	40.76757043	-73.9821974
1490378	40.768383334	-73.982063113
68660	40.7660333927	-73.9871848299
199959	40.75987756	-73.976498
1602836	40.7594683504	-73.9772182703
17983	40.75912615	-73.9758193
1351535	40.7192802429	-73.9970988035
680110	40.7209639925	-73.9982588972
4001104	40.723558745	-73.995762459
924385	40.7355981766	-73.991112113
548144	40.733282072	-73.9915330401
806271	40.75479942	-73.98219752
913163	40.75502103	-73.98321121
107260	40.7555131441	-73.9810948354
697555	40.7558066996	-73.9724465365
1364072	40.76793223	-73.98519873
338298	40.76897186	-73.98438209
156519	40.7681927	-73.9854723
902766	40.7678767636	-73.9858629497
1037990	40.7678712833	-73.9860381167
19851	40.7679384333	-73.9850899667
917764	40.76278674	-73.98595899
793657	40.76313501	-73.9858247
526262	40.7605666993	-73.9894882729
803312	40.7614024302	-73.986935306
873624	40.76055848	-73.98706918
513859	40.7147830861	-74.0095280033
486265	40.6874109095	-73.9896146552
1156392	40.6914921109	-73.9847043452
366729	40.71746498	-73.98471409
232484	40.73943722	-74.00252908
22529	40.7538719	-73.9910949167
214989	40.7243428709	-73.982952238
214802	40.7547503617	-73.9734120283
326591	40.7337385159	-73.990881443
1134593	40.7496571893	-73.9925377268
1132158	40.71362662	-74.03854835
87465	40.7736478125	-73.9773309231
440689	40.7761136736	-73.9757537842
908830	40.7461886624	-74.0013863108
908487	40.7467946333	-74.0048926333
359848	40.7560516287	-73.9649693904
25183	40.74549565	-74.0095552667
856325	40.7487087667	-74.0069917
1379148	40.7201286167	-74.0050664833
1379061	40.7191348833	-74.0014245667
555980	40.7360066853	-73.9870834351
1365122	40.75548535	-73.99116677
881177	40.7764142831	-73.9555299282
374974	40.7751062159	-73.9537757635
200291	40.7215222167	-73.9573795667
1295882	40.719209799	-74.010234578
290759	40.7232455727	-73.9998236201
302796	40.7360387428	-74.0008839676
115340	40.7229169017	-74.0073931217
885463	40.71149985	-74.0357378833
758156	40.7684256489	-73.9554841831
304056	40.7780176759	-73.9551315459
573572	40.7235673865	-74.0082085133
928789	40.8117304816	-74.0675711632
48704	40.7199245896	-74.003970623
521156	40.74333715	-73.99673682
97605	40.74433	-73.99538
641145	40.7800369231	-73.9532578917
185926	40.7292037633	-74.0082964242
184187	40.72219115	-74.0032351
691917	40.77819752	-73.94942981
297633	40.7735917423	-73.9595603168
472639	40.7466253	-73.99955672
654776	40.77651739	-73.95526063
180254	40.7488609333	-73.9755025167
164584	40.7222143833	-74.0081539833
697729	40.67673468	-73.80058902
512637	40.7307353147	-74.0014133806
116462	40.7192096776	-74.0101448098
261814	40.7799134962	-73.9503143912
280245	40.7253474501	-73.9921842892
234530	40.7759548265	-73.9530610584
566210	40.6474299906	-73.7781330545
758127	40.7676769543	-73.9561697718
611717	40.7495053081	-73.9902688321
283863	40.7503665	-73.99258947
181601	40.7569957784	-73.9716388728
188011	40.75863659	-73.97013264
549201	40.73627638	-73.9932999
549014	40.77174055	-73.95988029
508801	40.75707364	-73.98047739
498743	40.64817088	-73.79193454
396830	40.78211456	-73.9826371
214691	40.7601527137	-73.9788825923
131377	40.723429159	-74.0088307858
38023	40.6411453	-73.7895715333
24935	40.6424484253	-73.789604187
204508	40.75851696	-73.97907274
19662	40.7281807	-73.8390146667
1133939	40.840574	-74.0664171
287110	40.7257012865	-73.9776172407
120654	40.71554285	-73.98961311
174269	40.7136529179	-73.9974201547
826563	40.7482683576	-73.9862565721
53955	40.7525075248	-73.9693272114
1163306	40.7492076844	-73.9686834812
53938	40.7492506667	-73.9698997833
391355	40.72657996	-73.97767508
1187396	40.73016601	-73.9804753
585576	40.7313076679	-73.9826095104
161558	40.7228167	-73.99927413
93158	40.7288182423	-73.9785326973
287338	40.7251253833	-73.9783086
48254	40.7260107167	-73.9776718333
170478	40.7141114738	-73.9987410882
917940	40.7192822194	-73.9911567237
11790	40.7021677333	-74.01287555
126434	40.722442627	-73.9801025391
803167	40.7277989388	-73.9828777313
301950	40.7267229	-73.9815207833
446717	40.7279749032	-73.9790569195
172422	40.7377033782	-74.0019216378
497676	40.76080846	-73.98677849
119917	40.7299279167	-73.9120862333
410441	40.7468180426	-73.8916289806
237989	40.74633035	-73.8963282108
96513	40.7507755167	-73.9405693167
492872	40.7407189167	-73.9967863167
492599	40.73933809	-73.99473077
455839	40.7283157331	-73.9822125435
165115	40.7673994711	-73.9826524258
491834	40.7631595833	-73.9785493833
55022	40.7633977167	-73.9781703833
33816	40.7121850918	-73.9647119354
487160	40.7159198167	-73.9656624167
193931	40.7329092899	-73.9876033398
102479	40.7474718	-73.9873507833
481805	40.7243567671	-74.0016068506
231689	40.7246017333	-74.0011811167
480973	40.7628773856	-73.9700782299
480952	40.7623481086	-73.9692714223
333729	40.76611667	-73.98157095
81897	40.7247027515	-73.9984618504
275868	40.7435345	-73.97461783
215003	40.7293239001	-73.9898353815
116863	40.7260359667	-73.9949081667
226883	40.7290453333	-74.0009493833
783079	40.7371397682	-73.983104469
629440	40.74787151	-73.97852641
1115858	40.7473574667	-73.64512625
1380439	40.752431361	-73.816172582
68727	40.74712515	-74.0006600333
388242	40.75741487	-73.98570561
1038452	40.7117428	-74.0083068667
351503	40.7631134	-74.0025757333
729635	40.7152793667	-73.9974838
970798	40.7165006098	-73.9971591104
596175	40.7575951351	-73.9843475819
732507	40.72638332	-73.98623347
985100	40.7562071071	-73.9704909262
1538453	40.7601422	-73.9864106167
225798	40.7213839333	-73.98820275
355331	40.75935542	-73.98154377
119722	40.73449826	-73.98757523
577480	40.7311829833	-73.9886455333
1037668	40.6989748667	-73.8084468
900933	40.7500689	-73.99229824
166909	40.7447548625	-73.9992221429
301079	40.7742538452	-73.8728790283
204673	40.77525365	-73.87282311
50370	40.7753418324	-73.9817941189
247037	40.7045615217	-74.0142860154
19815	40.7036399667	-74.0161028167
434760	40.7095724342	-74.0126803571
290000	40.7099659638	-74.0115817276
405710	40.7891432518	-73.9755687027
12084	40.7875370833	-73.9661407333
157681	40.7647915833	-73.9744626167
252007	40.76223367	-73.97859615
467525	40.7591879519	-73.9833618878
41428	40.7586075273	-73.982233459
353141	40.75846457	-73.98266035
171097	40.758954335	-73.9822384646
299322	40.7589709787	-73.9799930324
395036	40.7867032427	-73.9722239971
257968	40.76814931	-73.98128557
440631	40.7793634333	-73.9734256268
173823	40.80594503	-73.95038932
22151	40.73091745	-74.0028999
235534	40.72504186	-73.99092119
232055	40.7304946555	-74.0070819855
38567	40.70242945	-73.9876437833
265880	40.7496250387	-73.9875024378
953448	40.76977223	-73.95438849
651089	40.7755219833	-73.9475438667
943129	40.77041405	-73.98365002
353503	40.7745128225	-73.948212631
383326	40.7252902357	-73.9922356664
133367	40.72551085	-73.9927158167
461249	40.7792578186	-73.9554655552
60872	40.7560708545	-73.9699872553
312063	40.7507652667	-73.9908306167
724768	40.73953032	-73.98942685
84926	40.74472875	-73.9928148833
76449	40.8414361719	-73.9413151055
50733	40.8463292167	-73.938368
29422	40.8664154667	-73.9736305833
43076	40.8412971167	-74.1591482167
110990	40.845416	-74.17996025
54543	40.8340257	-74.1805446
108403	40.8349421872	-74.1802453995
96301	40.8495508833	-74.180652812
53344	40.815617501	-74.2076278365
33054	40.7978063094	-74.200886046
45833	40.7938588936	-74.1960817503
105103	40.7835131671	-74.198865593
111483	40.7923433333	-74.1989080833
55467	40.7554187833	-73.99470275
85324	40.7562643333	-73.99449015
11712	40.755595897	-73.8483810425
42181	40.7296875433	-74.1542658265
39469	40.7333401556	-74.1709542274
41985	40.7314657918	-74.1618750146
43065	40.8369877401	-74.1522109509
500062	40.7507844758	-73.9675676823
357722	40.7402664072	-73.9785754681
208417	40.743874309	-73.9871720907
96410	40.7445746272	-73.9762687683
308781	40.7439581512	-73.9741170173
101010	40.7452492854	-73.9755928516
137292	40.7446906667	-73.9731436
333067	40.7437373912	-73.9797341824
258967	40.7537031968	-73.9737023674
5493300	40.754047671	-73.972575095
853174	40.7429570453	-73.9810752869
529573	40.7687207949	-73.9624171285
3259144	40.744908792	-73.970374177
96990	40.7428595014	-73.9768588543
903529	40.7449647918	-73.9769232273
784408	40.7436286667	-73.9882177167
326244	40.74349588	-73.9966228
29449	40.7421580397	-73.9953449411
581839	40.75002646	-73.97976917
208425	40.743874309	-73.9871720907
153069	40.7250878067	-74.0030287934
4925680	40.725088272	-74.003248783
440599	40.729246662	-73.9968842268
1122328	40.7298078833	-73.9867140833
965577	40.7341565833	-73.98413505
3075267	40.75106239	-73.993954385
1363445	40.7318117306	-74.1740655899
1494227	40.734276	-74.166464
268521	40.7441438178	-73.9740371704
3561931	40.7490894	-73.977759367
1053642	40.7820966144	-73.9534251111
12523	40.7611220997	-73.9639252424
16119	40.7595737	-73.9616398
1229762	40.7230848	-73.98715502
1445949	40.722619206	-73.988746898
4449153	40.726303162	-74.002009307
214921	40.7031162833	-73.9919446
977877	40.74166536	-73.98456561
147982	40.74281535	-73.9780476333
155673	40.7447417167	-73.97547655
376953	40.7460160667	-73.9746040167
1467209	40.7492099	-73.9729334
160077	40.750903	-73.9732728167
78770	40.7512395833	-73.9728199333
160053	40.7504102667	-73.9722274667
1450014	40.756329217	-73.969253383
607472	40.7534096694	-73.9699280262
1129020	40.7586296	-73.9690235
743942	40.7590024913	-73.9761569226
1430350	40.7602525659	-73.9750778675
3411938	40.757245867	-73.975271433
924069	40.757124	-73.977621
2472480	40.74497103	-73.9843831
1414863	40.744439528	-73.987544623
1662359	40.748224	-73.983568
1596406	40.750267703	-73.994422551
291452	40.7444515236	-73.9759455746
912481	40.7422715833	-73.9836658
823103	40.74343621	-73.98380869
133116	40.74459275	-73.97665565
3171672	40.766030283	-73.951860666
631181	40.7546496642	-73.9748416361
3263224	40.743549884	-73.973515044
735750	40.7423799085	-73.9663982391
561374	40.7445014711	-73.9736509323
969986	40.7438032667	-73.9734839667
324917	40.7427340833	-73.9779031667
521941	40.743802	-73.979434
753018	40.71529745	-74.0039041167
1763255	40.715474073	-74.003014347
2776686	40.7247280795	-73.9963370562
1356060	40.725385455	-73.997615098
579237	40.7251922332	-73.9967116688
530480	40.7290823667	-73.9940491167
1255196	40.741228183	-73.981272667
902725	40.75315231	-73.98149579
212306	40.7560309167	-73.9775487333
685123	40.7554171004	-73.9790904522
554196	40.7426215667	-73.9876467
1255207	40.741804083	-73.978890767
946679	40.7569964019	-73.9843753786
940832	40.75100362	-73.97451752
1224617	40.743784667	-73.976191117
266823	40.7440381471	-73.9708614349
92269	40.7440787897	-73.9740586281
133125	40.7443821667	-73.97479485
704587	40.7461027589	-73.9820194244
506686	40.7431033608	-73.98427248
778430	40.74250197	-73.98529487
2472648	40.743613049	-73.986232434
2354417	40.744506652	-73.976263456
297788	40.7422254626	-73.9800345898
657449	40.7440642	-73.9539718
657481	40.7422595833	-73.9542519833
657519	40.7419932	-73.9537935167
727578	40.7415798833	-73.9438129
400398	40.7347224667	-73.8618904
1006401	40.7473113833	-73.84211725
1006169	40.7464278888	-73.8450872898
244272	40.701138254	-73.8149768114
1397464	40.64494532	-73.737226007
1331719	40.586670433	-73.726676017
142475	40.5886726833	-73.7053169667
1496773	40.584821065	-73.675893148
944775	40.5884382833	-73.6674631167
1929584	40.588591332	-73.666164538
1930048	40.588164539	-73.665934056
213730	40.5847485158	-73.666809598
1991749	40.584069432	-73.666542574
1176950	40.5835441667	-73.6594245
1167528	40.5835029	-73.6608094333
1976951	40.588626118	-73.666258066
1955300	40.587822709	-73.666791927
874185	40.5877457377	-73.663978546
1497314	40.588717777	-73.664644026
417807	40.5932950584	-73.7372732162
141385	40.7100237941	-73.8194990158
1091715	40.7445855167	-73.97766045
1393800	40.73138237	-73.9823198318
1287225	40.724291267	-73.9919478
847839	40.72489755	-73.9955570333
595489	40.7216888333	-73.9974959333
1514233	40.722344105	-73.996900958
1518619	40.732157	-73.984476
949072	40.74628078	-73.97991645
190454	40.7472264167	-73.9781398333
450260	40.7426678323	-73.9868967848
1519050	40.712202217	-73.967233867
1218311	40.71650884	-73.96861841
118761	40.7088369	-73.9699333167
1512979	40.71248525	-73.978308117
553152	40.7116869667	-73.9784546
460691	40.710832	-73.988508
11795	40.7104611333	-74.00420665
927129	40.7102637076	-74.0077579021
1070086	40.7129097833	-74.0040014167
12199	40.7114911	-74.00212525
1023733	40.71476143	-74.00844502
1032755	40.7114130759	-74.0081229865
1145413	40.7252125896	-73.9956884754
323726	40.72580546	-73.99609208
570387	40.72591531	-73.99601364
467648	40.7289500499	-73.9953539898
1602794	40.745738657	-73.983961358
1602791	40.74603163	-73.983733569
157096	40.7386414777	-73.9829193409
1445455	40.739294	-73.983188
291392	40.7558153285	-73.9835000038
1567810	40.746371233	-73.97898644
1369464	40.7524912698	-73.9699172974
993070	40.7532389943	-73.9731252193
1357667	40.7534008	-73.97086167
1073364	40.7515972403	-73.9669561386
607480	40.7524506324	-73.9683616161
376209	40.7537754002	-73.9734792709
1507000	40.7533192	-73.97256839
1175381	40.74173355	-73.99013245
173656	40.7420385013	-73.9911174774
213157	40.74196332	-73.9907934
518662	40.74291068	-73.99161601
1248781	40.742571982	-73.992313883
241145	40.74303543	-73.99276161
915438	40.74142813	-73.99387794
1078263	40.74101965	-73.9941691167
1244861	40.73970896	-73.99506878
502520	40.7358101833	-73.997381
144292	40.737063512	-73.9969432354
801334	40.737388686	-73.9968252182
574559	40.7255675875	-74.0042603016
579615	40.7228904963	-73.9891433716
1485250	40.723092595	-73.985250217
267338	40.7207363	-73.984231
1543425	40.753556335	-73.970889577
179182	40.7511502211	-73.9764297009
474129	40.7492370369	-73.9765625389
731989	40.7496080674	-73.9770826806
677192	40.7496118372	-73.9758494479
1206570	40.7499000644	-73.9783237096
177887	40.7513011096	-73.9796942693
574083	40.751118	-73.977535
377658	40.7510258612	-73.9782130779
155680	40.7445383167	-73.97508115
1533431	40.744058553	-73.976322049
636205	40.7507926035	-73.9755284786
1268884	40.750309745	-73.974253199
899655	40.74989908	-73.98002862
986015	40.7496139945	-73.9891253966
491547	40.7502207983	-73.9881914321
1472936	40.7520729303	-73.9926409721
279004	40.7512008333	-73.9916848833
1071452	40.7521001667	-73.9927144167
1333022	40.767608643	-74.022018433
568906	40.6877259768	-74.1819961258
1364888	40.709692	-74.171679
1207322	40.708425202	-74.170730438
338320	40.70669825	-74.1520394833
459767	40.7418677971	-74.12281394
681186	40.75638175	-73.99137264
34422	40.7561489068	-73.9917458081
30252	40.7555568903	-73.991347528
534343	40.75455	-73.992183
62612	40.7474767	-73.9977820833
1472052	40.745365788	-73.977311872
1284996	40.7592691	-73.970360517
873311	40.7586597455	-73.970400095
924205	40.7622110325	-73.9727175236
957462	40.75360888	-73.96635067
731452	40.7495720833	-73.9710515833
599578	40.7419061833	-73.9782422833
262742	40.7410774479	-73.9815132372
1149892	40.7424451333	-73.9837265
318496	40.7409275309	-73.9816363662
238836	40.73996561	-73.98194426
1427188	40.739662174	-73.97937003
1406019	40.738033033	-73.980424283
992981	40.73809415	-73.97777585
603177	40.7356195403	-73.9754120581
219405	40.7355693971	-73.9750437509
735812	40.74039912	-73.97658056
606433	40.7523368474	-73.965883255
1223844	40.75703573	-73.96502971
681695	40.7785347597	-73.9443612099
509046	40.7797293737	-73.9498919319
1403117	40.7822068425	-73.9544463158
1358210	40.746137	-73.98233
1071842	40.7500854904	-73.967717886
210723	40.7494312961	-73.9731733406
732105	40.7491952078	-73.9725446396
879117	40.74966192	-73.97285133
486554	40.7329665855	-73.9581097111
557195	40.7277967542	-73.9571791466
336183	40.7304653076	-73.9543941554
870915	40.7319444444	-73.9542361111
274079	40.7290006281	-73.9536907084
274119	40.7290006281	-73.9536907084
274349	40.7294421064	-73.9540189569
274390	40.7315887858	-73.9544216771
973019	40.7334621029	-73.95652771
218543	40.7334525333	-73.9580409667
298475	40.7332055665	-73.9579542105
1289529	40.734344933	-73.959387217
916617	40.732966865	-73.9581099836
627122	40.7290782	-73.96042395
612348	40.7292078044	-73.9572885311
62688	40.7297910667	-73.9609002167
217677	40.7298022084	-73.9583636804
1343428	40.73009625	-73.95780035
1313842	40.743320633	-73.973402783
662395	40.7535798167	-73.9636211333
1238282	40.77165475	-73.9464560333
890902	40.7733631167	-73.9441252833
242355	40.742050686	-73.9810028673
445552	40.7426725418	-73.9758718014
735784	40.7405913	-73.9755930667
986989	40.7408524	-73.9785391333
1088664	40.7399146938	-73.9797928783
735792	40.74039912	-73.97658056
681168	40.7431186833	-73.9801777833
922792	40.7424438	-73.9803510904
687601	40.7506723667	-73.9696573333
148335	40.7506050178	-73.9706141366
461170	40.75439875	-73.9714314333
78242	40.752134517	-73.9719644217
54906	40.7534909431	-73.9742088318
576986	40.7484151333	-73.9815712167
59234	40.7483134663	-73.9801429192
1204993	40.725260717	-73.978128267
1376732	40.7287269831	-73.9779210091
855333	40.7466748804	-73.9797998218
546071	40.7455765762	-73.9823823501
1381675	40.745387583	-73.982151833
268602	40.6849256978	-73.9776527882
220168	40.6839168585	-73.9771485329
1247079	40.6829730917	-73.9761185646
539123	40.6788770996	-73.9736873348
93704	40.684380601	-73.9770627022
105831	40.6838680433	-73.9786720276
407425	40.68136084	-73.97640281
478500	40.6381989833	-74.07927765
79691	40.7418987614	-73.9748755975
87281	40.735496659	-73.9796943825
255843	40.729861391	-73.9575651974
765113	40.7252582	-73.9969956
881179	40.7281666766	-73.9875108091
347539	40.7283401361	-73.9878539559
668103	40.7496619057	-73.979414671
1336618	40.754493214	-73.981853263
679482	40.75298088	-73.97478282
1358020	40.752832862	-73.973655206
829410	40.7516554057	-73.9737174491
225901	40.75024145	-73.978689
1071669	40.7502522833	-73.9790524333
1030939	40.7497922325	-73.9798275464
764584	40.7478503133	-73.9814642072
461283	40.750386861	-73.9834059073
78456	40.7503636167	-73.9735267333
102703	40.7306703667	-73.9538343167
204459	40.7720625043	-73.9580724613
1343495	40.7713687391	-73.9547896385
932527	40.7591352667	-73.9590715
872604	40.7570973333	-73.9599113667
1185210	40.745169167	-73.978987067
676932	40.7439252167	-73.9792126333
325324	40.7433865167	-73.9785609
154300	40.7422881449	-73.9833618396
987611	40.742824126	-73.9830134738
506707	40.7430764333	-73.9835608
1249847	40.770477083	-73.950797317
150042	40.7762848	-73.95810845
364665	40.7768367589	-73.9573967457
89974	40.7711106	-73.9581435333
229654	40.75770225	-73.9678543167
260838	40.75692385	-73.96691459
987546	40.74626702	-73.97996163
965941	40.7449	-73.979273
935774	40.7413329772	-73.981360954
1308600	40.742967484	-73.980336121
426583	40.7406599634	-73.9901813935
554222	40.7425768167	-73.9868532833
1286256	40.7424693244	-73.9893043041
644292	40.7397436073	-73.9872911036
1176980	40.739289	-73.987616
1228405	40.73583287	-73.99037224
183554	40.7351237	-73.9889198
230381	40.7324533548	-73.9901113529
214964	40.7301886034	-73.9891627857
935746	40.729998713	-73.9894223213
1194928	40.72995722	-73.99136888
685244	40.7246711503	-73.9957546839
630340	40.72426164	-73.99569916
546953	40.7199677709	-73.9986664177
912489	40.7201522702	-73.9979195595
710986	40.7193575167	-73.99736805
1286389	40.718913817	-73.9983914
660674	40.7186885953	-74.0009021759
564208	40.71923655	-74.0007652
694296	40.7205418	-74.0036122
799051	40.7225469356	-74.006344378
343974	40.7233315865	-74.0062880516
501044	40.7239820672	-74.0062344074
251757	40.7234170833	-74.00708935
183017	40.7242740815	-74.0075603523
1162850	40.7335921797	-74.0027797222
440770	40.7331856887	-73.9986920357
667942	40.75897544	-73.97159838
1277854	40.760765917	-73.97317865
529011	40.77773825	-73.95701745
776869	40.76676291	-73.96879154
802493	40.7636131	-73.9708423
1253200	40.75313299	-73.97927153
1156522	40.7545053075	-73.9775347908
1034621	40.7556172976	-73.9812632096
1032117	40.75203102	-73.98191511
729057	40.7518745333	-73.9832179833
1224021	40.75403875	-73.98429459
743478	40.7567665141	-73.9877784956
546546	40.7507438374	-73.9688122272
45643	40.74978355	-73.9692698667
421446	40.7436660833	-73.9816468167
764140	40.7433604358	-73.9798196028
422568	40.7413455988	-73.9812928433
101317	40.7413885876	-73.9812472715
1255172	40.74119705	-73.981453133
677746	40.7433317	-73.9862152167
922793	40.7428643167	-73.98746515
837835	40.7445704201	-73.978861628
471115	40.75448274	-73.98274546
194402	40.7548708	-73.9832451833
1187563	40.75563853	-73.99108862
1245957	40.764527317	-73.995926467
1149727	40.75688215	-73.9971019167
386470	40.7524202333	-74.0025133667
998998	40.7531373333	-74.0079538
687020	40.7470537593	-74.0070283413
1007389	40.7464675371	-74.007597945
998870	40.7440454167	-74.0086036333
265104	40.7394429989	-74.0082822767
590541	40.7342447284	-74.0096847287
766037	40.73087006	-74.00984144
1146965	40.7252737	-74.0116174
879838	40.7223434	-74.0123848333
924913	40.7021876333	-74.0095609333
1170390	40.7530794	-73.99900042
92181	40.7479748833	-74.1726786833
1055157	40.7499390333	-74.1771660167
565274	40.7424510432	-74.1826618184
790419	40.7551245231	-74.1825199127
459718	40.7453346333	-74.164211154
735690	40.7417674677	-73.9827892877
584576	40.7460296045	-73.9818370342
759118	40.7426805	-73.984188
1036141	40.7401200854	-73.9863753319
153689	40.7408635277	-73.992579381
171349	40.7408733333	-73.9923053142
947835	40.73933422	-73.99525761
312310	40.7245885167	-74.00063545
320065	40.7244324315	-74.0006906024
73509	40.7251217207	-74.0032222436
1013450	40.7252340125	-73.9910146375
525816	40.72515231	-73.99071013
58340	40.7249225333	-73.9903856167
535067	40.72653996	-73.98947864
169855	40.7272084374	-73.9889583686
555923	40.7273778357	-73.9886754665
434253	40.7272659099	-73.9886195555
724626	40.7291885	-73.98764532
1020572	40.7292036901	-73.9875346558
266220	40.7308866826	-73.9856610618
1216101	40.741640183	-73.9860087
1028193	40.7438366333	-73.9767964167
23207	40.7525295532	-73.9732598805
951039	40.76502536	-73.95818467
297569	40.7437942911	-73.985645771
111741	40.7466104846	-73.9908241466
784218	40.7232614465	-74.0028151035
22124	40.7248302333	-74.0051622333
693600	40.7251423	-74.00581783
297531	40.7228279	-74.0079300667
1095250	40.7227097167	-74.0068481167
798460	40.7228843772	-74.0061700344
833339	40.7218236667	-74.0061164667
419910	40.7237077624	-74.0060836992
574542	40.7254312	-74.00600212
968857	40.73706716	-74.00086313
450651	40.7354796152	-73.994668431
178995	40.74956303	-73.97384393
345352	40.7539759241	-73.9921707475
947615	40.7560712325	-73.990350137
448516	40.7572294253	-73.9907848835
365244	40.755699035	-73.9802207889
149342	40.7454492855	-73.9717285918
650823	40.7510120509	-73.9906346798
896137	40.75197985	-73.91302375
985848	40.7449967167	-73.9359544833
95866	40.7450790389	-73.9902622933
341341	40.7347059524	-73.9989924431
627655	40.7340799657	-73.9990675449
608176	40.72167225	-74.0050226167
17927	40.7137590667	-74.0092444
377371	40.7131426019	-74.0071570873
1005225	40.7102304697	-74.0016371012
335564	40.7412744333	-73.9752609833
583835	40.7427407333	-73.9809008
942222	40.7423714668	-73.9829129437
462132	40.74367195	-73.98486834
641426	40.7440192	-73.9764793333
615156	40.7209381516	-74.0037899599
162595	40.72569447	-74.01059663
824397	40.72869956	-74.00549882
916752	40.7301618333	-74.0058531167
897519	40.74524462	-73.98111748
246839	40.7532715039	-73.9753568172
1069060	40.7499554458	-73.9666879177
1069169	40.7492483238	-73.9673960209
879201	40.93811075	-73.74632035
1015940	40.72871685	-74.00023913
254273	40.7244369826	-73.9997354494
934417	40.7257086333	-73.9995094667
1059294	40.724523	-73.997601
262570	40.9337725833	-73.7590698167
5842539	40.7299135	-73.9974125
334629	40.72949981	-73.99341732
740209	40.72680252	-73.9929471
5017189	40.721459539	-74.003288679
2717426	40.734732	-73.991324
1388699	40.6959193833	-73.99650525
689477	40.69399249	-73.99357098
319969	40.68269294	-73.99399632
1300766	40.7271835596	-74.0017148852
4486586	40.72825247	-74.00219637
2436072	40.742489936	-73.989906146
3732981	40.75358745	-73.98455305
3714696	40.75307387	-73.98694771
1392173	40.734672563	-73.992485046
3412706	40.756149	-73.972321
89986	40.7044892788	-73.9901518822
228233	40.7267953234	-74.0001404285
661390	40.6992981	-73.9932563
1050397	40.6939542969	-73.9923748519
961847	40.69474565	-73.99427825
209172	40.697713853	-73.9931237698
1291459	40.7258238	-74.000668717
472609	40.7276832488	-74.0001829545
1508759	40.7632901	-73.9960931833
102381	40.72699115	-73.9853966667
339070	40.7407908252	-74.0016825569
863051	40.7292892295	-73.9889501151
3290208	40.72435611	-73.99781727
535118	40.7289063333	-74.0009966
3271087	40.745355233	-73.990489617
520213	40.734331987	-73.9988529682
316442	40.7380445006	-74.0039215737
1222464	40.714302467	-74.002344
45307	40.7143461705	-74.0014815331
1046122	40.7212956333	-73.9966215
171118	40.7148422296	-74.015032053
2152534	40.7129311619	-74.0085089207
650490	40.7791359553	-73.9601755142
298556	40.76329702	-73.96927678
1404088	40.756021843	-73.968993948
140200	40.7268676758	-73.9995880127
2326563	40.73017657	-73.995007195
2016724	40.732087117	-73.998661217
776654	40.7304458744	-73.9954948425
1301734	40.72437055	-74.000087017
518930	40.7302195833	-74.0032144667
792722	40.7298324524	-74.0041992345
771204	40.72565639	-73.99653601
494084	40.7303344	-73.99862903
471889	40.73073172	-73.99868053
569001	40.73066741	-73.99894946
467228	40.73204308	-74.00119173
463395	40.72964315	-73.9942640667
1598085	40.729551702	-73.995189958
818753	40.7291531632	-73.9965999126
1859860	40.729443915	-73.9959929
47986	40.7293857419	-73.9956065283
157073	40.7286843118	-73.9946756468
1081108	40.7291612935	-73.9892238379
360080	40.73453715	-74.0005862833
226280	40.72180116	-73.99338418
1045576	40.7159644481	-73.987019062
264418	40.7163405497	-73.9884875715
2626455	40.730777133	-73.993629967
2614974	40.72558653	-74.00403743
1566686	40.7174302158	-73.989636898
107037	40.7561464704	-73.9703445018
661069	40.76468425	-73.98225331
44810	40.7644839333	-73.9809034667
1100920	40.76308453	-73.97701728
218064	40.7663583	-73.9833973667
236222	40.6569864	-74.0536895667
752716	40.764401	-73.980899
307164	40.7526700743	-73.9773309231
246605	40.7681524635	-73.9821344554
573173	40.7648949182	-73.9829080782
285009	40.7208950559	-73.9954394775
5106351	40.737400627	-74.005101793
1885367	40.75007	-73.991198
1166365	40.7686955018	-73.9826631546
351745	40.78529065	-73.97359067
215586	40.76876199	-73.98448091
492352	40.7261750184	-73.9839304587
196209	40.7300437807	-73.9832289108
434764	40.7221597176	-73.987500038
46824	40.703027293	-73.9875340462
114388	40.720726245	-73.9815364624
281167	40.7267955317	-73.9944046792
156420	40.7192834667	-73.9616139333
89969	40.7047983454	-73.9873731136
28796	40.7028544553	-73.9867830276
616690	40.85552185	-74.0640588667
5112578	40.7438999621	-73.9837896824
322879	40.7631211716	-73.9832210541
575445	40.8267287	-74.1256612
194299	40.73794412	-73.98956787
865903	40.7614634089	-74.0757036209
1599598	40.76405791	-73.98267843
4605594	40.763683824	-73.983377544
285752	40.7645791	-73.9825911
1454685	40.81710198	-74.209966287
1127145	40.8158648333	-74.2212092
1256932	40.71747295	-73.949093467
1041670	40.7402561167	-73.9898392167
179992	40.7582579974	-73.9842880303
2680848	40.807512434	-74.209986323
1068775	40.836820827	-74.2073563012
866484	40.8124664833	-74.2145424667
214778	40.7400361333	-73.986212
590367	40.8250960087	-74.139056146
431570	40.7556893	-73.9794234
61304	40.8310619569	-74.2060375214
1533961	40.842403533	-74.207520283
993546	40.8175218	-74.2117693
744937	40.8532577	-74.1736258333
1497862	40.71718572	-74.009333687
617202	40.75775617	-73.98151034
1171762	40.7406565971	-74.0078866482
886738	40.8174866438	-74.2116701603
73649	40.8179822312	-74.2230660215
1156169	40.8019753258	-74.2040553689
1122712	40.8287710333	-74.18588905
568794	40.8420607638	-74.209433198
252193	40.7654429064	-73.9872192624
441336	40.7580420509	-73.979970359
286489	40.8080355	-74.20862005
55648	40.8232646333	-74.21947325
31228	40.8210009167	-74.2098780333
685778	40.7629304203	-73.9842597808
970371	40.8139757833	-74.2181103667
913700	40.8072496456	-74.2099897703
60804	40.8245945833	-74.1359541833
293430	40.67531734	-74.17173999
801356	40.7482698748	-73.9862605543
37048	40.7685329915	-73.9828884602
223336	40.7216335218	-73.9976287357
481299	40.7203704073	-74.0014137436
379073	40.757734	-73.9925725833
65920	40.6737359167	-73.9917195167
47375	40.7586289363	-73.9818377155
30633	40.836986211	-74.0918503882
38619	40.8027917692	-74.0754468034
390254	40.814803645	-74.2190149415
784525	40.73694428	-73.99302824
186507	40.7406454394	-73.998123174
357695	40.661759223	-73.8245201111
158083	40.7359083475	-74.0007704906
360891	40.81320655	-74.21634825
3683814	40.740219625	-73.993867279
407347	40.7390684727	-73.990817525
383730	40.7303048814	-73.9804879135
43743	40.7118600667	-73.95162425
126350	40.74741762	-73.98979276
427366	40.7372104	-73.9914204667
405887	40.77643424	-73.94772994
5352557	40.813244815	-74.075964565
377979	40.7600054	-73.9745953
14920	40.7755948941	-73.9534592443
324197	40.74150555	-73.9894854167
665685	40.7419933667	-73.9894196833
549495	40.7742753635	-73.9643948607
4064289	40.8118234333	-74.0738357
3451651	40.76060479	-73.972697875
825148	40.7745667735	-73.9481873048
993586	40.7743872833	-73.9481801667
575512	40.7760324276	-73.9468181133
637482	40.7754870882	-73.9475021016
377205	40.77597995	-73.94741645
452650	40.7763817848	-73.8727998734
1041156	40.7601249062	-73.9748313174
1093355	40.7381913832	-73.9892662105
1424112	40.73766475	-73.98830783
383601	40.77739179	-73.94671142
932578	40.7765203667	-73.9489791833
787166	40.7752854027	-73.9514185018
366678	40.73249775	-73.98577177
916978	40.7331496016	-73.9863483275
797650	40.7339672986	-73.9889001733
187890	40.73634123	-73.99344289
415205	40.73753145	-73.9967172167
705164	40.73797249	-73.99814856
534898	40.7385152026	-73.999738323
1088838	40.73972779	-74.00251346
424497	40.76059412	-73.97371596
763539	40.7648546667	-73.9978533333
999249	40.7618181667	-74.0015785667
27867	40.760423223	-74.0033483505
30493	40.7608867614	-73.9995997772
172170	40.7617715234	-74.0010717691
999216	40.76003535	-74.00302065
952995	40.75976634	-73.97237497
987889	40.75976634	-73.97237497
246725	40.7637793333	-73.97039365
269311	40.76397795	-73.97096645
992602	40.7676453946	-73.9682087815
784602	40.7594455667	-73.97222185
897992	40.74090158	-74.00544345
862312	40.74098128	-74.00544589
1008325	40.72764505	-73.9910515833
759957	40.7315515697	-73.9887356758
347017	40.7401142318	-73.9895931564
360925	40.74024218	-73.99005997
114014	40.7403744231	-73.9907614617
333846	40.7401852966	-73.9905636326
490465	40.7408029	-73.9898433
885802	40.74101048	-74.00537818
102411	40.7473494768	-74.0008061373
979329	40.78159612	-73.95326423
657685	40.70466515	-73.7615420667
818015	40.69744253	-73.75971728
539502	40.703783135	-73.7683817018
486896	40.7004459833	-73.7619706333
560986	40.7645678797	-73.9744489786
578479	40.76371805	-73.9735506833
138102	40.7653421667	-73.9724844333
12531	40.7654858498	-73.9698690176
649683	40.7655507511	-73.9699326139
649665	40.7655507511	-73.9699326139
546321	40.764303	-73.971626
777327	40.7643707083	-73.9714713385
269315	40.7643352667	-73.9720221667
269300	40.7645041	-73.9717427
548647	40.7644944083	-73.9719591151
772409	40.76461986	-73.97173863
269305	40.7648466333	-73.9711901167
728126	40.7668791	-73.9710970333
679634	40.7650240857	-73.9730467801
255447	40.7648294055	-73.9724637535
900051	40.7213263374	-73.9969388541
682807	40.7743799666	-73.963975552
225824	40.7561373833	-73.9755575333
242178	40.7160415649	-73.997215271
892759	40.7612686157	-73.9727249146
114016	40.7614612531	-73.9726201178
336778	40.7371770392	-73.9792712795
419078	40.6409184833	-73.7895226333
395718	40.64208985	-73.78717225
358116	40.6413130667	-73.78947955
1013178	40.7181686833	-74.0000050833
1350750	40.7175176323	-73.9993679523
1161227	40.7175928167	-73.9998793667
1402734	40.707112417	-74.003461533
186458	40.7443470301	-73.9830386639
757967	40.7581801333	-73.9788264667
477813	40.6611645667	-73.8291347333
5688087	40.76328875	-73.99999075
1451272	40.7609238	-73.9986447
1101183	40.76444065	-73.99992442
609654	40.6938903333	-74.25581565
11990	40.6903445667	-74.0462207667
11978	40.6897544833	-74.0433239833
11972	40.6889498167	-74.04364585
1526606	40.689246	-74.044526
720903	40.7030797788	-74.0108184269
296715	40.70459574	-74.00849682
371322	40.7041457833	-74.0057189
2418999	40.705775117	-74.005878833
1223960	40.705882	-74.00271205
1162507	40.7054345333	-74.0006859
924100	40.7249867033	-73.9813427505
202572	40.72262388	-73.98017477
1310505	40.7230725833	-73.9796314333
1476541	40.7286679745	-73.9784950018
396654	40.7250716083	-73.9775776863
750172	40.7265285	-73.977541
484994	40.7532033696	-74.0234008815
383823	40.7535000818	-74.0261098095
27885	40.7614309033	-74.0099143982
38917	40.75859035	-74.0227115167
1042640	40.7597	-74.0227
1514537	40.7526050545	-74.0255570412
306504	40.7599654833	-74.0269288167
491901	40.75872335	-74.02774505
575403	40.7744678093	-74.0374940123
326114	40.7719702333	-74.0293332
306511	40.7700807667	-74.0274139667
1193165	40.77410471	-74.03667098
1193210	40.77410471	-74.03667098
1019131	40.7737665429	-74.0365870932
2623633	40.694834576	-74.159138998
546665	40.69100838	-74.16597181
27112	40.6803510833	-74.1659940667
862046	40.6727898399	-74.1724238997
1039183	40.7284576667	-73.9998484833
1454540	40.76657843	-73.99655646
1011654	40.7665430167	-73.9997906667
999344	40.7666680333	-73.99709665
376217	40.712164824	-74.0153397309
1428741	40.71564036	-74.01666802
1127374	40.75688409	-73.98968881
422329	40.7584126722	-73.9916601601
1205097	40.7566686664	-73.9904737473
12008	40.69856285	-74.03974055
11995	40.6898510333	-74.0472292833
755621	40.7051596333	-74.0184685
875909	40.7149478	-74.01746895
16972	40.7157182167	-74.0169648833
309622	40.71631449	-74.01246619
170718	40.7146423168	-74.0152835515
756624	40.76317256	-73.98557561
109641	40.7393576894	-74.0014029743
189516	40.7364537251	-73.9975721583
48495	40.7564248567	-73.9903342724
46804	40.7020654962	-73.9895939827
759370	40.73251241	-74.00346577
244214	40.7374448651	-74.0085745912
564237	40.740340566	-74.0078133891
20814	40.7458507822	-73.9980053902
297451	40.7372462333	-74.0054466167
462728	40.7420059862	-74.0011382103
1242959	40.74248784	-74.00263249
1264770	40.7423636511	-73.9878344536
1264740	40.7422010764	-73.9879953861
794750	40.76242387	-73.95958584
507071	40.76367932	-73.99942159
125335	40.7417418008	-73.9933919907
524394	40.7274883	-74.0003834667
302880	40.6549275333	-73.9443119667
555470	40.75834012	-73.98668444
479992	40.7576247325	-73.986856812
786997	40.7305924333	-73.9895058333
442070	40.7310285333	-73.9890334333
421572	40.7345874879	-73.9898627376
158533	40.7413655818	-74.0051649829
146493	40.6743158492	-73.9818263054
88253	40.6740094316	-73.9823653851
743571	40.6807739333	-74.0044433333
297847	40.736370071	-73.9938023879
528003	40.7408827724	-74.0050172509
258515	40.7411639	-74.00109839
351679	40.72977602	-74.00329804
1176529	40.7282392788	-74.0045454329
932800	40.73966318	-73.99504798
215419	40.7301531873	-74.002532959
1043062	40.7405131538	-74.0056718634
122084	40.7272872244	-73.9953741431
257313	40.7418352819	-73.9902806282
439844	40.73710925	-74.0013501833
26891	40.7256268834	-74.0070882861
663204	40.7373862439	-73.996497084
543255	40.7392599237	-73.6147904714
42503	40.7380593525	-73.6121481657
290944	40.7387729768	-73.6147067547
1365518	40.737844783	-73.61330107
408687	40.74232268	-73.61392474
290923	40.7387729768	-73.6147067547
935742	40.7373409956	-73.61287385
1205029	40.7379467	-73.6141216
1440783	40.738477421	-73.613438186
1440899	40.738938931	-73.612975783
542883	40.7404111333	-73.6128310333
583040	40.7299909167	-74.0005728
732898	40.73111283	-74.00404226
1171660	40.728334	-74.000384
1114364	40.7551999809	-73.9797857905
76853	40.7543609833	-73.9796990667
677136	40.7493133468	-73.984143734
72267	40.7498985512	-73.9902162552
1464692	40.778777762	-73.955993115
5845686	40.764871748	-73.961291577
1903963	40.776251689	-73.955940897
883779	40.7747045218	-73.9541492161
1363972	40.7729405165	-73.9545482397
1435518	40.766961781	-73.957981757
1459918	40.7759	-73.952940433
904257	40.7956079462	-73.932688492
4655559	40.776388923	-73.952694596
127894	40.7696049833	-73.9814304833
772613	40.7686467487	-73.983027935
446289	40.7677173333	-73.98246965
3196367	40.765937954	-73.981943708
5548485	40.764532551	-73.982260957
163605	40.7638791	-73.9827103667
4703908	40.761209648	-73.983753558
623884	40.7608968918	-73.9836255702
341142	40.75928568	-73.98158001
5546081	40.758247774	-73.982385243
1288853	40.756854304	-73.982283984
818620	40.7793472	-73.9551986
218702	40.7802577391	-73.9552235549
461221	40.7800864832	-73.955411911
173461	40.762002652	-73.9738814511
106026	40.7611109945	-73.973568069
179832	40.7574465167	-73.9898011833
5306913	40.760576922	-73.987180851
65421	40.7606145667	-73.98726565
5301117	40.770945658	-73.953492771
5300207	40.771990048	-73.955929173
302904	40.777188143	-73.9524748921
1490090	40.755879766	-73.970743462
900010	40.7600543	-73.978676
274356	40.7650160126	-73.9745884449
1580648	40.76322287	-73.97192436
902793	40.74939235	-73.9822528667
1502975	40.758162	-73.9820025
1331082	40.7637306328	-73.9773952961
69725	40.7547944333	-73.9773726167
3455959	40.761979188	-73.983812958
466873	40.76158124	-73.98389953
1518660	40.779878368	-73.955384595
847760	40.7553884489	-73.9789647329
164496	40.76272863	-73.9788928
1450287	40.761941257	-73.979137783
3734497	40.75719547	-73.976052038
127109	40.77047855	-73.98058255
1456004	40.761366545	-73.969706145
3132328	40.752689963	-73.973115916
199418	40.7553442833	-73.9798712833
1438099	40.754862053	-73.968760005
662065	40.774139526	-73.9545523702
660995	40.7710150675	-73.9568274029
1346249	40.765966773	-73.9827758074
1157566	40.7658904828	-73.9826972307
338407	40.7530845736	-73.9750027657
178335	40.751816685	-73.9776098728
1364866	40.78081542	-73.95857095
714080	40.7609351915	-73.9673423767
1457886	40.7614634089	-73.967846632
809960	40.7532085952	-73.9746132774
580488	40.7549081787	-73.9733749841
1456954	40.757193187	-73.971643895
1456707	40.758513471	-73.970931234
1456587	40.759549059	-73.970088633
1455784	40.761648288	-73.973065818
1444346	40.807822404	-73.945439581
494192	40.6950376546	-73.9952158928
211115	40.6907018225	-73.995822072
758726	40.728848881	-74.0002308588
857624	40.72866743	-74.00010842
468884	40.80632358	-73.94858074
3453451	40.853731522	-73.843507295
1495613	40.751385483	-73.8439065
3412337	40.731805833	-74.003081936
87900	40.7331125201	-74.0040403605
3412140	40.733266047	-74.004309193
1541442	40.734901	-74.004658
3411936	40.733528264	-74.005144988
3410648	40.734840629	-74.000091993
443877	40.7140615447	-73.9493715763
3361083	40.740952821	-74.005045232
1046028	40.8649510145	-73.7943667173
3308253	40.719859374	-73.984494169
205059	40.7145816862	-73.9910483639
947208	40.7178266384	-73.9936387539
287970	40.7227386833	-73.9865899333
912893	40.8631877833	-73.8803692
1014212	40.8920091391	-73.8203305006
418886	40.8508360298	-73.8501135114
105121	40.7206564175	-73.95154953
3134759	40.725982228	-73.950070262
3027088	40.845549024	-73.845008965
893715	40.7680376333	-73.9895433333
80016	40.7682969947	-73.9854052897
772376	40.7690844833	-73.98544195
668157	40.76984695	-73.9867910667
140488	40.7685491147	-73.9851965484
1124355	40.7687789833	-73.9853386667
328590	40.7702553014	-73.9840805781
90356	40.7704133833	-73.9829824
771291	40.7696786806	-73.9833068848
772412	40.76794685	-73.98508815
772384	40.7690058667	-73.9853048
1413330	40.77046644	-73.99110949
192407	40.7456231895	-73.9033555984
201713	40.74561613	-73.90704399
1385802	40.7485249383	-73.8619637489
486887	40.7340219	-73.87203425
139544	40.7559172833	-73.9235292667
480808	40.7553807429	-73.9252524002
383440	40.7343929598	-73.9900767803
144315	40.6909109686	-73.9916564189
198817	40.6924671015	-73.9912194014
1050091	40.69047635	-73.99213415
608747	40.6471506794	-73.7890442021
1313233	40.79055555	-73.95451445
1351058	40.7886631	-73.955996567
310307	40.7915648613	-73.9645582438
307632	40.7896352	-73.9660722667
437447	40.7912302	-73.9609761
246455	40.78899484	-73.96544688
307625	40.7892988167	-73.9649647333
12088	40.7890605833	-73.9656686667
12095	40.790627	-73.9636731
307619	40.7892988167	-73.9649647333
677548	40.786951003	-73.9689517021
12092	40.7892858833	-73.96182775
12091	40.7890176667	-73.9612483833
12086	40.78849195	-73.9662051167
12090	40.7889640167	-73.9621496167
12081	40.7877302167	-73.9674711167
1533787	40.786325508	-73.9670419693
165658	40.7832873061	-73.958029747
385571	40.78599393	-73.96268928
961948	40.77629017	-73.96200942
577124	40.77695455	-73.9615143333
94429	40.7762282991	-73.9625722882
335829	40.7773759667	-73.961463892
642040	40.7765559167	-73.9624142
118916	40.7777542333	-73.9617089333
429847	40.7818905333	-73.9787370167
376258	40.77971845	-73.97844344
191125	40.7794921205	-73.9756751039
67586	40.7836122541	-73.9744287729
318378	40.78198128	-73.97538876
387880	40.78201621	-73.97534984
1062994	40.7831167078	-73.973736763
1051348	40.7826309333	-73.9748132333
923691	40.7828990432	-73.9736481923
1063006	40.7825480434	-73.9724814892
1408560	40.782778	-73.972486
473273	40.7808312167	-73.9739829
1568944	40.781256345	-73.9736509323
473413	40.77983395	-73.9735986167
1306374	40.7653070798	-73.9764082432
142898	40.7665381452	-73.9784520864
1349860	40.76768624	-73.97165232
792131	40.7664303526	-73.9790060933
1242084	40.77374965	-73.977273767
307729	40.7730087333	-73.9766592167
396990	40.77504628	-73.97697889
1357765	40.778489002	-73.975076075
485953	40.77503973	-73.9673013
759620	40.77458792	-73.96810585
1426458	40.776372183	-73.9755162
662443	40.7774384	-73.9737187
1020512	40.7748225167	-73.9732930833
1020472	40.7747952167	-73.9728536
1054987	40.775091	-73.972597
1425765	40.77670917	-73.973366884
1077546	40.78232625	-73.9741364667
1426499	40.77755605	-73.97365105
350233	40.7781365167	-73.9730893167
440510	40.7844977294	-73.96961689
429680	40.7777953	-73.97297225
269457	40.7770750333	-73.96337455
1517134	40.78369225	-73.9709365
737520	40.776396	-73.967068
946985	40.7820362414	-73.9717948437
1030153	40.7845910167	-73.96659025
353541	40.7768183833	-73.9672218667
753374	40.7768563667	-73.9670611
440561	40.7819225071	-73.9715266228
1518451	40.78115314	-73.97176271
1346518	40.781344983	-73.9634476
756568	40.7831684833	-73.97001205
941946	40.7812778	-73.97136085
324571	40.77875244	-73.9708122
1368114	40.77947759	-73.96537184
1503692	40.7803495167	-73.9685414333
1261717	40.777392783	-73.970793433
307746	40.7737784833	-73.9764321333
762761	40.7736677833	-73.9759853167
1291035	40.7735883	-73.975135983
1444793	40.77317685	-73.9742165833
1085976	40.7656605564	-73.9760541916
441191	40.7669809981	-73.9790260792
267232	40.76214784	-73.97434902
23742	40.7631822167	-73.9733152167
3455144	40.759681	-73.984476
207321	40.7637992833	-73.9976328833
1088606	40.74091231	-74.0054059
1712140	40.74982619	-73.98805379
328905	40.6887805321	-74.1837641971
260595	40.6947448667	-74.1758124833
475379	40.7299877187	-73.9836111058
68488	40.7273483201	-73.9884914622
584447	40.7268761837	-73.988940315
806649	40.72312843	-73.98897713
314835	40.7680846333	-73.9812400667
1751625	40.761645554	-73.984234404
170470	40.7640156505	-73.9840887103
1020773	40.758176	-73.982072
2429019	40.75587296	-73.97517156
1599196	40.75616872	-73.97698575
1067904	40.7584420317	-73.9807297352
676993	40.76468425	-73.98225331
577299	40.76100455	-73.9820598667
2188394	40.7571168429	-73.9751123286
1445781	40.760198553	-73.9679555
4839922	40.7637793895	-73.9794015884
1041477	40.7601898656	-73.9775197763
948875	40.7594155273	-73.9753139019
573485	40.7611840478	-73.9772925988
904742	40.76047402	-73.97546303
1403550	40.7611139733	-73.9750564098
169787	40.76220703	-73.97433829
1456601	40.76231688	-73.97440153
949261	40.8091093485	-73.9607558319
422419	40.8090142056	-73.9605081081
939784	40.8090232275	-73.9604021356
949642	40.8106246503	-73.9601305546
411619	40.809420233	-73.9602077007
551436	40.8103858911	-73.9596710509
1060919	40.8061773333	-73.96765425
1060928	40.8068665167	-73.9672424
1224206	40.80344175	-73.96304705
923789	40.8085283	-73.9473737833
346294	40.8061557024	-73.9649122953
475224	40.8082444161	-73.9490751381
452716	40.8041325467	-73.9586547017
422287	40.8072713048	-73.9625278115
608352	40.8078265833	-73.9621718333
422273	40.80804379	-73.9619886875
608342	40.8074914167	-73.9605807167
780450	40.8082169294	-73.9528155327
935122	40.8049334923	-73.9676642418
800264	40.8180459333	-73.9579899167
455855	40.8109671746	-73.9464640617
717761	40.80217581	-73.95967692
499432	40.81434977	-73.94919854
100537	40.8040866833	-73.9629743833
455828	40.809237521	-73.9474618435
368731	40.8070226052	-73.9651536942
4888618	40.807457783	-73.9647053
219095	40.8048374	-73.9619478
1095195	40.8137261868	-73.9622837305
35586	40.8128448	-73.96320915
35581	40.812048	-73.9634756
2500319	40.8050796714	-73.9603149891
348547	40.8125080709	-73.9518907223
1303328	40.8142361111	-73.9560416667
1019777	40.8103763	-73.9626658
422373	40.8079422813	-73.9610981941
874691	40.8066962535	-73.9569066717
525570	40.8110199568	-73.9582228661
1095917	40.811174	-73.957193
631198	40.809962201	-73.9587802013
977870	40.8086570312	-73.9536659029
1160251	40.8117616179	-73.9582768324
1001084	40.81036758	-73.95811784
953541	40.80977863	-73.95701557
3400144	40.7603180408	-73.9775508642
81821	40.7630970249	-73.9781291232
721244	40.75950324	-73.97526234
380653	40.75980293	-73.97609186
1321814	40.75969588	-73.97403818
934205	40.7596802833	-73.9745377833
1276497	40.76048249	-73.97611403
687047	40.76035845	-73.97527563
679594	40.7603664833	-73.9744142333
210060	40.760661835	-73.9755022547
1027156	40.7606858802	-73.9738303742
37819	40.7665252686	-73.9829705584
640614	40.7666559529	-73.9829626395
1443337	40.767513648	-73.982745784
889701	40.764401	-73.980899
381431	40.7654247601	-73.9820431686
932916	40.7663687	-73.9823003
974752	40.7663765604	-73.9822472969
640955	40.7644325495	-73.979498148
1358791	40.76464475	-73.9783844
1067426	40.7650655508	-73.9807641506
1025029	40.7690672667	-73.9789089833
1312813	40.76518106	-73.98061293
947997	40.7649507813	-73.9785952427
975212	40.7651468117	-73.97911676
918367	40.7667417884	-73.9796078977
116584	40.7629967	-73.9730457167
1536520	40.763881156	-73.972660596
36148	40.76307245	-73.9729381833
1365201	40.764705919	-73.974457289
977599	40.764238	-73.973786
3710242	40.760781797	-73.972130021
833055	40.7612927545	-73.9749491215
644463	40.761016456	-73.9731359482
22181	40.7613721833	-73.97242375
208986	40.7621053905	-73.9752709866
23746	40.7617072001	-73.9739084244
951922	40.7625581	-73.97521955
1101530	40.7690473015	-73.9824672598
4677554	40.76263082	-73.98187601
1242840	40.76565659	-73.97230064
1328607	40.7652022	-73.968799
307329	40.7652924333	-73.9684255
562266	40.764834172	-73.9699049183
1471955	40.764494	-73.97131687
4493978	40.76510606	-73.96729678
1144795	40.7640048566	-73.9701753664
1110937	40.7639104516	-73.9695519741
377466	40.7652792736	-73.9661060897
384008	40.7637368108	-73.9698984337
556787	40.7653878708	-73.9657382815
845489	40.7643131502	-73.9672768549
648899	40.76556581	-73.96553856
1596312	40.763698383	-73.97099315
543292	40.7653733087	-73.965695807
1195031	40.76429724	-73.97333812
816260	40.76439297	-73.97355616
246734	40.7635385833	-73.9705668
3684726	40.75998121	-73.97233563
794636	40.76313966	-73.97884613
114090	40.7602233721	-73.9732971119
3306336	40.7635278	-73.978967
377141	40.76335865	-73.97842699
502126	40.7642441775	-73.9789729325
1015160	40.7629098904	-73.9775025845
1051286	40.7611526331	-73.9693327018
292657	40.76213415	-73.9747786833
703333	40.76234519	-73.97444111
1338450	40.761711609	-73.971397331
874058	40.7668421333	-73.9765461
1191979	40.763912367	-73.966585983
644619	40.76405829	-73.96648794
315093	40.76314502	-73.97015923
864348	40.7632893532	-73.9713941866
553100	40.76333498	-73.9689756
848511	40.7640379842	-73.9668901464
809030	40.7640057963	-73.9670025362
3684511	40.7638931549	-73.9731252193
1109374	40.76439881	-73.96645361
1433560	40.763605742	-73.971770659
951887	40.763801222	-73.9702207992
1253261	40.764079211	-73.96835163
182358	40.7640415	-73.9809984333
44799	40.7651907833	-73.97552305
194747	40.7603648333	-73.97748965
222629	40.76547955	-73.97606335
208382	40.7640796667	-73.9710511
269307	40.7640999833	-73.9706458333
1045682	40.7643180333	-73.9711424833
12989	40.7646407511	-73.9708614349
1549092	40.759882325	-73.9702969
1042657	40.7637177166	-73.9793321178
790617	40.7654117667	-73.9803376167
889506	40.76422882	-73.9792999
1524007	40.764913056	-73.979107388
1238205	40.76621437	-73.97959941
413772	40.762606043	-73.9765791268
487182	40.7650132267	-73.9787559589
860286	40.76125842	-73.96953672
825825	40.7644701049	-73.9778137207
1131691	40.76317	-73.976102
196840	40.76222628	-73.97418069
1053765	40.7643644665	-73.977202177
934771	40.7708893519	-73.9817619324
776043	40.7632118551	-73.9806572101
649274	40.7693793587	-73.9822053079
1456477	40.758930905	-73.971433974
2387893	40.759041	-73.969853
2387407	40.76866805	-73.98195689
1414048	40.76788902	-73.98195624
1069332	40.7608864328	-73.9769983292
657769	40.7597341962	-73.96858437
904560	40.76055651	-73.97511881
904698	40.76055651	-73.97511881
372216	40.76335865	-73.97842699
912200	40.7643254	-73.9791078
279754	40.7607970469	-73.9725809628
1310313	40.7713775	-73.98205149
1030890	40.7703124576	-73.982437849
1457577	40.75869041	-73.97032773
39876	40.7694097137	-73.9820463614
987780	40.768239284	-73.9821557951
1098957	40.76196366	-73.97912365
1507692	40.768993769	-73.981874554
464161	40.765940701	-73.9810739506
904746	40.76055651	-73.97511881
1289728	40.76251745	-73.977835167
731392	40.7648663952	-73.9781552313
584817	40.7637136	-73.9761729
1174893	40.7636948638	-73.9755552506
1087945	40.7659591817	-73.9766389132
1216946	40.763744089	-73.97629474
3466679	40.762118451	-73.96922121
714917	40.7622110325	-73.9687478542
492564	40.7652962282	-73.9769515923
155808	40.7623735583	-73.9686083794
1389187	40.764930325	-73.976611016
597705	40.7646998	-73.9755440833
441161	40.7658433883	-73.9763438702
681476	40.76294755	-73.97035473
1414065	40.76299029	-73.96984958
1183528	40.763558134	-73.97234038
1570343	40.764893583	-73.977330483
287593	40.7628204167	-73.9732402167
1065295	40.7632845	-73.97193515
429438	40.76308119	-73.97074079
1478677	40.76363035	-73.9717891167
3105954	40.764829	-73.965502
297122	40.76464521	-73.96845185
1109930	40.7662034546	-73.9632596024
932976	40.76755725	-73.9626425333
913936	40.7659932333	-73.9693469667
976625	40.7668187	-73.96477428
1575349	40.76626908	-73.96859794
12574	40.7664121957	-73.9694988728
1242427	40.76752406	-73.96441417
23777	40.7618302167	-73.9663498333
1337616	40.76209348	-73.9702506
1364485	40.76279825	-73.971912721
706431	40.7649334333	-73.9762564333
197507	40.762747366	-73.9715480804
23751	40.7630044833	-73.9675527167
772746	40.76557665	-73.9658265833
616751	40.7655921333	-73.9657768
307590	40.7655313833	-73.9697675833
1217172	40.76939635	-73.960868933
1037582	40.76583689	-73.96554118
1006464	40.7681304167	-73.97406825
1074428	40.7661181	-73.96783137
1110837	40.7692947	-73.9735831
3613225	40.76661467	-73.96798872
1491226	40.76809853	-73.972189
891070	40.7526213095	-73.9772772789
538713	40.76736348	-73.97072952
646214	40.76705724	-73.96895015
1109727	40.7671338707	-73.9680746777
2624517	40.767764	-73.970721
266025	40.76765978	-73.97023785
240947	40.76765978	-73.97023785
955639	40.7630996704	-73.9613952637
1096678	40.7712073361	-73.9799212634
1060685	40.764303	-73.971657
180238	40.7643335023	-73.9691036162
977508	40.764502609	-73.9691126347
757981	40.7713362384	-73.9804852009
1594535	40.76253932	-73.96275848
2954586	40.764733382	-73.959256805
23715	40.76248225	-73.9695874833
731816	40.7625510205	-73.9682571505
915132	40.76485555	-73.97461925
1603314	40.763439	-73.970822
874030	40.7660885167	-73.9761361
810156	40.76819175	-73.97475689
2431981	40.76307195	-73.96975553
1227801	40.763022354	-73.968842226
813842	40.76439297	-73.97355616
3392982	40.764310206	-73.963309023
383754	40.7636769598	-73.9693594403
380374	40.76918476	-73.97736322
1176155	40.7642058459	-73.9712948096
3594874	40.764805	-73.965484
1124216	40.7652989539	-73.968629837
857859	40.7672854	-73.95923614
554309	40.7675464547	-73.9673649301
625341	40.7785506036	-73.9771154114
1278990	40.765435243	-73.971637586
4509002	40.7663355167	-73.96002045
555501	40.77174556	-73.95912426
62192	40.7715911815	-73.959289528
410811	40.77154028	-73.9596824
1055486	40.7690328699	-73.9631374602
1171671	40.7692300646	-73.9630257518
1241090	40.769371213	-73.962969261
4068033	40.769831141	-73.962788717
1242241	40.769896967	-73.966416117
3566548	40.768466581	-73.955801154
469029	40.7664525695	-73.9684581393
3584206	40.774423072	-73.974069245
1330473	40.76900905	-73.96170222
1515999	40.76963895	-73.96189451
169198	40.7687879159	-73.9675920879
565872	40.7691781167	-73.9675990333
413373	40.7692752164	-73.9656245813
534647	40.7664596034	-73.968472967
1145817	40.7663953	-73.9639835
1430719	40.765927833	-73.9693214
1363369	40.76520216	-73.96879875
374381	40.7760943531	-73.9775913363
870425	40.76464146	-73.96869599
417359	40.7646954744	-73.9628819629
1428441	40.76438748	-73.96652793
738199	40.767548	-73.975619
1050888	40.7677166167	-73.9614305667
1414870	40.77618875	-73.97703776
892712	40.7761380474	-73.9759898186
420906	40.76847398	-73.96899026
1184262	40.7691921263	-73.9635046892
1232126	40.77051615	-73.9602460333
112713	40.76982488	-73.9628958451
3471289	40.770094539	-73.966075248
403299	40.7715810219	-73.9588432269
663151	40.7726443798	-73.9579036832
241322	40.7715435	-73.95979106
230704	40.77154719	-73.95978707
107016	40.7736215667	-73.95757585
1185675	40.7706212185	-73.9661622047
607410	40.7743477333	-73.95729605
1521484	40.77095586	-73.96191734
607407	40.7741888167	-73.95767685
1193027	40.77108228	-73.96396195
1566827	40.772016731	-73.962765455
2305994	40.771039	-73.953682
3470771	40.76952297	-73.95544227
733563	40.7722791267	-73.9556989575
993348	40.7710112124	-73.9575576568
1051013	40.77079397	-73.9659518
1440741	40.7742173	-73.95737779
1391838	40.773645971	-73.9575939904
2105525	40.773734	-73.95767
1320283	40.77326583	-73.95807033
1101605	40.77365088	-73.95780199
1115741	40.77370721	-73.9577853
930987	40.77400594	-73.95760661
501509	40.7746437167	-73.9574092333
1232823	40.77082085	-73.96576702
1246993	40.77127391	-73.96406519
59697	40.7748456363	-73.9587569346
1048320	40.7747787004	-73.9588964363
4231727	40.773602185	-73.95981454
1013684	40.7737454775	-73.9597831193
2754044	40.773617329	-73.959970681
776728	40.77436125	-73.95938128
1285588	40.77414876	-73.95954686
756409	40.774497237	-73.9594738277
46986	40.7727341538	-73.9648032526
3355234	40.773056233	-73.964475333
915050	40.7734875207	-73.9641932275
437422	40.7740648222	-73.96409327
422041	40.7744246259	-73.9637125946
12930	40.7751667333	-73.9624285667
371208	40.77506047	-73.96291303
872639	40.7756043147	-73.9632931832
936462	40.767484	-73.969349
1049436	40.7686578796	-73.9642333389
3025928	40.76920932	-73.97085136
1091255	40.7678042059	-73.9641723928
857882	40.769693	-73.957451
3456655	40.76959212	-73.968173083
1554053	40.76967758	-73.96056342
1444101	40.76984	-73.96613
4556335	40.771211755	-73.962435913
756447	40.7730517641	-73.9621772303
2892576	40.7732623816	-73.9603149891
1144103	40.77383416	-73.95962762
565909	40.7736094455	-73.9641310695
607414	40.7749419667	-73.9574448833
3471165	40.77389325	-73.9596859
32878	40.773762616	-73.9604297847
305172	40.7756875833	-73.9567485833
1035267	40.774179697	-73.9593440294
102345	40.7741050333	-73.95971285
369258	40.77463293	-73.95935887
1542704	40.774792983	-73.964309617
810776	40.7749030975	-73.9632761478
399537	40.7710340604	-73.9580029179
570343	40.77366131	-73.9577409
2892968	40.7739007473	-73.9599502087
880894	40.7743286683	-73.9636780616
1109460	40.7745829926	-73.9633648414
224509	40.7755598494	-73.9623525512
4433253	40.77042	-73.960747
577034	40.77050925	-73.9667820167
1205473	40.7722270333	-73.9557388167
1433752	40.77070505	-73.96251766
931121	40.7707906701	-73.9631199289
188593	40.7728047184	-73.95570286
844162	40.775222	-73.9595007
2796008	40.776934838	-73.955514018
2555055	40.77881419	-73.95372074
12931	40.77579975	-73.9621067
4420687	40.7765788052	-73.9621844888
12933	40.7766902333	-73.9615273333
25632	40.77270115	-73.9551720333
405726	40.7763005391	-73.9504230022
1050753	40.7729198335	-73.9556091144
75782	40.7744576212	-73.954251312
812290	40.77416288	-73.96365505
880867	40.7743286683	-73.9636780616
267380	40.77617155	-73.9621952167
4420381	40.7761908573	-73.9623454213
784681	40.7787381167	-73.9550533333
1479910	40.778908333	-73.955012833
603009	40.7778181833	-73.9563569833
103325	40.7777626167	-73.9565675
510215	40.77822785	-73.95616115
794119	40.77888822	-73.95611852
889969	40.77871763	-73.96029633
299389	40.7751051261	-73.9531404848
3718113	40.774870533	-73.952902083
729373	40.77447807	-73.9633044
561048	40.7759722655	-73.95086937
1887617	40.775136412	-73.952169772
942146	40.7727768667	-73.9584206667
321584	40.77449035	-73.95395839
4418392	40.7741474919	-73.9635229111
1084407	40.77865487	-73.94852185
360373	40.7854219	-73.96972155
1513599	40.778706	-73.954234
1256203	40.77875441	-73.95428431
1170693	40.7789867125	-73.9542404321
3176803	40.784628393	-73.966247935
3176854	40.784628393	-73.966247935
1020015	40.778855686	-73.9552627067
1321458	40.7782752429	-73.9585895629
570297	40.77901613	-73.95594453
345204	40.7793471849	-73.9552617073
624562	40.7785751175	-73.9481378967
203593	40.7792578709	-73.9477540812
822041	40.779088	-73.947925
337120	40.7749355965	-73.9547467232
641120	40.77536398	-73.95352786
191930	40.7754677162	-73.9535588295
760511	40.775428917	-73.9538636677
459204	40.7763817848	-73.9526224136
310414	40.7756468	-73.95459401
410052	40.776341162	-73.9528691769
120265	40.7761630743	-73.953415031
112001	40.7767747333	-73.9522927333
627158	40.7770530167	-73.9518607833
588384	40.7771327167	-73.9520603
513279	40.7769247735	-73.9524469921
422506	40.7765401	-73.95551401
565995	40.7770250667	-73.9543106333
238748	40.776887485	-73.9553099301
1236508	40.779230233	-73.95555985
1380270	40.779468231	-73.955678148
986278	40.7798501	-73.9558430667
987405	40.781207	-73.95385
128630	40.7801053833	-73.9558839333
324276	40.7797633607	-73.959597073
318996	40.7802667167	-73.9594958333
354881	40.78033725	-73.9588809167
4489750	40.7704018359	-73.9685440063
4490870	40.7794690478	-73.9556694031
758753	40.7770348409	-73.9533657628
1117259	40.7771211556	-73.9536044281
626829	40.7752126667	-73.9586506167
982213	40.7757179977	-73.9584681858
874516	40.7771462202	-73.96058321
754573	40.7756154333	-73.9541134167
505176	40.7843014	-73.9703051833
718458	40.7869172167	-73.9695572833
1398942	40.775924567	-73.95432175
417036	40.7778463881	-73.9513769349
103415	40.7766025209	-73.9606262818
67126	40.7778061106	-73.9513871732
854275	40.7788493833	-73.95488925
201037	40.7793959301	-73.9549988508
2834993	40.779571438	-73.955006992
3841750	40.7795125667	-73.9560290667
285664	40.7795987	-73.9553856
3841256	40.7802757167	-73.9526674667
732379	40.7796844162	-73.9553038201
1513640	40.779812336	-73.9557230473
439059	40.7797849833	-73.9567575333
602986	40.7798744367	-73.9564965622
834288	40.7783479	-73.95075803
749307	40.7788	-73.950312
618799	40.7803429189	-73.9485458666
746547	40.7793847132	-73.95069389
123162	40.7794163876	-73.9506550225
1310680	40.779794684	-73.949979976
511309	40.7798036226	-73.9503640977
689491	40.7799455749	-73.9502016083
232729	40.77856351	-73.9563530275
191412	40.7829515007	-73.9511302388
925527	40.7830555556	-73.9511111111
1116322	40.7826847	-73.9517270833
337011	40.78163975	-73.95380222
131150	40.7822464833	-73.9534010833
130781	40.7823594167	-73.953729
966104	40.7826211067	-73.9533308423
438298	40.78222811	-73.95446521
1512681	40.778121086	-73.952580891
310009	40.7795168922	-73.9495471535
860289	40.7794037333	-73.9591078333
4177521	40.778761083	-73.964434683
1287196	40.77814918	-73.95201832
3616004	40.780427695	-73.948223591
2379489	40.778032	-73.954146
518445	40.7915469223	-73.9666082275
815102	40.7797818283	-73.95606637
171211	40.7816573	-73.94814755
889671	40.7800097059	-73.9546205342
1307195	40.7812982798	-73.9590167999
1122761	40.780074979	-73.9545211653
490081	40.7804692195	-73.9579199767
1110740	40.7803431664	-73.9551732217
1364874	40.78081542	-73.95857095
350722	40.7821190357	-73.9510184526
1069921	40.7798854	-73.9505182667
748653	40.7805099487	-73.9493865967
1475193	40.780971157	-73.9496519
487235	40.7805514575	-73.952777195
889653	40.7826896	-73.9532702167
130775	40.7829992167	-73.9527956167
1522903	40.783699333	-73.958562
1410115	40.783501331	-73.957030033
1291751	40.77974011	-73.950490083
3456543	40.782191	-73.946185
1201274	40.792429433	-73.9665699
335438	40.7883075756	-73.9675140381
3765575	40.779697	-73.955994
1101940	40.782451958	-73.946766183
1331637	40.780883163	-73.960896562
1464386	40.78210775	-73.9477768625
223057	40.7810187747	-73.949998915
169213	40.780738646	-73.956424861
1095624	40.7810624436	-73.9532124394
525754	40.7908165446	-73.965318238
320999	40.78410124	-73.9506933114
3017569	40.7852702167	-73.95120155
287344	40.79538685	-73.96514129
198829	40.7808853333	-73.9541727833
2869873	40.7819200833	-73.9488954167
128578	40.7818812	-73.9583058
2869729	40.7822892833	-73.9485003
4421095	40.7815081875	-73.9517211914
4420925	40.7816909759	-73.9514797926
2870134	40.782908	-73.947526
128664	40.7815544833	-73.9536185333
234799	40.7815776294	-73.9543736637
2870926	40.7818533333	-73.9513759333
2871340	40.78189815	-73.9516705
3840931	40.7819505833	-73.9518705167
1145154	40.7834553833	-73.9473127
350618	40.785131365	-73.9451444149
1167891	40.7945052164	-73.9635765553
1907875	40.78939324	-73.96469193
3173829	40.79046763	-73.964615831
291607	40.7842205508	-73.9471612386
3173754	40.790631264	-73.964409697
3173715	40.790483611	-73.964359221
906892	40.7832132833	-73.9507988
661093	40.7833049879	-73.9526246259
2953410	40.78391515	-73.9503709167
235517	40.7849201538	-73.9494252205
4130358	40.7851794833	-73.9493103833
180113	40.7818848566	-73.9488998832
526801	40.783546868	-73.9473728764
239130	40.78468793	-73.9507538
1308795	40.785089	-73.9503
2587808	40.783902688	-73.950252365
1458008	40.784374002	-73.950072761
1426275	40.7837781904	-73.9522933305
441090	40.7841043419	-73.9566778459
237160	40.78468793	-73.9507538
977624	40.78893214	-73.94624286
2416487	40.785650347	-73.950651478
652335	40.7857430707	-73.9504311195
1019328	40.7898087734	-73.9662980354
199631	40.7835743873	-73.9494325179
453767	40.7811625979	-73.9521060764
340014	40.789834702	-73.9661836624
215249	40.7930382618	-73.9655916504
1860620	40.781844883	-73.949692948
2872528	40.782908	-73.947526
1267009	40.7823917667	-73.9570079333
131176	40.78221115	-73.9540398333
609300	40.7865004737	-73.9425065103
1101918	40.7854351168	-73.9479983803
914516	40.79682725	-73.9628952
542946	40.7857081003	-73.9503929955
564974	40.7857380567	-73.950416022
515619	40.78743684	-73.94532233
12946	40.7854235167	-73.95062685
474744	40.7886906685	-73.9486750757
353296	40.79093784	-73.96054309
962837	40.79364699	-73.9621849
211229	40.7892809333	-73.9409301833
908640	40.7971395	-73.9625535
443088	40.7941518933	-73.9627826214
398965	40.7859267073	-73.9509366319
252698	40.79092836	-73.9606558
306997	40.7909547	-73.96019369
2059531	40.815813933	-73.943360483
1778859	40.820482167	-73.936537383
1218223	40.826610665	-73.926311492
352909	40.82392555	-73.94672595
2872972	40.8286446	-73.944045233
166956	40.8272992155	-73.9428967237
456155	40.8295520151	-73.9364594221
76340	40.8254546167	-73.9362271167
175839	40.8301032	-73.9416600667
175802	40.8301032	-73.9416600667
504541	40.8288416812	-73.9410299063
3109066	40.8293527365	-73.9259773493
11721	40.8282423	-73.9258432333
1576972	40.82977669	-73.926198322
153115	40.82951468	-73.92625695
1214684	40.8334565163	-73.9313846827
1576205	40.829583349	-73.926334593
1474278	40.830047067	-73.92663375
1569714	40.826382	-73.931217
1109314	40.8275891333	-73.9310403
1376712	40.828044817	-73.934118
11722	40.8285319667	-73.9273452667
1241631	40.8344876113	-73.9385139942
3425620	40.8413529396	-73.9401715994
4188302	40.848515	-73.932516
461605	40.8425558701	-73.9336967468
316229	40.8516104481	-73.9350162511
1241551	40.8450984333	-73.9366181
763297	40.8509568168	-73.9338029664
1538672	40.8454858499	-73.9285683632
1241468	40.8526601008	-73.9315080643
1036044	40.8553812814	-73.9305613602
376754	40.8536082519	-73.909746892
125066	40.8681328519	-73.9195475093
127546	40.8620084849	-73.9182999162
1388957	40.868262575	-73.901427392
764181	40.8798480034	-73.9006251097
4302767	40.88458	-73.892629
554301	40.7982525476	-73.9610973077
69209	40.8047495333	-73.9469503446
428418	40.7983492	-73.9597026
1059602	40.8001116667	-73.9588441667
356479	40.8005584457	-73.9579472429
447648	40.8052096082	-73.9553689957
1096336	40.805368	-73.9546069333
1096337	40.8052983	-73.9547157333
551961	40.7880813106	-73.9442628033
1495446	40.79704779	-73.93772625
447610	40.8035935018	-73.9561522007
441633	40.8016443765	-73.9577078819
447526	40.8018230487	-73.957504034
1828567	40.797620326	-73.93917406
496016	40.7909582804	-73.9431656941
447495	40.8011327217	-73.9571928978
297810	40.7895067	-73.9480101167
546418	40.7904114268	-73.9453053474
394299	40.7912155839	-73.9445865154
1523559	40.79854184	-73.94139248
179621	40.8024564167	-73.9495082
793236	40.80179983	-73.94749253
535159	40.80123945	-73.94596625
447803	40.805185245	-73.9433634281
783492	40.8025360107	-73.9588987827
447862	40.804438105	-73.944028616
447815	40.8040949863	-73.9435780048
27379	40.8043081668	-73.9441037178
446394	40.7968899167	-73.9598861167
530004	40.80510695	-73.9551730833
371867	40.8045719754	-73.9555758889
58414	40.8011350923	-73.9591242735
444177	40.8024049265	-73.9568398147
787874	40.8012464231	-73.9414644241
249365	40.8045245281	-73.9479216323
495817	40.7975184207	-73.9389822316
450470	40.7906063749	-73.9428055286
1079710	40.80183644	-73.95709973
1030645	40.7942893334	-73.9396527126
668779	40.8001403809	-73.9404678345
762190	40.8041767	-73.9483298
182845	40.7896792269	-73.9463425004
980947	40.7894444444	-73.9477777778
455722	40.7976606737	-73.9399731159
1095564	40.8013113953	-73.942322731
993325	40.8035165333	-73.9482562667
546343	40.7905251466	-73.9456057549
1538500	40.798341213	-73.94093687
138549	40.7989866576	-73.9413742767
556506	40.8029646602	-73.9497244011
870644	40.79840391	-73.94143247
359268	40.79862028	-73.94151973
182448	40.7984203243	-73.9414957019
2305674	40.79257529	-73.94337224
246313	40.7985866856	-73.9416775471
990611	40.79845786	-73.9416337
492846	40.798525621	-73.9417476925
1525101	40.799375	-73.9429861111
358472	40.80193698	-73.94768387
325904	40.79512865	-73.9426199167
3868498	40.802115	-73.960502
447795	40.8048157366	-73.9445006847
815260	40.800872832	-73.9412069321
935989	40.8022085167	-73.9461033667
225257	40.7973198134	-73.9424523848
1284683	40.805647983	-73.943800517
127664	40.7911133	-73.9411072833
934596	40.80227965	-73.95947587
1286946	40.8058349252	-73.950304985
1549582	40.805002749	-73.954333832
1219858	40.79724657	-73.93735635
1241022	40.80128747	-73.9596582
168624	40.8036553167	-73.9561141333
443126	40.7980058562	-73.9599716663
1014935	40.8045667551	-73.9478819869
88777	40.8040675747	-73.9504184818
1493655	40.79116633	-73.942904335
865997	40.8024782599	-73.9495522666
1086592	40.80214059	-73.94755125
446407	40.7963002311	-73.9602184296
916037	40.78421294	-73.95770281
709695	40.7846193833	-73.9557367833
3785179	40.7846134901	-73.9559000731
458491	40.7846719779	-73.9562269997
146962	40.7847247833	-73.9560126667
809103	40.784754263	-73.9560955843
809138	40.7862193168	-73.9514754793
374610	40.7852077419	-73.9532153622
661705	40.7849335823	-73.9563719178
606388	40.7861898246	-73.9516047306
226842	40.7862767679	-73.9515173435
717669	40.78672301	-73.95124566
336357	40.78512978	-73.95568346
739070	40.7852576833	-73.9555449833
1546618	40.785280517	-73.955568383
231466	40.7865854547	-73.9521288872
1278595	40.786066517	-73.954490317
226781	40.78641951	-73.95377391
1005366	40.7863772822	-73.9547386982
307214	40.78668516	-73.95379203
307210	40.78668516	-73.95379203
305049	40.78668516	-73.95379203
1326100	40.78703283	-73.95736455
1024847	40.7885855989	-73.9489298728
3260124	40.789238952	-73.948489643
387501	40.7892308467	-73.9485026627
355413	40.788998501	-73.9486793209
3206552	40.789223593	-73.948515039
803584	40.78765385	-73.9558025833
1091719	40.7874760214	-73.9527519233
305076	40.7877950333	-73.9556014
1114425	40.787757725	-73.9522587375
3267100	40.7876942782	-73.9536255598
1318785	40.7878465	-73.9532395
1317964	40.7881267485	-73.9536391491
1144045	40.788112825	-73.95297225
637337	40.7881704803	-73.9534585078
578072	40.7883725604	-73.9535880089
1140511	40.7884275913	-73.9536041021
1023591	40.7895689	-73.94814395
405869	40.7903928207	-73.9474448073
376637	40.7891049606	-73.9544208558
2735597	40.790340283	-73.947663223
1175265	40.7890586882	-73.9540788594
326958	40.7906948292	-73.9474616952
831629	40.790043082	-73.9520575388
905513	40.7903447603	-73.9536027989
1366961	40.7904135369	-73.953595161
891974	40.7908745667	-73.9475819333
539495	40.7910384487	-73.9472656766
426753	40.79454455	-73.955654
327985	40.7946122833	-73.9434034667
1017620	40.7925795167	-73.9469848
928692	40.7923745066	-73.9504143185
1033440	40.79234206	-73.95011287
1508637	40.801294496	-73.947902711
1406013	40.79996028	-73.94688405
1026903	40.8001864697	-73.9470498274
1403560	40.799946967	-73.946925402
1543015	40.802609933	-73.9508231
678486	40.8027038667	-73.9517549667
988319	40.7965904667	-73.9472201167
1817064	40.799792654	-73.94703269
134741	40.8020630836	-73.9494885482
351731	40.8026388	-73.95268295
284942	40.8023396	-73.9507507167
135785	40.80145415	-73.9487069
818700	40.8017881	-73.9494913167
1574237	40.794493815	-73.951262962
1217015	40.8018298	-73.9499375
1236782	40.8018392917	-73.94998312
1461219	40.7988992614	-73.9475476742
914417	40.7953734	-73.9500315
1483656	40.796276867	-73.949390059
445703	40.7986474847	-73.9562782645
36669	40.7968085333	-73.9492639
1484518	40.797516162	-73.948857043
407730	40.7961679	-73.9545144833
446269	40.8005480667	-73.9545814833
317052	40.8010433847	-73.952268362
3221247	40.7963976966	-73.9501011372
1533576	40.7976222038	-73.9551758766
461495	40.7969418762	-73.9535182714
46919	40.7996629498	-73.951554227
1285310	40.798972633	-73.951616617
3222930	40.798389927	-73.95311254
426832	40.7980403743	-73.9523917437
434470	40.7986762833	-73.9526445333
525687	40.79806035	-73.9523592833
1045783	40.80581212	-73.9503436
445676	40.7993134724	-73.955411911
1236184	40.7994192839	-73.9550739527
3370684	40.802367087	-73.956671934
447595	40.8035285319	-73.9562058449
141685	40.8026436333	-73.9503798333
372193	40.8099695907	-73.9475828528
2886630	40.807907033	-73.945801233
456344	40.8097288121	-73.9518016577
353163	40.8210518627	-73.9466786385
1542371	40.821848963	-73.945730722
455985	40.8179096968	-73.9351987839
1594941	40.82295531	-73.94301426
1175484	40.818737879	-73.9165842533
1441078	40.81947555	-73.93049603
226367	40.6873675333	-73.9804535667
879163	40.6899617667	-73.9837409167
297119	40.6900941167	-73.9835753333
191854	40.6890572595	-73.9813580447
896750	40.6901811782	-73.9810323715
293896	40.6899127195	-73.9814937115
170749	40.6910581702	-73.9790041355
105848	40.6896304167	-73.98318
896740	40.690888928	-73.9804422855
200561	40.6898305619	-73.981596045
970602	40.6774618564	-73.969034257
47995	40.6818208479	-74.0004091973
1388214	40.677423867	-73.96900085
912339	40.67222685	-73.9701463667
864994	40.6724661167	-73.9696116667
142337	40.6684487893	-73.9635658264
43912	40.6712562541	-73.963855505
161234	40.71640306	-74.00426357
453672	40.7296143223	-73.984756426
304150	40.73027247	-73.98613768
96132	40.7391022769	-73.9927030327
111020	40.7408418667	-73.9979281
146028	40.7434389333	-73.9995394667
477984	40.7442536167	-74.0028447333
149326	40.745333638	-74.0020588847
682880	40.7427716	-74.0070593
650774	40.74105829	-74.00638294
313785	40.74086469	-74.00644761
229370	40.74121725	-74.0064469667
541484	40.7414776143	-74.0064704418
285054	40.7427206646	-74.0072994909
518422	40.7424807046	-74.0071678162
461102	40.7427303033	-74.0076002679
659439	40.74068832	-74.00692862
648540	40.7411522342	-74.0067760111
235874	40.7415118096	-74.0068942883
2487973	40.7424611957	-74.0075862408
239586	40.7405694583	-74.0069749867
803043	40.7406694035	-74.0069732656
113043	40.7412856333	-74.0070919667
756016	40.7417296076	-74.007178545
855297	40.7408611779	-74.0072629209
286318	40.7419734712	-74.0073823929
877891	40.7422486502	-74.007698248
1330275	40.74121665	-74.0073173667
1596283	40.7419490849	-74.0075755119
89474	40.74101685	-74.0076613333
656319	40.7415306667	-74.0100629833
453269	40.7413457333	-74.0079033333
4016729	40.739517817	-74.0063814
188308	40.73615545	-74.00724895
738975	40.7391089833	-74.0062453833
1080179	40.7372406167	-74.0063342
1261591	40.73962305	-74.00659395
1445700	40.74080655	-74.0084246
493147	40.7398527667	-74.0068667923
399976	40.7398367035	-74.0068697587
652262	40.7408951211	-74.0089860478
191542	40.7408942602	-74.0089857277
757583	40.7409248514	-74.0081334114
507169	40.73847633	-74.01334947
738976	40.7387511939	-74.0063871825
4075249	40.739545781	-74.006943368
138472	40.7400875694	-74.0076076984
47083	40.7394222698	-74.0069714588
808866	40.7394108167	-74.0069868
411246	40.7374513615	-74.0067978089
571088	40.7409248514	-74.0081548691
3474491	40.7400875694	-74.0078115463
1147177	40.7398045231	-74.0077627882
67089	40.7401714	-74.0088322167
3455939	40.739477	-74.007715
213611	40.74022471	-74.01015168
482106	40.7394746143	-74.00779984
428440	40.7381817258	-74.0078121365
1060674	40.738907112	-74.0080746793
520638	40.7373882167	-74.0082163333
102468	40.7373302919	-74.0083070844
842825	40.73793363	-74.00938624
1108007	40.73809474	-74.01001185
255020	40.7383348033	-74.0097408612
764263	40.7382255994	-74.0097019359
509512	40.7356915745	-74.0075405842
923984	40.734324	-74.00687
787608	40.7349794331	-74.0069801792
1051217	40.73368215	-74.00688529
1238085	40.73674568	-74.009873329
114273	40.7353391333	-74.0071051333
513695	40.7362869639	-74.0080925194
534973	40.73455572	-74.00657296
2407331	40.735111	-74.006736
1099230	40.7337647333	-74.0065298333
1000043	40.7344095333	-74.0064577333
683025	40.7343157276	-74.0064167976
999986	40.7331109	-74.0066831167
757917	40.73303005	-74.0067083
433605	40.7338655333	-74.0063513833
304467	40.7338075	-74.0071097
302630	40.7338075	-74.0071097
2894752	40.7336572181	-74.0072000027
1541044	40.73494	-74.00735
1597585	40.734068724	-74.007322745
609434	40.7342224116	-74.0073852606
921800	40.7361774046	-74.0092813969
688442	40.7354132291	-74.0081763268
2587892	40.7360229443	-74.0105366707
1245428	40.734035433	-74.00777365
3621260	40.73537885	-74.008749967
3421856	40.735686423	-74.010509905
1000077	40.7342557	-74.0081722667
116487	40.73485595	-74.0084701333
916664	40.7353725812	-74.0090990067
3257664	40.734116082	-74.008349749
3552761	40.734596067	-74.0085899
998791	40.7352391	-74.0103697667
13923	40.7351803667	-74.00993585
2575988	40.7351124342	-74.0097695589
628732	40.7335495833	-74.0073823833
1535633	40.732532339	-74.006527078
567169	40.7330272833	-74.0068925333
695424	40.7330312215	-74.0070712566
975485	40.7314896584	-74.0065455437
1157105	40.7316100516	-74.0065681061
116861	40.7313537598	-74.0065536499
1059381	40.7314651333	-74.0066176167
682824	40.73189055	-74.00670564
676697	40.7318194	-74.00668865
750337	40.7311114629	-74.0067590869
1040623	40.7318923167	-74.006827
1141123	40.7311786333	-74.006781
985835	40.7310395636	-74.0070690404
773780	40.7324467212	-74.0075324611
220737	40.7328189282	-74.0078946
1438948	40.733318784	-74.009112918
873111	40.7332031333	-74.01172715
981130	40.7324223167	-74.0078988833
718032	40.731951064	-74.0076827872
140205	40.7328008078	-74.008365882
92297	40.73224262	-74.0079081059
1194825	40.7332840667	-74.0098815
1414168	40.733087483	-74.01067435
628893	40.7326653766	-74.0096783638
762461	40.7323876167	-74.0104355
706318	40.72898674	-74.00623005
329833	40.7301592667	-74.00672945
893472	40.7270965576	-74.0072937012
1085600	40.7295972	-74.0065197
2709326	40.731379227	-74.008000967
839773	40.729697	-74.006628
786872	40.7272274289	-74.0072794951
845624	40.72723797	-74.007274804
1591869	40.73097027	-74.007585987
452509	40.7292835	-74.006653
1132945	40.72932985	-74.0066708833
421560	40.7271042864	-74.0075969696
3358561	40.731420856	-74.008430154
1139652	40.7275297756	-74.0072455074
248066	40.7275775793	-74.0072183994
1166583	40.731332	-74.012593
153998	40.7277774667	-74.0072107167
382696	40.7283832167	-74.0069571333
1372748	40.731026692	-74.008533578
823557	40.7282	-74.00756095
1285454	40.731172	-74.009889
2923914	40.728675	-74.007648
1363555	40.731108	-74.009768
742905	40.728543385	-74.0079081059
800331	40.7288603088	-74.0080155342
743324	40.7291906374	-74.0081699788
1303016	40.72946053	-74.00838077
872944	40.7288821333	-74.0126888333
682260	40.7303925333	-74.0109513333
2894455	40.7287954273	-74.0089917183
194823	40.7286751452	-74.0092586155
1364979	40.729323875	-74.011550054
1531261	40.72819812	-74.010565466
1333555	40.73032895	-74.008893959
80780	40.7269823275	-74.0075969696
529399	40.7232557466	-74.0072822665
830479	40.7231135759	-74.0075007343
1483311	40.726995592	-74.007882463
679475	40.7268766296	-74.007897377
1289819	40.72556309	-74.00705874
993690	40.7241567539	-74.0071683989
636155	40.7254792583	-74.0071152764
1484944	40.72390746	-74.00750413
811066	40.72590668	-74.00761664
83115	40.7255239099	-74.0076193101
306219	40.72782891	-74.01104968
680190	40.7255088167	-74.0076464
3033151	40.725880604	-74.007857029
555405	40.7237617127	-74.0085156942
1094642	40.7238113166	-74.0087878704
3827377	40.725193933	-74.008189517
513459	40.7252262141	-74.0085273982
578934	40.724067688	-74.0091247559
660019	40.7259786948	-74.0089925334
1056255	40.7260884828	-74.0092338889
2146408	40.726189829	-74.009414706
2205677	40.726773854	-74.011269802
2260560	40.725852992	-74.009280566
432247	40.72648715	-74.01040828
664703	40.7255953333	-74.0114903
856209	40.7252830097	-74.0107619762
1528826	40.72194805	-74.0079851667
1233113	40.72192621	-74.00819391
309172	40.7219134667	-74.0081969833
4233936	40.72371935	-74.0101015
574383	40.7227324017	-74.0086531373
733485	40.7225660831	-74.0095035341
1243024	40.72240346	-74.00852721
744530	40.723366925	-74.0093716045
907040	40.72364699	-74.01102882
893597	40.7233453767	-74.0102972103
1231545	40.723645	-74.01152
59093	40.7212825305	-74.0098929405
661918	40.722198722	-74.0113235004
948664	40.7187918666	-74.0101421829
1571998	40.7198911667	-74.0093686167
453681	40.7192736546	-74.0096033058
3412245	40.719745	-74.015038
740670	40.7199483576	-74.008885323
1368163	40.7197034134	-74.0089273453
1327290	40.7197294341	-74.0088844299
59101	40.7220306059	-74.0096139908
507091	40.7195302123	-74.0087556839
916833	40.7192152208	-74.0088725081
125923	40.7192098257	-74.0088631773
975744	40.7186596132	-74.0092711075
1019177	40.7208353075	-74.0086591244
153253	40.7191226005	-74.008703823
287453	40.7188919598	-74.0101271819
1230620	40.72294801	-74.01057676
419693	40.72152072	-74.0100733
500591	40.7187645	-74.01040085
163984	40.7203319	-74.00957512
414215	40.71995121	-74.00963878
369667	40.71995121	-74.00963878
899015	40.7214438517	-74.0102122299
394687	40.7207721781	-74.0097577203
905344	40.7193177612	-74.0101024425
180536	40.72025889	-74.00977265
59088	40.720623892	-74.0098392963
769608	40.72006952	-74.00981456
59051	40.7195749356	-74.0100324154
160574	40.71938155	-74.0103554333
59047	40.7197339833	-74.0101919667
331715	40.7206649912	-74.0101771147
156366	40.7199164581	-74.0104293823
338488	40.720688943	-74.0115237236
387868	40.7204694167	-74.0113704667
736976	40.7160034661	-74.0101460653
1762523	40.7164035719	-74.009860754
1065465	40.71856009	-74.01522362
694146	40.7164697275	-74.009803494
59052	40.7187560667	-74.0104506167
252147	40.71853578	-74.0105282
1345570	40.716528869	-74.010056469
890264	40.71829605	-74.01057368
767336	40.7173408987	-74.0101960566
887528	40.7176423833	-74.0102951333
59076	40.718377	-74.0108562667
982574	40.7180543262	-74.0147852898
96784	40.7174853945	-74.0105531923
482143	40.7175063933	-74.0105819821
907431	40.71779537	-74.01080423
500624	40.7178669667	-74.0108978333
59058	40.7171987667	-74.0110244667
1046820	40.71750545	-74.01182063
725794	40.71524655	-74.01011341
59060	40.7170354333	-74.0111232667
1008265	40.7176708155	-74.0126540313
59065	40.7175867522	-74.0139859915
3780191	40.71570998	-74.01047569
1051529	40.7161942188	-74.0107551712
249049	40.71550148	-74.01063662
127624	40.71569389	-74.01069831
1166071	40.71637314	-74.01107823
313694	40.71537405	-74.01068991
1035633	40.71708812	-74.01210267
171431	40.7159724115	-74.0109031293
457403	40.7163371383	-74.0111744076
16975	40.7161293	-74.0156772333
1451172	40.7157697	-74.01092863
1110538	40.7157697	-74.01092863
1015851	40.71719795	-74.01292234
942027	40.71716475	-74.01292496
490417	40.71560931	-74.01093435
617062	40.7156220742	-74.0109410141
341454	40.71578937	-74.01115661
992548	40.71685483	-74.01230673
993459	40.71685483	-74.01230673
1594098	40.717054	-74.013316
369910	40.71575957	-74.011168
1048564	40.71685842	-74.01399805
441608	40.7164383	-74.0125343
302712	40.71717029	-73.99845176
652014	40.7412218	-74.0061247833
1141662	40.7514086833	-74.0025716333
309419	40.71594911	-74.01101344
45350	40.7136256333	-74.0107392167
95383	40.7147565693	-74.0116999249
496746	40.7562179917	-73.9677124468
974325	40.7141187667	-74.0106276
3412410	40.715068937	-74.009542079
787546	40.7641597548	-73.9835993925
913354	40.76320707	-73.98235189
917955	40.73473805	-73.87434452
483117	40.721980171	-73.9920009087
78096	40.7110153167	-73.8587400167
1145622	40.7137371871	-74.0100438032
732900	40.7153396245	-74.0083007281
140234	40.7448414723	-73.9831118197
262515	40.7853100817	-73.9728087187
965875	40.78329044	-74.04485678
315869	40.8046727233	-74.0777932755
952935	40.80442571	-74.07656139
949687	40.7502802	-73.98333203
949200	40.74105006	-73.98136818
1176455	40.7264050522	-74.0043354034
5811573	40.7268928908	-73.993241787
21696	40.7265004229	-73.9902399495
925567	40.7743993614	-73.9831781387
617906	40.7734893767	-73.98224473
1278750	40.7767392647	-73.9818048477
4702309	40.74461	-73.987504
309660	40.7609683	-73.99075935
607728	40.7612912667	-73.9915945833
607734	40.7612912667	-73.9915945833
214851	40.7366062332	-74.0012964606
1020707	40.73789918	-74.00014704
923955	40.7690205212	-73.9826309681
269819	40.7776792743	-73.983040651
270073	40.77561098	-73.98093807
208478	40.7580482167	-73.9714956667
848321	40.7614471561	-73.9864182472
877929	40.7617689684	-73.9864905989
4744241	40.74997115	-73.99786144
801594	40.7584942	-73.9834144815
1167015	40.7640638026	-73.988724947
171425	40.7641838644	-73.988416785
1029947	40.7627532333	-73.97795105
885612	40.755116396	-73.9870727062
551158	40.762178033	-73.9817761384
813035	40.76317471	-73.97909212
4447786	40.7661440442	-73.9830708504
1066012	40.7658190108	-73.9837896824
481625	40.76381985	-73.9845210333
586869	40.7655071167	-73.98240885
854933	40.7631292978	-73.989443779
1229821	40.775553074	-73.9824914932
265044	40.7738874966	-73.9821696281
265841	40.750196189	-73.9919525148
1530269	40.777092576	-73.9793211222
3862466	40.7210670507	-73.9877271652
210787	40.7209889068	-73.9879284901
566743	40.72103118	-73.98685932
3709222	40.7731156294	-73.9843046665
1036000	40.7659571502	-73.9836502075
357647	40.76121622	-73.98298835
358888	40.76121401	-73.9831953
321042	40.7324931963	-74.0034668891
652282	40.7324097802	-74.0035426574
3403251	40.77364375	-73.9839184284
3402757	40.7746024813	-73.9843797684
3402614	40.7751062159	-73.9840471745
3402536	40.7750412181	-73.9840900898
3402315	40.7749355965	-73.9841651917
3402276	40.7750412181	-73.9840900898
3370992	40.7615771783	-73.9869332314
37634	40.7751836587	-73.9821726453
803144	40.8393320531	-73.9406359607
1260618	40.768557067	-73.9823142
839032	40.7603582108	-73.9830386639
2865544	40.7626498511	-73.9865577221
50829	40.7603365	-73.9835999
153480	40.7594903046	-73.9832509291
341790	40.7598461	-73.9836128
162213	40.7597110833	-73.9843055333
317960	40.7596240167	-73.9842876333
53245	40.7598137314	-73.9846587181
96698	40.7596999591	-73.9845192432
864272	40.7586879568	-73.9862375196
1402676	40.761112496	-73.984217054
935634	40.757861	-73.986012
415223	40.7636494935	-73.9865356237
2783533	40.7417214788	-73.992254734
2730380	40.785911216	-73.9760649204
2643314	40.7485737061	-73.8472545147
2637774	40.7503943454	-73.844422102
2628910	40.7578226869	-73.845205307
915236	40.7577710782	-73.8444479002
1171559	40.750793	-73.85036
495455	40.7494677763	-73.8475334644
1233239	40.75594377	-73.99100172
820549	40.7563706	-73.99097275
758447	40.7297802167	-74.0012100833
1297578	40.77164761	-73.983114897
2069299	40.7865285915	-73.976547718
1099511	40.9220597167	-74.1151101833
1844614	40.8666655058	-74.1055619717
1123019	40.82853835	-74.1006693833
1142316	40.7609108121	-74.0758323669
341848	40.75169432	-73.99420875
1508531	40.75164014	-73.9936158
1604293	40.7644944829	-73.987673521
1591532	40.7551245231	-73.9851200581
1590980	40.7528732605	-73.9811396599
219898	40.74768167	-73.58929377
344068	40.7399475553	-73.6396545435
1473558	40.735223233	-73.6624689
293776	40.7045055455	-73.8149285316
293779	40.7046438123	-73.8142204285
262517	40.7023074717	-73.8135686517
261259	40.7024396429	-73.8168382645
230463	40.7465764285	-73.9440469135
1083801	40.7422371	-73.9484193
645625	40.7446477832	-73.931722641
416237	40.7462653241	-73.9455735683
355440	40.7476958801	-73.9450907707
75908	40.7462432757	-73.9495086171
691341	40.72979158	-73.99055433
377394	40.76052564	-73.98452603
1485673	40.76040482	-73.98479223
926885	40.759316859	-73.984377468
209596	40.7610652146	-73.9845621586
1402673	40.761649652	-73.983694501
486140	40.7855884167	-73.97629795
1524722	40.7723193781	-73.9830386639
252256	40.7712078039	-73.9821567106
1181696	40.7744652143	-73.9832919956
628690	40.7732884333	-73.98230325
949514	40.7721568767	-73.9816439152
1309071	40.772441367	-73.982771
149017	40.6474990028	-73.781738851
496234	40.780554	-73.9453821333
429981	40.7796304643	-73.9444513917
407634	40.7795447126	-73.9476440982
659640	40.7789775304	-73.9461513793
397081	40.7762698167	-73.95033485
654792	40.7813929667	-73.9865681167
351912	40.77939695	-73.9877149167
826117	40.7451598733	-74.1703748703
459702	40.7461434002	-74.168561697
312476	40.7426400271	-73.9927053452
318387	40.75675505	-73.98605716
908482	40.7566895667	-73.9862883
43321	40.75284855	-73.989762
811070	40.7515989833	-73.9901431167
730513	40.75213	-73.990141
177513	40.7435144385	-73.9941590648
54415	40.7441074833	-73.9913807167
22510	40.7414949833	-73.9890713833
164427	40.7423376505	-73.9930011162
185905	40.745146668	-73.9947295346
48046	40.74245675	-73.9923313
594285	40.7434681928	-73.9921988181
198250	40.7434812306	-73.9928803811
712388	40.7745076997	-73.9810315987
279117	40.7603329	-73.98013705
109644	40.7652804524	-73.9875152513
942628	40.6454327055	-73.785307629
87958	40.7291125115	-74.0013206005
760277	40.7252897736	-73.9781963744
167174	40.7194773575	-73.9932310581
787462	40.7313203	-73.9885183167
1055324	40.7565398408	-73.9738121999
427816	40.7269982875	-74.0030964338
107363	40.7252538	-73.9837727
313363	40.7110331351	-73.9500584626
70643	40.7178591653	-73.9574074745
325921	40.6929451148	-73.9711437755
887139	40.7286411003	-73.9878012803
63897	40.5753898174	-73.9813005924
421457	40.7228177447	-73.9991195682
993451	40.7343826294	-73.9931793213
178179	40.7517923023	-73.9739084244
346087	40.7515728575	-73.9736831188
154827	40.7203555559	-73.9883494377
77442	40.6747762261	-73.9760363204
1014784	40.716666	-73.996483
106550	40.7590176851	-73.9788009024
520331	40.6872793833	-73.9900969167
487800	40.68163174	-73.97698628
1098627	40.7202002736	-73.9886594168
1431394	40.74107956	-73.99785643
103707	40.7601188314	-73.9811417911
87688	40.6808404847	-73.9756203161
305835	40.7403454696	-73.9864676804
295578	40.75873875	-73.97916615
413871	40.7593586408	-73.9826631546
566051	40.74775904	-73.98713415
57896	40.6841255202	-74.0019832881
340429	40.7371687818	-73.9924596886
247870	40.7383645833	-73.9921762667
1258739	40.67445725	-73.9970237
308020	40.77840255	-73.9538019667
1001052	40.726918	-73.985826
773110	40.7026946167	-73.9966716
631568	40.6915348145	-73.9874353082
1156573	40.6896969	-73.9859743667
746626	40.7258643667	-73.9949658167
1289693	40.728154372	-73.983017421
1301975	40.732748217	-73.989666667
658020	40.7243063705	-73.9999125368
496552	40.75251781	-73.97843486
594184	40.7411409667	-73.9891179333
818649	40.7341904096	-73.992752347
920807	40.6907243418	-73.9869154923
598725	40.7474237391	-73.985386048
651827	40.7372815	-73.99661237
359959	40.7353321	-73.9949007833
773500	40.74663454	-73.99310064
252177	40.7594371333	-73.98164665
705987	40.6834259	-73.97886389
249927	40.75928807	-73.98510819
716847	40.72194439	-73.9961391
787499	40.7319527167	-73.9878025833
1163771	40.75249665	-74.00987125
520238	40.73742753	-73.99667173
593529	40.6886217864	-73.9928201319
721084	40.69593542	-74.17756044
422323	40.8071951723	-73.961403966
3427474	40.714564133	-73.938281667
771130	40.7140127516	-73.9441466331
305219	40.73299205	-73.9547323167
422885	40.8074783845	-73.9646011591
411602	40.8068581585	-73.9639735222
1323467	40.805190883	-73.964874783
1477976	40.692213	-73.982258
241408	40.75495183	-73.99160254
220480	40.71929472	-74.00261473
422792	40.8067444667	-73.9592903852
4558667	40.711719945	-73.943119868
577477	40.7092356	-73.95867383
315038	40.71451804	-73.9444718689
475087	40.7291314892	-73.9891954654
161073	40.7130754	-73.9569586333
3424932	40.714772615	-73.942128698
158383	40.7273679478	-73.9988384975
1483506	40.705406117	-74.002150267
1538177	40.798422985	-73.968893081
447553	40.8061638233	-73.9657813311
275882	40.8731884493	-73.907507658
411609	40.8065982912	-73.9641290903
407864	40.8064683572	-73.9611437917
1511608	40.76491325	-73.983532683
5277657	40.757863321	-74.0025866032
5286323	40.78901267	-73.97408652
432039	40.7909766667	-73.9720001167
5006949	40.7281937764	-73.9913964272
4884302	40.792771928	-73.971013988
4716087	40.790405054	-73.974842381
314434	40.7855391845	-73.9766549925
1039281	40.76511281	-73.98054563
248840	40.7258748833	-73.994917
285865	40.7639033125	-73.9820435643
4582699	40.76124382	-73.98480612
4538666	40.76288759	-73.97907423
4534846	40.755900034	-73.989800388
2314087	40.72308194	-73.99867469
512158	40.722427	-73.9988487167
791042	40.72274869	-73.99908655
546039	40.72252792	-73.9993031
4425207	40.70330423	-73.98460203
530345	40.7016813833	-73.9871475667
1501589	40.701964843	-73.986660095
575424	40.7651364	-73.9811768333
338856	40.7274515828	-73.9828473044
34292	40.8001788	-73.9680232833
2761315	40.772898	-73.981939
112021	40.7629188333	-73.9846864333
2325702	40.764471181	-73.983856901
3555836	40.72709697	-73.97974902
353759	40.76451545	-73.98224991
1276601	40.7633730829	-73.9835241437
157331	40.7647381	-73.9876215833
774220	40.76272058	-73.98921757
267017	40.5105853806	-74.0348160267
455056	40.7754962013	-73.8710618019
1055765	40.7626882	-73.9849978
492534	40.72755217	-73.98059314
1315148	40.76398468	-73.988075256
408252	40.764187905	-73.9884505777
668024	40.763517322	-73.9836099744
1332282	40.763404185	-73.982488286
778039	40.7674247111	-73.9841063333
4055287	40.645559618	-73.776298476
763220	40.6634676833	-73.82315725
357793	40.6685464667	-73.8192964667
3793253	40.645862723	-73.776707736
395754	40.6464686167	-73.7792004833
3793743	40.646793233	-73.779863233
154102	40.71710258	-74.03514331
3785548	40.743338	-73.989314
1537421	40.7452411571	-74.0257501602
464196	40.8433754333	-73.9877155833
270930	40.7159481842	-74.0360283852
812589	40.7348019288	-73.9862292393
2231165	40.697504518	-74.103482761
1569439	40.7368927949	-74.0263187885
200408	40.7424548833	-74.0293322833
305412	40.7191475672	-73.996819123
104156	40.7369253125	-74.0270912647
1514523	40.7423717798	-74.0335768461
1514560	40.7374029123	-74.0361061692
1514551	40.7367606922	-74.0294918418
1513122	40.7413038602	-74.028019309
1513095	40.7382036465	-74.0302656591
1793176	40.9376120567	-73.8349431753
759717	40.6621831388	-74.0994741618
1211247	40.736381	-73.99008
1583217	40.7482534647	-74.0613752604
1116845	40.61506135	-73.9942385333
1577586	40.7295871186	-74.0387883782
401251	40.7166312646	-74.0485703945
1577755	40.7583385706	-73.9771592617
166234	40.7636311227	-73.9965203347
1013775	40.7173631287	-73.9976406097
220130	40.7314171667	-74.0676788833
1287482	40.7381447096	-74.0305888653
1551947	40.7380825281	-74.0309858322
1451671	40.72294539	-74.03620952
30964	40.6873902744	-73.9746637769
1530076	40.74177962	-74.0370838
1509077	40.720127821	-74.094248414
1414207	40.72495	-74.090298
472196	40.737035549	-73.988611964
1506894	40.7500183582	-73.9946365356
162160	40.7493586816	-73.994718647
1490923	40.8502846956	-73.9700192213
1490884	40.8505658456	-73.9707890153
1490840	40.8561694622	-73.9738976955
1433488	40.8564484119	-73.9740532637
143967	40.72072827	-74.04622405
323792	40.733780174	-73.9900377497
1211260	40.7355351725	-73.9922010899
839951	40.7357546703	-74.0290546417
1479072	40.73633	-73.993455
538901	40.736725361	-73.9873268248
1259606	40.73627	-73.990107
709589	40.7138857637	-74.0382493231
607730	40.7236893217	-73.9939647177
353727	40.7246488034	-74.0809392929
1338712	40.7309907675	-74.0647011995
1365287	40.7317471504	-74.0634995699
129729	40.7333889345	-73.9970719814
1412040	40.739292	-73.987826
199578	40.7362074667	-74.0298924667
1175513	40.747507	-73.989425
1175519	40.7578958283	-73.9896047115
266384	40.7297864843	-73.9890584352
818431	40.7188502243	-73.9959457915
532252	40.7161126694	-73.9980876008
355386	40.7249008605	-74.0815401077
79586	40.7194041738	-74.0426373482
982751	40.7369762821	-73.9880342095
139894	40.7211132676	-74.0434453585
196405	40.7175505333	-73.99609605
1350837	40.71852386	-73.9973133802
1350097	40.7198435068	-74.0773504972
196387	40.7370879001	-74.0308892727
1346718	40.806248188	-73.9880758524
963963	40.8066408223	-73.9892827296
1338752	40.7270264626	-74.0673565865
1338610	40.7377660275	-74.0320158005
1337151	40.737106204	-73.9882099628
881370	40.7367201625	-73.9892499297
1335221	40.7363562529	-73.9890038967
1332817	40.7412153482	-74.0295857191
82183	40.7262273764	-74.0054615861
1322249	40.7366341352	-73.9894223213
1180038	40.727439983	-74.044075367
371857	40.7410490333	-73.9888314667
1043046	40.7295774833	-73.98984225
49765	40.73249495	-74.00558465
1294582	40.7372778654	-73.984926939
1293338	40.7509893179	-73.979203105
199679	40.7389148833	-74.0303636167
1245301	40.7311999798	-73.9885050058
1085341	40.719485489	-74.0421760082
624308	40.73293858	-74.06293809
80798	40.7257283333	-74.0056812667
1264542	40.8246427774	-74.1540294886
1260156	40.7368846655	-73.988918066
212849	40.7369186667	-73.98897235
1073807	40.7373983333	-73.98874295
1249870	40.739233	-73.987656
486443	40.735748378	-73.9853744268
1239850	40.7368379831	-73.9880758524
1244041	40.7364571095	-73.9898300171
1243813	40.7236093283	-74.0895330906
1241495	40.7326054573	-73.9898622036
172157	40.7417414445	-73.981299213
349439	40.7196806452	-74.0504747629
349398	40.7188756223	-74.0473526716
1220837	40.719964133	-74.043130917
539053	40.7211279841	-74.0437163446
303727	40.731052069	-74.0417299516
230295	40.72689735	-74.03792339
1231936	40.7179730092	-74.0463924408
46591	40.6611307472	-74.1716809848
1218356	40.674891	-74.172767
722553	40.7592855009	-73.9736938477
1203413	40.7305563	-74.002082633
1035301	40.7265659667	-74.0036989167
1212525	40.7359904263	-73.9911925793
353589	40.7193391215	-74.0783107281
383010	40.7317915	-74.04203915
5351260	40.71653	-73.997384
592224	40.7411880594	-73.9932403376
918451	40.7207619167	-73.9880022167
52686	40.9024265	-74.0719656667
2415312	40.6578495092	-74.2141283606
1095962	40.65123595	-74.2118052
2588356	40.74416885	-73.9882912333
1421865	40.851153983	-73.970709667
200402	40.74239805	-74.0293336833
960071	40.7444806261	-74.0287771222
91502	40.7446722833	-74.0284543667
200473	40.7448372167	-74.0285544833
3889927	40.7682534522	-74.044790843
422797	40.8437809167	-73.9733978
336162	40.8426589966	-73.9686050415
1339414	40.850879604	-73.970304263
2511386	40.8233445883	-73.9892882109
999336	40.76586665	-73.99770805
2065499	40.8496409655	-74.0040510893
1192106	40.8525338753	-73.9715405069
1094067	40.8697736263	-74.0019214153
438599	40.8559264977	-73.9669876435
1459057	40.85347145	-73.96304297
393166	40.8503717333	-73.946344
32590	40.8648126333	-73.93191725
529603	40.9397603261	-73.8351309299
945540	40.79717125	-73.82458595
1114471	40.7930517197	-73.8241821527
1479852	40.7686301135	-73.8337005013
1402677	40.76082673	-73.829428531
479202	40.83951205	-74.2074789
893356	40.794359014	-73.9720201492
1333642	40.74951124	-73.99230319
17891	40.7043998119	-74.1907167435
176602	40.7035354833	-74.1904392333
2378801	40.74905165	-73.84554005
1302021	40.746108667	-73.902841467
208308	40.7504433833	-73.9866780167
92347	40.8398946	-74.20793405
672083	40.7695684333	-73.9799474667
487799	40.703417	-73.994954
269658	40.6996301402	-74.1795821039
358107	40.8655805167	-74.1590639833
4650785	40.765085	-73.982241
225652	40.753262132	-73.9840658591
255019	40.7151457	-73.9666189
951348	40.6862060167	-74.1829043333
707039	40.698607	-74.174431
40565	40.6958449006	-74.177197196
693141	40.6778292	-74.18310385
416407	40.6958694446	-74.1772003246
1598457	40.696753352	-74.177623925
1175079	40.6956774321	-74.1778035649
546957	40.6960506925	-74.1780482073
173822	40.72679144	-74.03430896
474801	40.739250277	-74.0275096893
201709	40.7394027708	-74.0272674579
1434528	40.660536171	-74.171399535
1266880	40.6595733434	-74.172620271
1267236	40.6609582847	-74.1704539527
664354	40.7467236726	-73.9925578257
1114947	40.6958254454	-74.1771932504
548158	40.6964714338	-74.178328567
536874	40.6832078972	-74.1963339764
4731266	40.7623457909	-73.9801579714
434103	40.726311	-73.9899388667
1085529	40.7280672124	-73.9884244639
336037	40.745224259	-73.9906803169
993677	40.73522841	-73.98997694
408784	40.6672888333	-73.97262735
39635	40.6873189	-73.99007075
680359	40.7446721686	-73.991600275
241424	40.7374027444	-73.9912224008
417298	40.7647812333	-73.9160370667
1303678	40.78096371	-73.88362306
1126470	40.6936475	-73.98331665
496335	40.6928982455	-73.9870941639
907236	40.6958022937	-73.9836394787
747148	40.7586353653	-73.9813435078
1006463	40.6605023146	-73.9659959078
651719	40.64387805	-74.213441
1431145	40.723033173	-73.800317649
1238465	40.76397168	-73.98849749
40329	40.7457416333	-74.0052710167
111277	40.7786281891	-73.9774274826
190491	40.7702115925	-73.9815551556
433593	40.7794464849	-73.9775176253
826368	40.7755148667	-73.9808551333
1425506	40.77804064	-73.97835272
1424561	40.785958033	-73.976808217
34078	40.7179237123	-73.9576648341
295400	40.7174563333	-73.9587593
258635	40.7429378	-74.00116968
686968	40.7618807147	-73.9901215474
573675	40.7783883833	-73.9822145167
157614	40.7762436671	-73.9818370342
201226	40.7445258565	-73.9983916283
202398	40.7420785032	-73.9974753021
1548802	40.738799	-73.994322565
88310	40.7567133647	-73.9738360047
272589	40.7526213095	-73.9725244045
4713700	40.759026906	-73.970758682
4404115	40.75031781	-73.99731397
1183675	40.743006102	-74.000738699
33835	40.7449714276	-73.9976524199
160851	40.7759918046	-73.8747310638
196809	40.7445300601	-73.9946507664
1583542	40.740872199	-73.993382747
258596	40.74353271	-73.99646914
4266130	40.741629395	-73.993004625
201310	40.7424805106	-73.9980931726
529565	40.76860886	-73.98283672
93228	40.689412407	-73.9926946163
1072793	40.6940656667	-73.9929123667
451697	40.6876793124	-73.9869908894
1231635	40.69219015	-74.001738533
1213971	40.764716217	-73.987367217
91188	40.6863250303	-73.9938426018
65871	40.6776397522	-73.9981705371
167148	40.685775	-73.9882315167
155628	40.7672554667	-73.9843817167
51266	40.6844407607	-73.99195098
1078976	40.76944145	-73.9801320833
299617	40.6911980577	-73.9972758293
46819	40.7030171261	-73.9882904291
949581	40.6756069623	-73.9993284024
976039	40.7608863236	-73.9814841756
2422607	40.650779393	-73.7913680077
5179370	40.7438719717	-73.9837245079
754434	40.73768872	-73.98565131
1358353	40.736701911	-73.989932025
862479	40.73601496	-73.99033325
820869	40.7600595957	-73.9871107945
184253	40.76158463	-73.98391461
5207107	40.7579527161	-74.0023398399
416517	40.725332439	-74.0056540102
28494	40.7024884445	-73.9871048927
32674	40.7211204821	-73.9982306578
307040	40.746534601	-74.0013778154
1556766	40.752800233	-73.976373683
5146738	40.757912082	-74.0023183823
924956	40.7418236333	-74.00171195
399944	40.7398976376	-74.0054205367
356605	40.687862635	-74.1769301891
220782	40.6887072599	-74.1788519538
1069770	40.6977137	-74.1874902
555913	40.6912522105	-74.17673729
773218	40.6914959041	-74.1770927567
562012	40.69233065	-74.1810362333
4837436	40.69218831	-74.174604449
1563127	40.68736115	-74.181932717
668537	40.690970278	-74.1881632805
451094	40.6916217667	-74.1875788
1096729	40.6898843333	-74.1850782333
2111934	40.687436	-74.183237
190815	40.6870762307	-74.1814372869
356563	40.6876023023	-74.1831207275
1049017	40.6875941669	-74.1825842857
1553137	40.687823675	-74.1769695
568061	40.6879116067	-74.1792901263
3412028	40.6949436	-74.18691736
356610	40.6897093409	-74.1777133942
356618	40.6901567729	-74.1774129868
346861	40.6905743382	-74.1773124646
356558	40.690970278	-74.1766834259
356601	40.6919749432	-74.1743016243
1134296	40.6938958	-74.1722124333
356852	40.6939394874	-74.1725742817
1297740	40.6922596693	-74.1816025972
486853	40.6923075833	-74.1748563333
782772	40.69411629	-74.18221449
82640	40.6984703273	-74.1784858704
5511485	40.6944522167	-74.1735447167
356975	40.6950620582	-74.1737222672
356567	40.6982385054	-74.1788506508
1443178	40.696686	-74.181665
1462700	40.694795533	-74.173544083
134031	40.6950760167	-74.1735199167
794104	40.6922012248	-74.1766362523
356819	40.6946716009	-74.1739958525
1943259	40.69486265	-74.173664833
356546	40.6974738943	-74.1752564907
356837	40.6947936191	-74.1740173101
309147	40.69558399	-74.17400461
356841	40.6948586953	-74.1740334034
4361699	40.698103867	-74.179282167
2568979	40.695232882	-74.173979759
1276055	40.697517133	-74.175481333
910250	40.6974773333	-74.1754419667
546657	40.6947595167	-74.17465115
546652	40.6947595167	-74.17465115
474675	40.6946634664	-74.1751384735
707287	40.6966745853	-74.1754281521
356629	40.6965872598	-74.1763186455
356949	40.6967906174	-74.1785931587
1012815	40.69522529	-74.18228459
356936	40.696806886	-74.1782766581
1526054	40.694638915	-74.175563166
5633184	40.696933872	-74.177995315
1503698	40.697853317	-74.179189667
1131767	40.696413	-74.17746
748287	40.69594961	-74.17756968
3229525	40.69462545	-74.1779097667
903634	40.69544726	-74.17855954
1261851	40.69544395	-74.1781409333
5710626	40.749710872	-73.991383601
5597868	40.74933266	-73.99244081
5486201	40.749621	-73.991962
3902285	40.746291453	-73.995090693
5013925	40.75	-73.997
4687120	40.75346636	-73.9939149
3706990	40.749501262	-73.989830055
4956086	40.75034266	-73.99359488
1899284	40.7504796866	-73.9891541004
4799991	40.749319411	-73.992243118
1808554	40.74779289	-73.9869917
5053634	40.7524619	-73.9925234
5055029	40.75030523	-73.99438714
1331621	40.751470596	-73.990220698
5289811	40.7498985512	-73.9919114113
725093	40.72854925	-73.9981385833
1027572	40.7273563342	-74.0017390251
75171	40.7272140493	-74.0018624067
668871	40.7278343167	-74.0018338
1080591	40.7267871478	-74.0012290678
664403	40.7272438944	-74.001644417
2215327	40.727941607	-74.001798235
683073	40.7275985268	-74.0017672848
4069633	40.728812704	-73.998570986
98986	40.72850385	-73.9983006667
3641128	40.727477933	-74.0012825
4451363	40.727323434	-74.000689128
1952224	40.7276368379	-74.0009410679
789985	40.7398915493	-74.0061608392
190982	40.7392851588	-74.0061261518
194358	40.7397537371	-74.006439835
411550	40.739476	-74.0061939667
380387	40.7394739293	-74.0062090219
5162071	40.739453317	-74.0061811
1128312	40.7409949	-73.9880672167
552195	40.7413253784	-73.9928588867
728998	40.7413544232	-73.9884208225
927522	40.74235689	-73.99126923
1264709	40.74161505	-73.98871624
770606	40.7397379713	-73.989189179
1291939	40.7390588522	-73.9905649424
554153	40.7390956169	-73.9908722133
408415	40.7392674333	-73.9909428
992316	40.74200145	-73.9899128
1041448	40.74171572	-73.98932915
1087073	40.74163275	-73.98934626
3706318	40.739458692	-73.990538555
852611	40.7415227167	-73.9897521333
744185	40.7408110467	-73.9882421494
1315360	40.7407947889	-73.9882743359
407678	40.739042275	-73.9908759874
896100	40.7391037701	-73.9898914934
590634	40.7396975503	-73.9887614224
579664	40.7404243522	-73.9886622597
229366	40.7414540026	-73.9907072935
1603502	40.74000823	-73.98935675
532405	40.739803657	-73.9908470939
3317394	40.739811	-73.989753
1915948	40.741250954	-73.989844438
808148	40.7399649015	-73.9896677255
838899	40.7410566239	-73.9895885662
1364744	40.7402176333	-73.9900767803
1180721	40.740135181	-73.989562999
997397	40.7404141815	-73.9902722116
1241818	40.740080641	-73.989840667
2160283	40.74009186	-73.98986101
3856508	40.740683005	-73.989746566
2470836	40.740227344	-73.98995037
1139098	40.7401559345	-73.9901767009
1251125	40.740300077	-73.989980978
631820	40.7404238949	-73.990029024
1450531	40.740396	-73.990082
383187	40.7414841167	-74.00504755
2694204	40.7412906509	-74.0048503876
1261062	40.741678533	-74.00487235
1096898	40.7413295167	-74.00448665
1357866	40.741520035	-74.004004543
2954422	40.741700723	-74.004804138
2625809	40.7416547	-74.0047948444
1009399	40.74547605	-74.0011101833
610781	40.7455722333	-74.0019337833
793040	40.7454847333	-74.0016864
488091	40.74567341	-73.99930638
4120206	40.746033	-73.998932
4268476	40.746033	-73.998932
305004	40.74569487	-73.99963831
3371070	40.74595225	-74.001973475
408439	40.746022322	-74.0020842619
1093164	40.7457266255	-74.0014316735
731410	40.745707	-73.999868
29180	40.7459524186	-74.0018112673
453933	40.747237791	-74.0029890962
1586028	40.748153674	-74.001866207
832122	40.746415	-73.999046
798397	40.74611425	-73.99946653
213545	40.74629175	-73.99927234
3798701	40.746211	-74.000989
459332	40.74625629	-73.99961024
2588596	40.747637853	-74.002142513
3368003	40.7463384782	-74.0015351772
3205714	40.7461434002	-74.0009182692
821588	40.7467942247	-74.0019865054
610986	40.7463383667	-73.9998078333
757775	40.74637991	-73.99972528
453817	40.74635118	-73.9998914
1324120	40.746356	-73.9998815
623510	40.74661875	-74.0016732333
1914352	40.7464766581	-74.0014064312
463445	40.7465717	-74.00114545
502561	40.7467593698	-74.0013588336
4714744	40.74669206	-73.99990528
416782	40.7468114	-74.0007752167
717964	40.74694168	-74.00013953
293079	40.747013576	-74.0010447737
287312	40.7472889833	-74.0006850833
1238683	40.747573959	-74.0007734299
821849	40.7496850333	-74.0025023333
433817	40.74704349	-73.99947285
1472002	40.752373481	-74.000098302
1135996	40.7497981	-74.0022733
1358870	40.74749058	-73.99688901
453223	40.74753032	-73.996854961
416873	40.7470460333	-73.9998494333
293440	40.7476226333	-74.0006823167
4605149	40.74993789	-73.99542582
378518	40.74768685	-73.99800783
1029938	40.7515141937	-73.99765854
4924920	40.7512477528	-73.9974796772
1387568	40.75	-73.997
1389390	40.75	-73.997
1279298	40.75049847	-73.99849551
1794399	40.733352867	-74.155227
4770077	40.746136969	-74.158213233
1374806	40.760233806	-73.969225933
1806059	40.76136326	-73.96906048
1073417	40.76138836	-73.96903717
1015536	40.7608484539	-73.9691736764
1490478	40.761875225	-73.965765225
1529245	40.761754598	-73.968577269
873691	40.76017159	-73.96872454
1327594	40.761923817	-73.968212767
1327577	40.761923817	-73.968212767
1327630	40.760947917	-73.96888245
1327629	40.760947917	-73.96888245
1529268	40.76153999	-73.9685592
608517	40.7605953167	-73.9656762
842675	40.7608326586	-73.9686466065
975757	40.76134568	-73.96820104
1597001	40.7605938796	-73.9660227299
2436566	40.76068007	-73.96628975
1047436	40.7605057627	-73.9667052973
1427020	40.7604299333	-73.9670193167
133376	40.7710544667	-74.0223439667
331920	40.77226394	-74.02299106
364516	40.77211797	-74.02293765
919321	40.7732268573	-74.0303804086
1490825	40.773330814	-74.032052695
28440	40.7531799667	-74.0258477
28436	40.7528467667	-74.0225669667
226091	40.7532516	-74.0255803333
483246	40.753151759	-74.0253226199
1007924	40.7530418667	-74.0254591667
238150	40.7519561174	-74.0237405954
1537193	40.7517841748	-74.0241408348
808291	40.7518235353	-74.0266060327
87984	40.7506780167	-74.0257938667
534741	40.74774777	-74.02325212
739834	40.74970665	-74.0269672833
463505	40.7494001667	-74.02700865
927785	40.74980962	-74.0237413
4744417	40.749561617	-74.025311183
1315309	40.749484032	-74.0248918533
352042	40.7484179	-74.0261037333
780009	40.7444282946	-73.9974192099
1690571	40.7340699434	-74.02962327
3355622	40.734541533	-74.0278381
973031	40.73672437	-74.02916437
213161	40.73475015	-74.03162902
767477	40.7424393209	-74.02936986
589980	40.7421275799	-74.029608719
1095638	40.737364298	-74.0340542793
1192108	40.74195653	-74.02923327
278705	40.7359633167	-74.0291764667
666955	40.7392015023	-74.034011364
533248	40.7393153098	-74.0332710743
763826	40.741168873	-74.0297949605
916449	40.7400313	-74.0281310667
839907	40.73830375	-74.03085075
89868	40.7484025333	-74.0329075
1537301	40.7453593833	-74.0228954
1903947	40.730423842	-74.03198359
1373170	40.74158715	-74.038661033
2658342	40.733267267	-74.030752617
3355682	40.733902117	-74.02935935
923243	40.7372610333	-74.0259737167
1093499	40.7457071167	-74.03446885
372543	40.7413733	-74.03824055
814262	40.7375673	-74.02462542
390563	40.7379574614	-74.0355261072
629233	40.7416169	-74.02896302
310528	40.7366570421	-74.0291082859
651923	40.7366814304	-74.0293979645
322479	40.7364456768	-74.0291941166
1287550	40.7385755579	-74.0335178375
1308373	40.7420666182	-74.0294708625
425448	40.7378182	-74.0275098667
533221	40.7392497	-74.0336016333
1522985	40.737446187	-74.02852457
3011274	40.7369259667	-74.0309163167
1368804	40.7422661063	-74.0277779102
1260098	40.7447046823	-74.0253531933
2659448	40.730039583	-74.031669917
790334	40.73643365	-74.04174315
4487578	40.735674545	-74.038765378
1050188	40.7434737167	-74.0275137833
667039	40.7354782656	-74.0278315544
582797	40.7410142692	-74.02962327
1064177	40.7402176333	-74.0320587158
627782	40.7410147667	-74.0297502167
1073115	40.7408646537	-74.029823725
621855	40.73816806	-74.03163266
928152	40.7384373616	-74.0296554565
1314132	40.74038314	-74.03004288
848683	40.738855281	-74.0306136282
1064096	40.73932555	-74.0311070833
724110	40.7401290903	-73.9878080851
999461	40.7367034336	-73.9894419567
996950	40.7382748343	-73.9900392069
3297744	40.7395964	-73.9870677
1317569	40.736899416	-73.987731097
3669253	40.73859316	-73.98920238
946943	40.7389342333	-73.9891468333
1421684	40.739292	-73.987826
982556	40.7390986	-73.98714935
1312835	40.738711697	-73.986655496
1480304	40.738853433	-73.987463432
1483717	40.739047049	-73.9879631996
1166564	40.7389448041	-73.9873958524
1166576	40.7389448041	-73.9873958524
1019765	40.7385999454	-73.9872872829
1483634	40.73881835	-73.98866085
1473956	40.738807232	-73.987228725
1524220	40.738797085	-73.988670508
841127	40.7387491723	-73.9886717765
2010305	40.738258683	-73.989019883
791107	40.7387262583	-73.9885854721
1434286	40.737408762	-73.98842578
1072865	40.7386404167	-73.9875047333
1299362	40.73838195	-73.988596267
2010323	40.73764371	-73.98829829
1101765	40.73768639	-73.98833644
1358292	40.737801953	-73.988310747
1241128	40.7469239	-73.9931987
150993	40.7471116974	-73.9936190302
1291699	40.74698978	-73.99317556
1339672	40.74701124	-73.9931699
3020782	40.747451786	-73.993744071
3857990	40.74852937	-73.993107072
1364627	40.747830896	-73.992583745
1222785	40.74793249	-73.99282311
431484	40.7448184804	-73.9934241772
178919	40.7448968043	-73.993388955
492239	40.7432023569	-73.9915811477
4489834	40.743175463	-73.992705742
1291037	40.744921883	-73.993318907
683052	40.7432610151	-73.9914890482
2407771	40.743298	-73.99145
3320778	40.7431894541	-73.992549777
631580	40.7443671833	-73.9908559
1076735	40.7435223253	-73.9912583622
1166830	40.7435742311	-73.9931868757
3340306	40.74362823	-73.993196552
3704126	40.74359784	-73.993158635
2248565	40.744023487	-73.991002068
1505854	40.7442295644	-73.9911261946
387578	40.7445679791	-73.9912572627
110852	40.7447374169	-73.9929916477
982718	40.743452	-73.992356
1223459	40.743805061	-73.993017056
528596	40.7448160833	-73.9917224333
645724	40.7445258565	-73.9924263954
421459	40.74391859	-73.99206101
350502	40.7447298	-73.99276445
693140	40.744026053	-73.9917838602
4237260	40.74388933	-73.99233537
624310	40.74391871	-73.99202007
958866	40.74415946	-73.99180531
4373376	40.74393916	-73.99204564
1193090	40.7439785	-73.99196398
1467719	40.744051263	-73.992020452
595798	40.74421173	-73.99122887
1593164	40.7448184804	-73.9919006824
4007875	40.745475346	-73.993219295
689462	40.74617832	-73.98728752
1042470	40.74339461	-73.98403608
1088404	40.7460584	-73.98739606
102582	40.7401001	-73.9934575833
199655	40.74366182	-73.98437523
172333	40.7401785212	-73.9935449519
4372578	40.744478208	-73.985420571
4433937	40.745833374	-73.988037254
1043173	40.7408750118	-73.9934539613
977303	40.73873639	-73.98983591
1305876	40.740447998	-73.993125916
3047221	40.741605549	-73.993706314
1001439	40.7410372142	-73.9932261253
918238	40.74128265	-73.9932959
1035386	40.7394863	-73.9897833714
965608	40.74291652	-73.99266785
107406	40.7408057667	-73.9866987667
786136	40.742044	-73.986199
549931	40.7443823	-73.9901608333
4374996	40.7443392	-73.98846085
377817	40.7442256948	-73.9903223369
760169	40.7403093	-73.9888052
3467609	40.74051755	-73.98936134
977369	40.74121171	-73.98919171
786293	40.7420864167	-73.98962335
584610	40.7394257887	-73.9898300847
1241149	40.74136615	-73.993380167
1135750	40.7411773951	-73.9934244195
23283	40.7389373057	-73.98968786
2523445	40.739188	-73.991763
2049446	40.740607	-73.993406
548666	40.74097543	-73.99340397
918429	40.74103212	-73.99336856
1535843	40.741290651	-73.989143372
845148	40.7392526167	-73.9913848333
3004982	40.739707259	-73.98978035
595794	40.7424855818	-73.9921152592
776959	40.7415710958	-73.9897763729
658598	40.74098974	-73.99313604
199746	40.7396239167	-73.9922831
556772	40.7419143989	-73.9924947633
745177	40.7394987345	-73.9910048246
3909302	40.742103927	-73.990585624
422318	40.7395678241	-73.9907487385
715984	40.7399386168	-73.9900392294
884668	40.7413373863	-73.9898864091
3915294	40.7411187887	-73.9901036024
1530543	40.740376	-73.990098
634751	40.7412289289	-73.9900598339
1173504	40.7406172167	-73.9929389333
598922	40.741455096	-73.990481251
1108818	40.741288629	-73.9928094311
57131	40.741281044	-73.9927753981
528539	40.7417909519	-73.9918578198
793915	40.7404006089	-73.9904892237
1104846	40.7399249	-73.99134433
340416	40.7405667824	-73.9927102014
998267	40.7416205833	-73.99207835
635755	40.7403388167	-73.9906628333
668114	40.74163752	-73.99143064
346227	40.7404550815	-73.9925315974
998240	40.74149105	-73.9921865
187402	40.7406073166	-73.9925763601
639136	40.7406159525	-73.9915895462
843540	40.7407541443	-73.9918255806
165953	40.740355858	-73.9921654778
529017	40.7411908833	-73.9909307667
680722	40.741290948	-73.9912543955
694219	40.7404462199	-73.9920331358
837659	40.7411439167	-73.9920591
209120	40.7404828333	-73.9920038
321441	40.74053448	-73.9920572
790149	40.7409930668	-73.9921167553
720684	40.7407943	-73.99213325
331843	40.74095261	-73.99206358
1175366	40.7406584	-73.991968
511314	40.7408492343	-73.9911678454
536673	40.740836389	-73.9912267662
1601774	40.74090824	-73.99191964
1048244	40.7409333214	-73.9917172078
95513	40.7407329571	-73.9916710466
501736	40.7408904143	-73.9916844334
3404057	40.740882	-73.991647
4546430	40.754329898	-74.255900202
3667090	40.7675921917	-74.221175909
1473607	40.7636168671	-73.9750564098
3725555	40.763117933	-73.971182402
235927	40.7747611	-73.95405
1469759	40.77464431	-73.95395219
1105053	40.77460926	-73.95397198
116721	40.7746870096	-73.9541853756
507218	40.77458423	-73.95419478
1574697	40.77429646	-73.9537701
298311	40.7743494417	-73.9539614988
383892	40.7719740628	-73.9559312917
1504006	40.77222785	-73.9561042333
1209058	40.774291	-73.954339
172081	40.7723235543	-73.9561299911
748750	40.7741246949	-73.9545587783
918343	40.77409052	-73.9544785
1761173	40.7747763628	-73.9508120927
1380075	40.7740402222	-73.955052495
79234	40.772945005	-73.9556586742
49084	40.7726581832	-73.9557253345
1577832	40.773670578	-73.955734292
1517372	40.7725650072	-73.9554977417
2924250	40.77290438	-73.9558625221
3476915	40.772490431	-73.95501072
97055	40.7729771167	-73.9558970833
565189	40.772816497	-73.9556767586
705593	40.7728809121	-73.9556687823
319208	40.7729215849	-73.9543974547
759829	40.7705500877	-73.9539077236
922339	40.7704374786	-73.9541774633
971416	40.770431644	-73.9541541716
970604	40.7704314063	-73.9541515405
757119	40.77267795	-73.95174711
1272100	40.77187141	-73.95327255
803165	40.77082625	-73.9535509333
2730840	40.7689941134	-73.9530569315
2305884	40.771039	-73.953682
1029551	40.7716981266	-73.9531506694
3561659	40.771484567	-73.953233733
886634	40.7691210719	-73.9521992943
3361188	40.771356237	-73.950909046
638661	40.7709274676	-73.9507370408
733012	40.7716906776	-73.9531523122
646061	40.77759655	-73.9490329
914310	40.778051025	-73.9483944
306717	40.77312535	-73.95172945
1162209	40.7773895833	-73.9481956167
659503	40.7720795333	-73.9538235833
475186	40.7744197795	-73.9536161185
1422589	40.7725650072	-73.9529335499
848917	40.7710342393	-73.9536819489
2783149	40.77235225	-73.95303245
3561688	40.771901117	-73.953033099
982806	40.7712468613	-73.9529013634
1491092	40.7713295687	-73.9537735305
810542	40.7695077017	-73.9519607967
2636274	40.7700768232	-73.9517641068
3684716	40.7706618449	-73.9513134956
1420736	40.769695123	-73.951205197
709301	40.7704958709	-73.9510955592
462113	40.7668117333	-73.9377418167
1783411	40.775293	-73.9499671
1328393	40.77787074	-73.945993147
840853	40.7729270844	-73.9496958761
579158	40.77342104	-73.9495365
1079586	40.7713088989	-73.9493789673
32649	40.777199204	-73.9463500553
485586	40.77361047	-73.94967794
976571	40.7725677536	-73.9496612593
1058523	40.7731932203	-73.9493562524
638656	40.7729167	-73.9492818333
570267	40.7741149925	-73.9486527443
429496	40.7761729537	-73.9469968562
651083	40.7760579333	-73.9471628667
1550478	40.776351242	-73.946920008
410857	40.77420935	-73.9484359333
1435696	40.7744799	-73.9481736667
1284727	40.772832738	-73.947531946
3205854	40.774789351	-73.9478695393
1008134	40.7752392333	-73.9432748333
1105788	40.7733146901	-73.9467168162
2753685	40.770659633	-73.94350985
3205369	40.770753	-73.943698
630579	40.7738021854	-73.9457130432
1478055	40.773909117	-73.94389615
811033	40.747865	-73.982834
3664967	40.750036	-73.991461
312036	40.7498788081	-73.9914946957
312049	40.7503344167	-73.99179975
1021070	40.7501561	-73.9916808
2122079	40.749158917	-73.9880275726
1264374	40.74444657	-73.99670004
568649	40.7459823633	-73.9940668786
991539	40.7563476501	-73.994089365
791806	40.74638706	-73.99334704
1940788	40.756044	-73.987467
997912	40.75820225	-73.9923163
827506	40.7579785263	-73.9929423071
169639	40.7580760276	-73.9927668519
1545646	40.7576264	-73.9923644
1474136	40.755102342	-73.988544977
961437	40.7556032187	-73.988972341
977357	40.7565472833	-73.9899098333
809743	40.7568764667	-73.9947324
714450	40.7558602095	-73.989277482
368484	40.75691723	-73.99337011
290502	40.7557990743	-73.9899909496
825561	40.7549282833	-73.9953848
2873380	40.756170633	-73.994307767
1903019	40.7564127445	-73.9910799265
1039462	40.7561649167	-73.9925364333
2367929	40.755622769	-73.993668186
1495694	40.755900091	-73.992014398
1558538	40.756386	-73.990394
798631	40.7563706	-73.99097275
986233	40.7548677341	-73.9883248624
1174554	40.75591995	-73.9901470333
987069	40.7554473877	-73.9894714355
771495	40.7555593167	-73.9899212167
784141	40.75550943	-73.99022156
582548	40.7544922097	-73.9882257452
312150	40.7528538333	-73.9897661833
489453	40.7540274689	-73.9884421204
312158	40.7530323833	-73.9895377167
495679	40.7530848816	-73.9897669409
291613	40.7548656293	-73.9906559078
798390	40.7534974552	-73.9892539609
566523	40.7538962536	-73.9889653303
112837	40.7546438333	-73.9901341
1479108	40.754559992	-73.990335431
478186	40.7542397161	-73.9904501166
453026	40.7539469949	-73.9895362097
777168	40.75398582	-73.99006563
760091	40.7531459333	-74.2513695333
3454384	40.784069702	-74.233721513
3180883	40.7643038034	-74.2156559229
2741833	40.739545132	-74.173040785
2010953	40.756759683	-74.16097835
1594710	40.75337625	-74.156916467
1860948	40.738655217	-74.166722483
1602985	40.737598	-74.161809
2862901	40.74555498	-74.16051453
1718605	40.753832291	-74.09442544
1521310	40.762076	-74.079791
3177347	40.761459	-74.078821
1451809	40.829041	-74.09729
1043088	40.7982517094	-74.0657248867
1839486	40.798165335	-74.063713888
1176952	40.8068673167	-74.0738057
3403693	40.80301731	-74.07180243
1000923	40.7779581333	-74.0437810833
584467	40.78211455	-74.0477409667
306518	40.7795271667	-74.0460478167
650711	40.7809395094	-74.0507161617
1957476	40.74912583	-73.99755358
1018563	40.74935877	-74.00711137
730027	40.7493503	-74.00684505
1578492	40.744801	-73.991834
309793	40.7456436157	-73.9982376099
2888286	40.74522503	-73.989914131
1172567	40.743387	-73.999366
1370317	40.74773436	-74.0043469
731061	40.7466022667	-73.99706075
1046872	40.7563653333	-73.99182675
701872	40.6983013167	-74.25229405
1411465	40.7726722956	-73.9815741777
78661	40.8009296829	-73.9693164825
78472	40.8079440424	-73.9640858474
1332396	40.826133	-73.919499
11724	40.8279794302	-73.9256434135
866850	40.826008	-73.919917
202214	40.7371586167	-73.99011615
232126	40.7771962	-73.9491355
1663816	40.730381	-73.983658
1430090	40.762602158	-73.966035375
1291436	40.826	-73.919939
295216	40.82637245	-73.9228971167
172506	40.72452684	-73.9788007736
4760938	40.728574	-73.989496
1484663	40.7238024473	-73.9846640825
4709516	40.7274234295	-73.9906775951
2177723	40.83160871	-73.92127156
724830	40.73570179	-73.99034959
272011	40.7363277998	-73.9900124073
377778	40.732224875	-73.9763651533
620401	40.7712618333	-73.9859895833
3129810	40.728208	-73.982896
4501679	40.720025897	-73.995859623
119020	40.7262193422	-73.9839178986
1497971	40.7252937555	-73.9842617512
505092	40.8191999833	-73.9267107833
560225	40.7236974827	-73.9910960197
161993	40.74977475	-73.98782402
2181411	40.7289630175	-73.9844977856
1420706	40.730361	-73.983696
1056372	40.68960945	-73.9695678833
1000569	40.6863603333	-73.974854
3919772	40.877161	-73.885591
3463005	40.826294	-73.920206
848513	40.7307322117	-73.9860750243
992522	40.7306837587	-74.0015118254
170469	40.7596724618	-73.9843869133
787644	40.7342019116	-73.989636898
1230084	40.752526617	-73.833430417
2735740	40.752472736	-73.832716329
664240	40.7314744635	-74.0005008907
1720333	40.71947276	-73.839186335
243848	40.72115671	-73.84412419
1087385	40.7348127333	-73.9923009333
545323	40.7301369268	-73.8623392582
457947	40.731128806	-73.862221241
990650	40.7327172833	-73.99697615
648789	40.7113103667	-73.9615914833
1079266	40.7609207599	-73.9868635112
1383092	40.727611917	-73.985450005
1222599	40.7331287798	-73.9924585819
1477907	40.7284931	-73.987869817
914048	40.729998713	-74.0004086494
724587	40.7210162504	-73.8427620991
637402	40.7214126312	-73.8439285755
1267436	40.786210183	-74.0677344
1196556	40.684667893	-74.192858501
34715	40.8069629236	-74.1042565043
4921961	40.804287191	-74.101063355
362022	40.9040084301	-74.1178985337
644443	40.7854238102	-74.0462851524
985933	40.9163961764	-74.0566803066
588506	40.9139656329	-74.058935128
29514	40.9165247264	-74.0605723827
705819	40.8320604479	-74.141793251
1064821	40.83110761	-74.14003467
519958	40.7868913667	-74.0469795
1006575	40.9176371	-74.05867016
1489590	40.935311359	-74.071404109
644501	40.7871947007	-74.0463709831
355963	40.7908247667	-74.0521494833
644459	40.785545662	-74.0459311008
668201	40.7879826505	-74.0456521511
645829	40.790086512	-74.043763876
1100141	40.91897025	-74.07536765
1100131	40.9186648333	-74.0753428333
52805	40.917525801	-74.0748667717
1100763	40.91869395	-74.07559186
302508	40.9161760344	-74.0766130206
44690	40.9166258869	-74.0763473511
1065242	40.8745879	-74.0977273167
35915	40.9054023667	-74.03243555
442465	40.90503716	-74.02983897
146616	40.75572566	-73.9869008278
1714442	40.75112199	-73.9906997
210884	40.765582241	-73.9873975552
111810	40.7342072773	-74.0029600515
1013187	40.7749420155	-73.980789864
307999	40.7756345854	-73.9823587619
126128	40.7309216501	-73.982880323
316802	40.726877	-73.985335
659088	40.7753052712	-73.9563211799
160333	40.7372179698	-73.990881443
1150183	40.7917933612	-73.9717261928
946180	40.7654491658	-73.9838165368
922513	40.7755807975	-73.9562064
55685	40.7180760766	-74.0438278733
214776	40.7411003833	-74.0018226667
58186	40.73542005	-74.0048672667
306384	40.7616247	-73.9907977167
1006160	40.7156884667	-73.98993015
382077	40.7880322801	-73.9745329751
359223	40.7852667287	-73.9730983895
165949	40.74415963	-73.99551212
87828	40.7340515116	-74.0047216415
433557	40.77493506	-73.9538809
296626	40.7381057567	-74.0021361788
131178	40.7388306255	-74.0034805786
95865	40.762736464	-73.9755636146
728330	40.75747168	-73.96948277
139791	40.7654939757	-73.9833927155
24395	40.75925195	-73.97830873
748484	40.76816999	-73.95579671
74268	40.7141548585	-73.956215182
1006984	40.7160878476	-73.9596548184
298034	40.7180171	-73.98972775
280578	40.7850467531	-73.9770729562
314601	40.7373229352	-73.9925115667
787800	40.7345027106	-73.9903664589
1122728	40.7767042748	-73.9790779898
724417	40.7768897957	-73.952475984
703965	40.7800864832	-73.9807212353
904263	40.7560866	-73.9682
197117	40.704882975	-74.0096126462
846170	40.7046714694	-74.0097681852
899694	40.75416457	-73.97306019
1171985	40.7544600964	-73.9740800858
651140	40.7548393879	-73.9736536142
733708	40.7561322838	-73.9697134495
664528	40.6925290779	-74.1779522943
475885	40.749987957	-74.0271770954
321819	40.7583936	-73.9789915
5107449	40.759178	-73.979594
5746923	40.7510648807	-73.9843422174
5622060	40.7559494252	-73.9693593979
543407	40.7417480333	-73.9999054333
5613041	40.7402728333	-73.9962179
1358187	40.7415527167	-73.9982346
329826	40.75162696	-73.99068784
3480717	40.764768	-74.088033
5536383	40.7260956667	-74.009436
1072906	40.72611305	-74.0096675333
682243	40.932914821	-74.0707169105
5109131	40.7596105663	-73.9823520184
323296	40.7591554743	-73.9794230461
4899083	40.734043	-74.170175
1204969	40.705825967	-74.006864983
1536341	40.7063412666	-74.0096461773
923815	40.71955	-74.002526
1022775	40.7184039882	-74.0008056164
445559	40.9045073833	-74.0323272333
1413995	40.76788902	-73.98195624
562708	40.768557368	-73.9854741096
339749	40.7777507599	-73.9825934172
1150231	40.7732542167	-73.9812651333
934732	40.7705480911	-73.9824485779
4293653	40.7596024397	-73.9822125435
50330	40.7603973333	-73.9832182
1439675	40.761235	-73.990257
314420	40.7615997907	-73.990200096
140309	40.7615528362	-73.9903303467
1191347	40.91875195	-74.0752527833
3981691	40.917912	-74.076074
3766268	40.919390969	-74.076022664
3765428	40.919109223	-74.075784606
3861969	40.75955368	-73.982309103
3782515	40.72741206	-74.00535552
644184	40.7283076026	-74.0051293373
3424601	40.7596390095	-73.9822661877
3424619	40.759659326	-73.9823949337
447050	40.7625968	-73.984236
3414008	40.70990815	-74.0100023
3357094	40.7581732	-73.9820463
504539	40.7204612642	-74.0039920807
2961918	40.7586028584	-73.9805173874
591070	40.7622463695	-73.9876656406
485150	40.7620972642	-73.9862573147
1997939	40.7196649167	-74.0005676167
848862	40.7443443196	-73.995370646
1269443	40.7605044881	-73.9835965633
745878	40.75871843	-73.97917944
2513339	40.7576445	-73.9803755
205608	40.75882863	-73.98315614
2443584	40.7218598503	-74.0053117275
581660	40.7567502991	-73.9789142792
722096	40.7591094971	-73.9825439453
471007	40.7545452357	-73.9841913481
199720	40.7398517333	-74.03000335
205585	40.7371470833	-74.0277584
2114174	40.7369171831	-74.0265655518
2129038	40.7639256592	-73.9974796772
1333615	40.7640784979	-73.9976674318
2034168	40.7281338	-74.0071721667
315240	40.7200451622	-74.0013498171
39998	40.7457239667	-74.00966115
1604096	40.74636125	-74.0095534833
195689	40.7454905839	-74.0081414096
1569897	40.829424	-73.9285795
46939	40.7619360147	-73.9834974135
298218	40.7620327753	-73.9834654077
1543717	40.9289107167	-74.0948296667
505637	40.7247434934	-73.9941715771
545451	40.7317710806	-74.0009129047
893326	40.7581689824	-73.8455578742
1529919	40.75583515	-73.8466741
1479530	40.723263	-73.992426
479741	40.724038984	-73.9934241772
146215	40.9325108	-74.0698999167
365797	40.7422317068	-73.9933511229
395731	40.7501525446	-73.9947491884
1420270	40.7133910667	-74.03903365
478274	40.754191686	-73.9907797487
677853	40.7298376847	-74.0041995572
5370225	40.769008675	-73.982397681
4676480	40.74756264	-74.01111853
1025280	40.74764265	-74.0112693333
4562564	40.76173131	-73.97953263
4530875	40.76124382	-73.98480612
27287	40.7611210898	-73.9850816848
936384	40.76312369	-73.98292773
1209559	40.77590918	-73.87476515
3842504	40.769903	-73.86122918
3831637	40.741795904	-73.984026611
518436	40.74070608	-74.00115019
767312	40.73957967	-74.00018197
27343	40.7368340523	-73.9971184
1546844	40.7373834983	-73.9965238143
1458344	40.737154483	-73.996675
1186567	40.7369399071	-73.9961761236
1159092	40.747296	-73.985697
1289044	40.749683786	-73.981514987
661021	40.7475452556	-73.9824028647
208877	40.7388062789	-73.9939563137
79756	40.7636818761	-73.9795303345
1300565	40.76892322	-73.86610317
1224992	40.78047418	-73.88394141
1137025	40.7708410585	-73.8667313275
890157	40.7716612449	-73.8658797741
842067	40.76690948	-73.86329531
477515	40.7605129933	-73.9814023959
430848	40.7685898701	-73.9829850197
930441	40.6982202	-73.9568703
847393	40.72017323	-73.99359983
924731	40.7519414833	-73.98361335
614905	40.7634948833	-73.978183652
758994	40.7635265167	-73.97824725
851453	40.7689402333	-73.8613708833
511038	40.7648251	-73.97939056
673976	40.7644198787	-73.97800265
578675	40.7642868151	-73.9796162123
607824	40.76415234	-73.97918641
350662	40.7826577148	-73.9446240664
740181	40.7658857809	-73.982769792
532266	40.7623573667	-73.9710625
572040	40.7626938667	-73.9723268833
463714	40.7568138667	-73.9697680167
578825	40.75675064	-73.97018015
299479	40.7570967024	-73.9699974248
680616	40.7574662275	-73.9708243036
496796	40.7581156892	-73.9701889315
356162	40.7585172	-73.97025352
235367	40.7593652167	-73.9696996833
685446	40.7593058312	-73.9701846258
630811	40.7692593417	-73.982221333
507126	40.7691991678	-73.9828047099
615495	40.7690774383	-73.9827036792
650832	40.7693780407	-73.9823627472
37969	40.7693814841	-73.9821934198
315020	40.76314502	-73.97015923
638739	40.7623816845	-73.9721167088
572034	40.7624829969	-73.972071221
322987	40.7517005909	-73.9771431806
329019	40.7523345947	-73.9769363403
715784	40.7521824246	-73.976290226
160232	40.7505752167	-73.9775038667
500328	40.7481227148	-73.9793144067
717807	40.7488099568	-73.978008401
418997	40.7483795926	-73.978486142
299755	40.748574	-73.9764909667
530260	40.7486053982	-73.9771155681
192397	40.74806028	-73.97719758
246671	40.7484603629	-73.9778239643
27349	40.7479703569	-73.9769856375
169961	40.7481130146	-73.9764338168
142618	40.7471313477	-73.9770965576
133100	40.7480327667	-73.9761494833
551639	40.6887593167	-74.17692505
680088	40.6875686833	-74.1749000667
303159	40.68947565	-74.17720872
662985	40.7681585167	-73.8866125
414692	40.7813716167	-73.9187647
310645	40.7674276983	-73.9212107875
300344	40.74389809	-73.90235227
464042	40.7745557333	-73.9086683167
230574	40.81401008	-73.95001
230019	40.8092260833	-73.91703825
166288	40.7675021667	-73.8826649333
195028	40.7473783333	-73.94329195
29484	40.8453536	-73.8757132167
208800	40.75955368	-73.8301312923
363834	40.7761380474	-73.91071558
439055	40.7688191667	-73.88752535
414786	40.7807734167	-73.9172177833
308479	40.77220325	-73.83409645
16213	40.7597515167	-73.9182672333
164322	40.7472839355	-73.8894882202
164252	40.7753824558	-73.8742268085
452173	40.774496859	-73.8731002808
295899	40.77843904	-73.8714987
280264	40.7677907167	-73.865215
488363	40.7871710167	-73.9288403833
298771	40.8048813	-73.9385559667
182171	40.8056562638	-73.9404129982
447841	40.8051446398	-73.9421081543
164062	40.7398246911	-73.988542357
426609	40.7403946869	-73.9896238688
463573	40.7479884901	-73.9856564999
374125	40.74878615	-73.9851945
382509	40.750732	-73.9846114
194872	40.7554210207	-73.9788978929
217930	40.7554689077	-73.9787691255
324124	40.7554752119	-73.9789407364
389439	40.7547425453	-73.9794766903
312953	40.7557924463	-73.9786411587
371909	40.7578234	-73.97841477
319992	40.75848549	-73.97732627
386944	40.75933706	-73.97763097
418879	40.76301264	-73.97716712
366874	40.76414984	-73.97920238
434000	40.76332366	-73.97842258
151230	40.7642604547	-73.9791958716
238709	40.76401799	-73.9784085229
234492	40.7649154663	-73.9785842896
322029	40.7654033851	-73.9811848206
334086	40.7652732911	-73.9817627066
481843	40.76797664	-73.98251616
458153	40.7684761128	-73.9828455448
243680	40.7687373121	-73.9819667592
390899	40.7692680767	-73.9822767232
25600	40.7537489	-73.9495554333
453408	40.7747048535	-73.8695812225
451504	40.77199131	-73.8760491
245811	40.7754393286	-73.8710618019
294796	40.7742921051	-73.873121957
425969	40.77172499	-73.86262005
297530	40.7713401078	-73.8686087414
297546	40.7713401078	-73.8686087414
433168	40.7695236206	-73.8645935059
254535	40.76897543	-73.86697429
305894	40.7488592778	-73.9727740066
100920	40.7593939383	-73.9650214888
186416	40.7587805833	-73.9659792167
23747	40.7615558667	-73.9703734167
148247	40.7609285167	-73.9712785
300507	40.7654614721	-73.9803242683
425140	40.7686629997	-73.9830386639
210681	40.7645191098	-73.9846632595
142386	40.7722218773	-73.9848518372
269858	40.7713616002	-73.9826670507
381515	40.7643965771	-73.9821611058
364287	40.7646904712	-73.982605113
279840	40.76500045	-73.9829247667
448367	40.7722787528	-73.9834141731
161131	40.7660236667	-73.9848246333
269815	40.7719757	-73.9825937333
310278	40.7647984	-73.98236924
356400	40.7648980798	-73.9830251328
364621	40.7670082928	-73.9873744836
430734	40.7669221964	-73.9825451773
155762	40.76985635	-73.9843805833
164908	40.7630534676	-73.9765036134
292106	40.76283228	-73.97654414
329712	40.7627123027	-73.9767253654
252875	40.7630732893	-73.9773997059
18470	40.76266151	-73.97725075
187643	40.76291579	-73.97694528
229580	40.76289117	-73.97713172
206875	40.76606285	-73.9794504
224222	40.76605778	-73.97913497
318910	40.7638015747	-73.9755859375
410366	40.77778786	-73.85711532
307114	40.768011	-73.8639989
432857	40.76931416	-73.86777001
389679	40.7549499833	-73.9705468333
430193	40.7498687	-73.9767823667
132012	40.7648251	-73.97939056
339043	40.7660053268	-73.9799429595
181562	40.7661139333	-73.9835998
39388	40.7656138866	-73.9833342811
378116	40.7659553409	-73.9830474795
333475	40.7660752149	-73.9812699731
296136	40.76797366	-73.98250758
127312	40.7671166667	-73.9823264
267881	40.7672236691	-73.9817568826
372280	40.76335865	-73.97842699
305515	40.76349341	-73.97972947
266948	40.7640068618	-73.9794167434
266744	40.7649820423	-73.9793264866
170720	40.7659689105	-73.9792591382
397233	40.7649123	-73.97643959
390204	40.764811	-73.96415295
141967	40.76353192	-73.96276021
79023	40.7631094333	-73.9622317667
25573	40.7623743721	-73.9599914094
12184	40.7707268469	-73.973865509
144334	40.7698736895	-73.9813542366
88482	40.7433634766	-74.0073609352
210163	40.7408353	-74.0062502
196884	40.74980252	-74.00637865
184593	40.76016044	-74.0026009
158624	40.7638016997	-73.9803118899
156266	40.7636536044	-73.9790484697
179685	40.7636075779	-73.9789576308
157569	40.76201993	-73.97841686
27126	40.761735148	-73.9805178342
119793	40.76296805	-73.98017405
78423	40.7620734	-73.9803647
189465	40.76524323	-73.98064386
155841	40.7665739833	-73.98122905
101231	40.7683168651	-73.985483139
191665	40.7693788631	-73.9822006346
169134	40.7740338162	-73.8721477453
168067	40.76899224	-73.86696261
4707291	40.738834	-73.989973
915850	40.7595180571	-73.9873243182
572496	40.72771905	-73.6003760333
1299421	40.7285759067	-73.5975730419
1562306	40.76178845	-73.583490733
154677	40.7198105824	-73.5849800158
39476	40.722778	-73.590556
1457773	40.75036499	-73.63804245
566133	40.7453861564	-73.6516207942
411930	40.724401758	-73.6418850082
1308672	40.7303712	-73.6201294
5391817	40.754455195	-73.601485018
3144327	40.754405012	-73.601541514
5391205	40.754403368	-73.601550058
3144407	40.754777514	-73.600826416
3143607	40.754485294	-73.601520157
1205466	40.751159017	-73.6040614
1386959	40.737435658	-73.581689353
217531	40.7397984677	-73.584382134
142379	40.7397517141	-73.5843492196
865390	40.72689915	-73.5775775167
865565	40.7310515701	-73.5794976354
865632	40.7329580526	-73.579376936
865555	40.7309031955	-73.5790362954
865763	40.7340189926	-73.5803371668
865867	40.7338210167	-73.57769755
865925	40.7333973667	-73.5761454333
426971	40.7305759571	-73.5788297653
923666	40.73367	-73.575943
865351	40.7257965333	-73.5766845
865295	40.7278693	-73.5738598833
119947	40.7230528	-73.5710509333
865474	40.7278766879	-73.5728645325
528330	40.7122235341	-73.601648259
421884	40.72525161	-73.60547363
1230761	40.727733564	-73.601725686
397277	40.7294853833	-73.601399
397029	40.7304025333	-73.6020944
5706342	40.728311563	-73.599138048
911644	40.7400631824	-73.6164772511
1781691	40.738020644	-73.611809586
905663	40.73613846	-73.61256945
995780	40.7336175833	-73.6047203
714712	40.7370838296	-73.6135020902
453184	40.7380000399	-73.6142225248
549533	40.74666136	-73.59620839
341106	40.7444590833	-73.6149099833
5391787	40.75447946	-73.6014235
785824	40.7363088667	-73.6119172833
5249705	40.73332438	-73.736496192
5238776	40.72323995	-73.59110856
224754	40.75366377	-73.99249613
421306	40.748258516	-73.6057972064
536481	40.7515235833	-73.6043387167
142694	40.7462328111	-73.5945153236
5055398	40.737756081	-73.613368174
144021	40.7189694667	-73.5894728333
495994	40.738772714	-73.6147094637
347365	40.7365188418	-73.6129045486
797995	40.7387683	-73.6129897
1138845	40.6983091667	-73.63092875
325220	40.7073091	-73.6333557667
697687	40.70447035	-73.6389848833
53163	40.7050972	-73.6414409333
1068185	40.7428487471	-73.6157788785
805472	40.7445144653	-73.597111702
4544790	40.740546899	-73.640559943
486636	40.7507693667	-73.5741949
905654	40.73613846	-73.61256945
942134	40.7562637634	-73.5825858566
881027	40.7573968	-73.5879300333
437843	40.7431794	-73.60871065
223972	40.7405853667	-73.5996142167
261337	40.7445967167	-73.6023138833
414894	40.7376705804	-73.6140315524
408323	40.7389026	-73.6139224667
38802	40.7416846902	-73.9917105394
104218	40.7262360752	-74.0025569943
1450905	40.75291132	-73.97837561
252074	40.70938259	-74.16615468
459770	40.732718221	-74.1192734241
459774	40.7350433324	-74.11898911
1397870	40.8218156	-74.02947121
194421	40.8225744	-74.0310493
689439	40.8827423656	-73.985146938
146114	40.8784810272	-73.9837516313
719252	40.8550925071	-73.9392235682
508275	40.8417442185	-73.904761076
501925	40.8461554254	-73.9021164179
508261	40.8439356551	-73.9003622532
1120664	40.8453722242	-73.895201683
1192079	40.847842783	-73.87866495
1192044	40.8474238667	-73.8782055
242221	40.8391387496	-73.8952875137
883606	40.8376290203	-73.884756884
660561	40.8382209833	-73.8817620833
1526821	40.842325	-73.872772
1425942	40.832502403	-73.857657491
19523	40.83819585	-73.85980145
19739	40.83295815	-73.8602818167
660563	40.8359100167	-73.8706625333
1470906	40.834262983	-73.851004817
1114448	40.8312141895	-73.8378989697
844676	40.5860727262	-73.6915462362
1006938	40.6024131054	-73.6536391085
948749	40.58801358	-73.67174631
468653	40.5860243047	-73.6922110871
1009488	40.6227009167	-73.7254201833
1035130	40.7441091708	-73.9949918302
872436	40.5880208167	-73.7408449
2015129	40.588533545	-73.660584235
1205240	40.585899533	-73.69220465
840723	40.5882600757	-73.6643224955
933044	40.7158189474	-73.5979359113
1534972	40.588322584	-73.65947883
894019	40.5886441829	-73.6624195546
1136620	40.5883960167	-73.6734025
578058	40.7950250447	-73.6765265465
1183683	40.7740938663	-73.7326169014
1455832	40.773474606	-73.733291621
1398930	40.589171331	-73.73078997
763393	40.7663445503	-73.9801505947
1245702	40.7638443983	-73.9763867855
1375142	40.626356938	-73.736253888
1314401	40.71679288	-73.99765133
674133	40.7214795639	-73.9891477017
571974	40.74103307	-74.00601118
597408	40.75889325	-73.98599487
109598	40.7598791667	-73.99092715
104566	40.7627392398	-73.9873838425
108823	40.7543090667	-73.9984194833
153066	40.717237086	-74.0332040191
2932844	40.7150369883	-74.0374177694
335737	40.7164279676	-74.0355885029
450196	40.7169971976	-74.032047987
1433279	40.716862437	-74.032895163
426082	40.7409208167	-74.0052239
676544	40.7174255167	-74.00924965
340847	40.717867297	-74.0370690823
150885	40.71794945	-74.03481519
1178279	40.716980858	-74.033624211
938672	40.71636895	-74.0326981667
1054404	40.7264462391	-74.0388468935
69475	40.7354812299	-74.0059391767
81048	40.7353400629	-74.0062344074
12614	40.7357275333	-74.0068030333
744262	40.7244763667	-73.9934823167
885511	40.7246811492	-73.9941594815
486641	40.7340984	-73.99252795
202060	40.7340230575	-73.9933973551
308608	40.68227398	-73.99426579
169706	40.68159627	-73.99491363
590519	40.6824381	-73.996185
928025	40.6265197833	-74.07623685
246542	40.6468070005	-74.0765082836
933889	40.7177212167	-74.0344883
449387	40.7231521606	-74.0369415283
757269	40.64428317	-74.01748991
173980	40.71758335	-74.04360508
329616	40.7107091515	-74.0156520643
728517	40.7166953332	-74.0334032639
881055	40.6836529645	-73.9953583634
361711	40.6834113396	-73.999969494
732255	40.68300807	-74.00361031
21647	40.6803651833	-74.0049931833
171759	40.6855259333	-74.00213935
930421	40.7163096833	-74.0345306833
930339	40.7162141833	-74.03306955
77183	40.7193069667	-74.0060954167
408325	40.7352918213	-73.998277523
375384	40.71391445	-74.0331399
445841	40.8049497344	-73.9658725262
455989	40.7161921333	-74.0315496
232157	40.7162897252	-74.0330457687
152166	40.7166841217	-74.0329572558
208980	40.7490355446	-73.9883624307
228299	40.7431263664	-73.9964210324
38098	40.7446067627	-73.9968299555
325091	40.74349588	-73.9966228
246962	40.74469238	-73.99110019
318856	40.71606904	-73.98964565
448256	40.7711006077	-73.9852809906
225878	40.7526027833	-73.9756617167
1317407	40.712827173	-74.00980618
787075	40.762676	-73.98963576
267839	40.73784333	-74.00031489
846218	40.708802222	-74.0121795939
244996	40.6168843597	-74.2327308655
991508	40.6535447	-74.2064913
575705	40.6536242296	-74.198205471
575485	40.6504558309	-74.1944235563
1104361	40.665364	-74.180986
1137900	40.8396762667	-74.0229838667
660540	40.8395395667	-74.0180541833
1126931	40.85207225	-74.0135283
346609	40.84677326	-74.0179435
439614	40.87094873	-74.01029694
252426	40.87533509	-74.00571948
920764	40.8804164831	-74.0066635609
981760	40.8772895	-74.0026916667
723645	40.87314328	-73.99972456
800724	40.8819530492	-73.9857424947
1063795	40.87911558	-73.98066395
1032321	40.8777188755	-73.9862185034
206804	40.86793675	-73.9732223667
187472	40.8727255504	-73.9787665955
601416	40.8687638	-73.9742234
1220758	40.864987483	-73.970905683
154519	40.8637476333	-73.9752146167
938027	40.86638795	-73.97438055
603757	40.85875874	-73.97769016
1230158	40.8609858028	-73.9756894112
677349	40.8593061401	-73.9716017246
668249	40.8589896772	-73.9728140831
528456	40.8555586985	-73.9673812389
307260	40.8500073653	-73.9076406281
176630	40.839907419	-73.9132957881
175445	40.8485406833	-73.9117851833
998186	40.85011295	-73.9468287333
1238142	40.84962624	-73.93974685
1241506	40.8483994685	-73.9345657825
799795	40.8485212047	-73.9371299744
491012	40.84866929	-73.93245655
154805	40.8466683167	-73.9339170167
302098	40.848616	-73.927199
508220	40.8438463758	-73.9034199715
11728	40.8538124533	-73.8777780533
322075	40.8415297422	-73.8613051584
222662	40.8376666636	-73.8588712494
287329	40.8377384973	-73.8649426782
382283	40.8367965833	-73.86091045
1085278	40.8359876167	-73.8609667333
1240961	40.832833733	-73.861663133
356231	40.833503721	-73.8613707096
269003	40.83383923	-73.86019092
1033479	40.8327053167	-73.85876355
1157145	40.8253079653	-73.8566368818
162304	40.8385451833	-73.8469711833
1100896	40.8321082167	-73.85173165
126130	40.83141845	-73.85301506
745282	40.8322244921	-73.8511414145
1128669	40.8362318333	-73.8388701
408782	40.83078879	-73.84316462
1296113	40.8350241667	-73.8302828167
652138	40.83467725	-73.8290796
1047165	40.8527630568	-73.8272881508
885373	40.8525323868	-73.8262850046
821985	40.849847	-73.826772
26236	40.8503801	-73.8279471
899337	40.8567756414	-73.8364773989
238720	40.8665640079	-73.8225622618
623168	40.8640442101	-73.8224106043
1121469	40.8622434167	-73.8311508333
1199940	40.8675098419	-73.8284039497
490672	40.8796929167	-73.8423566167
982943	40.86948966	-73.82766908
1262484	40.879985	-73.825662
1114355	40.8825999498	-73.816511035
1033591	40.8516183	-73.9522509667
1013536	40.81829575	-74.02363625
512337	40.8224616667	-74.02972425
999733	40.82149231	-74.02749907
1017680	40.8269797667	-74.0282239167
119218	40.7135307	-73.9618351667
305389	40.670313475	-73.9854972048
13752	40.5738931667	-73.9755201667
170116	40.7231893	-73.98216635
399533	40.7230155333	-73.9831158667
22311	40.7237037833	-73.9831163333
23137	40.7249858167	-73.9824099333
5555704	40.726319	-73.983317
1009273	40.7272211587	-73.984979984
464593	40.73411977	-73.98428666
5632460	40.739598227	-73.976642643
727517	40.7412099333	-73.9748693833
4750802	40.740107	-73.974102
735802	40.74171915	-73.97696395
1977969	40.737524907	-73.978869923
839137	40.741503	-73.978263
716957	40.7412984333	-73.9751474
907181	40.7381469011	-73.9803940058
296686	40.7385113047	-73.9805451538
170414	40.7424252888	-73.9776329088
2926246	40.741697	-73.974122
716952	40.7412984333	-73.9751474
986995	40.74071505	-73.97858865
63262	40.7425008333	-73.9776362833
421430	40.7405338167	-73.9804992333
609622	40.7370001667	-73.97480305
507460	40.74175125	-73.97844612
309249	40.7413069086	-73.9784681797
99390	40.7409366333	-73.9760534667
468933	40.7405800242	-73.9759161734
1429752	40.73963251	-73.976735408
539558	40.7409310315	-73.9820096603
178457	40.7394027396	-73.9899670479
260644	40.7394319409	-73.9899406663
831639	40.7370974939	-73.9902501077
945808	40.7369485	-73.99054295
4350378	40.735736	-73.991094
1084337	40.7336552333	-73.9901089
659777	40.7294872312	-73.990846679
88185	40.7312975053	-73.9919677377
1301510	40.730536561	-73.990682251
622964	40.73045885	-73.99156469
4895876	40.73163635	-73.991355933
267982	40.7317914056	-73.9900285006
728849	40.7327225716	-73.9900749732
998547	40.7323313667	-73.9891621333
3782929	40.73235796	-73.989884588
826630	40.6458445953	-73.7835806001
1015891	40.71463605	-73.9439119167
314970	40.7148003667	-73.9440671833
4738625	40.7201471333	-74.0010820667
767281	40.715129	-73.945392
505333	40.73559737	-73.99178713
5342973	40.71582371	-73.93848058
200633	40.7156050333	-73.9382816
309731	40.7145568533	-73.9443568957
416854	40.71385973	-73.94306892
683113	40.7227691214	-73.9959764544
1019924	40.7180674	-73.99995738
4289703	40.7192923333	-73.9973140833
812070	40.73188155	-73.98954576
163897	40.7221114423	-73.9962791126
305682	40.7145024373	-73.9445764463
303106	40.7354376178	-73.9926946163
3241512	40.7400877	-73.9866056
947594	40.7221573492	-73.9888897019
315926	40.7203179425	-73.9848245055
147882	40.7135513475	-73.9522963357
812368	40.7173532833	-73.9449803333
694489	40.7355633167	-73.9884488333
1057003	40.74091231	-74.0054059
1036411	40.736207	-73.993124
956225	40.7291200503	-73.9890408402
314940	40.7220583018	-73.9964995266
384004	40.729649112	-73.9989387989
389929	40.7202382	-73.99723452
27357	40.714866637	-73.9443817036
28272	40.7146756942	-73.9426718036
219933	40.7408876772	-73.9954221079
72224	40.7211584667	-73.9963159333
1418689	40.7107655	-73.9376155
1246713	40.730167	-74.002166
425708	40.7350636565	-74.0000331402
1351213	40.729751	-73.98004
1339756	40.714816	-73.945621
1030504	40.72052562	-73.99710971
187511	40.7135344266	-73.9619002662
652542	40.7250169161	-73.9983676707
765622	40.7642113049	-73.9883848365
542009	40.73114132	-73.9967851
543678	40.7155985093	-73.9444041252
833742	40.716759	-73.996398
33960	40.7176025548	-73.9589842747
1176786	40.724702	-73.984441
1172218	40.7237347333	-74.0084012667
556330	40.7315653502	-73.9945756396
435629	40.73766165	-74.031313
658613	40.7482736833	-73.9906656
5700354	40.74733942	-73.98520559
2554275	40.747645	-73.98561
1278918	40.7142892454	-73.9986383915
533598	40.7407029667	-74.0338058167
104210	40.7395887	-74.03026555
1413747	40.736935933	-74.030710025
200554	40.7367220775	-74.0308785439
200464	40.7365188418	-74.0297734737
446434	40.7183483667	-73.9938731833
710931	40.7189149833	-73.99662565
561539	40.7215763229	-74.0001501653
724372	40.72282743	-73.99908304
983046	40.7242585196	-73.9977586269
118080	40.7331466328	-73.9997252212
793630	40.6969832333	-73.9349251667
5234721	40.737199717	-74.032828083
5233973	40.73720715	-74.036971167
196558	40.733909241	-74.0000975132
5167476	40.71862977	-73.99526947
195969	40.7181659766	-73.9970705687
209848	40.7398843441	-74.0366184711
1357124	40.737937833	-74.031092467
520350	40.73240894	-74.00055265
764744	40.7154167554	-73.9965859341
196436	40.7164604951	-73.9962029457
1784499	40.7324394	-74.038108233
1505916	40.774412748	-73.87258702
242793	40.7366976892	-74.0293550491
439323	40.8059370333	-74.0187084833
421707	40.8125954	-74.0133353333
1261199	40.800075667	-74.007626
2468136	40.8034635619	-74.0004301071
440793	40.7344437704	-73.9995664358
664524	40.7497217167	-73.8629598833
4170638	40.75487035	-73.84518164
649310	40.6877202657	-74.1904592514
1163564	40.7658002167	-73.9909776833
845654	40.7659671623	-73.9909856105
1158300	40.76459169	-73.99155378
1151559	40.7408110467	-74.0077257156
659465	40.7643300128	-73.9809243077
632742	40.6410766151	-73.7892314943
3290852	40.73987916	-73.98494412
794371	40.7086229315	-73.9222334358
1414534	40.746105259	-73.977931604
297939	40.7366217	-73.99477325
70796	40.7142955	-73.9517376
428064	40.71271663	-73.95023792
171925	40.72705265	-73.9821847667
923003	40.7851426833	-73.9768300833
432315	40.7258605355	-73.9966505928
987853	40.7350516319	-73.9876359701
456333	40.8097947911	-73.9516796172
202215	40.8055100859	-73.9387822151
634292	40.8043162879	-73.9374411106
729309	40.7595143833	-73.9677063333
790608	40.7564140874	-73.9701486231
872510	40.74432365	-73.9586831667
188657	40.74988299	-73.98733055
862929	40.7469913086	-73.9847495797
771867	40.7917273153	-73.9406168461
987912	40.730088822	-73.9805957935
272264	40.7340759604	-73.9885260532
718976	40.73228001	-73.98466122
135173	40.7972943597	-73.9351119662
486259	40.79306305	-73.9364922833
486302	40.7939007333	-73.9339025333
361499	40.73415589	-73.98879158
397632	40.7343619844	-73.9885244993
930496	40.7842540218	-73.9778459072
732596	40.7853	-73.975581
570522	40.7834691	-73.9786805833
279481	40.7833440333	-73.9787263833
846244	40.78383035	-73.9794239833
802798	40.7839209533	-73.979498148
405285	40.7838722114	-73.9800024033
497273	40.7958345659	-73.9721845176
711881	40.7936421353	-73.9709577831
887021	40.7940044601	-73.9706960281
1426455	40.763823723	-73.98087931
5519728	40.764702166	-73.979558245
5518539	40.76462501	-73.98205089
1448197	40.76237257	-73.979906977
552612	40.7634172629	-73.9812942113
340083	40.7535109167	-73.97648315
5328822	40.7265920574	-74.0245485306
1013637	40.7264371333	-74.0322914667
2465827	40.726551933	-74.0332455
3197952	40.726444817	-74.030537133
5370012	40.7431277467	-73.9184188843
3144591	40.72954835	-74.0321715
2660621	40.729099333	-74.032261633
577151	40.7430614901	-73.9192931459
1464492	40.5733143833	-73.9812498167
573833	40.5732845667	-73.9797481667
1222359	40.57199255	-73.9825003
5296087	40.571460717	-73.983670467
1438013	40.743049479	-73.917910813
576713	40.7430934833	-73.9175877667
1364326	40.7292832485	-73.9935851097
264610	40.73759048	-74.0308409922
2692484	40.727034417	-74.032256767
2812188	40.734653467	-73.99081754
3503156	40.730967733	-73.99545645
297981	40.7311415665	-73.9934768261
3561230	40.727096	-74.038334983
320605	40.7286163484	-74.0000548666
580150	40.72984802	-73.99310147
2902893	40.7264457055	-74.0301382542
4378016	40.7312255	-73.9942538
497881	40.7397558	-74.00232715
1466972	40.7363927364	-73.9962780476
936848	40.7498853625	-73.9868962358
899597	40.7323195155	-73.9940380906
3502993	40.732319717	-73.994237033
64043	40.7321097584	-73.9940584075
2762169	40.729376989	-73.995657038
152249	40.7267546702	-74.0346872807
292762	40.73289084	-73.99353879
2661148	40.7283645157	-74.0327560902
2692229	40.726974263	-74.037387571
1171927	40.7267553327	-74.0328252661
2692524	40.7275687	-74.031702617
103737	40.7275009155	-74.0321121216
2692539	40.727923417	-74.0319612
2692469	40.726615067	-74.032183433
2838798	40.727887684	-74.031464823
2730270	40.7277628608	-74.0303850174
866932	40.7282562256	-74.0344314575
2659754	40.729879167	-74.032681317
664731	40.7301637	-73.9866055333
530455	40.7296084606	-73.9963209629
464281	40.7291043549	-73.9934791282
2016507	40.729886267	-73.99531385
839059	40.7149779797	-74.0052258968
463534	40.7531102019	-73.987370044
293639	40.75732749	-73.985583
109437	40.7563671042	-73.981430925
1086902	40.754102975	-73.98392995
284417	40.7621582115	-73.9775133133
239742	40.7561485379	-73.9851093292
648129	40.7571109065	-73.9840989538
1385944	40.76061153	-73.98694062
147389	40.8775890875	-73.9223282874
143510	40.8645559586	-73.9189231396
969648	40.7138209	-73.9683959833
1376470	40.75705397	-73.98188406
1337353	40.75853127	-73.98506718
1374909	40.75717055	-73.98215174
342328	40.7562166252	-73.9817277283
1568235	40.865121983	-73.8940687
1568191	40.86427405	-73.895261433
1060090	40.9603248333	-73.8423344833
873371	40.88732546	-73.89280223
525150	40.8624017172	-73.9128291607
46771	40.7032861996	-73.9906415889
175436	40.8537962232	-73.9073681831
508451	40.8474580347	-73.9005875587
685666	40.8836668833	-73.8814846833
2727084	40.9276839	-73.8565072
3405695	40.970629567	-73.835870167
721533	40.9429292	-73.7468558
3298122	40.965025967	-73.838421267
1221871	40.854451017	-73.900690567
1286370	40.855220483	-73.886763567
455972	40.8593477171	-73.8992275201
1458082	40.928461537	-73.855394571
1296393	40.9264639	-73.8584159
736224	40.9260162559	-73.8547957587
791086	40.8621298964	-73.9066171646
3003424	40.95963921	-73.841855034
1416417	40.85704632	-73.98244028
2354744	40.857157617	-73.909850417
2045434	40.853315583	-73.906145083
1500714	40.8780883474	-73.8954591751
1473223	40.853680367	-73.907475467
75679	40.7149358	-73.9998141167
1444845	40.71600508	-73.997423555
1440189	40.866599117	-73.8792701
1255202	40.865018683	-73.88197695
941938	40.8546122948	-73.9016195284
1295335	40.88242721	-73.88099998
1310620	40.773985217	-73.907320483
954635	40.7544922829	-73.8540619612
1390676	40.773311017	-73.911281883
1388807	40.867167083	-73.9735719
900354	40.8515507	-73.9403560667
1359168	40.9180143	-73.867004083
1358558	40.9296208	-73.84854233
104293	40.9734700906	-73.8610694773
508472	40.8492759638	-73.9014458656
1303520	40.873179967	-73.8901891
41622	40.8727770882	-73.8962054769
301378	40.8187279	-73.9268563
1277609	40.817535883	-73.882436167
1086005	40.8175241947	-73.8836252689
969079	40.9059050667	-73.9048741833
1255216	40.865389217	-73.882615367
1254942	40.863609617	-73.880745467
1254908	40.8640881	-73.881459817
1254767	40.864046417	-73.881703417
1254631	40.864064083	-73.878434917
1254540	40.857238417	-73.874403383
1254518	40.857356983	-73.874267217
1254337	40.859127217	-73.874062883
1175639	40.863462	-73.888045
397331	40.8672686833	-73.88208365
657282	40.7806438208	-73.9690965414
1162878	40.7714633833	-73.9698918667
388700	40.77025415	-73.9759005333
569014	40.8544697624	-73.8858064586
419647	40.7557983398	-73.9805679321
171177	40.8556448003	-73.8875231179
961604	40.8551359458	-73.8638115016
196750	40.8554815235	-73.8553070021
704125	40.9601803178	-73.8425333209
961521	40.862107873	-73.8957542181
663223	40.8547385167	-73.90193
685707	40.8824044119	-73.881271333
819713	40.893726655	-73.8873052597
589154	40.9078285688	-73.9037455303
939234	40.880863038	-73.8835791293
404000	40.8894037788	-73.8985061646
360860	40.7278864218	-73.9881384674
225327	40.7282801778	-73.9888977445
640119	40.7342905	-73.9949191833
400002	40.73583912	-73.99183744
930143	40.7781171799	-73.6357247829
879266	40.8075088263	-73.6268037558
1436428	40.82451767	-73.68474735
628968	40.8306156226	-73.6879844173
812918	40.8087985333	-73.6271154333
573487	40.7802146673	-73.6502462626
817533	40.8089897	-73.6265532
5438343	40.76198105	-73.98448588
358704	40.75935542	-73.98154377
1109824	40.7971827333	-73.6991157667
602493	40.8079266833	-73.6269122333
1327840	40.751265894	-73.634684894
1033071	40.7588589191	-73.6961656809
127713	40.7487118814	-73.9922440052
1399323	40.82423922	-73.68212611
738674	40.7609252	-73.6146159
4769807	40.79422187	-73.6398725
1462038	40.7857500167	-73.6618700167
1326939	40.7656610012	-73.6473923922
320392	40.75721315	-73.6193407
872017	40.7852625847	-73.6228609085
1213609	40.785258	-73.623467
4607680	40.81067859	-73.62868885
979486	40.75998775	-73.6951809667
44742	40.8094408	-73.6277693667
807318	40.785494	-73.623927
107345	40.6865202836	-73.9842510223
190995	40.6883634838	-73.9883727339
917466	40.7759821415	-73.6500263214
1004044	40.8072406054	-73.6234027147
2509192	40.83036112	-73.68811041
1198824	40.7961255312	-73.6270451546
4182232	40.80894156	-73.62920909
319036	40.7452899273	-73.5983777046
953253	40.7987272739	-73.6630833149
744645	40.7870443333	-73.72924005
2114525	40.80792198	-73.627034426
884711	40.799049139	-73.6629867554
764015	40.71790085	-73.5938521
1494589	40.793280519	-73.689555217
953390	40.7907772064	-73.7020289898
1122631	40.797394	-73.66803
971463	40.809604	-73.6263375667
3547135	40.75235531	-73.56760535
458292	40.64584326	-73.77659714
418188	40.7593680833	-73.9921110667
1262418	40.8014523983	-74.1696345806
1720117	40.84333604	-74.16130018
443213	40.84011617	-74.1554831773
987916	40.8035820723	-74.1626662016
1091005	40.8147111891	-74.1615203498
425217	40.76050639	-73.97518461
308155	40.7261321556	-73.9894627069
1305559	40.706350217	-74.037158233
804026	40.7202786692	-73.987006116
267808	40.7215996504	-74.0408295393
245148	40.6726436677	-74.2009681463
885980	40.7153764236	-74.0361068086
908643	40.7178591653	-74.0370154381
77536	40.7177778481	-74.0370690823
908540	40.722794935	-74.0400838852
662833	40.72251933	-74.04052788
826271	40.7226241814	-74.0387535095
888490	40.7787541154	-74.0119957924
888456	40.7715881186	-74.0157938004
389321	40.7714412833	-74.016343411
886834	40.7721853145	-74.0158206224
19884	40.761293492	-73.9768578226
344581	40.7616275333	-73.9776224
677001	40.76790425	-73.9814416167
537729	40.7733473913	-73.9821079082
793127	40.8494829124	-73.9059466124
792523	40.8473606442	-73.8995361328
501921	40.8458754219	-73.902336359
564722	40.7580298881	-73.9841206385
376573	40.75901663	-73.98294073
160967	40.758548189	-73.9837232343
191106	40.75873285	-73.98320311
65805	40.7501992792	-73.9917826653
538220	40.7493790246	-73.9923801887
156450	40.74955374	-73.99193006
251624	40.74949604	-73.99228769
163923	40.74959129	-73.99198031
670773	40.74957054	-73.99217081
746311	40.74965429	-73.99227499
147501	40.74977314	-73.99216526
233106	40.7499635736	-73.9857691526
760021	40.6658283822	-74.2051309347
759976	40.6662922506	-74.2049968243
757744	40.6847833222	-74.1908025742
757624	40.6875290836	-74.1910171509
757539	40.6895873134	-74.1873908043
690366	40.6531073656	-74.2256498337
690348	40.6526271261	-74.2242980003
690315	40.652122464	-74.2239493132
690312	40.6524561926	-74.2244267464
690300	40.6521997915	-74.224614501
690166	40.6525864277	-74.2234289646
690054	40.6517541396	-74.2233324051
690031	40.6518090832	-74.2234396935
689558	40.6521448483	-74.2229434848
683668	40.6688922952	-74.2173832655
683634	40.6681721052	-74.2153930664
683632	40.6682494141	-74.2153984308
683622	40.6683307918	-74.2154359818
683620	40.6684304794	-74.2154547572
201568	40.6681476919	-74.2150041461
572009	40.6679442469	-74.2166027427
683192	40.6682127941	-74.2157256603
683164	40.6685098224	-74.217428863
683140	40.6686847837	-74.2171096802
176543	40.6865716596	-74.1866658667
390134	40.6861464016	-74.1879760114
329754	40.6873130185	-74.1853322138
294534	40.6888735977	-74.1839945894
366789	40.6855246	-74.1826274667
356550	40.6864796059	-74.1827130318
595845	40.6857462167	-74.1797241833
429631	40.6860142769	-74.1804312678
243637	40.6872560481	-74.1806650466
596581	40.6765128123	-74.2083656788
595865	40.6702390704	-74.2159831524
595857	40.6696287527	-74.2162835598
595847	40.6697996422	-74.2153447866
595773	40.6704628521	-74.2154145241
595698	40.6710650248	-74.2157953978
595665	40.6710162001	-74.2153179646
595614	40.6712114983	-74.2146581411
595576	40.6723141087	-74.2142611742
595514	40.672139157	-74.213719368
595404	40.6727535203	-74.2132151127
594670	40.6733475351	-74.2129683495
593215	40.6635526083	-74.2120119324
493479	40.6464813841	-74.2306816578
592523	40.6566317289	-74.2047286034
46482	40.7452591514	-73.9983349407
998049	40.70625686	-74.01024299
5912469	40.760745229	-73.966214374
1345770	40.75948202	-73.99564939
171420	40.7345690456	-74.0030414084
1331516	40.7635354	-74.000360583
2469708	40.748803629	-74.007453953
192038	40.75953519	-73.99150013
1416205	40.75888156	-73.99887275
1463467	40.7611383525	-73.9941859245
371879	40.74221742	-73.98782825
1375563	40.7210772	-73.961976233
405144	40.7219729333	-73.99616375
1543607	40.75972044	-73.995523805
1123240	40.7532715039	-73.9830386639
1524200	40.84161394	-73.94125515
101051	40.7356631667	-74.0014600667
672690	40.7612331181	-73.9974891847
197220	40.7442143297	-73.9955674942
444911	40.6454275	-73.7853066
1255715	40.649982017	-73.78278655
578999	40.7586174134	-73.9860721012
1080083	40.75837147	-73.98519915
1317931	40.75651317	-73.98620283
946479	40.7613284553	-73.9834705758
918681	40.7719076498	-73.9822964302
979855	40.7711171333	-73.9843590333
280745	40.7598387667	-74.0280511333
1175572	40.7235622833	-73.9892813
1518038	40.726201785	-73.9959132671
942353	40.720355	-73.9882167
1518105	40.725392826	-73.998895308
146227	40.6396187047	-73.9675969789
994029	40.6793475757	-73.968391791
483099	40.6801905293	-73.9678895473
1042006	40.6737212167	-73.98299155
497654	40.736354627	-73.9957890364
1004702	40.7364009	-73.9548603
1518828	40.7330004327	-73.954629149
1518345	40.726152252	-73.995908262
1208300	40.73250609	-74.00344276
1131083	40.722426	-74.002453
366320	40.7182169599	-73.9976620674
1042816	40.7215032022	-73.9884989024
585775	40.720150544	-73.988394149
589373	40.7193490667	-73.9875474
154786	40.7204379656	-73.9881941802
740411	40.7191985242	-73.9965408684
542128	40.734478392	-73.9917822202
670779	40.7271597193	-73.9998866199
1258338	40.74982136	-73.98819702
709663	40.7613694109	-73.9637702589
803912	40.7196399877	-73.9872014523
758644	40.7341868882	-73.9930938089
102386	40.7124506687	-73.9563898362
220164	40.71361245	-73.96203445
688626	40.7344978705	-73.9917866092
247690	40.738517704	-73.9914015711
1209298	40.7466695017	-73.9832162431
79609	40.7491101497	-73.9883601665
3416856	40.798470287	-74.125411027
1578909	40.7575870082	-74.1578435898
547163	40.8561735	-74.1766745667
3723073	40.842294429	-74.158868462
394522	40.827893886	-74.1029093373
393696	40.8289921	-74.1000748167
366270	40.8129372522	-74.1184906194
554460	40.82869085	-74.1435062167
4815694	40.828817024	-74.142554602
111686	40.8302275833	-74.0930954
999708	40.813988918	-74.1146233198
744537	40.83869855	-74.1543578
422618	40.72119271	-73.98685884
1569361	40.823725733	-74.155643933
4428961	40.977166641	-73.887043671
1012139	40.9175853608	-74.0596435108
710104	40.8035954	-74.11669815
667269	40.75079196	-74.16474801
1035792	40.7319146	-74.16653535
3600562	40.82898	-74.136551017
2828264	40.8289452	-74.1369873
1588603	40.75094085	-74.166137867
261503	40.8296144333	-74.13918505
3723190	40.842376241	-74.158957742
40629	40.8230987329	-74.1559596649
686778	40.8254467167	-74.1374828833
1968008	40.845794167	-74.160309967
3248532	40.827270848	-74.103337622
579333	40.8254568749	-74.1090591283
1056514	40.8253678333	-74.1080658333
3168528	40.86279046	-74.064940433
461885	40.8298759833	-74.1368209833
533433	40.8541871833	-74.1728668667
2866120	40.879830425	-74.053911808
511655	40.8377911504	-74.1851533436
43017	40.8122489167	-74.1454147333
1123623	40.8426137667	-74.1010595167
2381943	40.834086175	-74.09766733
952397	40.9333227	-74.04761495
1321846	40.93436095	-74.046490417
82244	40.8836566	-74.0560961167
730767	40.7851173667	-74.1048019667
146560	40.8286403333	-74.1404368333
1451584	40.84903794	-74.07573765
1029037	40.7869064385	-74.1761882318
686716	40.8276405	-74.1398248667
1297536	40.81351255	-74.080546
389681	40.8274325167	-74.10291575
1265263	40.82810759	-74.10191231
708551	40.8319920297	-74.0954548804
446957	40.8311693333	-74.1378539667
1028714	40.8420125304	-74.1600371714
744832	40.8533417333	-74.17374145
1149942	40.8141039	-74.1757912667
686730	40.8283562167	-74.13916965
510818	40.8512956533	-74.1726620762
853861	40.7580795288	-73.9854660034
1043139	40.7254217137	-73.9870482015
459612	40.7616746947	-74.1158938408
37166	40.8379801582	-74.1547881856
484616	40.8063035	-74.0978627833
763591	40.809723469	-74.1176157845
57424	40.8110321372	-74.1384243965
292350	40.7548319446	-73.9949905872
247661	40.7572349	-73.9937056
607503	40.82574846	-74.1397733933
589567	40.8324608785	-74.0944964123
318994	40.8528683	-74.0727694
258825	40.8275197102	-74.133809353
54461	40.81069265	-74.1366259167
470787	40.8278594333	-74.102928
192685	40.75518804	-73.98248231
1162775	40.9156936822	-74.0761408651
839338	40.8357814167	-74.1128675333
3400950	40.748425962	-73.982359294
611840	40.74190962	-73.98820507
839308	40.7492098	-73.98309325
892869	40.7352356	-74.0027633
530388	40.7435989667	-74.0069007667
1370479	40.740093617	-74.0059215
172521	40.7263951	-73.9917332
965880	40.72831726	-74.00229698
483342	40.7589105327	-73.9146444144
343858	40.7553820002	-73.9232997158
1020881	40.75034433	-73.99327516
596209	40.7455710027	-73.9884432793
890978	40.7454751402	-73.9908882818
468614	40.7168365333	-73.9983216
409743	40.7402242959	-73.9957470739
623245	40.7390882963	-73.9927451811
239233	40.74715405	-74.0044184
1265484	40.734736267	-74.001067317
121064	40.7475461889	-74.0044086764
1251261	40.7180652	-73.99995273
748555	40.74414229	-73.99698185
266545	40.7333891297	-73.9816137901
620815	40.75128298	-73.99454081
1108969	40.7067656369	-74.0085967211
366201	40.75612097	-73.97946244
977442	40.73960977	-73.98949235
226512	40.7518072592	-73.9808063555
965589	40.7523045	-73.93553205
3976187	40.686954595	-74.18557663
839368	40.7748705986	-73.8693451881
1083767	40.7650270238	-73.9063079771
1218498	40.74661797	-73.89578831
973709	40.7473029167	-73.94179205
2338942	40.757340867	-73.9856992
3772185	40.75605082	-73.98364073
3673673	40.747487333	-73.954929417
1172024	40.7420179011	-73.9501613151
3669897	40.6824134	-73.987840683
662112	40.7238924864	-73.9988024679
3420412	40.745102667	-73.956662733
3417702	40.742164317	-73.952765083
607988	40.7606486103	-73.9882033169
231504	40.7949858	-73.965994
77742	40.7989378399	-73.9683777094
463689	40.7575274882	-73.9831546594
324434	40.75559955	-73.98397495
446559	40.85045731	-73.9386022
817564	40.8548146591	-73.9367437363
2382307	40.722381806	-73.995198419
885559	40.7564898727	-73.986890316
28827	40.7566721918	-73.9847754368
1327591	40.57496505	-73.9668317
1500524	40.57487907	-73.9719759
205516	40.7369903476	-74.0290331841
2044666	40.84766244	-73.9315871
296727	40.732157	-73.984476
905685	40.8482371533	-73.9376235008
331407	40.730616608	-74.0000733733
1055021	40.7927576333	-73.9739130333
999666	40.7712229833	-73.9952771833
608340	40.7325593045	-73.9898402436
710481	40.8078338167	-73.9454847333
506861	40.739156307	-73.9993213465
149569	40.7367175267	-73.9952315377
1425489	40.7644755	-73.971561783
591495	40.753822	-73.969408
814040	40.7478665694	-73.9871585369
1386245	40.575592367	-73.981176883
119549	40.70253908	-74.01409357
1265957	40.70599287	-74.0113269
412906	40.935493142	-73.902387321
1074065	40.8107641667	-73.9519804667
267740	40.7103531666	-74.0558338165
949190	40.7502964694	-73.9944093759
711388	40.8553056127	-73.9371943474
1165728	40.7205543167	-74.0385135667
70613	40.7627554922	-73.987609148
940675	40.76654075	-73.9822983667
559424	40.7668103167	-73.9836896333
46452	40.5771587	-73.9808221333
1198813	40.75190585	-73.97980034
210085	40.730567827	-74.0408885479
199599	40.7358116	-74.029418
1162193	40.7373622	-73.9914205833
154217	40.75902467	-73.97829043
229315	40.7831248381	-73.9745673237
560120	40.7441254	-73.9993540167
362856	40.7397705376	-74.002532959
341830	40.7384973344	-74.0015789852
5930620	40.687050101	-73.99129918
1499002	40.686967567	-73.99090825
3612590	40.686223908	-73.990800871
1190614	40.68795263	-73.98979228
813411	40.7291885	-73.98764532
226616	40.7565006723	-73.9869765367
469500	40.7547952709	-73.9876675638
1588301	40.757136	-73.989463
396792	40.74766021	-73.98943799
670364	40.7764081	-74.00979295
2298008	40.7558283315	-73.9908456932
1557390	40.710926302	-73.952257197
4995522	40.710762	-73.954076
5494666	40.721639	-73.996396
1712880	40.718757	-73.982882
5441991	40.754817	-73.980195
1502129	40.72606091	-73.989982867
5385014	40.7592425	-74.001434
321226	40.7140795956	-73.9509219678
5346679	40.710762	-73.954076
5056259	40.713997	-73.947169
56622	40.6905609333	-73.9747047167
532728	40.7986999217	-73.9670035593
223085	40.7538322915	-73.9925551414
238424	40.7636168671	-73.9849054813
421793	40.8044868318	-73.96622926
70856	40.7302080662	-74.0004059672
2329653	40.7143609333	-73.9977782
1584080	40.759139473	-73.968253941
447189	40.75402086	-73.98418056
768156	40.7578062405	-73.9698279818
4704435	40.740544	-73.987774
2222121	40.7749277	-73.9544292
1303028	40.77478045	-73.953673433
3902483	40.774917537	-73.953973457
943034	40.7214	-74.007452
951635	40.7204134167	-74.0074312833
401336	40.6875043167	-73.98425125
892400	40.68741235	-73.9843596833
1119343	40.6870268167	-73.9791443833
865166	40.6869176375	-73.9846887625
90648	40.6868682908	-73.9846972336
2049622	40.686931	-73.984411
622664	40.6868324456	-73.9844721059
396124	40.6869090833	-73.98418005
1041093	40.6851756667	-73.9807046
1007857	40.68462389	-73.98246639
1035010	40.68673935	-73.9837119667
30183	40.6855478	-73.9811236667
93212	40.6863241	-73.9835040833
84475	40.6857547869	-73.9818414284
1476920	40.68610334	-73.98249918
2831896	40.70821419	-73.9264343175
1300800	40.70643818	-73.92351025
759637	40.7050117914	-73.9232323969
771333	40.7080817833	-73.9252988333
786138	40.70511108	-73.93071067
706518	40.7076160167	-73.9288555333
3211568	40.703743	-73.929898
1810749	40.704433553	-73.923966878
1009947	40.7029285667	-73.9281263333
3187180	40.7046855664	-73.9245316292
941584	40.7037106333	-73.9240611
808541	40.70685075	-73.9254721667
2755794	40.7037546	-73.92544794
1193834	40.7044320498	-73.9292290646
1469697	40.704452389	-73.92585697
410738	40.7046330621	-73.9292385579
1132975	40.7042560333	-73.9247746667
1388303	40.703987483	-73.926993148
804220	40.7041106113	-73.9264516868
352161	40.7061552333	-73.9256449333
1125304	40.705496968	-73.9260312908
904151	40.7049935137	-73.9283031201
203159	40.7221162088	-73.9900496303
1522801	40.74648916	-73.97758883
1584356	40.746094036	-73.97794541
1130716	40.74562984	-73.97799676
440328	40.7461951525	-73.9778931094
1477794	40.7458502054	-73.9779371023
1128657	40.74556225	-73.97794675
267819	40.74499338	-73.97753882
813272	40.7456617796	-73.9777855686
287886	40.74515622	-73.97769957
1035648	40.7266638333	-73.5988578333
939995	40.7423385577	-73.6154699219
147646	40.7302166	-73.6835362
662133	40.72983294	-73.68326723
733244	40.72337758	-73.69730091
576660	40.71985834	-73.69606369
831737	40.7207271	-73.6880859
187934	40.7165325	-73.6030341333
512756	40.7448685167	-73.6067032667
266996	40.7591839177	-73.6150610447
2833072	40.751375025	-73.604154482
904521	40.75242012	-73.58447343
5161897	40.749685817	-73.611140317
933930	40.74756365	-73.6159988333
4994334	40.747699133	-73.620147067
3197130	40.830270052	-73.7023562193
1235073	40.7379831994	-73.6029313454
968839	40.7405070167	-73.58754795
753501	40.7403962667	-73.5893648667
4481446	40.755696053	-73.623352125
495552	40.7239576743	-73.7931168079
495363	40.7188799167	-73.7974681
495610	40.7234047659	-73.7948924303
499146	40.7214223167	-73.7921048833
500148	40.7212073	-73.7926563833
495503	40.7218435878	-73.794618845
500102	40.7225025833	-73.7949811
495332	40.7203344333	-73.7978574167
1193350	40.71614199	-73.8041715
276725	40.7089276	-73.818477
458462	40.7231475667	-73.8198377333
277941	40.710332835	-73.8200354576
1430035	40.7141959	-73.8311032
393579	40.7123641506	-73.8264997714
755924	40.7219011513	-73.8432383648
1025968	40.7316192144	-73.853933032
1236747	40.7432538271	-73.8434726
2776411	40.748342467	-73.847670117
2511507	40.74869275	-73.848136717
1537877	40.756731133	-73.84481245
3475715	40.757095928	-73.844873131
1005307	40.7575112333	-73.84617545
1142903	40.7547127333	-73.8614645167
1085217	40.7798928022	-73.6503374577
346697	40.7796023	-73.7775188
284127	40.7825474167	-73.7765578333
1393462	40.777379883	-73.784643463
91255	40.8008057	-73.7934041
889434	40.8173525167	-73.8037966167
1503167	40.8631674	-73.82886606
724174	40.930633971	-73.9264011383
668274	40.8923965693	-73.9409923553
688963	40.8802948055	-73.9511418343
209107	40.86440646	-73.94353234
668259	40.8672172224	-73.9538562298
1572687	40.861193	-73.964188
1241454	40.82610422	-73.85925805
1327358	40.749736267	-73.617285267
548709	40.74325591	-73.59602296
1185781	40.7415345161	-73.6005020142
446515	40.7415670314	-73.6007380486
1205245	40.739339697	-73.6144709587
555185	40.7353372667	-73.6095508333
790335	40.7378776481	-73.6141481639
590505	40.7371578494	-73.6139383401
840836	40.7371657608	-73.6139402284
554610	40.737327736	-73.6137941971
3011806	40.738775114	-73.613635998
1440789	40.73850959	-73.613560805
839170	40.73764365	-73.61330527
353404	40.737090458	-73.6131638163
1604054	40.737628842	-73.613359821
1360362	40.738837349	-73.613140121
427054	40.73928952	-73.61283928
924179	40.738652995	-73.612900285
904253	40.7368863999	-73.6125564499
1345338	40.7375514507	-73.6127382517
1440797	40.73667142	-73.61176471
975243	40.73767685	-73.6125042167
905635	40.7371177667	-73.6118143167
347446	40.7384698784	-73.6115312576
1287468	40.718141867	-73.595679267
1323349	40.71008133	-73.59769243
107282	40.7146241864	-73.602699385
1150451	40.7467101937	-73.6173946924
955160	40.7787662745	-73.5643458366
426921	40.74302679	-73.61477017
784835	40.743794	-73.607486
954515	40.7454610151	-73.6004333602
422179	40.7455311333	-73.6036996333
1434975	40.74551	-73.5971766
1286952	40.74702852	-73.59303027
3010562	40.745593593	-73.59436704
319934	40.7450867178	-73.5936248302
1458773	40.745361883	-73.5925127
573310	40.7426510333	-73.59409785
348269	40.7415733	-73.5938907
29927	40.7414107491	-73.5936763072
689084	40.7440294263	-73.5864003165
389460	40.74424421	-73.58815175
570625	40.7422950068	-73.5855409028
535340	40.7412526667	-73.5905613333
748390	40.7575471333	-73.6185361333
2608754	40.749806717	-73.573878767
709172	40.7428971901	-73.6183064391
911037	40.7470944001	-73.6223888397
631251	40.74308532	-73.61490541
633510	40.74739905	-73.6170207
1241436	40.749683133	-73.6117987
1373187	40.744457919	-73.619960509
77137	40.7464442833	-73.6173137833
1476566	40.747711348	-73.616566922
2319911	40.74326467	-73.61545443
1209698	40.74470565	-73.61489065
292210	40.7449916675	-73.6167860799
297910	40.747006953	-73.6182198947
1419959	40.746820854	-73.618404224
297898	40.747006953	-73.6182198947
1246863	40.74370831	-73.61107718
717603	40.7459229291	-73.593483398
347713	40.746045861	-73.5939252377
569780	40.7397809667	-73.6005613
102250	40.7454281094	-73.5938608646
913760	40.7407613235	-73.5996770125
798776	40.7451617833	-73.5996718167
254474	40.745480831	-73.6023013086
1105728	40.7450656472	-73.6006067864
347954	40.7465631	-73.6019693
197170	40.7403004517	-73.615356434
838707	40.7393305399	-73.6148093872
1570185	40.738823483	-73.615033867
819635	40.7384515877	-73.6141115427
1068618	40.7363142717	-73.6112371147
1413601	40.737205108	-73.612425476
565858	40.7319796	-73.6122633833
819788	40.7384576846	-73.6129957438
724243	40.7334771667	-73.6109256
1345143	40.7369444444	-73.6163888889
1318302	40.7369444444	-73.6163888889
491565	40.7480869646	-73.6183304474
1942174	40.74166649	-73.61420828
1942139	40.74166649	-73.61420828
1050522	40.7430746783	-73.6154225197
1360469	40.7507801056	-73.5712498426
222639	40.75087655	-73.5690096167
1156056	40.7493458583	-73.5741949081
320204	40.7451711568	-73.5924537869
701787	40.7403994838	-73.6134600341
1271567	40.745753733	-73.639118883
1358466	40.733585717	-73.633795
1219589	40.74697375	-73.648200683
572968	40.7356083385	-73.6332035065
678364	40.7470652	-73.6474459
1431893	40.7429814312	-73.6343622208
627509	40.7331197167	-73.6375061167
739844	40.7399492597	-73.6377167795
1145406	40.7363399939	-73.6389863491
1291960	40.7423060714	-73.6411473857
2459595	40.7423576	-73.655948367
347821	40.7452330287	-73.5974442959
298340	40.7456257979	-73.6004091837
1325937	40.7413569	-73.663727283
1232336	40.745341633	-73.605853633
709779	40.7379247916	-73.6139813073
884443	40.8088456859	-73.6298894929
1090204	40.7628808167	-73.5978948667
892872	40.7579456276	-73.8445320892
912946	40.7434165667	-73.61991875
1023182	40.77795355	-73.5663174667
1140153	40.8178085	-73.8031376
62079	40.8517390167	-73.88030725
903431	40.7404944667	-73.6075557167
1424842	40.75850921	-73.61111032
1426074	40.754221867	-73.601577617
1419260	40.754298895	-73.60137647
1419266	40.75431734	-73.601397033
1402921	40.75417247	-73.601326935
1383297	40.753993583	-73.607059133
1382402	40.76355284	-73.59734666
1376200	40.76355284	-73.59734666
1362610	40.725706917	-73.632002567
1359942	40.754330733	-73.601463367
298892	40.7421083667	-73.63597585
1356237	40.7429471	-73.9179936
1345160	40.7543888	-73.60143774
1344549	40.758116	-73.61216723
1326145	40.754262467	-73.601277517
1323322	40.74787813	-73.64411181
1312701	40.754395717	-73.601145733
689543	40.7329383	-73.5737863
813780	40.7258998259	-73.5782347665
865303	40.7278295833	-73.5739904
1299813	40.754414633	-73.601170383
1290270	40.79759103	-73.6691448
1289456	40.754461567	-73.601155567
1284810	40.76101839	-73.59772884
1276059	40.76101839	-73.59772884
1271610	40.75426855	-73.601357383
651578	40.6525326167	-73.5718660333
1258877	40.754559217	-73.6012922
422463	40.7506927333	-73.60319865
312550	40.7559316333	-73.6230729833
982787	40.75692099	-73.61936902
1154448	40.7507608667	-73.5873090167
986128	40.72077012	-74.00376421
740288	40.72202897	-74.00553643
59113	40.7217216192	-74.0062880516
11803	40.7291722167	-74.034698
496294	40.7314540333	-74.04486135
818360	40.70881521	-74.19033813
677513	40.7315951833	-74.0417555833
1094821	40.72063189	-74.00352311
1005585	40.71813905	-74.00005424
587701	40.7173539804	-73.9992874861
1139802	40.7198808689	-73.9929803671
528985	40.72033733	-73.99319803
305442	40.7200877	-73.99326014
846883	40.7207071781	-73.9927965403
75793	40.7203718187	-73.9934268594
543150	40.72003954	-73.99318802
786917	40.720083	-73.992509
285002	40.7430558167	-73.6201016333
159473	40.7220224746	-73.7942218781
499172	40.7217300667	-73.7932687833
1125965	40.7216174833	-73.7938039167
465751	40.7507640667	-73.6060543
251454	40.8310229911	-73.9200603962
997688	40.830616	-73.920426
242258	40.8280501572	-73.9229464531
1074799	40.8274537325	-73.9251565933
1040817	40.82760995	-73.92617481
956574	40.82761251	-73.92606222
956589	40.8269674	-73.9262722667
1088169	40.7574470333	-73.6403980333
1065752	40.7476294333	-73.6176411333
634928	40.6470524657	-73.7779042478
789090	40.6454945389	-73.7789967482
398735	40.7475704167	-73.5885924167
265391	40.74730585	-73.5914702333
969913	40.7239717667	-73.5623825667
129500	40.7220790717	-73.5621430162
15216	40.6883902407	-73.9629448821
1356124	40.706154837	-74.011131491
1205520	40.747026479	-73.985823533
117117	40.6850661677	-73.991578439
1386200	40.7069381621	-74.0062010717
1689617	40.63612139	-73.74029451
581558	40.7147771729	-74.0144526958
1578188	40.707727733	-74.016185167
637261	40.7059860257	-74.0109946618
1251947	40.73541027	-74.00580483
1436313	40.723719	-73.98527508
1360139	40.70642191	-74.01112151
1339426	40.707284629	-74.001786722
1322719	40.756264083	-73.985127967
96542	40.7149852833	-73.9902347333
1314621	40.708599383	-74.015073333
1290635	40.73308491	-73.99562901
1286248	40.723121573	-74.002414334
968901	40.7011160198	-73.9943255776
304443	40.72017598	-73.99699056
1211743	40.75073188	-73.99368846
1107776	40.74998366	-73.9914264
502348	40.705055273	-74.0096132691
735845	40.7045706123	-74.0099465847
383803	40.708430584	-74.0110677481
4602871	40.733271057	-73.998708515
673270	40.7156805	-74.0074213667
740603	40.7610784384	-73.9837546679
1322246	40.686441936	-73.974665811
790400	40.7153173169	-74.0084465545
943513	40.7145715508	-74.0083428837
250913	40.68492859	-73.95307272
721934	40.7050164239	-74.0108810321
702220	40.71584886	-74.00728124
90120	40.6723954815	-73.9683562517
492694	40.6794090122	-73.941393274
453093	40.7472528014	-73.9877462832
445422	40.72455225	-73.9874842333
192301	40.7080850229	-74.0142285105
415944	40.70674693	-74.01382553
314212	40.8080193099	-73.9534482575
80465	40.6845545887	-73.9441452118
326360	40.8202450367	-73.9512342696
101922	40.6805566625	-73.9752817154
290632	40.7460245401	-73.993149108
212923	40.6777904887	-73.9726838184
239799	40.6781463496	-73.9444610501
199337	40.6805577804	-73.9513437826
114242	40.6800677274	-73.9443851292
106017	40.6823601993	-73.9499141869
80931	40.684753418	-73.9440994263
77994	40.6815847333	-73.93462665
2116100	40.745857917	-73.9866746
2111359	40.7296557	-73.993375945
5807552	40.72772998	-73.99154918
2158790	40.727941111	-74.0313575
5774012	40.731092579	-73.993647597
4558603	40.729319865	-73.994155744
5762130	40.744129867	-73.990083767
605683	40.73484095	-73.9981221167
1319161	40.7244943164	-73.9890897274
176739	40.7241792167	-73.9906141833
5546231	40.817811605	-73.92765715
5545931	40.817742625	-73.927601017
179814	40.8193317	-73.92599666
5529869	40.73118725	-73.998092433
3412425	40.724805393	-73.995654807
2994662	40.731068983	-73.997122883
1339869	40.702293415	-73.91602321
5369366	40.74754735	-73.88564525
1116061	40.7477168667	-73.8823417333
1443205	40.774306676	-73.873140611
657766	40.7507572167	-73.98957865
5304993	40.575412633	-73.981585517
865027	40.5753442833	-73.98016085
864745	40.5715148102	-73.9837789536
329869	40.6743077122	-73.9969003201
85428	40.7154923215	-73.9981458646
4221301	40.7335110167	-73.9990945833
107143	40.7628659245	-73.9875724254
2895742	40.729174217	-73.994247033
756874	40.7310757407	-73.994322067
4997010	40.731469662	-73.994342632
4996926	40.731469662	-73.994342632
2691998	40.727014257	-74.0380198
220989	40.7350644516	-73.9976074112
4760220	40.8218800057	-73.8959312439
1412247	40.8204754041	-73.9122015238
539344	40.7412598	-73.99854765
798809	40.73255789	-74.00318604
246023	40.7295888333	-73.9979787
4654245	40.770738298	-73.986189927
2993636	40.732901733	-73.9960978
306183	40.7255386	-73.9845418
1529370	40.72439277	-73.99072504
2895764	40.729461667	-73.994404967
4446152	40.73371005	-74.004491367
4444689	40.733581337	-74.002837197
4444309	40.733577515	-74.002902623
4432869	40.734678859	-74.002166801
292134	40.7278849864	-73.9855540657
4348238	40.730411983	-73.993440383
1049883	40.73294717	-74.00646412
4130985	40.732888542	-73.993632152
2316895	40.72880073	-73.992634734
4069591	40.726977069	-74.038045446
157639	40.7303002916	-73.9946671063
396121	40.73024618	-73.99863779
3561074	40.726949411	-74.037411525
3557952	40.730346733	-73.9927574
3555085	40.72952364	-73.993330151
3554997	40.729048033	-73.994188383
3554901	40.7290123	-73.994546183
3554805	40.728737917	-73.99495425
2895665	40.72913105	-73.993668217
3503220	40.730564917	-73.9945422
3503205	40.730339667	-73.994793267
3503180	40.730705633	-73.99537055
3503108	40.7311327	-73.9949891
3503095	40.7311327	-73.9949891
3503029	40.731835683	-73.994791067
3503021	40.732225767	-73.9948163
3503008	40.731951817	-73.99453895
3469381	40.733626717	-73.995204983
3469231	40.73467985	-73.994441867
3466549	40.730071167	-73.9936383
3466319	40.7304193	-73.992415
3466179	40.730897767	-73.994957567
3465849	40.7284864721	-73.9922332764
3447562	40.730668717	-73.997178033
3447328	40.73203775	-73.996677367
3414572	40.725476567	-73.995805283
3397789	40.73062115	-73.993908217
3397627	40.730465483	-73.995441583
3397447	40.730676833	-73.995898917
3372421	40.732055783	-74.0004375
3371811	40.730103933	-73.9966362
3355788	40.730520533	-74.03240325
187219	40.7366683	-74.0301393167
1517266	40.728237	-73.991887
1549144	40.711481	-73.94081
3144639	40.7294422	-74.032349383
3144519	40.730359583	-74.031984267
3041475	40.73289982	-73.986367487
696878	40.7371205	-73.99663025
2952858	40.80489265	-73.96014136
2932038	40.72824075	-74.033254683
2931646	40.729640883	-74.033768417
398984	40.7309174232	-74.0351057053
2928658	40.732107102	-74.035819668
2904513	40.727926589	-74.031433469
2902776	40.7271368088	-74.0332496166
2902074	40.731445879	-73.9939820766
2898153	40.729072226	-73.992958655
2897545	40.729447167	-73.994972383
2897433	40.729447167	-73.994972383
2895577	40.72934225	-73.993148917
2895478	40.729543483	-73.993389417
2887152	40.729519882	-73.99337544
2886880	40.729626333	-73.99339595
2886640	40.73045065	-73.992519617
2886450	40.730500808	-73.992450686
2885990	40.734022167	-73.990858867
2885730	40.735927483	-73.99242925
2837698	40.726217117	-74.031122617
2837676	40.726969883	-74.031698417
596092	40.7332263379	-73.9988744259
2784911	40.739598383	-74.002164628
867954	40.7318232	-74.00102955
1059576	40.7297222844	-73.9913535118
295282	40.7324744095	-73.9964920319
2753972	40.735891777	-74.029507393
2753745	40.730095867	-74.031919917
213229	40.72827905	-74.03538364
2692579	40.728251867	-74.032986183
2692454	40.726629233	-74.03195585
2692414	40.72637725	-74.033622283
2692359	40.72669805	-74.034433483
2692169	40.727014257	-74.0380198
1530903	40.726995075	-74.037947723
2660451	40.730971983	-74.032514383
390783	40.7297408024	-73.9897171627
821090	40.7271985421	-73.9861594535
84734	40.7311018304	-73.9934157251
210777	40.7306821	-73.9936715667
452692	40.8063384229	-73.9585876465
820781	40.8016066167	-73.96027185
154727	40.72907888	-73.98789614
355529	40.7482683619	-73.9880264851
2111139	40.729744337	-73.995050783
262636	40.7262505692	-73.9955914021
1521480	40.72433263	-73.99787253
437596	40.6924438477	-73.9887695313
259463	40.7272445683	-73.9848756967
4827996	40.855633333	-74.062956383
46091	40.8723291586	-74.0626411454
267346	40.6998368397	-74.0481090546
1212958	40.86524266	-74.06411796
11860	40.7620775667	-73.9842724667
784914	40.76303213	-73.97900897
334016	40.7625702833	-73.9792476667
703215	40.7398363	-73.9823758667
1365765	40.73982	-73.982463
1588988	40.740139133	-73.982455703
233156	40.7399877333	-73.9826803667
2052108	40.640569732	-73.789389881
59841	40.7173062062	-74.0005373955
739460	40.7016669463	-74.0159587562
459294	40.7095683627	-74.014570713
543169	40.73954653	-73.98706799
721387	40.76381433	-73.98198974
1319152	40.7203758844	-73.9933812618
433684	40.7636752601	-73.9821598975
177510	40.7545639576	-73.9863964967
441666	40.8022564	-73.9567677833
542615	40.75000464	-73.97969448
1406307	40.750105038	-73.979139313
1197669	40.749947	-73.979725
3003880	40.752593784	-73.987914405
1013714	40.7518183	-73.98736
3796354	40.753744637	-73.986054377
3356932	40.752737321	-73.985061824
4159368	40.75221747	-73.986086898
261205	40.75551116	-73.98721742
2234105	40.755840991	-73.988365571
1344796	40.7555276155	-73.9871585369
2869711	40.754919845	-73.988012313
872471	40.7578551942	-73.9830172062
3766527	40.765925033	-73.983594483
23100	40.7566872	-73.9820505
148204	40.7587212833	-73.9852278
1104201	40.759876	-73.97839
1250044	40.76321572	-73.97907364
1290286	40.76321113	-73.97907233
351130	40.76213705	-73.97901284
787846	40.7623037497	-73.9792537007
1060992	40.76252776	-73.97783845
1566343	40.76278692	-73.97865182
689268	40.7607192993	-73.9882125854
390765	40.7615509	-73.98932856
639432	40.7615464029	-73.9893713585
314470	40.760855808	-73.9889323717
383294	40.76234623	-73.98841082
1333159	40.7620810116	-73.9878237247
767370	40.7617843667	-73.9879276333
1323304	40.762605776	-73.987825799
939846	40.760746	-73.987323
1352187	40.76077	-73.986938
873723	40.7617686833	-73.98753485
1365795	40.761149267	-73.987316917
924799	40.7624822	-73.9874909333
1096711	40.7611327167	-73.9870993333
341448	40.7610244751	-73.986869812
1238647	40.762579	-73.987127
398442	40.76108914	-73.98670977
321539	40.76120555	-73.98671138
234936	40.7613243879	-73.9866992256
706030	40.7614213277	-73.9866030674
823033	40.7613293838	-73.9865671799
803086	40.7617731872	-73.9865248779
1145554	40.7618633768	-73.9900514966
150131	40.7617165421	-73.990012917
241018	40.7615832591	-73.9882517572
1407426	40.761121	-73.990573
291353	40.7611524102	-73.9905695661
3459554	40.760772662	-73.990420103
342327	40.7608700134	-73.9904328112
368419	40.7612582955	-73.990370154
33148	40.760829794	-73.9903739031
1457625	40.761955272	-73.989120344
389186	40.7617502	-73.9900860833
80614	40.7615899184	-73.9901589681
1365185	40.7603945873	-73.9889516588
956641	40.76153033	-73.99017477
226927	40.7607468978	-73.9897892892
197459	40.76047945	-73.9897875333
865877	40.76154494	-73.99012404
1309802	40.76150286	-73.99015361
1576073	40.7613658922	-73.990226984
840023	40.760514893	-73.9889356147
937075	40.76151001	-73.99005579
920519	40.7616374593	-73.9898938027
3456461	40.76076418	-73.99001169
366513	40.7616809	-73.98969489
683043	40.76058888	-73.98912978
453868	40.7607279666	-73.9898836613
725792	40.76058888	-73.98912978
441772	40.7614338333	-73.9899802167
779740	40.76144248	-73.98980236
2138081	40.76103453	-73.98992183
731692	40.76143372	-73.98978239
91119	40.7598462378	-73.9858925343
482841	40.76131451	-73.98977231
1600359	40.7479966181	-73.9736294746
900894	40.7484347928	-73.9738090274
457085	40.74790275	-73.9736996
1600370	40.7475008061	-73.9737153053
561648	40.7486737734	-73.974564323
1296719	40.748032617	-73.97375535
58805	40.7487281373	-73.9758825302
1518986	40.747618823	-73.973936174
1079549	40.7485655782	-73.9759147167
773272	40.7487130493	-73.9761128096
902487	40.7479643833	-73.9771504
382757	40.7484316313	-73.9762195737
1095785	40.7483042275	-73.9762342739
1967618	40.747953	-73.976877
2367609	40.747041351	-73.975665811
2369129	40.747351876	-73.976280524
732196	40.7444310256	-73.9533227968
3470131	40.744298624	-73.953870076
2207187	40.743226923	-73.953920964
4164673	40.741501183	-73.9526756
1449409	40.727667938	-73.89252148
1084105	40.7456506333	-73.9459574667
780757	40.7457486122	-73.9462192607
729452	40.74601191	-73.94334375
1344568	40.745033	-73.946136
1444087	40.742604717	-73.949060433
1084062	40.7450216906	-73.9457666874
721011	40.7428957167	-73.9433780167
527746	40.7415589025	-73.9438354969
1761069	40.7422904925	-73.9340615273
2441812	40.735600209	-73.9345550537
667541	40.7393640843	-73.9201140404
4152766	40.72994888	-73.92517069
1084745	40.73557054	-73.91881775
1394200	40.721587933	-73.904546
1303321	40.722019067	-73.90439665
1319832	40.72635665	-73.894868333
132754	40.7290692851	-73.9003289928
1431697	40.730166756	-73.888338309
1464170	40.731175821	-73.88764436
1195089	40.73200464	-73.88516288
591524	40.7282319229	-73.8787289438
803579	40.7282631696	-73.878692674
806596	40.7282637727	-73.8786927334
1426841	40.7342239	-73.86922478
1441157	40.73284137	-73.86760038
916776	40.7368057966	-73.8656276464
1475472	40.736899787	-73.863783278
3140742	40.735671997	-73.86730957
2218033	40.7328639	-73.86764693
656155	40.7331097126	-73.8630151749
2121471	40.73252558	-73.84640318
1580086	40.732798906	-73.855079968
11714	40.7466173167	-73.8470506667
2730074	40.749006593	-73.846012298
2582775	40.748115467	-73.847303033
2887422	40.749370417	-73.845124133
2441056	40.748645667	-73.846148533
2895313	40.748866817	-73.8453773
3011462	40.748753583	-73.84505025
586682	40.6672691833	-73.7940471833
561676	40.6674045773	-73.7951636549
3644448	40.664668	-73.802171
561796	40.6673816524	-73.7957785147
1161025	40.6666130797	-73.7986501518
1425562	40.773819103	-73.87070445
1488069	40.774212	-73.875916
1460522	40.77265608	-73.87196832
1460519	40.77265608	-73.87196832
1460453	40.77186375	-73.87595373
1460463	40.77186375	-73.87595373
1460449	40.77186375	-73.87595373
1460445	40.77186375	-73.87595373
1460456	40.77186375	-73.87595373
1498990	40.785581	-73.93157
1319570	40.79626901	-73.91512821
340017	40.7981571763	-73.9324176242
1203958	40.806766299	-73.941908541
1458634	40.80775133	-73.93213898
613382	40.8051668889	-73.9411117658
692920	40.7996776167	-73.939602
1652684	40.8052826975	-73.9393615723
1591781	40.801672567	-73.9325869
634315	40.8049578555	-73.9385354519
1528776	40.8030555556	-73.9327083333
900296	40.804027	-73.939677
1548812	40.8044296503	-73.9372748137
182562	40.7970427624	-73.9377807033
1219595	40.797580017	-73.938389383
1358894	40.765533583	-73.977691567
1408284	40.7666198	-73.97822368
830621	40.7640144917	-73.9822533395
830604	40.7640144917	-73.9822533395
299339	40.7604938939	-73.980426116
1556853	40.753254904	-73.987221044
387621	40.7514773078	-73.9856547718
1466779	40.751676601	-73.986072528
313291	40.7528786667	-73.9856765833
1561301	40.752702	-73.986398
798221	40.7524417376	-73.9856386201
71652	40.7805553011	-73.9802221347
668150	40.76253098	-73.97885048
1327623	40.75401586	-73.98428332
1535411	40.75403434	-73.98431295
1543480	40.75369429	-73.98673576
1992111	40.753615153	-73.98498073
1588330	40.75326	-73.98479
1486786	40.75290429	-73.9853143
1434595	40.753020081	-73.986118459
650961	40.7494650225	-73.9771059112
61336	40.74468759	-73.980834125
649447	40.7456519969	-73.9721666302
1337856	40.748182733	-73.971344733
485107	40.7473735846	-73.973128812
874082	40.74787807	-73.96644908
1950651	40.759236872	-73.960136528
1047400	40.7608732333	-73.9604761833
798703	40.7652854115	-73.9522661518
974670	40.7670202	-73.9545546
722299	40.7676023865	-73.9532855257
896272	40.7654252	-73.95139288
966007	40.7758488667	-73.9170167333
970319	40.7808868833	-73.9195485667
497511	40.7752024227	-73.9188799543
1053437	40.7767818667	-73.9241365167
422165	40.7529581	-73.972576
58819	40.7516947714	-73.9723956585
528423	40.7522149347	-73.9722454548
730618	40.750758	-73.970858
220836	40.752402788	-73.9723496236
143047	40.7514649334	-73.9716498282
945960	40.7579397065	-73.96629643
1110705	40.7560611	-73.9668592
184214	40.75711936	-73.9677510584
680278	40.7577117227	-73.966611322
759737	40.7566453617	-73.9672088321
757133	40.75696533	-73.96739858
713998	40.75696533	-73.96739858
891531	40.7566662061	-73.9671341335
646566	40.7584565769	-73.9661085606
468959	40.7573416962	-73.9685108039
308023	40.7576453	-73.9683783167
1081212	40.756654	-73.968118
516307	40.7577901795	-73.9665484428
1255141	40.756333	-73.967705
120313	40.75641445	-73.967291
818325	40.75674259	-73.96786975
267593	40.7563870218	-73.9729388735
697609	40.7565417495	-73.9665964423
1570472	40.756595	-73.967606
747123	40.7570262523	-73.9667630196
434556	40.75667238	-73.96755874
787426	40.7566817	-73.9667408
229681	40.75712355	-73.9668476
1158747	40.7571676882	-73.9670464388
230079	40.7984161167	-73.9689015333
502688	40.8005974308	-73.9656153766
832805	40.8019267833	-73.96857565
483442	40.7989761389	-73.9685766128
1092707	40.79922895	-73.9666266667
838128	40.79926535	-73.9691386667
445565	40.8014536333	-73.9662247333
964034	40.8014382787	-73.9671912473
977296	40.8016625	-73.96729803
793735	40.7991372983	-73.9679679735
832784	40.8014469833	-73.9685451667
832761	40.8012626661	-73.9681899548
1236605	40.8011246001	-73.9675462246
832774	40.8012196333	-73.96829305
832768	40.8012452333	-73.9680145833
1124376	40.7994924611	-73.967713324
1074889	40.799613292	-73.9674344908
1040827	40.8011649347	-73.9680078959
853896	40.7997105416	-73.967678363
234281	40.7998033	-73.9680999333
234288	40.7998033	-73.9680999333
913172	40.8008311343	-73.9679571741
78142	40.8007780167	-73.9681286
369472	40.8007777569	-73.9678362151
208476	40.8004760333	-73.9683573167
832686	40.8003524667	-73.96763585
832707	40.8004060333	-73.9680438167
1417551	40.80058875	-73.9682075
19874	40.79969823	-73.96747386
234270	40.8000595333	-73.9682121
832723	40.8002754167	-73.9682056667
556767	40.8003284941	-73.967891047
766872	40.80288465	-73.9676230894
1094969	40.8022778485	-73.9701640606
832754	40.8011408432	-73.9682865143
313059	40.80355845	-73.9667846667
818903	40.8025599197	-73.9678597254
832817	40.8022520167	-73.9681741667
1376467	40.802286283	-73.96793651
1376733	40.802518253	-73.967856384
832843	40.8031349	-73.9676299333
1376750	40.802518253	-73.967856384
755900	40.8026321266	-73.9679126571
208426	40.8027906667	-73.9681008
832840	40.8029519211	-73.9679646492
393513	40.8018311702	-73.9681899548
832829	40.8029133833	-73.9677156333
447504	40.805867409	-73.9645797014
837238	40.805074	-73.966087
447465	40.8072215649	-73.9663285017
422823	40.805765897	-73.9628577232
447388	40.8037356233	-73.9659744501
409155	40.8060054651	-73.9623534679
411642	40.8061475815	-73.9620101452
887875	40.8059445037	-73.9617403438
411639	40.8065373847	-73.9617204666
1083469	40.8066532	-73.9613492143
10219	40.8021387112	-73.964503829
911150	40.8069011839	-73.9608776538
422385	40.8083280136	-73.961006999
422400	40.8081128159	-73.9605402946
1222103	40.802714064	-73.967896582
234315	40.8048270833	-73.96795825
591289	40.8063930373	-73.9647075716
386537	40.8066388955	-73.9651724696
447355	40.8101226545	-73.9639574289
455514	40.8067201041	-73.9652395248
620441	40.8098068432	-73.9629656774
1079928	40.8097264113	-73.9628158655
447521	40.8082163545	-73.9662185311
323824	40.8071017831	-73.9649391174
643235	40.8067688292	-73.9645636082
572070	40.8070403833	-73.9648111833
411636	40.8073535277	-73.9646789432
422211	40.8090223262	-73.9626699686
504078	40.8071099039	-73.9644134045
422205	40.8085878741	-73.9625358582
186777	40.80858659	-73.96257555
391112	40.8077494143	-73.9651402831
411606	40.8073454069	-73.9639252424
1277981	40.807419447	-73.9643247
963462	40.808865142	-73.9631279541
324013	40.8077189616	-73.9644885063
1035311	40.8078883	-73.9630527
463168	40.8078387423	-73.9643678069
584122	40.8083176001	-73.9633505068
1518639	40.8080092771	-73.9637723565
44876	40.808370816	-73.9637240875
1006796	40.8082276583	-73.9641076326
576741	40.8070623333	-73.9646335167
736242	40.807613392	-73.9637053013
411649	40.8066734092	-73.9597973228
422758	40.8075646675	-73.9602559805
74669	40.7834306486	-73.978187135
1204739	40.5739635833	-73.9592294333
2407147	40.7051887433	-74.0076720715
1278710	40.75602197	-73.98358982
1290322	40.7289499044	-73.9963746071
156176	40.7373213454	-73.9905500933
4627536	40.75234603	-73.99327921
1256936	40.74731904	-73.9851498
218568	40.7463493667	-73.943347
1526258	40.851819633	-73.953393267
614075	40.7511286728	-74.0570101211
1219079	40.7285184	-74.0451604
827731	40.730966	-74.043035
1485225	40.727415917	-74.04358345
1161459	40.73031389	-74.04311704
2189811	40.722100433	-74.25941125
184121	40.7500604126	-73.9879118488
830342	40.74268937	-74.19110941
473244	40.7425184636	-74.1912435812
776296	40.74505096	-74.19277405
1146968	40.74308375	-74.1899088667
893063	40.75649395	-74.1829488833
1378971	40.70905396	-74.172522195
1128292	40.71603721	-74.16718792
1483599	40.7365678	-74.1503857
1403734	40.742117	-74.150396
173958	40.7529342163	-73.9888644218
1180304	40.7654858498	-74.0707576275
1957748	40.76735478	-74.243363142
1237727	40.761404	-74.212412
1176728	40.7426315546	-74.1751760244
495578	40.7426733546	-74.1763580177
1474704	40.743918467	-74.175791717
459653	40.7434447625	-74.1701817513
38856	40.7433976448	-74.1772969312
455250	40.73943841	-74.17445361
1359161	40.741381933	-74.17833685
37365	40.7438232667	-74.1795380833
1440842	40.7442831	-74.1796738333
881091	40.7439426333	-74.1793309
676565	40.7423839569	-74.1773074666
459711	40.744968856	-74.1672474146
5356268	40.785982053	-73.950346076
312260	40.677191	-73.9727222
1193596	40.74574375	-73.86076557
794358	40.72966575	-74.0029621
736308	40.7327305049	-73.9899630773
110424	40.6729530097	-73.960671571
899918	40.732979	-73.998003
1320132	40.72448212	-74.0056952834
1428728	40.754561745	-73.979701204
1424487	40.6484375	-73.958282471
1424337	40.644057984	-73.95784117
1423737	40.648744984	-73.958333646
1414345	40.6776326752	-73.955335179
666646	40.7311156	-74.0028795833
546928	40.73707747	-73.98894053
1402419	40.678649367	-73.9539799
1400629	40.676139832	-73.952583313
1388510	40.715545147	-73.95145812
43723	40.7155843154	-73.9515166243
1313535	40.7033574	-74.013322229
915200	40.6435453892	-74.1004765034
774081	40.6937103271	-73.9643707275
1369937	40.7034075344	-73.9909994602
1327676	40.675197197	-73.949492036
507833	40.7528163685	-73.9771056175
667865	40.7448907833	-73.9827046667
721567	40.7442099876	-74.0052790379
155648	40.7539943939	-73.9765529792
1317189	40.756884203	-73.977265079
791402	40.7538119732	-73.9745360613
870827	40.6842205954	-73.9751684199
51544	40.6840418782	-73.9771814335
353955	40.68703532	-73.9775592
63120	40.7511480119	-73.9888345775
136718	40.75016772	-73.98850673
833245	40.7482551296	-73.9837438497
1157567	40.75460975	-73.98563265
1301759	40.679414615	-73.946249568
1287391	40.707408606	-74.003084791
1109105	40.74838459	-73.98476141
915061	40.74543571	-73.99865484
427551	40.74298489	-74.00168091
985461	40.6887821167	-73.9927258833
418857	40.6947155	-73.9918779
962209	40.7157805286	-74.0070899351
366330	40.69429993	-73.99349164
982596	40.6864482333	-73.9741707667
542518	40.7356937333	-73.99216155
220000	40.739672989	-73.9949905872
396248	40.68347754	-73.966913657
404420	40.7526073742	-73.9752404197
997644	40.75228655	-73.98176366
158069	40.7224125261	-73.9831497878
914368	40.7217382816	-73.9999375858
196975	40.759666439	-73.9915898643
847168	40.7330658362	-74.0063762878
940586	40.7218516	-73.9975274
101681	40.716697363	-73.9589282209
944766	40.7476142	-73.98734492
638628	40.76810725	-73.8798315167
339576	40.76453626	-73.9823274
977839	40.7299595799	-73.9812436725
1094075	40.7536341013	-74.0055938755
459292	40.7455266	-73.99934375
1771995	40.746289183	-73.90879935
852850	40.75711983	-73.97033208
900662	40.76075452	-73.9835385
1349288	40.7619347378	-73.9792943001
88190	40.7318808357	-73.9911979437
1324725	40.7627311135	-73.9855706692
1337618	40.758867	-73.969961
710027	40.7384576846	-73.9856779575
898544	40.7572121	-73.99503916
1101959	40.7596763011	-73.9861320933
609009	40.69593566	-74.17759001
740755	40.7621333	-73.9707083
3266416	40.86346333	-74.03584733
3185002	40.72533721	-74.06819983
2442172	40.7250899076	-74.0676999092
953066	40.7206648833	-74.04295905
512881	40.8512381191	-73.9703642027
1269193	40.806021433	-73.987423933
1598940	40.72330999	-74.06613427
2500739	40.728663817	-74.069804267
727353	40.7166963195	-74.0352988243
1380289	40.727815032	-74.0754354
1365349	40.7283675671	-74.0670776367
2328786	40.7270264626	-74.0375036001
122750	40.7405222	-74.03010505
2154861	40.7433611155	-74.0292692184
583422	40.7188093109	-73.9966032819
1069602	40.71814417	-74.00001084
108430	40.9037788966	-73.9031077234
403867	40.9054529605	-73.8980770111
520560	40.90075612	-73.8961414
1790405	40.9370087736	-73.8346454501
1464403	40.779913	-73.825885083
194313	40.7813619565	-73.816806078
957289	40.7808837	-73.823201
1435541	40.7599854469	-73.8290476799
707808	40.7602526667	-73.82837355
590840	40.76143685	-73.8270852833
1581822	40.762192383	-73.82912255
1344172	40.738704576	-74.071089932
72546	40.7290031326	-74.0549416249
1328295	40.7313126326	-74.0649318695
1216021	40.731996762	-74.058083817
442773	40.73444837	-74.06687873
1442906	40.734295249	-74.0635639429
1169263	40.73157763	-74.06423562
220103	40.73194105	-74.07028635
1127159	40.72329348	-74.06846135
727634	40.7306653889	-74.0639019012
814706	40.7285209167	-74.0732045167
172437	40.73415958	-74.06636464
1147964	40.73157763	-74.06423562
841226	40.72908665	-74.0669274167
211093	40.732012219	-74.0707898945
702256	40.7348854333	-74.0628819833
894041	40.75535911	-74.06050342
1407502	40.923237322	-74.083802026
1399147	40.82408607	-74.09831649
737006	40.82146325	-74.1008980167
1451007	40.7946217	-74.0718955
1129263	40.7347684167	-74.0634450667
1577095	40.756675601	-73.9855438471
662113	40.7493942478	-73.9880527032
130812	40.7322101001	-74.0630757809
1553649	40.7305401564	-74.0650069714
790383	40.72234904	-74.00504451
970598	40.7240873333	-74.03966525
1543270	40.7277023792	-74.0376645327
1375582	40.7186662	-74.039313967
348961	40.6857132861	-73.9734639229
972327	40.73176555	-74.06418055
1313076	40.7313340902	-74.0645295382
1511846	40.7183307409	-74.0002208948
54602	40.7162159592	-73.9931262338
1241914	40.7225468167	-74.0943787833
1156931	40.7474651	-73.9868028333
772862	40.75886875	-73.97862529
1418833	40.7212007046	-74.0824842453
1314536	40.7309156656	-74.0643954277
1358024	40.7129126787	-74.01247859
1374456	40.7272624969	-73.9856779575
1369995	40.7113462687	-74.0846031904
354372	40.7224778208	-74.076089859
887479	40.7204466667	-74.04365765
1339145	40.7269781828	-74.0383136272
1323976	40.7269084454	-74.0378093719
1338891	40.7124137878	-74.0118080378
1314564	40.7317739725	-74.0650498867
1273638	40.7160409	-73.99941035
1322624	40.7202512026	-74.005638957
1319518	40.7311087847	-74.0642344952
1314207	40.7268601656	-74.0382117033
140388	40.763254744	-73.9890388347
617974	40.7387587727	-73.9886810638
1599676	40.7688850164	-73.9887785912
595382	40.7675904239	-73.938819766
5617112	40.7659002693	-73.9333212376
1217846	40.75607085	-73.98708975
1408375	40.75734961	-73.97858595
301864	40.7697237167	-73.9303635167
3603610	40.76943568	-73.927742573
5616782	40.770759348	-73.9293944836
604195	40.7722218773	-73.9287614822
4485282	40.769816	-73.9243044
934492	40.76565025	-73.9305717667
462453	40.7671602667	-73.9297089167
755429	40.7678181833	-73.9295793333
740562	40.76117336	-73.96430909
1593229	40.781163	-73.976021
1553980	40.7711006077	-73.9852809906
157314	40.7709142262	-73.9836281062
3516165	40.77220645	-73.984396093
11809	40.8152496667	-74.0740728333
11811	40.812209574	-74.0769803524
687055	40.751198987	-73.991535902
461594	40.7663017667	-73.9409573667
1431034	40.767562365	-73.931475316
3507751	40.77417582	-73.92856568
2800042	40.768425872	-73.924738988
2607686	40.753172636	-73.9349520206
677693	40.7531988333	-73.93260885
874785	40.7563695	-73.9302018167
1087598	40.7598453036	-73.9947707977
518424	40.7593307495	-73.9954071045
3417866	40.75884646	-73.99414253
398432	40.759139703	-73.9941277966
139780	40.7582290273	-73.9898836613
836458	40.7586109851	-73.9908385277
178453	40.7582240673	-73.9912727291
1140700	40.731422	-74.003828
724549	40.7331125201	-74.0029084682
1047902	40.7721470333	-73.9318795333
3466989	40.759578	-73.985463
667001	40.756673034	-73.9882365986
2049276	40.750875776	-73.990859997
66989	40.749678913	-73.9914811754
941433	40.74970555	-73.9920268
785320	40.74923633	-73.99176122
1411677	40.731067194	-73.9982637
1030020	40.75382399	-73.99378055
219563	40.75368404	-73.99251568
3417582	40.75362023	-73.99249605
1068044	40.7534592889	-73.9919727863
68605	40.7264904914	-73.985325416
1346223	40.78834366	-73.97596746
626704	40.7694397064	-73.9854429389
387409	40.7096374909	-73.8308930397
199073	40.7630074049	-73.9818906784
677742	40.7680947898	-73.983507648
1546994	40.733488	-73.993651
947866	40.68071855	-73.8441204
431440	40.6802718924	-73.8434243202
88083	40.67711565	-73.8296022667
357686	40.6597082726	-73.8035237789
1091136	40.8083929789	-73.9452302456
884859	40.7650729	-73.9832735
1045762	40.76679122	-73.98668277
855450	40.7674692569	-73.9860453972
194117	40.7681100054	-73.9874967824
1354067	40.761829095	-73.978414536
1557488	40.7624791998	-73.9797019958
637240	40.7666646	-73.9831279
1496329	40.766696767	-73.981962433
1358777	40.7669241181	-73.9827597141
1573469	40.767692	-73.987208
586704	40.76710391	-73.9880104
252140	40.7659911525	-73.9871869768
56384	40.7618182361	-73.9939453143
243744	40.76743675	-73.9862581
865533	40.76797622	-73.98194342
839035	40.734132809	-73.9927482605
1349999	40.7323589062	-73.994008918
844239	40.7678164485	-73.9834338312
923991	40.7687848823	-73.9828562737
55734	40.7669861333	-73.9863983063
729651	40.7670792667	-73.9865215667
1548754	40.767705	-73.987174
890629	40.7288429667	-73.9977339
1055801	40.7247335333	-73.70627995
894319	40.73006546	-73.70346933
1055427	40.7675763833	-73.9222150333
5347917	40.776614	-73.980718
786468	40.7758130628	-73.9803242683
96713	40.7773242277	-73.9822232723
982715	40.772449379	-73.9841008186
5076523	40.758536	-73.970129
1035103	40.7433019667	-73.9931463167
505411	40.7619855364	-73.9912548289
106903	40.76198885	-73.9255826167
471506	40.7620673333	-73.9252886167
239081	40.77237939	-73.91968578
1261969	40.76206737	-73.92512118
409196	40.7665562333	-73.9202069833
1277446	40.76505065	-73.9308014667
659321	40.7643611	-73.9326719167
696056	40.7674346182	-73.9235387152
1472669	40.776109783	-73.93287075
2191247	40.7645076513	-73.9278280735
256227	40.7773892232	-73.9347267151
976417	40.7629730167	-73.9273882
1905615	40.770648481	-73.920170161
1310121	40.76641219	-73.92139017
530637	40.7622381807	-73.9251865977
1215986	40.7659002693	-73.9201140404
1020500	40.76203501	-73.92519563
188399	40.7667642526	-73.9263935647
1368716	40.7723198487	-73.9291526865
496971	40.7697158	-73.9274849333
365402	40.7501073667	-73.9913032
824639	40.781837	-73.981491
864399	40.71378159	-74.00944107
1274193	40.713894367	-74.0057516
992496	40.714269	-74.005972
801078	40.7145541	-74.0072298333
901150	40.714269	-74.005972
1320874	40.714269	-74.005972
1200379	40.7722169625	-73.9259946826
757647	40.7688780167	-73.9250309167
1324690	40.7675233874	-73.9831218123
744580	40.7687368667	-73.9890100667
1035072	40.7663897946	-73.987058216
1123690	40.7692846893	-73.9839866287
1077439	40.76758995	-73.8881651333
503879	40.7428463167	-73.9998225667
186151	40.7390320167	-73.9948725667
648197	40.74119883	-74.00089544
122693	40.7418201667	-74.0297203333
93197	40.7411193606	-74.0015716043
589425	40.7867234833	-74.0461347333
1273864	40.7248663043	-73.978497684
560180	40.7449647918	-74.0276920795
1471863	40.75303828	-74.023366567
651224	40.7427389	-74.03139448
1258028	40.747509	-73.989664
1157657	40.75399	-73.9799635
103955	40.74154145	-74.0293287833
356326	40.72605347	-73.98311072
1425077	40.732255346	-74.037761979
747718	40.74392385	-74.0288261667
27296	40.7419287333	-74.00057025
351697	40.7487532667	-74.02769945
1249799	40.741589093	-74.001035047
200448	40.7439339667	-74.0287450333
930745	40.7460697667	-74.02811085
153799	40.7370066063	-74.0309214592
89437	40.737242	-74.0290633833
1054157	40.7436496833	-74.0290589
561161	40.7431322833	-74.0005305333
389855	40.7418441772	-74.0010375977
199628	40.73738435	-74.0299362667
266311	40.749825401	-74.0363287926
492707	40.73107105	-73.99613195
936078	40.7358485667	-73.99031925
419635	40.74308955	-74.00167894
934294	40.74296319	-74.0011931
84469	40.7858848	-73.9767268667
205579	40.7370464167	-74.0269742
199646	40.7379252198	-74.0308463573
283962	40.6453661358	-73.7764978409
551463	40.7484287	-74.03164715
104121	40.7390039	-74.0277108167
214540	40.7053494601	-74.1810330389
225804	40.745329352	-73.9846860911
576359	40.6907196	-74.16671961
280707	40.7592621167	-74.02800895
422346	40.73221886	-73.98433035
343636	40.7476902	-74.0326166
91594	40.7454059667	-74.0331365833
93313	40.7451661	-74.03226195
439882	40.7487323122	-74.0281865287
485486	40.7487611333	-74.0281147333
528365	40.64587694	-73.77653217
528126	40.64587694	-73.77653217
295790	40.7523519	-74.032769
527540	40.7498233333	-74.0348062
200395	40.7424539061	-74.029112531
485162	40.7504058667	-74.02366545
470808	40.64586371	-73.77653414
468676	40.7479470333	-74.0316967833
286177	40.75385934	-73.98380601
278096	40.7393257184	-73.9933948907
128448	40.7331003253	-73.9982521534
200336	40.7386665667	-74.0305304
189472	40.75259488	-74.03167015
18607	40.8030823921	-73.9639532501
87739	40.8038597927	-73.9633231382
36131	40.8011834833	-73.9648320333
87894	40.7534398833	-74.0280849167
1181567	40.74409049	-74.00700956
543409	40.7546463	-73.99779903
1723474	40.762396933	-73.9893823
492141	40.7603370167	-73.9828317167
512618	40.7179120309	-74.0045634951
1483528	40.7365382	-74.1503602
1483628	40.7365508	-74.1503599
1483497	40.7365426	-74.1503607
1477671	40.736779	-74.1504686
1477582	40.7368956	-74.1505015
590717	40.7571383333	-73.6419646833
590088	40.7487692	-73.6743157333
583945	40.7753031619	-73.9095552759
487201	40.763425949	-73.8301749547
446631	40.7105789185	-73.9022216797
438639	40.7104404167	-73.89912115
438287	40.7145231167	-73.83226905
331656	40.73032766	-73.91734284
427153	40.7354270078	-73.8747792027
369334	40.7535520833	-73.9015516833
351024	40.7212662679	-73.9040207863
350934	40.7275466919	-73.8949508667
296582	40.7610091833	-73.9792027377
225929	40.722201361	-73.867650032
169025	40.7135501372	-73.915626538
133265	40.7633974614	-73.7715196609
114918	40.7331305333	-73.8501451333
114870	40.7378764441	-73.8465678692
114091	40.7120366007	-73.9001584053
988185	40.7527422337	-73.9385250862
513732	40.733284515	-73.9930369001
91739	40.733521	-73.9930263
788333	40.7329454968	-73.9928433112
191214	40.7324268253	-73.9985610297
226894	40.7543455588	-73.9727345906
2042826	40.822461383	-73.856115167
196732	40.927967	-73.8528387667
1569463	40.91765265	-73.9018782
525701	40.7215151333	-73.99962015
657721	40.7216945	-73.9999805
1069126	40.70806335	-73.7171808667
479393	40.7215257167	-74.00110615
1440113	40.8591032795	-73.8760721684
321749	40.666761723	-73.7843651056
110680	40.8746811719	-73.9118421078
1114454	40.8101856709	-73.8350611925
354306	40.749266	-73.988017
923945	40.7267896662	-73.99447156
400143	40.7530276833	-73.9048428
211629	40.74087399	-74.00576144
351364	40.7466350167	-74.0048386333
351435	40.7467859667	-74.0046807
462463	40.7351684527	-73.9942169117
768573	40.8773744775	-73.879237175
460931	40.8627929688	-73.8898391724
256018	40.7091942561	-74.0169095993
453110	40.75518804	-73.98248231
40528	40.7583833238	-73.9887994739
1508490	40.88669288	-73.95114332
420599	40.7569124752	-73.9760327339
506721	40.75597566	-73.97085887
805411	40.7649389667	-73.9641952833
886204	40.75360214	-73.98149389
646545	40.7621947799	-73.968436718
1327504	40.762573045	-73.968838838
1393432	40.730449	-74.005418033
814966	40.7295596789	-74.0026938915
1440613	40.7286818	-74.0054019
798978	40.7605299667	-73.9695394667
1126572	40.7616269588	-73.9695847034
1219448	40.76141834	-73.97099167
1434341	40.759560591	-73.967171526
372738	40.75179857	-73.97757279
718680	40.76260596	-73.97115004
1406416	40.757251025	-73.968343446
917354	40.7637832755	-73.9670628111
1391619	40.73362809	-74.0032047
39907	40.7601861833	-73.9911068833
679494	40.7630480359	-73.9814400673
980755	40.7547994358	-73.9816921949
827142	40.76218	-73.98965
764003	40.7611419741	-73.9803194789
1205071	40.766444767	-73.986500983
804939	40.7522880823	-73.977792263
972302	40.7620566327	-73.9684796333
1093224	40.7338423333	-74.0020831333
520273	40.7334377134	-73.9994484186
511463	40.73081075	-74.00072635
736399	40.7614801333	-73.9700304667
1105594	40.7624708787	-73.9794547014
983354	40.73111493	-74.00063066
635855	40.73244935	-74.00077688
709318	40.7322026509	-74.0006712976
966127	40.7316594574	-74.0007072511
487058	40.6984215228	-73.9926195145
677952	40.7371600561	-73.9848974977
102363	40.6766434275	-73.9803466534
890014	40.74101048	-74.00537818
1109411	40.6631671802	-73.976225853
32575	40.86052695	-73.9325781
3369084	40.901366188	-73.780441314
899224	40.8205127833	-73.8908315833
1445326	40.753753745	-73.99967151
362769	40.7543321199	-73.9996603131
1443370	40.7542467836	-74.0002155304
1054073	40.88904135	-73.8297680667
2992076	40.8899203	-73.819155767
1222821	40.89402275	-73.818808733
1029141	40.9742361892	-73.8613843918
1408292	40.843815118	-73.911497903
637178	40.9140023929	-73.7736989945
3518485	40.9150512333	-73.7716508833
1806345	40.903870832	-74.042190454
1469486	40.84336976	-74.00532275
2121300	40.89780443	-73.7969231
1416642	40.812633897	-74.01595439
353188	40.8929476609	-74.0953688681
219710	40.8763036583	-74.0392684937
1165766	40.8716633535	-73.9128615183
1087130	40.7112070878	-73.9607656002
399660	40.7071947059	-73.9526508015
170514	40.7098896048	-73.9625358582
442980	40.70700645	-73.9543390167
648802	40.7100641727	-73.9584642649
167016	40.71070724	-73.95770686
821487	40.7086887402	-73.9576428046
500693	40.708376907	-73.957965374
1408110	40.812448009	-73.895872899
74804	40.7310008374	-73.954312245
413968	40.7308083721	-73.9543807457
1095908	40.73053294	-73.95165503
2510792	40.7303645725	-73.9536631107
480495	40.73084914	-73.95263403
1575500	40.73177236	-73.95463491
933048	40.73056733	-73.952389
456858	40.7490480333	-74.0038667833
644225	40.7533538017	-73.9983572028
55456	40.7528065667	-73.9933547
4859102	40.8031304	-73.9571192
4633996	40.7524445	-73.9924979
4634176	40.7524445	-73.9924979
452723	40.8037193809	-73.9589363337
447560	40.8029519211	-73.9563024044
447570	40.8034716832	-73.9563345909
100204	40.7518552516	-73.9925895262
1567268	40.71945798	-73.997236643
246822	40.7535743	-73.9907198
1208153	40.75323373	-73.9872657
113224	40.7543280563	-73.9883601665
72172	40.7540295667	-73.9875717
808805	40.7555375083	-73.9875931839
729463	40.7534524	-73.9873388
91854	40.7542190552	-73.9883346558
598804	40.754069314	-73.9884619345
1042486	40.75326758	-73.98885279
312168	40.7536441333	-73.9891305667
228410	40.75349479	-73.98850268
964754	40.7536853271	-73.9885998501
811377	40.7537106333	-73.9891548167
382783	40.7596205147	-73.9917984126
267666	40.76251506	-73.97411388
171870	40.7623447201	-73.9741693999
205927	40.7618608202	-73.9747346801
165677	40.656621	-74.1825296
880187	40.6623497833	-74.1754379167
770519	40.66920345	-74.1839160333
616282	40.670502	-74.18182325
1011234	40.6797115221	-74.1696674897
674816	40.6865411997	-74.164929986
1235962	40.846074	-73.9404193
1568888	40.849259683	-73.880684617
1568023	40.849292683	-73.8772631
1192318	40.8498055075	-73.8802081347
1567848	40.8536448	-73.875563133
1192142	40.84878555	-73.879637733
976263	40.8490832833	-73.8794680833
1317703	40.8490026	-73.87827995
914202	40.8524711333	-73.8800997167
1317850	40.852786017	-73.8783112
1317842	40.852799717	-73.878304617
1004437	40.85122555	-73.8771933167
1191739	40.8521100667	-73.8769706833
115471	40.8982510333	-73.8671846667
608365	40.9276825167	-73.8426455167
1108551	40.9265590333	-73.7694833667
566425	40.7413722356	-74.0062288908
424298	40.7425960826	-73.9917058759
793099	40.79284521	-74.20023269
860804	40.7489117406	-73.9915859367
1241038	40.749961667	-73.994337967
141996	40.7424313333	-73.9906411167
374962	40.7235581729	-74.0028819071
399924	40.7490436	-73.9942025
595511	40.7574606	-73.978733
956903	40.75333815	-73.97819256
169452	40.758853089	-73.9783104314
40750	40.77531055	-73.9809027667
286895	40.7624710735	-73.9745414257
813613	40.7655914864	-73.9797663689
755246	40.76521062	-73.97939449
780336	40.7671823282	-73.9839618807
874415	40.7251902366	-73.9833004472
1034913	40.72563743	-74.00564259
844968	40.7298297333	-74.0030522333
158188	40.6705762471	-73.981791426
60761	40.661438366	-73.9794977777
89725	40.6707645093	-73.9848072621
58367	40.6657868155	-73.9789866829
3619316	40.72316	-73.985688
189439	40.6654465573	-73.9830055292
269414	40.6633453833	-73.9718976667
1136267	40.66870892	-73.97993892
248145	40.67239904	-73.97623282
299060	40.729928863	-73.9593474267
1266021	40.7223916	-74.0037775
1351492	40.683948137	-73.9993393966
1411530	40.709417907	-74.0096032619
2715194	40.6725663639	-73.983682394
314752	40.6640217061	-73.9841008186
314510	40.6645185167	-73.98342255
802794	40.6663353374	-73.9785735188
224100	40.6741449713	-74.0170758963
97681	40.6746189531	-73.9815607667
56252	40.6685915879	-73.9801584982
1153642	40.6728267553	-73.9709043503
411413	40.7180223131	-73.9578257602
654094	40.6717605692	-73.9774786893
724855	40.71593409	-73.99757117
1072354	40.6638332833	-73.9737748667
87432	40.6671874634	-73.9814202101
295936	40.6752860974	-73.9755105729
518046	40.6728723333	-73.962751573
1538657	40.7091844082	-73.9372426271
1109379	40.6656615516	-73.9714193344
890810	40.6637205887	-73.9642524719
170634	40.6663861699	-73.9824407002
917513	40.72082805	-74.00061267
242647	40.7094395333	-74.0113244167
62293	40.6708776014	-73.9777711827
143288	40.68585975	-73.9779611833
923111	40.6858521	-73.97734605
131740	40.6848224985	-73.9946204467
703734	40.6843878667	-73.9951027
395952	40.6663330041	-73.9853269234
434061	40.66604787	-73.98258703
1363920	40.7089563719	-74.0105849504
439296	40.6801884	-73.9779820167
738558	40.6670447333	-73.9739407333
1109437	40.6644754143	-73.9766013622
886896	40.669845201	-73.9790958869
727846	40.7093854053	-74.0108212456
100950	40.6679116956	-73.9805281162
294062	40.7221484	-73.94982115
1068288	40.7094260398	-74.0091633797
1162689	40.7115240502	-74.0095553424
759510	40.6887185056	-73.9894359075
249755	40.6908075778	-73.9922225475
91220	40.6978358656	-73.9906132221
69477	40.7460960986	-73.9458486365
659473	40.74729764	-73.89121794
63044	40.6687567	-73.9798606833
296158	40.6659075	-73.98276358
285072	40.7119915667	-74.0082226667
574865	40.7189324333	-73.9879173667
137429	40.7373980022	-73.9965445283
374054	40.6757496314	-73.9744226562
848645	40.679759303	-73.9746245742
1105561	40.7089017333	-74.0105237667
1065574	40.6668591499	-73.9818316698
1065560	40.6671434641	-73.9814186096
205601	40.7216240442	-74.0002477169
19819	40.70688015	-74.0124624833
215068	40.6702238359	-73.9788287237
457707	40.6669106	-73.9819447167
486742	40.70795083	-74.00881689
421331	40.7072596	-74.00950305
142662	40.6896207959	-73.9692103247
415994	40.7086026833	-74.0115330167
993341	40.671633482	-73.9778995514
160750	40.7078758833	-74.0077752
104867	40.7079925537	-74.0122833252
596519	40.7170312057	-73.9631892361
214158	40.6729488135	-73.969874382
580716	40.7127113	-74.0091012667
724324	40.6615150655	-73.9683187008
907343	40.728415	-73.987004
474256	40.6700600444	-73.9889609814
899408	40.6663012505	-73.9819014072
824946	40.7105320843	-74.0082621574
872109	40.7094311714	-74.009667635
56259	40.6671089833	-73.9815654167
58811	40.6680976036	-73.9838537135
862990	40.6670726811	-73.9815704239
103401	40.6797999849	-73.9746969938
146967	40.7166307667	-73.99781215
864697	40.7142933667	-73.9990938833
434463	40.7155317899	-73.9986212422
291108	40.7265336128	-73.9918040379
582595	40.74117395	-74.00226026
266258	40.73537465	-74.0433743833
566448	40.7619955133	-73.981635522
535239	40.7268847602	-73.9833068848
1150321	40.6616319833	-73.8027634333
942650	40.6658096348	-73.7847939089
950862	40.6652502333	-73.78488085
954790	40.66616529	-73.79341262
830375	40.64583939	-73.77658534
648851	40.6462028	-73.77680784
1101164	40.6492687667	-73.7838311333
418439	40.6464099689	-73.7786717377
1084764	40.6475996494	-73.7780100531
793914	40.7803981978	-73.9811219849
1198520	40.7805258036	-73.9802652597
758374	40.7805116892	-73.9805931783
171594	40.7804948361	-73.9804192142
665854	40.7794641	-73.9812109167
309521	40.7803762667	-73.9800209
104251	40.7793898	-73.9807695667
482763	40.779868685	-73.9808974029
581101	40.7796867601	-73.9800759536
794625	40.77990415	-73.9805251667
1008724	40.78025549	-73.9802199
951332	40.73963004	-74.21238011
891679	40.73203009	-74.21391087
737547	40.7886864	-73.98166815
390954	40.7944285154	-74.0719565874
473948	40.7950552667	-74.0697389
569496	40.7635423117	-73.9820790642
542231	40.763335876	-73.9821117642
406779	40.7530313269	-73.9764254817
663430	40.7521192431	-73.9773745631
729845	40.75201874	-73.97482764
481620	40.7598342821	-73.9881820709
666753	40.7148747579	-73.9982628822
877856	40.6452544466	-73.7789881515
2305422	40.761567175	-73.985289985
4130042	40.76204385	-73.98566385
199713	40.7397924167	-74.0300314167
79162	40.7172051822	-74.0437641609
1056491	40.73417025	-73.98873621
1350654	40.697572108	-73.980150091
4106107	40.76021128	-73.97714662
267120	40.7492652103	-73.9872358455
521324	40.6779282866	-73.9728041213
737273	40.748614346	-73.9879524708
1589235	40.75550937	-73.97310107
942904	40.7600595	-73.973667
538494	40.75524944	-73.97345548
1010542	40.765131	-73.982229
760490	40.7308689266	-74.0025348585
1512089	40.733292584	-73.986377758
1538232	40.732255556	-73.985350659
221628	40.75240015	-73.9927911667
1517736	40.753433716	-73.966503208
1513951	40.756198195	-73.987255275
1512345	40.732608467	-73.985173702
5304867	40.7561330667	-73.9983687667
4707444	40.7522694833	-73.97754295
3990424	40.7078157362	-74.0060091019
2556637	40.7083255333	-74.0062713167
159581	40.7081373886	-74.0081753357
1502751	40.911836333	-73.779831883
1318329	40.8315791593	-73.8272130416
1668814	40.83075165	-73.8403447833
174456	40.8201831134	-73.8178467751
1485096	40.723439	-73.985654588
1309940	40.7231486	-73.9991481
472473	40.7729734424	-73.9158976078
600031	40.7105202	-74.2317105667
1351062	40.7051074505	-74.1773486137
821108	40.727383	-74.127153
666137	40.7578716333	-74.11695235
459622	40.7757155672	-74.1119670868
1805831	40.85879493	-74.0141201019
1497736	40.86219209	-74.01085257
2732808	40.87130687	-73.97948493
3250364	40.84741155	-73.9353206
1508227	40.865327	-73.827253
132968	40.75550591	-73.98369359
736146	40.7308517109	-74.0025237319
603321	40.7317347167	-74.0043446333
1386859	40.767509983	-73.999630517
999578	40.7402776343	-74.0054151343
56896	40.7529365394	-73.9727404494
158405	40.7553081289	-73.9693041935
122472	40.7605128061	-73.9947975949
3452587	40.759122	-73.978095
570752	40.7529294031	-74.0262150728
442251	40.7653045569	-73.9875265526
1050761	40.8038054833	-73.99362455
249611	40.7609513333	-73.9840406667
297296	40.76013215	-73.99538305
157088	40.7630236573	-73.9930486679
2442616	40.7658724	-73.9867942
278950	40.7226682833	-73.98298185
956748	40.7202150041	-73.9883215671
831437	40.7635676561	-73.9949514281
184255	40.76465868	-73.99216926
589631	40.81917895	-73.9599199667
249609	40.80174052	-73.96490997
691863	40.7612161386	-73.9841428783
1148597	40.7630484167	-73.9934903667
1361176	40.760413	-73.962951
1360973	40.759062767	-73.9625573158
1090118	40.8379525833	-73.70209875
98902	40.7636580413	-73.9894427204
391201	40.76326483	-73.99266803
353982	40.7605133057	-73.9834136963
1296499	40.760988	-73.980677
108692	40.7655116291	-73.9836465394
166907	40.7597580028	-73.9915695352
1251231	40.7641123667	-73.9924289667
578859	40.7771268427	-73.7273166153
109729	40.7453122	-73.9924597
935723	40.7371215737	-73.9917145732
923656	40.7684093	-73.9833239
1073104	40.761691	-73.993952
179874	40.7272495671	-73.9919744297
443067	40.7163510786	-73.9980730072
624836	40.7604733824	-73.9835774529
221516	40.7267097444	-73.9861808598
574326	40.7633138471	-73.9860171872
276080	40.75694489	-73.99278599
47705	40.7531983573	-73.9966857433
220669	40.7630356685	-73.9894156588
187857	40.7110281718	-73.9490711689
225491	40.6797094949	-73.9779691015
1034555	40.6810722	-73.9844794333
208942	40.7288286282	-74.0034316202
254099	40.75856989	-73.97893524
120145	40.7607157769	-73.9758181572
484957	40.7298602167	-74.00248735
468219	40.7700669167	-73.8603953833
2754701	40.7491061	-73.98419886
4185927	40.74978816	-73.98562216
787087	40.75365984	-73.97471499
1068282	40.755237937	-73.9727658033
1087203	40.753806	-73.97313
192220	40.754319929	-73.9728462696
211011	40.7547352913	-73.9724221583
267586	40.7556730833	-73.9746226333
435357	40.75379616	-73.97417247
715716	40.7551379167	-73.9748874167
1321826	40.75556099	-73.97398537
509239	40.7544580923	-73.9737582207
777012	40.7544733667	-73.97400475
745430	40.7550966366	-73.9731170958
1434231	40.754472517	-73.973266347
275920	40.7546493787	-73.9732695171
3021027	40.75459933	-73.97438478
506880	40.7551029374	-73.9727037095
213432	40.7549677044	-73.9743491044
737333	40.7549710841	-73.9743468608
1219584	40.754761114	-73.973338166
581011	40.7549087495	-73.9733703384
129720	40.7545932125	-73.9734266446
109328	40.7549423818	-73.9743069097
1578183	40.75452077	-73.97389739
1310459	40.7549645	-73.973886717
1353528	40.75484255	-73.972018267
1132016	40.7560867988	-73.9756315687
1137049	40.75739097	-73.98235201
1211441	40.75018695	-73.991925417
1100990	40.75009143	-73.99172204
941822	40.7482457574	-73.992882185
65641	40.7512071146	-73.9916753769
201105	40.75125485	-73.99399369
573569	40.75943976	-73.97440803
1083928	40.7509305167	-73.9869134167
294195	40.7506831473	-73.9867675756
208311	40.7509241333	-73.9866568167
298195	40.7826055833	-73.97516175
829570	40.7240917076	-73.9944887058
666209	40.8728639399	-73.9184617996
197431	40.6906938667	-73.9956976167
1065261	40.7271716333	-74.00179255
111967	40.7283179667	-73.9889451333
111976	40.7286019167	-73.98845915
5075339	40.884188742	-73.981298219
696252	40.90375435	-74.0318162667
801128	40.88312935	-73.9860516
35974	40.9077809667	-74.0318778667
1186831	40.9113709	-74.0357754
285018	40.8891704667	-74.03856125
622258	40.7200671333	-74.0011589
583180	40.7155094097	-73.9981996689
413145	40.7031015	-73.9914969167
555762	40.70152785	-73.9881655667
502877	40.6803457667	-73.9558032167
432421	40.6631264882	-73.9624929428
746106	40.7527651006	-73.990554342
410231	40.75835752	-73.99241995
494292	40.7594617	-73.99182307
584371	40.7602862066	-73.9869044245
170900	40.7612350355	-73.9872626187
123444	40.7255249676	-74.0030424838
331721	40.7432496761	-73.9885103703
728379	40.7581228167	-73.9789472833
1166358	40.7599957483	-73.979098576
791851	40.7606647333	-73.97614325
467710	40.7606414833	-73.9796509333
951721	40.7601363	-73.97754776
1522723	40.737798607	-73.996866584
752811	40.7597005173	-73.9761950616
3045039	40.8426243067	-74.1042208672
322588	40.7606123086	-73.9801024325
364696	40.7584152222	-73.98097229
52709	40.9184662386	-74.07746315
554977	40.7582920833	-73.9893751667
1592486	40.7599843896	-73.9785218239
349963	40.7561005927	-73.982577276
1593933	40.840086937	-74.1057443619
1179468	40.837533474	-74.0994679928
1604658	40.7595026493	-73.9771485329
865170	40.7595455534	-73.9767301083
759322	40.8426972	-74.1058281833
1123406	40.83856	-74.100376
142009	40.6766967396	-73.9721351241
134751	40.676417218	-73.9716422824
85335	40.7484359018	-73.9925044594
316215	40.8401821	-73.9401832
329920	40.8344794938	-73.9444363117
703311	40.8322992874	-73.9447327051
510033	40.8218846833	-73.9538721167
721908	40.81574201	-73.95736294
731337	40.8154056	-73.9578123
731572	40.8157255196	-73.9582979679
566521	40.8146246588	-73.9592060895
837644	40.81164771	-73.96192753
456350	40.8113975509	-73.9621281624
832850	40.8032199239	-73.9670848846
644534	40.803418895	-73.9669400454
680718	40.799231143	-73.9688469007
771214	40.7949990034	-73.9711242914
998420	40.7943371023	-73.9721783069
725548	40.792311437	-73.9735858879
811357	40.7906323671	-73.9748364687
157719	40.7883075756	-73.9764404297
711638	40.7883319449	-73.9761292934
747234	40.78395372	-73.97951412
486165	40.78354907	-73.97874391
287497	40.7822442139	-73.9789998365
879822	40.7512836289	-74.0022185827
798935	40.7040969946	-74.0131200031
324613	40.7047029484	-74.0140032393
845809	40.7042946531	-74.0135907989
727754	40.70431596	-74.01440364
19817	40.7040948101	-74.0137338638
370297	40.7042046109	-74.0131062269
596289	40.7506769833	-73.9814156667
1474797	40.749457415	-73.983186185
1036437	40.6395352546	-73.9682689651
396649	40.6895220499	-73.9710388466
724099	40.7294580502	-73.998324573
931347	40.6408996485	-73.9493139293
931093	40.7601235794	-73.988665234
198993	40.6723588638	-73.9579385519
368895	40.6777926143	-73.9689808862
446611	40.7440404978	-73.9839548989
47419	40.7187338667	-74.0021220167
328604	40.74850835	-73.9901580833
4174164	40.7655102275	-74.0015244484
71808	40.704041943	-74.0101826191
377873	40.7243595117	-74.0022402088
834242	40.7254232747	-74.0037203716
758831	40.7251791	-74.0029152833
347250	40.67945335	-73.98177825
345828	40.7105833296	-74.0162096507
32617	40.7059598167	-74.018024
255819	40.7064981862	-74.017649889
4587192	40.72258	-73.993831
3305247	40.715644128	-73.998281771
58822	40.7521499145	-73.9739406109
1783267	40.752999883	-73.974065917
233086	40.7597207	-73.9928871333
479845	40.7076820222	-74.0040581277
486402	40.7193145657	-73.997131292
526508	40.73507945	-73.9832254
275343	40.7302491721	-73.9833779715
821218	40.7213812	-73.9970951131
779673	40.7207789445	-74.005034792
358053	40.6813702848	-74.2036986351
1986649	40.713927944	-74.18877111
1143940	40.7016588126	-74.2029476166
824748	40.7187543943	-74.0009957364
1972735	40.7120447331	-74.0023827553
1598248	40.7188772486	-74.0025758743
1017787	40.73900258	-73.98248308
1427385	40.739450229	-73.986791536
728145	40.74110915	-73.9858016
883724	40.747997783	-73.9785571488
369064	40.74742043	-73.97814714
749934	40.7563444489	-73.9724785168
782347	40.7574000901	-73.9735329151
790176	40.758148478	-73.9728065618
164568	40.7197734217	-74.0034441162
1491182	40.721754	-74.001551
1285303	40.72175395	-74.00155121
1289131	40.72175395	-74.00155121
1214254	40.72175395	-74.00155121
1230709	40.72175395	-74.00155121
1225689	40.72175395	-74.00155121
1426337	40.72175395	-74.00155121
1302516	40.72175395	-74.00155121
1266996	40.72175395	-74.00155121
829713	40.72026458	-74.0031073055
1300823	40.71944928	-74.00181412
955377	40.721684055	-74.0012998351
1197954	40.71950221	-74.00184154
1318222	40.71950221	-74.00184154
1186040	40.71950221	-74.00184154
774116	40.712894417	-74.0075264492
1208469	40.72175395	-74.00155121
1007640	40.7214474167	-74.00149755
794473	40.7209002972	-74.0026724339
819248	40.7208109134	-74.0009129047
1007885	40.72089338	-74.00064992
913352	40.72106575	-74.00091814
756818	40.72024208	-74.00106602
747270	40.720525	-74.00098
746853	40.720525	-74.00098
1603030	40.720611192	-74.001047559
790518	40.7210154293	-74.001672608
208352	40.7595417833	-73.9762032333
319985	40.75848549	-73.97732627
434991	40.7259694	-73.9927525
429686	40.6668863229	-73.8333928585
763244	40.6657948333	-73.8222078167
303739	40.7121268355	-74.0157861669
99113	40.7147778966	-74.0157870558
1020471	40.697889	-73.98539
160159	40.6944148164	-73.9837643844
944071	40.69401235	-73.9853100167
674797	40.6938376	-73.9854559833
89841	40.6971645333	-73.9896758
687380	40.69480745	-73.9865967
12202	40.6950545167	-73.98727655
1426393	40.6963886	-73.98861992
1286670	40.757065929	-73.977338386
206834	40.7161095995	-74.0001959769
443290	40.71642464	-74.00010323
185572	40.7082485744	-74.0088429948
917189	40.75965088	-73.99168717
666627	40.7564800836	-73.9702913423
307586	40.68234527	-73.99443256
108167	40.6809567167	-73.9954303
724018	40.7217583	-74.0011453
735357	40.72175776	-74.00113624
854225	40.72397235	-74.0003136667
1025152	40.7251176739	-73.9978611432
296064	40.7255411667	-73.9971470833
434070	40.7298930198	-73.99533391
1023517	40.7390490387	-73.9908481487
533697	40.7390413118	-73.9908793832
195159	40.739061098	-73.9915221942
839509	40.7390213013	-73.9916152954
790067	40.7388519497	-73.9918792248
583529	40.7467400348	-73.9864857511
219886	40.72944682	-73.97957193
1194554	40.722026825	-73.995167613
1313585	40.721732	-73.996763
652437	40.7216129994	-73.9976301669
1016379	40.6026363373	-73.7612789869
806761	40.708576	-74.009235
977128	40.7102393096	-74.007948339
1230729	40.71138989	-74.0085988
907815	40.760658	-73.999375
1151348	40.7098415556	-74.0088489556
1139601	40.71022456	-74.00776207
492100	40.7419999881	-73.9989711525
740982	40.7047501513	-74.0096202101
103762	40.70539715	-74.0110576333
614499	40.75911152	-73.97958242
130842	40.8615132243	-73.9247274399
1162213	40.8671874667	-73.9229807
657505	40.8719877567	-73.9251995087
156487	40.8655133768	-73.9272379875
826340	40.75632441	-73.99092817
286596	40.73227363	-74.00332605
930934	40.7200860973	-74.0066929684
318536	40.8168357167	-73.9413622
701843	40.72256743	-73.9979732
1083852	40.7225285181	-73.9977429887
1071957	40.713749	-73.99778815
790508	40.71967643	-74.00217276
1041659	40.7196646	-74.0013928833
299532	40.7170474457	-74.0080179732
416696	40.7346519284	-73.9883868776
1067579	40.7101335851	-74.0098714828
488154	40.7158508217	-74.0000152585
795054	40.7111608594	-74.0087658757
527916	40.7143380383	-74.0061914921
799582	40.7145926577	-74.0078679796
910878	40.71486234	-74.00800836
974209	40.7149139	-74.00799554
984954	40.7154856167	-74.0090299
767316	40.7164089631	-74.0097068452
71287	40.7153094489	-74.0028383067
676394	40.7377432142	-74.0050900164
654983	40.7141523158	-73.9988225441
821475	40.7160538994	-73.9981019497
739299	40.7145526333	-73.9989353
778758	40.7184020914	-73.9945011129
513674	40.7139469239	-73.9961487599
434056	40.7136998798	-73.9978389207
485741	40.7152367177	-73.9988170223
820230	40.7136630666	-73.9971256256
732030	40.7138826365	-73.9981877804
560272	40.7146889	-73.9987337333
683469	40.715980712	-73.9965462685
891595	40.7152774333	-73.9985611667
753888	40.7155451617	-73.9964079438
820238	40.7139395619	-73.9972543716
595312	40.71459435	-73.9982037833
584003	40.7141753952	-73.9968574047
621913	40.7141565706	-73.9973287247
758598	40.7142078	-73.9971529333
553146	40.7146666167	-73.9980771833
1006728	40.7149124146	-73.9980697632
765414	40.7151403	-73.9979772
729666	40.7145522562	-73.9971555818
972656	40.71473938	-73.9972034
584078	40.71488289	-73.9972114563
1041544	40.71481519	-74.00804185
1033389	40.76574218	-73.86263418
969792	40.7570036	-73.8424125333
993956	40.75705349	-73.84578615
395735	40.6420821333	-73.78540995
846102	40.7083272088	-74.0107054062
79735	40.7094423053	-74.0105903149
448987	40.7601874129	-73.9952720366
261396	40.7179479	-73.9970150667
587336	40.7132401893	-73.9979946613
269950	40.71335911	-73.99941235
11792	40.7036483167	-74.0068030333
471096	40.718843	-74.007147
159087	40.7185060967	-74.0072134543
663642	40.7227410833	-74.00396435
722134	40.7228138167	-74.0036654667
603823	40.7220556515	-74.0036396576
725581	40.72259384	-73.99662923
831840	40.7165017789	-74.0000588535
492829	40.74328511	-73.99683207
197055	40.7536086471	-73.9736172241
801227	40.76210558	-73.99081748
323816	40.7178764833	-74.0031295167
745478	40.719742	-74.002438
657885	40.7491038167	-73.9895244833
722226	40.7191912056	-73.9998578012
704611	40.71844834	-74.00033563
59489	40.71869955	-73.99947325
342095	40.7377458667	-74.0035655
696507	40.7217583	-74.0011453
594942	40.715777413	-73.9986598492
622131	40.7174444464	-73.9974582195
570263	40.716622758	-73.997842041
588088	40.7165092864	-73.9980214834
583192	40.7155094097	-73.9981996689
331891	40.7153774167	-73.9977762
415504	40.71585905	-73.99686878
371866	40.71585392	-73.99691677
583073	40.7162752617	-73.9971443353
370199	40.7158539196	-73.9975717243
68557	40.7296	-73.997265
374366	40.729320227	-73.9998842857
667862	40.72795176	-73.99754971
403504	40.7234047442	-74.0017185289
548342	40.7198476677	-73.9863317631
511936	40.7195685208	-73.9867348291
440710	40.73133475	-73.9980872833
645960	40.7213587667	-73.98873215
198790	40.7298059025	-73.9974133937
589702	40.7271986333	-73.9925069833
351947	40.7153185909	-74.0084409206
501988	40.7275151	-73.99327975
663670	40.7265945667	-73.9927731
546150	40.7288570667	-73.9981454333
688863	40.7256125461	-73.9970684608
593918	40.7255758333	-73.9995619
200342	40.7246803167	-73.9976064833
581482	40.7247714833	-73.9990414833
57863	40.72437185	-74.00067725
468889	40.72236865	-74.00330162
639357	40.7228280833	-74.0074035833
289643	40.7254729926	-74.0045185166
681662	40.7249311675	-73.9972076324
686192	40.7192652149	-74.005507626
500054	40.72451609	-73.99778878
419315	40.7244348603	-73.9997452665
666622	40.7217815522	-73.9975051721
53007	40.7222115833	-73.9992779333
427145	40.7209673909	-73.9994259433
487143	40.7219024167	-73.9993542833
147536	40.7225575773	-73.9997701379
554638	40.7229350013	-74.0005811793
88024	40.7227481811	-74.0001028776
231834	40.7229324	-74.0014393
568836	40.72285801	-74.00086122
479775	40.7220234853	-73.9997452602
430523	40.7225306733	-74.0004006028
609494	40.7218391236	-73.9998829583
431851	40.72229025	-74.0012742
465922	40.722047957	-74.0008005405
667730	40.72167503	-74.00116163
683365	40.72167503	-74.00116163
403112	40.7171859741	-73.9956130981
152858	40.7182678833	-73.9945008167
469020	40.72026795	-73.9951092
512972	40.7210498434	-73.9934420465
444242	40.7216943109	-73.9935645053
203570	40.7236821	-73.9920904
304659	40.72377467	-73.9922353
265350	40.7244076497	-73.9932237206
505649	40.72386473	-73.99278372
313491	40.72384357	-73.99223119
310561	40.72384357	-73.99223119
569713	40.7245083832	-73.9930912014
162503	40.7247322195	-73.9928367044
287035	40.7299148051	-73.9898432395
172016	40.7340528892	-73.9865111534
656792	40.735397862	-73.9858039809
175526	40.7342526167	-73.9866242667
292724	40.7350807133	-73.9856385504
657808	40.7369178892	-73.9846000916
494999	40.73718088	-73.98188036
608474	40.737736214	-73.9812549949
337177	40.7441318	-73.97601824
96823	40.7445931	-73.97569435
570402	40.7457962036	-73.9754562378
390177	40.7453816402	-73.9776569671
561024	40.74624079	-73.97576683
308299	40.74625778	-73.97622275
366236	40.74646905	-73.9766933
547825	40.7663537667	-73.8852201667
239733	40.7561973001	-73.985055685
239831	40.7565548886	-73.985452652
480377	40.755876654	-73.9860260719
129122	40.75665789	-73.98599088
359718	40.71667695	-74.00913715
415196	40.7266639828	-74.005607605
83129	40.7242970532	-74.0056306402
405587	40.7262473333	-74.0053095833
551781	40.7268912208	-74.0062292737
369722	40.72547477	-74.00539761
195296	40.7266905	-74.00681965
89271	40.7258153167	-74.0066860333
519441	40.7217159667	-73.9977293833
340088	40.7229963614	-73.9958316247
280072	40.7223066	-73.99594521
373051	40.7222306667	-73.9960527333
495228	40.7216930268	-73.9952766258
570602	40.7219426	-73.99651849
631353	40.7144195	-73.9982659667
424366	40.7201131543	-74.0001564833
355130	40.7218462	-74.0021605333
526477	40.71841955	-74.00613963
590459	40.716813354	-73.9998147604
166418	40.7194007292	-74.0058682635
325075	40.7215342094	-74.0015618346
615023	40.7179021785	-74.0056052253
587953	40.7172838438	-73.999633491
298483	40.72007835	-74.0048808667
587968	40.7187434837	-73.9995074272
47454	40.7183795932	-74.0049093962
382588	40.72041213	-73.99998617
579008	40.7178964179	-74.0046233292
496837	40.7178614833	-74.0045069333
607976	40.7200292692	-74.0037914505
369093	40.7177478167	-74.0029826333
596525	40.71924191	-74.00076478
291177	40.7190439667	-74.0066747167
627017	40.7185506333	-74.0060448333
56270	40.7185991475	-74.0026402473
4770067	40.678968295	-73.973726662
3009422	40.762192	-73.972776
4652985	40.73146233	-74.003167674
5700339	40.77875961	-73.96039207
5433245	40.745813215	-74.006016575
497347	40.7270056142	-73.9834877047
874702	40.72718775	-73.98445856
62805	40.7605657786	-73.9876987507
212245	40.7482294667	-73.9881220167
890794	40.7655512333	-73.9826167333
1355490	40.76407	-73.981805
542519	40.85589515	-74.0625829333
1546963	40.756394883	-73.99263595
4588037	40.74067062	-73.99303519
329016	40.7615551833	-73.9823009647
357138	40.6868375691	-74.1956949234
56966	40.6863469667	-74.19344505
977344	40.68396687	-74.18363183
893638	40.6881880494	-74.1900730133
1435748	40.774284214	-73.872919997
910210	40.7706069946	-73.8751068115
1478547	40.749306	-73.992554
733598	40.7498227333	-73.9952180667
1478078	40.749306	-73.992554
1350066	40.72371506	-73.98528653
1348677	40.72168856	-73.99356251
169446	40.7444123296	-73.9950062339
174531	40.7420393148	-73.9933107461
705376	40.7789044144	-73.981230855
515215	40.7848876597	-73.9773631096
238974	40.7224940831	-73.9922654629
356475	40.786079387	-73.9724451697
166316	40.798273879	-73.9688014984
872534	40.7840374615	-73.9776672993
502547	40.91568535	-74.07295535
209732	40.7847382084	-73.9729107067
811809	40.7840118433	-73.9776916474
398462	40.7837312161	-73.977573005
203571	40.7640687935	-73.98825414
689311	40.7047902121	-74.008616209
76536	40.7858952167	-73.9730406333
46781	40.7417100082	-73.9903021455
132850	40.7218110629	-73.9575845003
28072	40.77647965	-74.0098814
887083	40.7662090508	-73.9891541004
983094	40.7351091833	-74.0940591333
658441	40.7586236	-73.98525452
820260	40.728917383	-73.993563652
5486957	40.70604199	-74.00925081
580801	40.7037776068	-74.0075594187
5739957	40.73564629	-73.97953627
211174	40.7349395866	-74.0031356799
109591	40.7569531099	-73.9867079258
321388	40.7294214638	-73.989379406
5609232	40.727385	-73.99284
2237332	40.7327983	-73.983589183
5062984	40.734936155	-73.983051898
433018	40.7288313725	-73.9888789868
962810	40.72884505	-73.98793959
530549	40.72952515	-73.9895326333
622500	40.72969776	-73.99057567
514891	40.75562475	-73.9958171667
1276469	40.731199597	-73.992027221
1524575	40.775210257	-73.977677578
1070194	40.7747888167	-73.9799475167
115395	40.7105147333	-74.0179523833
1256276	40.970420667	-73.8833512
1238186	40.973342017	-73.8791168
1515974	40.72938965	-74.001708983
1020647	40.7298047667	-73.9949479
998567	40.73219335	-73.9891370833
527446	40.60686147	-73.81873828
635625	40.75825631	-73.99255126
18025	40.71563839	-74.00779598
1444312	40.756978377	-73.977081151
758735	40.76269549	-73.98947352
347734	40.7607648134	-73.9865147218
1781595	40.6504062667	-74.2070618
778746	40.733449	-74.002042
759260	40.7414868628	-73.9970546472
1205388	40.74148607	-73.99786645
483314	40.74346572	-73.99670857
848428	40.7505545	-73.99223017
886504	40.75008893	-73.99235326
731710	40.74990206	-73.9949209
1195594	40.7496268833	-73.9950192667
1544061	40.7514797701	-73.9922392037
865849	40.76322114	-73.98293238
582764	40.7630806167	-73.9817722833
353750	40.7295515486	-74.0763044357
1445745	40.761577613	-73.979775229
19286	40.760683271	-73.9807534218
935480	40.7607605667	-73.9715908667
4123302	40.72781	-73.991139
925043	40.7399555701	-74.0310581081
724137	40.7400956984	-74.0376591682
724202	40.7403070521	-74.0376484394
242445	40.7028788559	-74.0506088734
267681	40.7002354005	-74.0500992537
267682	40.6997066969	-74.0520170331
267736	40.6973640824	-74.0519714355
250478	40.693816721	-74.0529695945
267390	40.6983727182	-74.0541708469
267293	40.6909824805	-74.0550130606
267286	40.6926989434	-74.0564185381
250465	40.6922555959	-74.057174921
267731	40.6931016143	-74.0572285652
267280	40.6919302013	-74.0556406975
1436339	40.692893167	-74.057206717
3424920	40.7318812609	-74.0667557716
3293438	40.73296865	-74.060430967
3316512	40.732172	-74.070446
353196	40.7141225361	-74.0721845627
353737	40.7244536618	-74.078836441
1537583	40.7208895683	-74.0820068121
352744	40.7142912785	-74.0707468987
353395	40.7146043657	-74.0702936053
1324182	40.72580587	-74.0900712
840874	40.7164243	-74.07057565
353639	40.7173204368	-74.0730240941
355265	40.7235470589	-74.0874356031
355229	40.7243601563	-74.08626616
355479	40.7248927296	-74.0850377083
1268782	40.722027117	-74.0847273
355272	40.7264131828	-74.0859925747
644394	40.7903708125	-74.0583121777
972439	40.7216980333	-74.0840392
353646	40.7172777449	-74.0729784966
353555	40.7199001952	-74.0782570839
986317	40.7404570333	-74.0816457833
3139865	40.727621913	-74.0379703045
1429413	40.738973233	-74.056719417
657555	40.7370495095	-74.0710189967
817096	40.7343691833	-74.0805172333
1200807	40.7359582186	-74.0667074919
2778054	40.735817	-74.066264
857304	40.7349926145	-74.0647678509
855127	40.73564095	-74.065399025
2389253	40.739639774	-74.064839567
355245	40.724681327	-74.0827524662
409350	40.79589271	-74.0415104
1463332	40.726875935	-74.076536531
2582112	40.7358294725	-74.0649533272
830341	40.7375793927	-74.0664167962
811530	40.7346892057	-74.0593523105
1198814	40.7357349	-74.0650162
220095	40.7322246833	-74.0705015667
196303	40.7370968833	-74.0310642333
1101399	40.7276520141	-73.9911504227
225089	40.72803199	-73.99035489
1232585	40.7281109	-73.99086034
590108	40.7819698667	-73.8297886167
416965	40.7819631265	-73.8299918175
111014	40.7438954539	-73.9949346161
46445	40.7382178727	-74.0019536018
352673	40.7498497844	-73.9896664023
1296126	40.76629394	-73.98690396
28430	40.6781042833	-73.9734552833
812902	40.7591035213	-73.9837010938
168964	40.6714632209	-73.9842530223
356578	40.74664825	-73.99317765
851477	40.6738194883	-73.9825344086
956870	40.6762106579	-73.9840454808
461285	40.6740310524	-73.9820837975
552877	40.6710988666	-73.9847144934
4069279	40.66947855	-73.986042383
1127891	40.6800796954	-73.9742866017
1088380	40.6735997864	-73.9825451374
4000870	40.675119817	-73.97512055
390012	40.6752829977	-73.9749932675
899430	40.724711	-73.984424
456440	40.6717689088	-73.9840042591
598289	40.670735458	-73.9851093292
934031	40.7547262909	-73.9859676361
874986	40.66314178	-73.96069669
577677	40.7560827679	-73.9804865426
75528	40.7608573631	-73.9811917895
780829	40.7658160802	-73.9560808912
668684	40.7425008497	-74.0005449615
664730	40.673013911	-73.9846909046
3734429	40.67428765	-73.982194324
754108	40.7480915333	-73.9891771
1175216	40.7556905352	-73.9896071705
331132	40.75419867	-73.98428708
537997	40.6716061617	-73.9841330051
2963275	40.67009925	-73.9854741
513360	40.673640472	-73.9824056625
451498	40.75430285	-73.98432523
70306	40.6724678833	-73.9826525833
73592	40.6704178833	-73.9785421667
538346	40.7523164493	-73.9945442076
495356	40.7507805833	-73.9816297
1123409	40.6750852333	-73.9814917164
591431	40.6792314	-73.97882845
283325	40.68203139	-73.97721904
1023947	40.67284089	-73.98398071
19942	40.71920251	-73.99224954
906872	40.750205175	-73.9718524721
106276	40.7537941518	-73.9860405125
67374	40.7450947333	-73.9942848167
186679	40.7572456791	-73.9708077908
928416	40.7532471217	-73.9843475819
91967	40.6854038444	-73.9945014688
316311	40.6690757297	-73.9846413353
527664	40.7552626848	-73.9710867405
965966	40.7228872621	-73.9834428041
1185116	40.75563853	-73.99108862
234931	40.6687459333	-73.98573175
219944	40.7408876772	-73.9954221079
744518	40.7534202227	-73.9876177228
664602	40.67178075	-73.9840258833
611315	40.67652385	-73.98028622
1223342	40.75284349	-73.98721504
459407	40.7500437763	-73.9719614935
1383978	40.689556938	-73.971235952
512288	40.6873094268	-73.9754158258
1240971	40.7409127049	-74.0051272597
524678	40.7623841577	-73.9857636629
624194	40.7326621514	-74.0037803689
1300729	40.776174717	-74.019287117
45874	40.7603324114	-73.9915279969
298905	40.782221004	-73.9806566344
1290140	40.74895203	-73.98372
55555	40.6684145653	-73.98041563
621808	40.6720872601	-73.98469114
1201000	40.743931774	-73.995186376
1080610	40.6763166189	-73.9835375547
171633	40.7558975334	-73.984252922
1039944	40.6680686333	-73.7504873333
12844	40.6873726833	-73.9861178333
1166353	40.7541077	-73.98584265
972143	40.6689070171	-73.9868157551
997004	40.6685345578	-73.9847610052
520916	40.671416865	-73.9844668061
329399	40.7331791848	-74.0028226376
528095	40.7528732	-73.9793172
605538	40.6777388366	-73.9829255704
1132711	40.6753519667	-73.9843240833
398900	40.7277111522	-73.9932968587
52985	40.7241282333	-73.9977816833
1110277	40.7535202875	-73.9860365208
601366	40.6726691379	-73.9830335978
914294	40.7861617	-73.93116305
1086742	40.7864973833	-73.93794125
1073263	40.6739846167	-73.9861743833
119018	40.6732364269	-73.9829974228
108147	40.67737455	-73.9831776333
1027793	40.7634521	-73.9822029
999171	40.6692220789	-73.9865428227
996541	40.6699119333	-73.9507763167
513462	40.745574673	-73.9991676064
291227	40.7649846469	-73.9916268118
74050	40.8260842667	-73.9564906333
969627	40.67311626	-73.98295706
525097	40.6711341929	-73.984862566
208322	40.75328545	-73.9864485833
409945	40.75484424	-73.98674333
334670	40.75425958	-73.98436331
710680	40.7885350222	-73.9772987366
115800	40.7885671801	-73.9771166429
631261	40.7459970914	-73.9944219589
293311	40.74088287	-73.99357348
900865	40.7441655833	-73.9962871167
852658	40.6535818233	-73.7870846551
844121	40.7516568662	-73.9879238831
101072	40.6753854305	-73.9810743953
109877	40.7460133479	-73.9940035343
143862	40.738075611	-73.989213109
410408	40.7451186234	-73.9947187684
602648	40.7451842584	-73.9948189259
259688	40.7611892	-73.9820056
775730	40.7614132833	-73.9823485833
763415	40.6690184294	-73.9857423306
55523	40.7614065562	-73.9876213202
284656	40.7486418183	-73.9862050797
712600	40.6631913564	-73.9848208396
712522	40.6592533	-73.9807470333
113270	40.7492524	-73.9951317833
681824	40.7445067556	-73.9952375139
668618	40.7452899273	-73.992651701
120595	40.74630981	-73.99259942
663259	40.6735225167	-73.9849445
108152	40.6794288667	-73.9883795167
52951	40.6729450167	-73.9844814333
660150	40.6829071713	-73.9646380341
623367	40.6719967541	-73.9835643768
59032	40.7196237247	-74.0070927143
608079	40.6723466578	-73.9835643768
592433	40.7180596168	-73.9895212837
341874	40.7360091522	-74.0015823616
583822	40.747208194	-73.9934456348
543396	40.6757509756	-73.9808044589
160175	40.6772195667	-73.979968
533721	40.7469940186	-73.9928512573
463547	40.74977546	-73.98013144
738207	40.6314656167	-73.9515191167
135714	40.63257527	-73.95633858
929375	40.7506767333	-73.99179245
836183	40.82089364	-73.59853929
932552	40.7629017143	-73.9566665571
763099	40.6881223	-74.1914618667
282015	40.6494607152	-73.6648857594
172044	40.6560019833	-73.6752568667
278870	40.6615150655	-73.7047863007
3097161	40.75114834	-73.99083393
5769122	40.656294458	-73.671706752
661338	40.6614867667	-73.824847
1469346	40.72525702	-73.634192788
372014	40.74643939	-73.59571319
386719	40.6545263833	-73.6743307667
452482	40.6559006333	-73.6726974333
4557223	40.6572625133	-73.6459171772
1161624	40.6279268167	-73.5806827667
1849846	40.651969	-73.647491
874650	40.6514794213	-73.6697995663
2767405	40.657793684	-73.669151146
2737524	40.724596622	-73.635977041
319138	40.80172997	-73.65436774
1193318	40.629357386	-73.577500846
317038	40.6559007333	-73.6455419333
486395	40.6495299057	-73.6663985252
360319	40.7281605	-73.63762128
711274	40.6549387554	-73.6697620153
1388801	40.636559497	-73.6598445475
1477973	40.644803451	-73.659055978
1463914	40.657957914	-73.650135575
1372128	40.6562699833	-73.6716179
955382	40.5861654833	-73.6935931
733263	40.74481022	-73.9775905
1322459	40.6405060407	-73.6552190781
732200	40.5860017684	-73.6966724711
1319360	40.5862231628	-73.6945080757
862224	40.6552568932	-73.6759605392
612133	40.6573955692	-73.6714116163
929249	40.65707564	-73.65820407
946057	40.65469395	-73.6755023833
1148761	40.58881962	-73.65825945
1199740	40.6395494476	-73.5829147696
617172	40.6583332751	-73.6480523763
977470	40.6565903	-73.6599804833
1169823	40.6080230572	-74.0242695808
802782	40.5862157385	-73.6979150128
923907	40.6398242151	-73.6597332358
506353	40.6588048579	-73.647762537
1095737	40.6455882667	-73.63827105
1095400	40.6212637	-73.64199765
452743	40.6567230225	-73.6452026367
1060586	40.6215903167	-73.6419326167
478802	40.6568638	-73.6457681833
892494	40.7489524333	-73.6153595
955191	40.6554911	-73.6730355
566836	40.8038366168	-73.6460806031
930791	40.65530872	-73.67630219
677832	40.588146	-73.6678164
879440	40.6577602	-73.64714902
804038	40.81982055	-73.80978145
766902	40.6561026793	-73.6717253923
565417	40.6585464464	-73.6456355453
305926	40.7107457	-73.6761956
548650	40.6906567333	-73.7652705333
513893	40.65830205	-73.6454253667
513878	40.6568853833	-73.6075016
153515	40.65835745	-73.64668915
529434	40.61379	-73.64432545
491328	40.6573963333	-73.6701894667
464328	40.65556943	-73.64056205
136634	40.6597348333	-73.7041130833
321181	40.7277847857	-73.6349363431
285499	40.7432740619	-73.6162519455
261729	40.6573027333	-73.65621425
158487	40.649332509	-73.666382432
1582321	40.750410122	-73.978465064
1373023	40.699431183	-74.0411312
1419684	40.778097661	-73.973585042
192251	40.7332327159	-74.0062608863
829690	40.7303285948	-74.0065790353
990232	40.7523447333	-73.9260376833
4770592	40.76851052	-73.99283534
405208	40.71251851	-73.94953691
4653201	40.714282446	-73.961722683
4644694	40.69323694	-73.97252929
1522673	40.703812	-73.949118
4605539	40.72144877	-73.98588079
620963	40.7743777167	-73.9804574833
934793	40.7711737346	-73.9819121361
1133807	40.792654	-73.934102
526261	40.8058758333	-73.9539083333
1018976	40.761310077	-73.9848235485
3915774	40.728665987	-73.984277581
1541467	40.780059878	-73.980468477
341223	40.7272337333	-73.9863907667
1356200	40.76355254	-73.98884898
490996	40.74096131	-73.99326282
562347	40.72601592	-73.9859746
3424331	40.78898489	-73.93741798
310158	40.7584688	-73.99239993
236439	40.7769605249	-73.9777827244
1067372	40.7596962333	-73.9882922333
663638	40.6488732	-74.00532475
2964061	40.65179485	-74.00999051
948172	40.75662297	-73.9861961
579203	40.7614785662	-73.9835325883
853369	40.7816127333	-73.9806560833
134356	40.8044077333	-73.9667771
611751	40.7856773041	-73.9764292325
150092	40.7837447	-73.9775800167
1085065	40.77747982	-73.97951561
518093	40.76598125	-73.98128855
447662	40.8049578555	-73.9548432827
359530	40.7032873532	-73.9951854749
1558932	40.741996175	-74.005816382
1687096	40.70706814	-73.80459576
398334	40.7604647333	-73.98717945
1593062	40.750746279	-73.951298675
1592358	40.765003219	-73.994466779
350629	40.77688407	-73.982234
1328571	40.7785185111	-73.9819335938
207208	40.7860755238	-73.9769791853
617737	40.7887064027	-73.9742035387
1317099	40.776611367	-73.978886983
1558307	40.75671905	-73.99003058
972933	40.6666356629	-73.7795740399
1054372	40.7752652365	-73.9095721354
1145661	40.7707045	-73.83415263
250444	40.7073846888	-74.0359854698
1099662	40.7276547997	-74.0363330238
205638	40.7411239833	-74.0266562333
205648	40.7414768667	-74.0261466167
53275	40.7412025167	-74.02995785
199732	40.74035445	-74.0298538
205624	40.7403604833	-74.0266022333
179906	40.8044888621	-73.9668247104
166194	40.6900485571	-73.9966579867
3143531	40.6845143333	-73.9928096667
1088758	40.69269293	-73.99064666
68235	40.6770547667	-74.0133284
68150	40.676626727	-74.0134978294
1204437	40.6798644751	-74.0103939118
223855	40.6865413346	-73.9940200199
960756	40.6776433833	-73.9833037
1114013	40.5910075	-73.9032341833
116900	40.71971755	-74.0074124167
893059	40.7586688833	-73.9707215833
1007828	40.6857903	-73.99150045
319042	40.6854798833	-73.9940878
912138	40.6877049667	-73.968676
93517	40.75798103	-73.9690615966
241329	40.6848061072	-73.9919272598
128019	40.6864721331	-73.990016215
78403	40.6824632553	-73.9933106979
34026	40.68080655	-73.9945138667
378211	40.6774742592	-73.9981642838
632922	40.67591512	-74.00050944
623142	40.68715805	-73.9937639333
783011	40.7578479333	-73.9701858333
108760	40.755535858	-73.9718937516
298300	40.6941451393	-74.1766129499
361726	40.6950421333	-74.17515425
341303	40.7452603257	-73.9984411672
440607	40.6535415649	-73.787022348
1086627	40.7616266	-73.98423415
301297	40.7050351565	-74.0109678168
1184362	40.7134953898	-74.0084387155
651713	40.7415731204	-73.9810753575
606228	40.7405602846	-73.9811171819
300022	40.7248533438	-73.9814175461
783019	40.75737695	-73.9700126833
881183	40.7481172	-73.97812736
1548626	40.726503759	-73.989215844
2760438	40.745857	-73.978516
1299028	40.749531263	-73.978451207
779209	40.74752432	-73.98641383
1185014	40.7472976034	-73.9851951599
1184549	40.7499310624	-73.9833283424
818600	40.7478082995	-73.9864279456
51646	40.7809616492	-74.0100660845
962841	40.7156879612	-74.0075862408
303491	40.72457361	-73.9978249
382915	40.72610843	-73.99778777
682398	40.72536176	-74.00175458
629520	40.7231197333	-73.9989755
320630	40.7184832	-73.98862779
189619	40.72479748	-73.99755495
942942	40.721355	-73.994825
36989	40.7177789476	-73.9904941048
102705	40.7177276013	-73.9904154565
254763	40.7181622333	-73.98976245
1079722	40.7609964411	-73.98130316
908836	40.7212624799	-73.9946210538
482472	40.7212236667	-73.9885723
1278648	40.71763685	-73.990616417
23940	40.7237137447	-73.9922440052
1042175	40.7178151591	-73.990435607
600337	40.7180050771	-73.9896821535
594686	40.71719688	-73.99108976
220590	40.74468725	-73.97738528
266886	40.74478054	-73.97739994
231853	40.74540015	-73.9771368667
287382	40.7452865167	-73.9791335667
317129	40.7450623326	-73.9774167538
317227	40.74499404	-73.97756177
87248	40.74482425	-73.97845795
317255	40.7450376667	-73.97875625
267010	40.7451794978	-73.9785398484
319143	40.7452193385	-73.9784527909
389710	40.7454525749	-73.9782474912
221558	40.7385767349	-73.9833833132
497301	40.7381954167	-73.9831363
109808	40.739485671	-73.9825774029
173438	40.73981124	-73.98200601
296700	40.7374085252	-73.9813630954
22506	40.7386840833	-73.98224585
358251	40.7626719051	-73.9860130632
38463	40.7630358466	-73.9853239059
149977	40.7627981413	-73.9855521121
153151	40.76304233	-73.98527485
64534	40.7634946007	-73.9866965004
225973	40.7634453655	-73.9866480719
454106	40.7635487152	-73.986556976
390240	40.76328116	-73.98541575
404660	40.76328116	-73.98541575
358415	40.76302683	-73.98570674
377316	40.76302683	-73.98570674
566285	40.76307362	-73.98569762
274854	40.763004	-73.9858573
202821	40.7635862577	-73.9859474453
165765	40.76338005	-73.98570525
416450	40.76332694	-73.98578798
16088	40.7475803167	-73.94023025
63962	40.7472327008	-73.977891238
923113	40.68584045	-73.9773528167
1167419	40.6673789518	-73.9877286481
677795	40.74697365	-73.9234603
1256501	40.75739204	-73.96555674
1485612	40.75771095	-73.963998608
109672	40.7557645938	-73.9684056769
164457	40.7583126833	-73.9684261167
594878	40.76922041	-73.86664927
763761	40.7576682768	-73.9632117748
599730	40.7563517136	-73.9646816254
900679	40.77058428	-73.91668313
520330	40.7494601776	-73.8866666557
643959	40.747114	-73.891681
5288899	40.7475624	-73.88989198
1493413	40.749447891	-73.887251961
1410792	40.748690223	-73.88404208
3196017	40.72278219	-73.99904251
1996991	40.72279232	-73.99903047
419572	40.74354624	-73.99669504
4654299	40.74672824	-73.98954659
1384290	40.747805983	-73.992101317
1366064	40.746681184	-73.99141171
44811	40.7642975	-73.9822005
268642	40.7464355127	-73.9978900112
492168	40.7425821368	-73.9967970325
5078521	40.741379786	-74.005044954
171954	40.7478703667	-74.0039523333
4268112	40.72199	-74.005261
1957187	40.759595283	-73.977878817
1857620	40.796645241	-73.970413828
1276033	40.7912480749	-73.9739835262
1216703	40.67074845	-73.957692367
438123	40.67448533	-73.9632595842
1214145	40.72714847	-73.9933384
3138740	40.75755023	-73.98411661
597968	40.7116770039	-74.0063725515
1394284	40.6665158272	-73.9881134033
1049410	40.5753707886	-73.9794998169
903066	40.5732867	-73.9795310333
170192	40.7259814732	-73.9962650818
434190	40.7327791952	-73.9910638332
1058071	40.7085964943	-74.0102255344
1022601	40.704895041	-74.0111943993
721022	40.7031911021	-74.010320573
494583	40.7331436	-74.1652248
1014429	40.7502439667	-73.99063915
1313364	40.74902772	-73.985407971
248150	40.7488231833	-73.9863139667
159406	40.73448306	-74.16668409
907477	40.68867176	-73.99307158
486088	40.6911937195	-73.9979580804
340951	40.7443022105	-73.9879685921
786857	40.6903967833	-73.9937659333
154915	40.7438961	-73.9837152
652041	40.6903845012	-73.9949281196
729213	40.7459961	-73.98661503
3206512	40.718734	-73.987067
1209850	40.721208654	-73.989306725
3189805	40.6855091	-74.00249208
1000831	40.6936152125	-73.9920153428
736726	40.7455105714	-73.9865033714
729193	40.74597429	-73.98662065
235550	40.6878187333	-73.9954148
507182	40.6860918667	-73.9945159889
453473	40.6866117051	-73.9938963912
749465	40.7327610254	-73.986042738
355858	40.7623746411	-73.9901973396
595462	40.6815556666	-73.976846589
963196	40.7422335913	-73.9879846573
188379	40.6823806763	-73.9934692383
705486	40.6823309387	-73.9965584211
210933	40.6884565152	-73.9914608002
541860	40.7474603692	-73.9879578837
748336	40.6908141667	-73.9960877
1147465	40.76097962	-73.99069088
1268877	40.696009	-73.982437
1262479	40.718629	-73.987327
732367	40.6885540985	-73.9931251733
417004	40.68648326	-73.9952917
1232946	40.686376	-73.987429
1180380	40.685775	-74.191121
1123650	40.71956071	-73.99462318
378049	40.6814268333	-73.9769956833
637787	40.6735591008	-73.982834816
177255	40.68626495	-73.9909765333
1074231	40.71877398	-73.9950673
235528	40.6880574333	-73.9955785667
651019	40.7329838802	-73.9937279174
36178	40.7268086819	-73.9874958955
1000198	40.7269940333	-73.9889119
777473	40.6878603333	-73.9933445667
946602	40.7473972429	-73.9877351286
377904	40.6850288441	-73.9945991594
738050	40.6881007988	-73.989679539
235496	40.6885569	-73.9928618167
481709	40.71431235	-73.9559211
46785	40.7033063833	-73.9905369667
235935	40.6896164	-73.9916238
210909	40.6901255	-73.9937557833
764095	40.6901298833	-73.9943483667
4331040	40.691922225	-73.987408103
1201507	40.6925809889	-73.9861607552
189267	40.6884804333	-73.9893154167
189588	40.6915673333	-73.9814992667
1058948	40.7407752806	-73.9877920474
366253	40.7400794404	-73.9945399761
1328926	40.6924957037	-73.9848035574
754329	40.7834612833	-73.9741472833
346536	40.7066949496	-74.0106083261
591648	40.7188971402	-73.986744934
327829	40.6916465167	-73.9872374833
434004	40.682693	-73.9932748667
109453	40.7050257843	-74.0089296938
945238	40.6944558167	-73.98626885
1408347	40.69271469	-73.987085165
1207438	40.69599992	-73.98306781
305148	40.7371794332	-73.992174034
1203263	40.74415636	-73.99559581
197270	40.7607970417	-73.9908492565
377847	40.6934654	-73.9888026
513490	40.6875974833	-73.97049005
1194246	40.686754733	-73.978099067
1019059	40.74440407	-73.99670344
702145	40.6894978265	-73.9732325077
848079	40.6759845	-73.9834753667
296249	40.6752607557	-73.9813770354
108144	40.6764797333	-73.9804833
146641	40.6769762844	-73.9801334421
174185	40.6783695425	-73.9791642595
71231	40.6948953007	-73.994974494
248873	40.6947138374	-73.9939488148
626930	40.69419753	-73.9932993
756880	40.6926623369	-73.9859193563
107336	40.6885270833	-73.9890949
1241166	40.751643	-73.978438
1449267	40.784186865	-73.973905886
1484887	40.793898	-73.972626
1484874	40.793851	-73.972626
3532913	40.80363485	-73.966770553
2731392	40.796995	-73.9703206
1032650	40.7968464556	-73.974729445
999966	40.7893869	-73.971975
896011	40.7985801167	-73.9736964333
1537049	40.801625237	-73.970977207
2070086	40.799475325	-73.970347227
864991	40.7524620167	-73.9078045333
1033977	40.7454944105	-73.9907080953
948870	40.7508774667	-73.9939853833
573967	40.7936193782	-73.9961502188
1056326	40.7466220167	-73.9409754833
1172271	40.76156413	-73.98417025
1101877	40.7549487667	-73.98725615
561218	40.7601896203	-73.988779661
139469	40.7621045	-73.9936776
202916	40.7311437667	-73.9861382
237939	40.731217371	-73.9857178719
578846	40.7621270919	-73.985824872
1391626	40.73501135	-73.99885285
325389	40.723105963	-73.9907221407
593684	40.72110688	-73.98670375
590309	40.68827395	-73.9911835333
421432	40.7233551479	-73.9984436114
253354	40.7192008852	-73.996578455
589294	40.7216599667	-73.9952690833
1110492	40.73474121	-73.86941832
205826	40.7607096577	-73.9859328927
1515973	40.729454333	-74.001834317
1258054	40.746749648	-73.987192754
735815	40.74039912	-73.97658056
409764	40.7021371833	-74.0160629333
1244961	40.70162642	-74.01154232
497853	40.75102907	-73.97617971
411620	40.8095420407	-73.9609211683
1205511	40.7845383883	-74.1365200281
1187861	40.78768248	-74.13760366
644290	40.7930499167	-74.0510964667
644286	40.7935382167	-74.0509133667
686698	40.83008395	-74.1402884333
137754	40.786150423	-74.1460454427
1201003	40.7804775238	-74.1359084845
794136	40.7837099833	-74.12588895
1194643	40.7356953621	-73.9912569523
607684	40.7497391379	-74.1353249618
261102	40.6454911634	-73.7851467144
1315487	40.7674766649	-73.9831781387
1174856	40.7097432162	-74.0064704418
57473	40.7270392417	-73.988070488
247647	40.7294113413	-73.9881137385
440432	40.7101211548	-74.0092010498
965150	40.72578132	-73.79044067
1139899	40.7565550037	-73.9837522175
1139749	40.7565550037	-73.9837522175
143749	40.7565550037	-73.9837522175
63932	40.615925127	-74.0953865796
1073695	40.7485062647	-74.0309465269
1014568	40.7462228233	-74.0281299001
272809	40.91912515	-74.0674842667
199703	40.73928585	-74.0301921667
618206	40.9194555997	-74.0659680216
1455410	40.7246381	-73.590768417
31004	40.80849245	-73.9879794167
588831	40.85692915	-74.0701399167
1397891	40.904895717	-74.063353758
419845	40.9193503754	-74.066200509
29454	40.8130208833	-73.98469805
200435	40.7434328	-74.0291355667
260216	40.9148939833	-74.0593707333
200347	40.7390224833	-74.0304644167
1149022	40.85080775	-73.98585785
1096320	40.910068	-74.0726132333
199112	40.7377175667	-74.03183475
1056322	40.7376511773	-74.030486143
315708	40.7416542801	-74.0298756052
148064	40.713536	-73.95574075
278056	40.82610275	-73.9955239667
199173	40.7364326667	-74.0316491
345512	40.7483726667	-74.0314736
1573185	40.6797498465	-74.0122961998
578977	40.73196935	-73.9946298
890985	40.74698686	-73.98573285
930563	40.7359030529	-73.9874817294
3044444	40.73658972	-73.98939341
906178	40.7833116773	-73.9779424667
324658	40.7847658068	-73.984336853
220667	40.7233833	-73.9824696
1051603	40.7360047295	-73.987292336
885766	40.73370319	-74.00302141
267761	40.7423299128	-73.98265862
802932	40.7855339436	-73.9766211813
486713	40.7842519909	-73.9777345955
1344311	40.785907183	-73.972899567
1333670	40.63922894	-74.08302944
1303312	40.74444657	-73.99670004
1228978	40.713160333	-73.723271517
1112882	40.7860856092	-73.9727460965
956716	40.7219437863	-73.9855979838
52186	40.7724354	-73.9586395167
766257	40.7805266	-73.9765308333
767675	40.7079944299	-74.0140892315
51435	40.6731028647	-73.9908966871
847967	40.6710375389	-73.9849590479
820907	40.7715729692	-73.9562868638
385623	40.6406643167	-73.7899498
456843	40.623488	-73.80520296
235390	40.73886275	-74.0028317167
548799	40.74601966	-73.9933499
166566	40.7251203933	-73.9843797684
475350	40.7289755138	-73.9843857046
203130	40.7814559937	-73.9764099121
617580	40.7423763774	-73.9968973342
475452	40.7260349939	-73.9894801426
378295	40.7758617	-73.98214255
533335	40.75477617	-73.98768776
459144	40.72896313	-73.98750126
428407	40.72117716	-73.98682516
306521	40.74896782	-73.97152727
506957	40.7583923375	-73.9881667956
46777	40.7031730833	-73.9910809
1525858	40.758548608	-73.979144189
324833	40.7024475333	-74.0128188
528273	40.75822895	-73.98154789
580849	40.75911885	-73.97854489
154329	40.7554497	-73.989329
753001	40.7572941472	-73.9934551261
360357	40.8305334667	-74.13892675
885416	40.8336217667	-74.1460401833
952087	40.8358420747	-74.1500384834
744654	40.8407279167	-74.15936695
744980	40.8555226667	-74.177424
5276361	40.757227	-73.993491
5139547	40.744484955	-74.033989023
278745	40.7360543667	-74.02917785
174465	40.7521755924	-73.9872435033
5307277	40.748525853	-73.988377125
235564	40.72855806	-74.00034755
158178	40.7283401244	-73.9992392063
635566	40.78778201	-74.05107933
644324	40.7937336167	-74.0589139667
496581	40.8407644368	-74.1597387195
200414	40.74252675	-74.02927065
77265	40.7410638313	-74.1769951156
881113	40.74202225	-74.17629635
1435962	40.74108642	-74.17839175
1430737	40.753006454	-73.995485881
126242	40.7532952738	-73.9942874606
74229	40.7522921461	-73.9943253994
529024	40.75316065	-73.9946970333
199744	40.7407668667	-74.0297779667
200456	40.74413085	-74.0287374833
200369	40.7406875	-74.02986835
1058892	40.7436355174	-74.0302575126
199737	40.7406578333	-74.0298058
1035742	40.7434917572	-74.0290654143
200431	40.74336045	-74.0290557
878259	40.7418271531	-74.0296983719
1345556	40.743069396	-74.029217532
200491	40.74288995	-74.0291456167
579505	40.742795198	-74.0293792622
200423	40.7426789	-74.0291473167
792305	40.7552164793	-73.9854633808
1456532	40.755457142	-73.984641859
902692	40.7545231103	-73.9864611626
739797	40.7546768188	-73.9916687012
548824	40.75481158	-73.99165409
398794	40.7552135061	-73.9912000759
1291887	40.75549536	-73.99110734
57548	40.7549676104	-73.9905230827
779913	40.75453275	-73.99032595
904047	40.7554270222	-73.9893784832
730644	40.7545978406	-73.9893916044
217258	40.7529849427	-73.9873648817
66765	40.7527061855	-73.9888002179
778426	40.7520740116	-73.986000671
538040	40.7526838838	-73.9866041908
603450	40.75264285	-73.9863574667
1018972	40.75222595	-73.9861657667
394680	40.75277435	-73.9860112667
361883	40.75426876	-73.9942286882
1041814	40.75381189	-73.99377208
976315	40.75172656	-73.99409413
874436	40.7522677636	-73.9938318729
1211510	40.75173062	-73.99411147
634603	40.7522820001	-73.9937526119
347249	40.75188422	-73.99448961
215407	40.7513940501	-73.9931747317
557400	40.7536565	-73.99657148
399109	40.7537899472	-73.9942566345
252766	40.7520609833	-73.9948790333
89674	40.7524687739	-73.9944867037
534529	40.75592005	-73.99459308
1373658	40.75325089	-73.99624133
577859	40.7545152667	-73.9953890833
1065008	40.75325423	-73.99632322
643841	40.7539519401	-73.9935812715
924388	40.7554874833	-73.9946115333
731172	40.7549460706	-73.9933816885
251039	40.75450706	-73.9910857
1023408	40.7545893	-73.9911751
1187229	40.75563853	-73.99108862
682509	40.7566199045	-73.99127841
623789	40.7560029668	-73.9924016357
1401979	40.7564047	-73.9916093
1077572	40.7562942704	-73.9917298839
283481	40.7534263919	-73.9904666803
76360	40.752451411	-73.9901880214
156841	40.75196582	-73.99392879
1084256	40.7523116694	-73.9924710272
594289	40.7516370167	-73.9927622333
884450	40.7715228667	-74.06486165
1166534	40.7594898833	-74.0225867667
253226	40.7642974854	-74.0210342407
1200091	40.75585561	-73.99093806
787341	40.7569301833	-73.9904581667
55460	40.7537997821	-73.9957147837
1168322	40.75375658	-73.99620878
410241	40.75835752	-73.99241995
1251859	40.75840598	-73.99259203
314068	40.75834215	-73.9930555667
1244681	40.75840598	-73.99259203
962361	40.7580725865	-73.9931505919
757774	40.7576751709	-73.9924087524
222616	40.75628733	-73.99277943
867260	40.7566387844	-73.994015192
650767	40.7566743916	-73.994391909
376361	40.7571429272	-73.9937713472
924364	40.7567064167	-73.99340145
744466	40.7567581667	-73.9937920333
697034	40.75622195	-73.9947223
1205826	40.75720924	-73.99341434
1051355	40.680422	-74.204408
718846	40.6806037794	-74.2059212294
244144	40.7407133719	-74.0336379772
622424	40.74347205	-74.0386794333
773677	40.7421868833	-74.0381238
438829	40.7437577919	-74.0365303289
922920	40.7108119164	-74.2429767218
777112	40.70099458	-74.25767595
776647	40.7092824	-74.2574596833
509940	40.7310295144	-74.1613524912
591254	40.73380571	-74.16334456
350476	40.7532958861	-73.9957952499
876800	40.7531476155	-73.9981648076
865462	40.758152	-73.98548376
747119	40.7541577667	-73.99146755
40508	40.7583935393	-73.9921309067
56868	40.7564039	-73.9930695963
883075	40.75754344	-73.99324518
855071	40.7556801935	-73.9868700306
217248	40.7551927813	-73.9867485953
78113	40.7523129751	-73.9836865538
420196	40.7424867656	-73.9930124856
309671	40.768698	-74.0401774
1008939	40.676667397	-73.8645823573
1237404	40.725441867	-73.99743915
202509	40.7259416021	-73.9972758293
1296227	40.636315583	-74.1432795
418206	40.7592452833	-73.9925327
335948	40.8112615459	-74.0044220517
745040	40.7377471899	-73.9979171741
496956	40.7724112516	-73.9811871722
366205	40.7299902019	-73.9869679939
442023	40.7332905167	-73.9872983167
1462308	40.738292334	-73.981808028
1458125	40.74980211	-73.81813603
261882	40.7818737637	-73.975764513
711093	40.78000465	-73.9768174
265101	40.7791953833	-73.9783520167
1191825	40.76063126	-73.98477381
697097	40.72703778	-73.98487746
338393	40.7498814889	-73.9774099982
1478519	40.8300042	-73.92507205
923732	40.7186233667	-73.9899418833
661605	40.7709476828	-73.8350015179
122415	40.7589216926	-73.8319726815
1317733	40.758292	-73.832635
1358954	40.758435	-73.831391
1358900	40.7606130838	-73.8302761316
1401103	40.7759070396	-73.8464444876
1315149	40.7593180075	-73.7686443329
1318292	40.758292	-73.832635
1405918	40.772614	-73.836599
1116047	40.76245802	-73.76065927
692677	40.6129595833	-74.1228302833
906499	40.741102175	-73.696754325
235155	40.7609636167	-73.8308578833
1358151	40.758599	-73.830873
1468987	40.756701	-73.827904
1435460	40.75981915	-73.8323736191
232781	40.75178658	-73.99258917
307856	40.7630259167	-73.77205345
1401661	40.7589930296	-73.8301688433
1391947	40.762717	-73.823381
1328281	40.7605207411	-73.7677001953
1381014	40.7812607288	-73.8442665339
787937	40.7597262304	-73.830218114
419036	40.75979572	-73.83189946
553671	40.7597276333	-73.8315160667
352270	40.7608783063	-73.8303565979
1085824	40.7595337167	-73.8313901
312464	40.7062306865	-73.9222572363
90473	40.7066074167	-73.92165425
525271	40.73955745	-73.99405375
684458	40.7058794333	-73.9334604
86755	40.7054749667	-73.9333080667
309771	40.7329834123	-73.9937452284
1054702	40.60499596	-73.81963872
849094	40.7790044167	-73.7684374833
732366	40.7602876745	-73.9827115485
64591	40.7643430668	-73.9883043705
1567781	40.747059402	-73.982014962
1552763	40.64262157	-73.78687512
583224	40.75895124	-73.97808098
157562	40.7367085723	-74.165592122
5704134	40.779101065	-73.977445445
1488298	40.73109894	-73.99359112
2153501	40.778232383	-73.9811124
1139210	40.7286466	-73.9881468167
1255104	40.731006061	-73.992094213
97465	40.7779335586	-73.9782053232
533041	40.7268457041	-73.9956432459
3613241	40.68963801	-73.97128367
466090	40.73939794	-73.99453961
175419	40.7748543491	-73.9819550514
1056149	40.7278502637	-73.994577527
417325	40.7163136191	-74.0077509371
1397228	40.73036545	-73.9926173
183544	40.7311531963	-73.9934563637
1108089	40.7513015709	-73.9799759851
72805	40.73024655	-73.99033115
1583309	40.693360589	-73.972301621
383250	40.7789205667	-73.9783317833
54441	40.742935905	-73.9832869236
827417	40.77713459	-73.98047029
167217	40.7281068375	-73.9884573335
64930	40.7305327892	-73.9952530469
681219	40.7302894	-73.9890228833
908452	40.73172843	-73.98879098
1482792	40.73156401	-73.991583165
55229	40.7255216667	-74.00024845
42708	40.7817696195	-73.979238775
541195	40.7321857102	-73.9999687672
1428841	40.73018908	-73.99259686
680363	40.7312895	-73.99710947
490773	40.7787462833	-73.9774285667
576700	40.73240929	-74.00073415
296108	40.7374071737	-73.9910036111
1400549	40.772891207	-73.982066879
1395257	40.778884916	-73.977686609
533225	40.7338026245	-74.0023633278
1381710	40.92989003	-73.85821956
797359	40.77992737	-73.97777569
1100960	40.7748459167	-73.9819738833
64055	40.7311044157	-73.9933598042
1049734	40.733792	-73.994356
1291854	40.76738733	-73.99715
848161	40.7211605609	-73.9881777763
647621	40.7794357018	-73.9772464081
1302726	40.736004803	-73.989215377
1009659	40.7746024813	-73.9824485779
1131453	40.7314872167	-73.9931426167
171318	40.7341826895	-74.0028381324
305358	40.7823204398	-73.9805489721
499880	40.6975561667	-73.99441055
1199376	40.77024145	-74.064694183
1261027	40.785598833	-73.979635583
1242190	40.730507267	-73.991146383
1241733	40.730553017	-73.995593117
627897	40.7789926243	-73.9776083528
1176282	40.75280529	-73.97926467
912918	40.75958198	-73.99026715
821021	40.7601659857	-73.9902835286
1126923	40.7781114167	-73.9802403833
507038	40.7759661	-73.9802572
512901	40.7775001451	-73.9830809414
334657	40.7787947368	-73.9820730686
58365	40.7385661601	-73.9934339679
872521	40.77775424	-73.97973132
1065805	40.7735279701	-73.9819014072
1198400	40.77879665	-73.982314367
744996	40.7428244588	-74.0057398913
425240	40.73768745	-73.9922518667
1176132	40.7364222667	-73.9935754833
1161153	40.7730353833	-73.98360925
526369	40.926962	-73.8394761086
412858	40.8614726535	-73.8905453682
1100780	40.7796688	-73.9768413667
1144783	40.7307271833	-73.9928247
873334	40.7794865	-73.97786865
1127036	40.7781622	-73.9805295333
1118833	40.7762988513	-73.9828079701
169281	40.6669631549	-73.9985955774
201538	40.7804483	-73.9817461
1110355	40.7789689157	-73.9826456433
1110307	40.7784967	-73.9815700333
1108655	40.7410320167	-73.9868072667
976185	40.75177443	-73.97980719
143492	40.7466226333	-73.9926436167
620713	40.7387107898	-73.9873740076
381362	40.747771357	-73.9834964552
1072953	40.7258001833	-73.9998764333
85928	40.7482404588	-73.9927482605
265328	40.7338685922	-73.9992070198
475514	40.6933068494	-73.9671685425
242289	40.7604105667	-73.9739287669
213477	40.74365615	-73.98435586
119969	40.693174827	-73.9906132221
982738	40.6931724548	-73.9904441833
210974	40.6895084667	-73.9914564333
287014	40.7434362849	-74.0285070428
889983	40.7777018167	-73.9781383333
205270	40.7362004667	-74.0302633833
548408	40.77691875	-73.9795312167
834178	40.7270387402	-73.9885549316
814489	40.7466727767	-73.9857596889
811243	40.7778997333	-73.9799544333
42686	40.7779868167	-73.9804202167
668375	40.7284809333	-73.9930084167
773607	40.7477360763	-73.9865759054
770308	40.76316875	-73.98461545
245461	40.7751064833	-73.9812581
395659	40.7256468625	-73.9999553561
223647	40.7713767571	-73.9830322575
504923	40.7709447833	-73.9819343167
22836	40.722134738	-74.0035075383
149429	40.7705027833	-73.9835082833
641536	40.75322031	-74.02626496
637654	40.73797559	-73.9949848
443690	40.7794916995	-73.9836739357
627282	40.7816065667	-73.9806681833
471454	40.7663650833	-73.9794453833
50054	40.7783280372	-73.9777223611
588456	40.744923	-73.9851363333
88464	40.7860544731	-73.9762199483
108163	40.6808579	-73.9945290833
524649	40.7774302	-73.9781636
397656	40.77998256	-73.97803688
172699	40.7247951593	-73.9947652817
316631	40.7640754815	-73.9864482691
446356	40.7885770073	-73.9742535121
441498	40.7844772339	-73.9736785889
41826	40.7775548664	-73.9791950151
266330	40.7791684522	-73.9816117287
73361	40.7789340422	-73.9813238093
291836	40.7803092667	-73.98206085
166190	40.7793761992	-73.9775057333
151269	40.7497934833	-73.975589
242466	40.7596634667	-73.9786836667
242359	40.7618209691	-73.9732217789
76585	40.766196222	-73.9869471573
75612	40.7752504452	-73.9796509642
41316	40.768428	-73.983073
3038379	40.7310493333	-73.9614093
2963051	40.732051	-73.944086
765212	40.71848767	-74.00577872
2677261	40.726974	-73.984185
1042073	40.7194455833	-74.0050073333
476171	40.7305481282	-73.9828436683
214770	40.7424154624	-73.9836345036
36750	40.7426581638	-73.9842611787
4016645	40.7468195	-73.889626
3594986	40.743987	-73.925445
655408	40.7429453127	-73.9206613799
1537389	40.7258570194	-73.9857745171
224368	40.75761443	-73.98240751
1516767	40.755503	-73.979827
1508975	40.7476580143	-73.8901215792
1504443	40.7414728403	-73.9262723923
668426	40.7542455196	-73.9878022671
424390	40.75733053	-73.82831609
351470	40.75743359	-73.98575007
663144	40.7002047	-73.9207618
659587	40.73732215	-73.9854578667
410508	40.740203863	-73.9235306173
11986	40.6898832167	-74.0463066
465831	40.8200044906	-73.9508092403
643766	40.747384429	-73.8911890984
509693	40.79731738	-73.9699581478
558099	40.8491951123	-73.941604208
255810	40.7074497527	-74.018239975
1524931	40.750348894	-73.975758075
627121	40.8055322608	-74.2082582652
3584866	40.75295674	-73.99330289
559011	40.8113080833	-74.2127735833
1289816	40.7502919436	-73.9913910627
199680	40.7388604667	-73.9920162833
1658964	40.764174117	-73.975810721
1594295	40.806734479	-74.216266824
520127	40.7367781	-73.9973299667
577694	40.7380606271	-73.9965655165
1131060	40.5751575677	-73.9776849747
949587	40.7477653027	-73.9866864681
928697	40.78190515	-73.9856010333
742800	40.7445845757	-73.9888708319
99324	40.625011944	-73.961497742
117175	40.7421778555	-73.9932706777
162016	40.7475170623	-73.9867722988
371673	40.75135715	-73.9836767667
39356	40.7130448833	-73.9620345
1414410	40.713910867	-73.955950733
1110164	40.7210467224	-73.9565062523
764077	40.73307025	-74.0024325833
1477567	40.717447238	-73.957807466
201689	40.7617478319	-73.9937782288
1431573	40.713097275	-73.958946587
767192	40.7137764461	-73.9647421299
1387933	40.77485597	-73.98409599
1347198	40.7174456	-73.949146267
874780	40.7220117627	-73.9495602656
1210011	40.720085512	-73.955347204
786865	40.7115677667	-73.9647572833
105173	40.7101849705	-73.964076109
474730	40.722721755	-73.9827060699
584764	40.71885067	-73.98900032
813874	40.7264086	-73.98564422
304391	40.7271855923	-73.9854204655
738508	40.7149316825	-73.9588773251
930404	40.7153515353	-74.0075182615
799156	40.7247335	-74.14070595
579459	40.7408518	-73.9953472
443663	40.7342418457	-74.0014169512
1299639	40.741590267	-73.988490333
665714	40.64496165	-73.78934651
597613	40.5996446	-73.81892877
496379	40.6408999183	-73.7883524171
354796	40.7264237936	-73.9897072504
492692	40.7616990738	-73.9804905653
1115679	40.7062447071	-73.9501333237
105854	40.6914827812	-73.9873194695
935718	40.7563610562	-73.9767571909
1174825	40.76262176	-73.97897052
766708	40.76798683	-73.98198151
475986	40.7359186291	-74.0007815692
133029	40.7353325679	-74.0006113411
390741	40.7270992139	-73.9849346611
77390	40.7185132667	-73.9574181167
486378	40.7289417741	-73.9881777763
181821	40.7498882833	-73.9754782333
1408271	40.7513777949	-73.9743375778
700842	40.7348379235	-73.9886082525
1433941	40.7629835	-73.992766033
75442	40.762811561	-73.9928921514
160312	40.7628632833	-73.99274015
1149706	40.736531	-73.993757
2014863	40.74058485	-74.008828917
1592344	40.812932183	-73.912943283
1592188	40.80290155	-73.908325817
887820	40.7612085342	-73.9907312393
1131247	40.7608632966	-73.9908140342
1542006	40.7843872	-73.946809533
1068791	40.78320755	-73.9349404833
182629	40.704087057	-74.0103320355
1502947	40.63578489	-73.950747267
22228	40.72030228	-74.00102823
1322399	40.660957933	-73.963307967
390838	40.7274707268	-74.0016532953
1268693	40.679416288	-73.987173196
1266649	40.685741017	-73.993903217
1219099	40.7622575	-73.9897235
1218145	40.756055883	-73.98487405
1214001	40.849616683	-73.946501067
1212396	40.796998683	-73.976401167
920558	40.7628961333	-73.9915386667
839190	40.6500643	-73.9609073167
764929	40.6750807261	-73.9604222775
1166375	40.7119486833	-73.957397
1165968	40.7358324667	-73.9589543333
1159905	40.8106216	-73.60155735
747149	40.7324462343	-74.0028978906
934204	40.7670673176	-73.9564024085
1131126	40.60853345	-74.0577994
70851	40.727085653	-73.9838758185
785815	40.660895476	-73.9799902601
656376	40.6672051	-73.9727833333
1100895	40.6348265833	-74.01011095
915419	40.6400275167	-74.0320927167
71825	40.7380530739	-74.0041793386
1068572	40.6720561167	-73.9661714667
583976	40.7134434961	-73.9980483055
370466	40.7338116839	-73.9866435528
1039682	40.6586084333	-73.9629473333
986745	40.6563440333	-73.96902655
509720	40.6609522058	-73.9613317236
236197	40.6608232812	-73.9653146267
728665	40.7430083167	-73.9753914333
951735	40.7278271553	-73.9898498377
759100	40.7820780167	-73.98135385
728022	40.7629558554	-73.989595855
715180	40.6773592279	-73.9634891017
846012	40.73986285	-74.00454035
844358	40.7496675833	-74.0003230833
824911	40.7677467014	-73.9822343091
784017	40.6392866833	-74.0309295333
58064	40.6374788496	-74.0316860105
598255	40.6732963333	-73.9758782
738488	40.7329108253	-73.9890457063
590190	40.7480414667	-74.00394535
182614	40.7620682	-73.9943566
209716	40.7620501164	-73.9936898476
209399	40.76197865	-73.9740364333
181947	40.7611206978	-73.9910323676
1208873	40.762819564	-73.979700294
1278635	40.76628512	-73.98690897
509820	40.72370465	-73.9999941333
1044445	40.6436565949	-73.782119751
410820	40.76459389	-73.98248428
111922	40.7646956	-73.9822074333
450911	40.7334817277	-74.1663364745
686592	40.7324338118	-74.1631271457
684372	40.7352342575	-74.1637223696
504813	40.7363643823	-74.169216156
143279	40.7345108403	-74.1708683968
143240	40.7308831271	-74.1668605382
512833	40.7343432667	-74.16498425
531904	40.7320354167	-74.1673697833
495265	40.7350880453	-74.165353775
459700	40.7338360732	-74.1634869576
489554	40.735910183	-74.1654093346
459697	40.7331816238	-74.1643399
436003	40.6380840018	-74.2387148738
359969	40.6711341929	-74.208741188
177720	40.7403595833	-73.9985528
383573	40.74857461	-73.99072617
312142	40.7523113167	-73.9897900667
312137	40.75273205	-73.9904071667
408787	40.7397580333	-73.99528135
405581	40.7399414359	-73.9950823595
219984	40.7408505272	-73.9953428581
154484	40.7489512339	-73.9955051586
209437	40.7408513249	-73.995343626
134551	40.748993046	-74.1495794425
183552	40.7486973	-74.1190188833
170713	40.7515816	-73.99429768
106421	40.7503009825	-73.9919929265
163415	40.7513082	-73.9939236167
157380	40.75123226	-73.99334681
116499	40.7388844663	-73.9947330952
251027	40.75110149	-73.99239271
192329	40.7396245668	-73.9961296501
219918	40.7402664072	-73.9950764179
13598	40.7517242333	-74.0063309667
151071	40.74952667	-74.00337827
13590	40.7500602252	-74.0038024792
192921	40.7543605653	-73.9991104603
109887	40.7416537767	-73.9976502082
154585	40.7414324082	-73.9966077248
111099	40.7404279	-73.99728535
93327	40.7477690328	-73.9872443676
226073	40.7482029675	-73.9863671774
11410	40.7500505333	-73.9954519167
160892	40.7499425254	-73.9914863432
213127	40.749492695	-73.9948822915
209162	40.7495734383	-73.9931559563
220031	40.7408505272	-73.9953428581
220026	40.7408505272	-73.9953428581
220016	40.7408505272	-73.9953428581
219976	40.7408505272	-73.9953428581
219968	40.7408505272	-73.9953428581
206767	40.7401209389	-73.995794185
205213	40.7412948676	-73.9939880315
28264	40.7404167932	-73.994320035
422319	40.6122512443	-73.9973297119
1503899	40.62642431	-74.02093607
1157536	40.7627594883	-73.9270692082
693665	40.7073114918	-74.0072321892
75593	40.7048098	-74.00689615
976292	40.61132687	-74.00299519
1223055	40.70743805	-74.00424283
757843	40.6688090444	-73.9900735667
433364	40.6265314683	-74.0239129428
536437	40.7068395	-74.005309
1135587	40.70781713	-74.00858211
753536	40.7076017167	-74.0074797667
1062433	40.7503374511	-73.989443779
980965	40.57794672	-73.96483457
404002	40.6105125999	-73.9994606674
976850	40.61761051	-73.9937362
583609	40.74153381	-74.00037103
574809	40.6705766854	-73.988555252
482117	40.7573215496	-73.9684733392
297808	40.7106948667	-73.9339501167
530583	40.7290343037	-73.9992437376
440139	40.7257168967	-73.9962772737
147408	40.611668948	-74.0093551576
28966	40.7023664833	-73.989918285
464425	40.6061782837	-74.0008392334
453769	40.7025649921	-73.986466882
453523	40.7030373532	-73.9872299044
420345	40.6075795833	-74.0022082333
420271	40.6088026665	-74.0051876766
414218	40.6075897217	-74.0022354126
407559	40.6076841478	-74.0020312482
405237	40.6079731084	-74.0018040295
396067	40.7301522453	-73.9994074875
1050770	40.7253166776	-73.98331064
887125	40.74040895	-74.0048519
504219	40.7398832002	-73.9897068053
502359	40.77728259	-73.8544287
574900	40.7878549	-73.9749127
450555	40.716709328	-74.0060620982
1101537	40.7573025674	-73.9895188808
2470284	40.743596233	-73.987393167
1528159	40.7435784348	-73.9835321903
2260656	40.6696206151	-73.9861178398
397789	40.71653725	-73.9999716167
1365672	40.700285573	-73.993596066
612415	40.73783135	-73.99487018
2355152	40.761325828	-73.963806889
140503	40.7286611493	-74.0002474376
1577920	40.75934803	-73.96158754
178759	40.7051558	-74.009087
421686	40.6541365462	-73.7877196151
40285	40.7190382539	-74.0049576759
160337	40.7328551667	-74.0031094833
687907	40.72442746	-74.0016154
210872	40.7237354224	-74.0036456384
193894	40.8810575311	-73.9845567375
196426	40.8118983	-73.9828799
772740	40.7546325869	-73.9934854142
600032	40.856670523	-73.9667371427
732086	40.8812298333	-73.9785675
732055	40.86470745	-73.9861094167
196482	40.9196239418	-74.076130743
722377	40.7962635167	-73.9961218667
682362	40.8613833978	-73.9695525169
607603	40.7399710439	-74.0305166572
446401	40.8044535	-74.0200588667
446227	40.7652339465	-74.0080046654
393352	40.9044787085	-74.0719323553
269345	40.7059923167	-74.0030767833
210250	40.8803901395	-73.9514781713
208578	40.7887065333	-73.9989066
190749	40.8609876333	-73.9714151167
559977	40.7346810149	-74.0022431191
706214	40.7360486	-73.9879158167
1087621	40.7425302897	-73.9826712012
1084010	40.7362485375	-73.9852032065
510555	40.7283202304	-73.9847313997
825311	40.7525494	-73.98017811
739144	40.73627763	-73.99337679
684845	40.7520675597	-73.9757537492
361302	40.64587163	-73.77644342
685750	40.64618092	-73.77681195
255101	40.7179355	-73.99150925
378300	40.7202291942	-73.9873772182
353127	40.71922028	-74.00085872
361364	40.7204167	-73.9868323667
220148	40.72898304	-73.99967366
214565	40.7057965991	-74.0081631645
319989	40.7204767607	-73.9944950748
595000	40.7634230431	-73.9809660823
1588995	40.764194667	-73.982539857
1372441	40.762613783	-73.96837375
729466	40.757462832	-73.9840302852
811910	40.7540273469	-73.98178339
471005	40.7547928	-73.98672068
682925	40.7560479641	-73.9865309
590585	40.7574153235	-73.9753464721
1085837	40.7493370771	-74.0037024021
248337	40.7251036442	-73.9970909556
555557	40.7444258545	-73.9847530308
281437	40.7383458345	-73.9879362529
72519	40.7629505215	-73.9836609364
1218582	40.723479359	-73.996780171
4446285	40.756501	-73.981772
4485786	40.754101037	-73.980686853
272099	40.8365371167	-74.18060935
202316	40.7159251833	-73.9649294
114183	40.7143342333	-73.9651966
1513015	40.731812067	-74.0008047
4760174	40.704243411	-73.931298956
122184	40.7049573511	-73.9337215505
4605718	40.726135975	-73.986123634
806413	40.5839987667	-73.8127121667
183711	40.7569063785	-73.971720064
192437	40.7523523969	-73.9795158303
1246929	40.743794	-74.010546
474355	40.6973095225	-74.1788070585
90443	40.73012735	-74.0031044167
377338	40.7397949247	-74.0064382553
853891	40.8192656368	-73.9608621597
935236	40.8532664833	-73.8009439833
725059	40.7547833815	-73.9881712697
1040155	40.7253305833	-74.0014133333
880543	40.7321709	-74.0034117167
864433	40.73508675	-73.99079454
318348	40.80574059	-73.96527189
393890	40.805792388	-73.9655810965
577668	40.7550233274	-73.9681966597
413784	40.7447009	-73.9584873167
438318	40.7038852996	-73.9889317395
31020	40.7759886667	-74.01438205
155457	40.7367464657	-73.9891433716
472266	40.7359078333	-73.98943365
85220	40.7370322977	-73.9957642622
78956	40.7539829969	-73.9770264167
313909	40.8057573667	-74.0038098833
313681	40.8100152	-74.0011261
313247	40.9180791504	-74.065478154
213844	40.7360673924	-73.9890182444
310742	40.72104871	-73.9818651
300380	40.7285786073	-73.9854479368
316058	40.7261123657	-73.9847259521
845252	40.7154846613	-73.9934885502
596677	40.7270636335	-73.9798521996
866864	40.716728	-74.002713
1578019	40.720141003	-73.955630039
561021	40.8156961476	-74.2198022119
402418	40.7560835216	-73.984862566
298931	40.7083059	-74.0146016667
1373095	40.6980852	-73.907816
1029681	40.7437130055	-73.986825943
934571	40.742738	-73.984416
1410681	40.7434282	-73.98421531
599652	40.91046815	-73.7807704
832848	40.9171242833	-73.7787794
1208090	40.75889337	-73.97854351
876335	40.7572616802	-73.9785495727
1406940	40.75886768	-73.97859472
256970	40.9123126151	-73.8322556019
703346	40.9119592333	-73.8091983333
732805	40.91271745	-73.8085233167
262547	40.9103261453	-73.8102293015
798150	40.9398305667	-73.7442261833
762037	40.9382345996	-73.7456205601
1405443	40.93895685	-73.744520065
1180095	40.9107577801	-73.7780481577
152714	40.9128242833	-73.7752829
772251	40.90405678	-73.79346084
1403609	40.90201807	-73.79124236
176311	40.91215592	-73.7841742
1310826	40.91256129	-73.77542406
396310	40.9084823265	-73.7846482351
1173484	40.911262	-73.782481
1402935	40.91091292	-73.782197479
1309743	40.931317467	-73.761364667
431583	40.9331388919	-73.7592275661
687651	40.9321270333	-73.7595099833
439291	40.9325396281	-73.7580039883
853906	40.8242436027	-73.8587991218
591334	40.7822795167	-73.8290619
1069987	40.7708969116	-73.8667373657
595453	40.7637062545	-73.9834141731
793718	40.76074469	-73.98346447
787641	40.75633472	-73.99110579
579338	40.7484111467	-74.0035092831
786412	40.7446259	-74.0070203167
772771	40.7587199165	-73.9931058621
1019808	40.7041964776	-73.9848840237
1011940	40.665926039	-73.9898943901
1011433	40.6654052012	-73.9907205105
643411	40.6638874242	-73.9909216762
1005350	40.7085476972	-74.0164268017
28797	40.7032975553	-73.9897976565
399239	40.71817395	-73.9575534667
570604	40.72798365	-74.00254195
848575	40.71846687	-73.94360089
322618	40.6491920924	-73.7927627563
445964	40.7136568667	-73.9585507
627133	40.77648845	-73.9506482
106974	40.6527492212	-73.9525339007
931401	40.6986877313	-73.9578380817
757679	40.6113950833	-74.0099138667
530552	40.6021643487	-73.9942017724
427103	40.6017182365	-73.9937265572
141889	40.6112911333	-74.0276986667
296910	40.6078904833	-74.0018575333
137819	40.6097254667	-74.0060341667
278524	40.6050409333	-73.9987295833
519418	40.6046342379	-73.9982345433
71769	40.6056555779	-73.9998910184
326042	40.6045637833	-73.9985608167
376318	40.6074308167	-74.0031852167
141348	40.6088457	-74.0292122
140396	40.5996645	-73.9990152333
548628	40.5940411	-73.99934971
530242	40.5940411	-73.99934971
264086	40.5950234612	-73.9998243501
136499	40.5934126667	-74.0000034167
205009	40.58642446	-74.01659202
809930	40.74370318	-73.99741512
757015	40.7428615167	-73.9968536
918109	40.74278646	-73.99669355
899957	40.74543166	-73.99866825
704406	40.7455736881	-73.9924977472
216074	40.6677933324	-73.9835740251
1316096	40.745824	-73.993669
985253	40.709221022	-74.0143148538
1370584	40.72191315	-74.00207161
1262241	40.730082877	-74.004760227
1192232	40.692891193	-73.999315752
1237332	40.684941283	-74.026058083
171306	40.71446192	-73.95352464
1233356	40.71475452	-73.95181161
133697	40.73964327	-73.99032759
965609	40.74729734	-73.98595941
942297	40.7246322632	-74.0007400513
772842	40.72871702	-74.00603616
2158717	40.721722	-73.99689
232505	40.7849282774	-73.9771699905
163249	40.7381674788	-74.0040194682
812787	40.7973473863	-73.9698506566
787993	40.7875393519	-73.9723827923
398394	40.77998256	-73.97803688
226363	40.7187522	-73.98857235
813405	40.7164763286	-73.962242088
158204	40.7248795	-73.9833963667
151333	40.7266086667	-73.9867301167
651680	40.7887462219	-73.9743804932
1511744	40.7845540333	-73.98531895
1013976	40.7904052771	-73.9750766621
893627	40.7950981452	-73.9697241783
1162498	40.8013388833	-73.9649966
765079	40.8594765426	-73.8865274191
1009408	40.79086959	-73.97002518
907889	40.7929163583	-73.9714334881
281369	40.78892827	-73.97550874
75664	40.729738545	-73.9887678623
764330	40.78701996	-73.97702425
445733	40.8056308167	-73.9653628
246014	40.7873186667	-73.97719495
655645	40.73815745	-73.98943424
617869	40.7886081298	-73.974391222
376807	40.7409208667	-74.0052387667
662815	40.7240997333	-73.9987754333
5099868	40.76173603	-73.968744838
607598	40.76247024	-73.96801364
5757457	40.726306582	-73.995137733
1150779	40.9248624812	-73.8544750214
4947841	40.763458022	-73.968278165
497025	40.7577239333	-73.9721659833
1310810	40.755857267	-73.99852105
1126933	40.763933	-73.962178
594426	40.76375162	-73.96278715
599574	40.7643563667	-73.9624436667
252322	40.7193908558	-73.9962768546
543747	40.76418501	-73.96615743
666727	40.74076122	-74.00598335
643825	40.755872218	-73.9775669575
1502210	40.7693970481	-73.9582692721
1308510	40.938891117	-73.848187333
608060	40.9650577893	-73.8387585333
1076767	40.7257313011	-74.0056463019
941561	40.642261897	-73.7896085124
755928	40.72214031	-73.9962176
965065	40.7468401333	-73.91724515
212283	40.7517959667	-73.9818759
259976	40.7056312167	-73.9374801833
254096	40.7329002667	-74.0038626
168787	40.63366103	-74.01302194
1762571	40.76097384	-73.985205551
544564	40.7442072509	-74.0065463492
1180443	40.71535998	-74.00191938
310417	40.72890985	-73.9877333
421898	40.64397561	-73.78364229
1134638	40.76219069	-73.9787423
524107	40.6407545833	-73.7901317833
492561	40.7872559922	-73.9775696134
1420755	40.721754	-74.001551
4760416	40.74973899	-73.97238236
1272461	40.760944083	-73.982467933
1297714	40.74772149	-73.98303997
167111	40.779493405	-73.9506058933
738572	40.7472676	-73.9897629
309462	40.7565955236	-73.9848732948
506357	40.7432589252	-74.0067281567
773453	40.9273071444	-73.7840589444
739702	40.9048436311	-73.8690157906
756262	40.7305521815	-73.9924283672
589337	40.7597662823	-73.9780674808
641771	40.63839095	-73.7871593667
564505	40.689673502	-73.9701527683
485637	40.63797235	-73.7867285333
486921	40.72359705	-74.00062025
486809	40.72458833	-74.00145232
175339	40.67614692	-73.9825173
456173	40.7626717	-73.9843589
118901	40.716746642	-73.9589044951
432232	40.7525633004	-73.9841350046
424898	40.7609391667	-73.9845312667
419292	40.6403498333	-73.7898805833
75090	40.7267216401	-73.9959377744
104838	40.675210917	-73.9778888226
358601	40.6813875297	-73.9766801461
301544	40.6771517333	-73.9831503333
292378	40.7651759418	-73.9824819315
284324	40.7595014111	-73.9788647501
279762	40.67570191	-73.98207497
197150	40.6795421311	-73.9682973663
193897	40.7269848159	-73.995169517
169542	40.69782135	-73.9710103167
118870	40.6729728333	-73.9829611333
164566	40.7386154715	-73.9913511966
84885	40.7196711	-73.9538622333
205400	40.77525365	-73.87282311
595401	40.76910352	-73.86745733
607719	40.7706217526	-73.8667075999
602996	40.77706253	-73.85854411
601550	40.77730405	-73.85871917
571555	40.7730376727	-73.8703033273
510750	40.773920924	-73.8718647585
388547	40.7738400246	-73.8716231226
324948	40.7733606	-73.8708933
453232	40.7477598441	-73.9865855788
188336	40.7492096667	-73.9868405333
276693	40.7482019141	-73.9867559687
544093	40.74881529	-73.98458796
139358	40.7489087776	-73.9855422205
345731	40.7483059742	-73.9851623813
267566	40.749812692	-73.9856899595
318803	40.7502670288	-73.9853439331
431084	40.7516151514	-73.9909942345
594153	40.7522354126	-73.9918136597
312058	40.7507490833	-73.9912046833
594374	40.75213175	-73.9926022333
501835	40.7513087021	-73.991275682
154220	40.74412661	-73.98728317
197071	40.70417928	-74.01134204
188022	40.7030217474	-74.0109732835
336843	40.70378017	-74.01120722
419707	40.7041714	-74.0121283
385493	40.7024962946	-74.011724204
314834	40.7033587335	-74.0113413334
11741	40.70548295	-74.0134119833
11791	40.7018566	-74.01094435
56775	40.63423695	-74.0299561
429594	40.6467593065	-74.0228950852
58084	40.6368683628	-74.0295871813
33213	40.6758035333	-74.01691275
554340	40.6554433963	-74.009206295
219068	40.7092264	-74.0890213
367959	40.67896295	-74.1013560167
188275	40.67493581	-74.10152286
11980	40.6904625833	-74.04561995
11985	40.6904089606	-74.0464138985
409841	40.7055979667	-74.0191456
516385	40.7513900833	-73.9919533833
528283	40.75195925	-73.9717399167
572952	40.7521432888	-73.9721182593
281361	40.7512965186	-73.9721488953
551477	40.76284378	-73.97717547
383505	40.74964821	-73.99169284
186328	40.7484511815	-73.9913149476
467520	40.7490994718	-73.9912745112
610847	40.747233726	-73.9844734732
283981	40.75185924	-73.99268013
341496	40.7512489	-73.9928683833
1052873	40.78545498	-73.97660326
1593049	40.742944858	-73.993389416
753554	40.6380229409	-73.7861162424
997041	40.7403437624	-74.0022975242
625045	40.680574505	-73.9748523293
1042801	40.78835517	-73.97653532
727890	40.7366372833	-73.99431665
178332	40.7359702754	-73.9960014171
1006966	40.7866582717	-73.9757629484
61456	40.785008273	-73.9772009297
104402	40.7380238477	-74.0020984751
162349	40.7194706139	-73.955926221
572189	40.7060020649	-73.9426553249
814000	40.7195016667	-73.9617149167
422202	40.74104106	-74.00142216
442877	40.7454545868	-74.0021027133
551891	40.7453901094	-74.0020812086
453494	40.7385269333	-73.99984975
425352	40.737810253	-74.0002551457
431984	40.7925460603	-73.9711456853
513236	40.7838838333	-73.9782871167
342215	40.7418603	-73.9779334
275750	40.79074341	-73.97303277
353189	40.79108279	-73.97307771
739527	40.7437402	-73.9961767333
385548	40.7385920667	-74.0035366167
199426	40.6479877973	-73.7811591041
122642	40.78358188	-73.9777792647
333849	40.7054290167	-74.0113598
167156	40.7776861774	-73.9821879993
184638	40.7607828782	-73.995972787
195186	40.75817084	-73.9981274
151231	40.8007039737	-73.9653360767
77373	40.7277851645	-73.9792124991
75655	40.7976067032	-73.9677514
72260	40.74490295	-73.9195014333
70653	40.7839859424	-73.9775240421
204645	40.7546531459	-73.969026804
123258	40.72544735	-73.9981761667
662328	40.7291792621	-73.9907150662
220466	40.7370312596	-73.995765033
692312	40.7741699219	-73.8729553223
624853	40.7211921751	-73.9950782514
360815	40.7303123328	-73.9892391144
331016	40.72720301	-73.99089056
222545	40.64849156	-73.79131251
418545	40.6467596333	-73.7889855333
934700	40.65445876	-73.79289561
956389	40.7179924817	-73.9895351552
846154	40.72398269	-73.99184328
633008	40.727887873	-73.985704694
1801727	40.64602315	-73.77545613
1249348	40.7260391708	-74.0079295635
309908	40.7634350074	-73.9868609262
266560	40.6450730748	-73.7760043144
45690	40.8125018999	-74.1560947895
52751	40.9056881141	-74.0315651894
210855	40.7402161	-74.0053484
111115	40.71852975	-74.0029811833
109942	40.76161685	-73.9849471667
51416	40.7576147259	-73.9830397224
80941	40.7575463739	-73.9845728874
80938	40.75572615	-73.9826239833
80923	40.7559658333	-73.9857419167
64197	40.7542322667	-73.9925915667
28854	40.7411540833	-73.9913216833
27240	40.7208220861	-74.0051781797
27582	40.7199536667	-74.0043432
740038	40.75111466	-73.99423432
746962	40.70451615	-73.9866525167
425085	40.7043892076	-73.9875557723
670825	40.7494864734	-73.9912594122
940140	40.7231919333	-73.9889170833
1048648	40.5747579	-73.9805607833
17054	40.71419513	-73.99048709
1185877	40.6459675	-74.0784788333
509737	40.7154794382	-74.0087377481
415743	40.715099394	-73.9973249383
1183917	40.7238462167	-73.9925553667
264290	40.7740325928	-73.8721389771
573460	40.7328638297	-73.988305709
469241	40.7198823346	-73.9889624594
576870	40.7099794229	-74.0083253829
416134	40.7317055462	-73.9835421621
366685	40.7283315416	-73.9834403844
87126	40.7227191167	-73.9952778
443932	40.7213136567	-73.9422121688
507693	40.7191337999	-73.9854955673
209832	40.7419187768	-73.9902992264
1229840	40.707650667	-74.01203555
205239	40.7357946833	-74.0288222
160470	40.742577077	-73.9920653669
977705	40.7184415	-74.0026918
825633	40.7825318167	-73.9808683833
41395	40.7531203866	-73.989799515
455484	40.7513340305	-73.9800787373
637049	40.7424693244	-74.0003442764
170789	40.73726081	-73.99662101
104614	40.6514996667	-73.87194745
923794	40.710186911	-73.8593614687
128129	40.7082931167	-73.86904225
4883189	40.78205404	-73.829449581
1191163	40.704682966	-73.91396943
98816	40.6740747333	-74.0177042
1175491	40.7430952322	-73.855150938
130971	40.709768023	-73.8593522759
3463413	40.750849504	-73.989695257
3367179	40.753424266	-73.914507316
3299536	40.698314043	-73.83458949
1558160	40.762285309	-73.915805183
294804	40.69464659	-73.90246772
314803	40.7118130833	-73.9489841
643328	40.69183444	-73.90712076
914220	40.7325234167	-73.9909437333
1562314	40.760159643	-73.918068487
424651	40.760257	-73.91917681
1540382	40.76119568	-73.917309556
1535769	40.702482632	-73.804350529
1518936	40.712830435	-73.906441035
999639	40.708868	-73.870076
1484182	40.753390039	-73.693615681
1308326	40.745381595	-73.906008401
208435	40.7040734	-73.8087033
820758	40.7017117739	-73.8053315878
832960	40.7173022667	-73.9581336
853327	40.7214314667	-73.9625842167
1236710	40.7198676693	-73.8441002369
511810	40.70467185	-73.86616736
1364997	40.623040951	-74.02865492
1364882	40.622685543	-74.028165441
1338352	40.70316237	-73.80666303
84857	40.73544355	-73.8677862667
856157	40.7120998	-73.8855513333
274298	40.73722408	-73.87576508
945044	40.73492383	-73.9908598
496711	40.7089756485	-73.8589529491
681554	40.72089093	-73.84450387
592147	40.75526785	-73.89134937
717342	40.71343302	-73.77764177
518211	40.73894673	-73.79094874
696081	40.71810424	-73.83862167
685897	40.72089093	-73.84450387
666820	40.73908495	-73.99390912
574669	40.72182815	-73.8466236333
286748	40.7167716	-73.83824783
104201	40.7132406	-73.9024665667
598296	40.7048896257	-73.7930875338
548185	40.75922298	-73.87926304
542653	40.70057284	-73.80072718
260122	40.73900109	-73.99479651
161918	40.7312036667	-73.8615644333
399796	40.7209145882	-73.8470748067
298156	40.7208566	-73.8456379667
296911	40.72112333	-73.84372961
228244	40.7202345754	-73.8449147902
336140	40.6521303167	-73.838183
231720	40.71011483	-73.87200832
84209	40.6626322794	-73.7209869565
69584	40.6569017	-73.8392978
172312	40.7286523462	-73.9860578278
104944	40.727669387	-73.9792811422
668331	40.7283236518	-73.9927431694
820220	40.7348752973	-73.9882579813
884920	40.743474934	-73.9996037087
560845	40.7367208218	-74.0027216357
845344	40.7381075392	-74.0021455537
466082	40.72629355	-73.9945651833
226772	40.72122991	-73.98687106
217675	40.7263242527	-73.9955876636
705395	40.7124099731	-73.945526123
162475	40.7195133694	-73.986767047
105123	40.7133860667	-73.9569352333
102772	40.7250071261	-73.990698632
68437	40.6769557833	-74.0154780167
617632	40.6760327414	-74.014248848
764326	40.6793275122	-74.0105816734
1015200	40.6896128992	-73.9860438562
3455314	40.680851	-74.00857
187723	40.67904425	-74.0108281333
68423	40.67417395	-74.0123219333
1162034	40.67615875	-74.0145639667
558910	40.7245102146	-74.0007694977
101352	40.7216866983	-74.0011576752
198716	40.72039353	-74.00004965
945923	40.6843954603	-74.0026946567
3465599	40.678608585	-74.018262381
1446656	40.679051333	-74.011090433
657983	40.6754704725	-74.0146597002
68206	40.6776883833	-74.01276295
700300	40.71359956	-74.036933
1588151	40.75956145	-73.97944665
1503319	40.76024836	-73.977477605
497632	40.7307150952	-73.98899428
312696	40.7322667833	-74.0018402333
299903	40.7292000159	-73.9876930036
195095	40.7248868371	-73.9946936815
753850	40.75114915	-74.0104484
98088	40.7605252038	-73.9947936755
755113	40.6210660347	-74.0318401686
2006386	40.751556713	-73.980156909
1596784	40.75808589	-73.962864731
666136	40.6221420301	-74.0257065844
1465070	40.775834513	-73.910336793
284772	40.6194915933	-74.032700066
668562	40.6198875667	-74.0326290167
980096	40.6337056667	-74.0267340167
1452777	40.613646543	-74.033725665
668557	40.61981985	-74.0325737833
468898	40.7632980333	-73.9210732833
1155531	40.75836974	-73.97050398
351812	40.6346021167	-74.0231932333
577032	40.6215746871	-74.0288822021
1411114	40.621579433	-74.031761041
304600	40.775286546	-73.9118392833
1291658	40.756311324	-73.924763439
99130	40.6308010734	-74.0279495716
1543164	40.625670508	-74.024211329
3556040	40.622496281	-74.027639486
265870	40.5949619728	-73.9817447609
623544	40.6157879	-73.9997818
860312	40.75972775	-73.965109
156446	40.6924037167	-73.9988210167
1116820	40.6249448333	-74.0304531833
2651346	40.612590832	-74.01191109
2650206	40.617899668	-74.02042623
1350500	40.634017323	-74.022177417
2626625	40.618518553	-74.033147558
226836	40.7671320641	-73.9216645997
2127808	40.7594114542	-73.918633461
773240	40.77664085	-73.9109927833
758126	40.7600167846	-73.9914610499
2441944	40.621920164	-74.025934182
2388468	40.784467976	-73.623164954
957433	40.6170838889	-74.0301346667
2234273	40.777874752	-73.908520315
68574	40.6211239167	-74.0263228333
126335	40.7178250766	-73.9577182466
1589029	40.77063412	-73.902940676
1542631	40.621955469	-74.03187583
106037	40.6241119167	-74.0246488167
63124	40.6293624	-74.0225188
1391885	40.62148737	-74.02625256
1446346	40.63273808	-74.027270202
72025	40.7448158167	-73.981477
1503881	40.778801259	-73.914570433
30309	40.7620046167	-73.9254687833
1421212	40.620176125	-74.032888781
1441296	40.623018003	-74.027995621
1436577	40.629739635	-74.028443621
1436353	40.6756811044	-73.9747311312
936249	40.61984872	-74.03021419
1127129	40.5922853333	-74.0872841667
1424751	40.616124533	-73.993180714
364037	40.66289395	-73.8403699
1403588	40.745981072	-73.978233403
1120061	40.6250955833	-74.0305651833
1393711	40.616283323	-73.642016142
730722	40.6308033667	-74.00908855
559680	40.5789451521	-73.9844548405
908030	40.77621635	-73.9107105833
1350342	40.617649338	-74.033750955
887349	40.6791318144	-73.9738782135
1285349	40.82936924	-73.92662489
255316	40.83166025	-73.9285341667
77806	40.6336908896	-74.0270706206
652363	40.60669665	-74.1619898667
52834	40.5823346345	-74.1654852569
724539	40.7758739976	-73.9800614119
766187	40.6846244167	-73.9944110667
741239	40.61912215	-74.03105285
91193	40.6231456232	-74.0311741227
1102018	40.6247286659	-74.0305006525
1069611	40.6845097	-73.9785217333
1015421	40.6889839856	-73.9852587733
1007699	40.62602825	-74.0298017167
1000715	40.783112263	-73.9508966647
853300	40.5817938571	-73.9877627212
813886	40.6251550666	-74.0024129425
1170038	40.7286759908	-74.0093351866
553169	40.7797411148	-73.9504602791
818891	40.7806076346	-73.9497929408
302626	40.78205275	-73.94851976
955056	40.7373492833	-74.0017220833
765219	40.7339092	-73.9965451667
801839	40.76386898	-73.988285
1265577	40.688757521	-73.988960981
637725	40.726506114	-73.9849698544
5856026	40.729436798	-73.988768381
787470	40.7313722333	-73.9885381833
955014	40.7314337833	-73.9829764333
950450	40.7176760167	-73.9579888333
803888	40.7191375248	-73.9584400163
868127	40.7345399	-74.0024258833
1469862	40.86643219	-73.928527832
705108	40.7612228667	-73.9243794
1347024	40.75554775	-73.885907467
173568	40.74962353	-73.98801416
279420	40.72617572	-73.9956085
791057	40.7235111725	-73.997555996
956992	40.7207295998	-73.9938640594
197578	40.6715179167	-73.9843687833
1246853	40.66314885	-73.991694183
1210239	40.667709617	-73.98763145
629030	40.6763744872	-73.982373476
1064505	40.6611976595	-73.989636898
897797	40.6651327501	-73.9933615819
2215665	40.6615537405	-73.9763921499
512904	40.66482686	-73.98689299
739424	40.7353841833	-74.0005401333
81226	40.8074347354	-73.9454877377
527762	40.702325257	-73.9886945052
426512	40.6973471667	-74.1753419333
525296	40.7213159546	-73.9923823649
267599	40.7184201439	-73.9908083319
151109	40.7385454	-73.9948406
624946	40.73716896	-73.99871993
548336	40.73371815	-73.99342918
507340	40.7266425167	-73.9870989833
475116	40.7214581833	-73.99806975
202256	40.7242829124	-73.9789831638
114328	40.71609145	-73.99596735
107306	40.8104324333	-73.9434599833
5034455	40.917483688	-74.057647247
641790	40.94089405	-73.9969139
3042965	40.924817474	-74.002518495
231954	40.9272509167	-73.9627631
583426	40.92835385	-73.9948405833
1006247	40.9277910833	-73.9993109833
985182	40.9092131333	-74.0301957333
717692	40.939233	-73.964224
951590	40.9256731	-73.9644595167
727789	40.9244435333	-73.9650647333
504506	40.9274154	-73.9978363167
655145	40.91298125	-73.9983526667
37463	40.92826815	-74.0270299333
890039	40.9265268	-73.9647809
213283	40.9251846167	-73.9655088
36679	40.9370796667	-73.9958448333
528005	40.9235828333	-73.99963175
313268	40.9325056167	-73.9961023833
666242	40.9141721333	-74.0015158833
396705	40.92684175	-73.9963432167
504487	40.92740055	-73.9978547
144788	40.9134257333	-73.9979542333
556483	40.9248839833	-73.9647825
504980	40.9154452	-73.9980898167
504526	40.9268468833	-73.9969998833
504483	40.9273912167	-73.9978884667
85246	40.9297220167	-73.9959392833
396716	40.9267962	-73.9962815167
356632	40.9132371	-74.0008359333
313243	40.9328767167	-73.99606725
313079	40.929476	-73.9957249167
257882	40.9269921	-73.9650905
257669	40.9254404167	-73.9657652167
257627	40.92466652	-73.96933013
185332	40.88026255	-74.04462033
36689	40.93715835	-73.9954652
36659	40.9137507833	-73.9983130333
659718	40.7579611667	-73.98217645
652004	40.72486575	-73.9964049667
402146	40.7822393379	-73.9811235666
4488944	40.748069917	-73.851242633
103327	40.72831761	-73.9879387763
5055353	40.75462734	-73.99305737
1397488	40.721443143	-74.000239888
1241641	40.8347148996	-73.9393937588
191846	40.7600488782	-73.9830674602
97095	40.6783709072	-74.0055885944
372859	40.6775970459	-74.0124282837
237575	40.6848827518	-73.9992712651
237174	40.6825310167	-73.9956200167
237132	40.6831345333	-73.9956012333
237058	40.68371645	-73.99554675
122246	40.6768213568	-73.9987513964
96176	40.743187006	-73.9932912827
1435853	40.75111544	-73.97823202
1431265	40.7537982	-73.992375658
347835	40.73213714	-74.00363105
310490	40.7635356058	-73.9815580845
126063	40.6605058719	-73.9803779125
419450	40.74369031	-73.99760931
557094	40.6651830387	-73.9895892016
299566	40.7876229652	-73.8373629827
332006	40.7269747485	-73.9888380142
301349	40.660294146	-73.9839248797
55576	40.66986755	-73.9790651833
1132109	40.6847060325	-74.2399406433
203266	40.6940365167	-74.2571708833
87966	40.7278197744	-73.9987188578
607876	40.7468931	-73.9841286
331187	40.7631835108	-73.9966047668
1144415	40.7267058864	-73.9994001389
977510	40.74551868	-73.98505145
491655	40.6651292667	-73.9832133
81709	40.6600532369	-73.9807803858
427654	40.78211456	-73.9826371
1451701	40.774211542	-73.871853614
816916	40.7199939639	-73.9845973211
621661	40.72224283	-73.98492264
548505	40.7205460951	-73.9848903483
422574	40.7204971313	-73.9847640991
348599	40.72108685	-73.98261469
37042	40.7219848633	-73.9850769043
297580	40.7218875325	-73.9851305983
313780	40.72120374	-73.98282176
1484178	40.720788733	-73.98452275
331616	40.7211394403	-73.9849294118
482692	40.72155129	-73.98282825
686525	40.7208269858	-73.9841828522
287936	40.7222595333	-73.9844008167
287933	40.7222595333	-73.9844008167
492380	40.7213833428	-73.9838908174
520712	40.7206970743	-73.984401226
315723	40.7215903844	-73.9846781501
1321555	40.72153222	-73.98427051
589720	40.7214538898	-73.9839403323
1326671	40.72156459	-73.98350673
661738	40.64619129	-73.7768073
1038417	40.6563605	-73.76683777
59820	40.728241198	-73.999299423
880799	40.7299657003	-74.0005826897
474977	40.7310001548	-74.0009611371
948886	40.7426698986	-74.0045030714
612479	40.70797389	-73.99961829
46830	40.7030171261	-73.9867267013
411685	40.7443463597	-73.9507519449
1313049	40.771078197	-73.956815391
270136	40.74178272	-73.97945976
257507	40.7450030665	-73.9828921832
386232	40.7469384035	-73.9732786287
301838	40.7441089667	-73.9831769167
328784	40.7429357188	-73.983345602
325930	40.7443677448	-73.9760995902
103932	40.7447013748	-73.9831192205
2509678	40.763431522	-73.988397926
4595618	40.763776146	-73.977576179
1095222	40.7514585062	-74.0054180335
188513	40.7251576833	-73.9998233833
34059	40.7172647647	-73.9582438562
62545	40.71655235	-73.9588336333
85786	40.7183694	-73.9553305833
12963	40.71686625	-73.9582872333
34895	40.7144056505	-73.9578095554
43071	40.7121010261	-73.9552187928
11782	40.7018029667	-74.0148711167
12585	40.7264294442	-73.9845514297
63745	40.61805135	-73.729006
4220353	40.7539897582	-73.992344588
906915	40.7543646	-73.9908702667
1083315	40.7538227918	-73.9926557777
460528	40.75482273	-73.98695659
225680	40.7519153567	-73.9901833508
408643	40.7646123	-74.2193795
201544	40.7718002	-74.2328547833
1126801	40.7604694768	-73.9910832094
1049093	40.7852072667	-74.19797195
1079950	40.7456201833	-73.9871865167
935977	40.7563598406	-73.9881134033
914840	40.7573025674	-73.9842617512
790217	40.75661289	-73.98748594
809677	40.8327781667	-74.1807854667
60809	40.7247508833	-73.55022
942891	40.7582295756	-73.9723651351
106076	40.7572903771	-73.9844816923
455359	40.7190525	-74.0195530833
933324	40.7250716167	-73.634541
58798	40.7485906667	-74.02681295
59399	40.7219467936	-73.9963760408
59260	40.7136863252	-73.9960582984
857176	40.72305065	-73.98896497
37307	40.7176342481	-73.9904278512
49633	40.7026185819	-73.9908385277
176567	40.7154312134	-73.9576873779
101538	40.7194792738	-73.9558655811
175679	40.7026104483	-73.9869225025
46782	40.7034388833	-73.9915110667
40316	40.7024425866	-73.9886091074
51622	40.7022627368	-73.9841973782
91618	40.7026488333	-73.9869479167
119159	40.716645507	-73.9589320323
104809	40.7170233598	-73.958585044
118799	40.7106178833	-73.9659063833
118673	40.6976256167	-73.9663802167
118657	40.6978474333	-73.9677455833
118642	40.69803285	-73.97010425
38562	40.7023975	-73.98728595
46847	40.7024864111	-73.9866167307
102648	40.698841899	-73.992527449
102512	40.6996337703	-73.992224896
16859	40.70275727	-73.9927259686
102438	40.7025175406	-73.9929863745
93298	40.702427727	-73.9872170704
46850	40.7024620103	-73.986402154
71987	40.7482948333	-73.9879112333
71321	40.7019209833	-73.9868474
22539	40.7269359833	-73.988613
68290	40.6786173333	-74.0110062333
68006	40.6778123333	-74.01244825
64584	40.7117676833	-73.9439616833
47510	40.7024864111	-73.9900848269
46806	40.7021896667	-73.9899465333
46798	40.7023949081	-73.9894893765
56634	40.7034961833	-73.99074725
49898	40.7031981333	-73.9853691333
38575	40.7026560935	-73.9889442148
47533	40.7038631	-73.9873194833
47529	40.7038631	-73.9873194833
47523	40.7039536333	-73.9876184833
46797	40.7024801873	-73.9884061284
46800	40.7024501333	-73.9898441167
47513	40.7028263167	-73.9900671667
28514	40.7027367558	-73.9878953789
46809	40.70215985	-73.9898950667
46796	40.7029194	-73.98899085
46791	40.7025921477	-73.9887517691
46787	40.7033336333	-73.9895067667
67671	40.7569238168	-73.9821586322
70435	40.7630298289	-73.9880040545
99300	40.7368751101	-74.0011383106
97588	40.7611522805	-73.9816938001
96595	40.7606053874	-73.9898286422
27939	40.6784367667	-73.9631462667
226857	40.7466136346	-73.8940296687
172454	40.74713025	-73.8925094333
342092	40.7289021689	-74.0001584383
182238	40.75150668	-73.97382676
181465	40.74722003	-73.89059203
190853	40.751702899	-73.9733076095
157238	40.7192090168	-73.9617151022
175052	40.71627849	-74.00041151
131365	40.7516134955	-73.9740800858
129687	40.7192834585	-74.0051713113
61173	40.7136793311	-74.0090882778
3703911	40.775678	-73.995855
1322059	40.76997834	-73.99238443
4893002	40.760105119	-73.979469669
410294	40.7654094587	-73.9878009321
4844718	40.75634402	-73.9877572
99635	40.7573727354	-73.9835914796
510530	40.5724147167	-74.16844355
661607	40.6302096833	-74.1090658667
2971968	40.675992653	-74.00059619
2434134	40.586107832	-74.16732523
69798	40.5792777	-74.1690240167
3932673	40.608374943	-74.160937025
3471236	40.608278342	-74.160861193
3296366	40.76619106	-73.98155629
484819	40.5714293167	-74.1440684
3139025	40.55995661	-74.16435277
1801787	40.58885765	-74.095225617
1220624	40.770116983	-73.98820385
1213322	40.750482517	-73.990640433
75054	40.64390565	-74.0744235167
1707042	40.62781795	-74.1641505
1546934	40.56586813	-74.18318712
1543692	40.5737828	-74.117580783
1221797	40.7263888889	-73.5536111111
542296	40.610182138	-74.1886434826
1445858	40.56399905	-74.18072897
510020	40.5807829	-74.1663736667
73704	40.59249325	-74.1621394
242108	40.712391877	-74.0080850059
801580	40.7299501302	-74.0048104076
880820	40.7299994333	-74.0036089667
633507	40.5999507562	-74.193302393
524882	40.5743291667	-74.1682108333
991567	40.5895641393	-74.0891962462
976471	40.7297781697	-74.0047583349
309450	40.6264833833	-74.1728771167
828821	40.6441165472	-74.072522521
150141	40.7849526479	-73.9788544178
527951	40.78722345	-73.97835701
621459	40.5645791688	-74.1140055656
621094	40.5651252442	-74.1130292416
621031	40.5638625167	-74.1158712
616347	40.5291377699	-74.1624545991
548937	40.7533202682	-73.9693164825
524810	40.5600935445	-74.1645972219
480588	40.6249001	-74.1366344
209477	40.6048709029	-74.1623244434
188551	40.7898878167	-73.8141108
41401	40.7533941626	-73.9926120333
371994	40.75853264	-73.98537629
422452	40.809915583	-73.9614629745
51536	40.7525623527	-73.9944184053
96639	40.7518756	-73.99460925
236619	40.7338053419	-74.0053589938
758804	40.7360554622	-74.0019643307
62418	40.7645927875	-73.9880842758
1345527	40.679531267	-73.968345217
1158760	40.6817315	-73.96691285
1009882	40.7190240667	-73.9976866667
549646	40.67704671	-73.98080408
1169882	40.6792385733	-73.9680933952
995958	40.678444	-73.967839
915986	40.6626697833	-73.9718498667
1345470	40.6794691144	-73.9679741849
924971	40.712117465	-74.0157732997
884335	40.713668	-74.014797
837611	40.669262194	-73.9829942013
482830	40.7291812685	-73.9991318757
427937	40.7330085667	-74.0037622833
80808	40.7324337833	-74.0031981333
376239	40.712164824	-74.0153397309
361084	40.7200079371	-73.9902403951
43367	40.6808586	-73.97754315
146060	40.6769664355	-73.9692775905
266077	40.6727301	-73.9834608833
108142	40.67701515	-73.9800912
512220	40.686274183	-73.9746674895
847507	40.69076405	-73.97534855
310593	40.7337994892	-74.0020126104
149470	40.6720481026	-73.9773686763
60763	40.7594267588	-73.9911368737
1001558	40.7512359333	-74.0035636333
411478	40.6770193241	-73.9721488953
561072	40.6780768971	-73.9684931973
134683	40.6808963511	-73.9748284221
55744	40.6785031888	-73.9684865236
872232	40.6780018833	-73.9732402667
1001479	40.728343	-73.985246
230135	40.6783809667	-73.9791701333
868152	40.6790310144	-73.973543644
925881	40.6383633614	-74.0173012018
772522	40.6812402333	-73.97784225
697894	40.68279343	-73.97727489
402252	40.6750608	-73.97152352
689750	40.68246859	-73.97161602
787088	40.7300105333	-73.98913145
897127	40.726384	-73.99358
67149	40.7475282294	-73.9919739877
310088	40.675033539	-73.9814293347
399369	40.6788217644	-73.9788092895
731229	40.7112748346	-74.0130299736
471037	40.8206377873	-73.9485454559
460865	40.82070684	-73.94607979
353588	40.8240639802	-73.9450263977
206635	40.8287934	-73.9477080167
223351	40.82241779	-73.94887459
147183	40.6875828344	-73.9741927055
157643	40.82870435	-73.94213491
120334	40.6895106	-73.9707654
107358	40.682273394	-73.9799889922
110493	40.6896264722	-73.9728213752
111033	40.6869016401	-73.9753978374
12834	40.6870681468	-73.9779880605
58823	40.7526050545	-73.9746379852
76582	40.7546085728	-73.9774351662
45804	40.7742783552	-74.0203724461
68786	40.6833741748	-73.9820175677
58338	40.798200782	-73.9695739746
30961	40.6873902744	-73.9746637769
53696	40.8232735807	-73.9429011467
224760	40.70721572	-74.01216906
917304	40.72868394	-74.00539845
3273585	40.725306973	-73.983616977
305931	40.7224563	-73.982198
787602	40.7335271413	-73.9882099628
1219799	40.74546033	-73.99864131
458694	40.7269533772	-73.9857470041
3853328	40.753376473	-73.964751339
566446	40.7259780764	-73.9889965591
612346	40.75042128	-73.97633391
766352	40.67331605	-73.9826060333
1522892	40.755676655	-73.980100077
172513	40.7252308382	-73.983673741
231760	40.7644267967	-73.9891820669
825221	40.7555633885	-73.9781355858
942035	40.7169066764	-73.9981548057
1336649	40.754991773	-73.975529939
167096	40.7625328723	-73.9896332916
316435	40.7281729312	-73.9883627148
252680	40.73935085	-73.99446034
773328	40.72899073	-73.9877727
951669	40.72316122	-73.98926025
862744	40.7293418	-73.98805655
1097033	40.7266790826	-73.9839443256
1006648	40.7243642217	-73.9788329601
635262	40.7529030907	-73.9727635224
905100	40.7533202682	-73.9741551876
885255	40.7533202682	-73.9740908146
211186	40.74651187	-73.88630735
496931	40.7472588667	-73.8886346833
592212	40.7670059125	-73.9833526734
445352	40.76447675	-73.98696095
102482	40.8027651306	-73.9643383026
459012	40.8142152286	-73.9602613449
539653	40.8345917	-73.9446289
512453	40.7977456	-73.9698727
463523	40.8075031487	-73.9529345541
391078	40.7177086	-73.9556186
169308	40.7278253525	-73.9880305088
355562	40.71496713	-73.94948033
356535	40.7139703	-73.95013445
213119	40.7299580618	-73.9931988716
221079	40.6871973186	-73.975858762
162425	40.7157222913	-74.0084585516
146591	40.7592925896	-73.9919738586
117000	40.7645899777	-73.9919107477
111008	40.7602127178	-73.99091558
92586	40.7641591871	-73.9883506495
82142	40.7343157276	-73.9892399311
68587	40.7351671367	-74.0060067273
68463	40.7805936049	-73.9806330095
65940	40.765290828	-73.9878880978
1136302	40.6707271102	-73.9849435807
4735509	40.671594573	-73.977583755
965339	40.6870169423	-73.9904649065
5379522	40.734310516	-74.006114088
670764	40.6771049333	-73.9783440833
264385	40.67303035	-73.9769673333
296141	40.6714842	-73.97853185
4891504	40.739265621	-74.007228183
853975	40.6887713	-73.99436962
1014937	40.6713945649	-73.9779360635
99122	40.67612155	-73.9807487
1213959	40.6728185459	-73.9764189998
243165	40.6743588968	-73.9820915286
169827	40.6698917104	-73.9792185397
1322037	40.745702	-73.986462
4116654	40.71639544	-74.0086376667
936529	40.74775129	-73.98513078
647899	40.8608640895	-73.9678251743
802412	40.677845999	-73.979538328
164455	40.7532958861	-73.9741659164
1224993	40.71806355	-73.9910697333
1108919	40.6757109372	-73.9808408077
1477921	40.647708719	-73.956372198
1517863	40.67945682	-73.978350113
1155975	40.5650719333	-73.8770088833
1507361	40.6748896837	-73.976418972
603442	40.6764070343	-73.9808607101
1545945	40.675017102	-73.981618617
1446181	40.6769013418	-73.9799541235
836914	40.6811961784	-73.9760092517
394503	40.6745620126	-73.981695932
624573	40.901445719	-73.8201423929
1463253	40.673191566	-73.986506152
1497810	40.675376551	-73.981540907
236021	40.6750155167	-73.9773488833
783822	40.6739292833	-73.9759593333
62689	40.6656981729	-73.964381218
165408	40.6790394333	-73.9787358833
930013	40.6750561167	-73.9813291333
10963	40.6769979	-73.9817619167
1072185	40.6763564833	-73.9835880667
1013984	40.6693494333	-73.9797697667
639260	40.6737780711	-73.9761016766
259640	40.7385137858	-73.9931258174
947474	40.674268	-73.9764456167
77972	40.6744245116	-73.9440072241
510859	40.716715285	-74.0081671905
757016	40.6767799	-74.0178595167
747171	40.6718498023	-73.9774765442
396371	40.6578810832	-73.965357542
622853	40.6756575167	-73.9804616167
169994	40.7593748941	-73.9858603477
278882	40.7074660465	-74.002665956
212357	40.670852656	-73.9782637531
114039	40.7511693	-73.9868532333
59533	40.7561506246	-73.978127621
87134	40.7610189	-73.97645445
119825	40.7606830667	-73.9760017667
109576	40.7592463719	-73.97471175
1145397	40.74088144	-74.00581896
76613	40.7606751445	-73.9895886183
1323960	40.751838705	-74.007191243
101304	40.6940200333	-73.9553188667
613455	40.75511384	-73.98221457
854790	40.792863965	-73.9780980349
909094	40.7299865176	-73.9990970492
199758	40.7044567454	-74.010104835
1024917	40.78665882	-73.97768175
989183	40.7594353892	-73.9876083936
748034	40.78933829	-73.97609347
55029	40.7068862306	-74.0176699501
588838	40.7000143833	-73.9296420333
77275	40.7115476	-74.0158936
11802	40.71247815	-74.033432
109716	40.7577914167	-73.9844138667
108449	40.76421015	-73.9865010833
987799	40.77485007	-73.97710347
947792	40.76417287	-73.9805552886
1729635	40.76518005	-73.95788091
1331276	40.71867865	-74.00868642
615426	40.7188041429	-74.0086584282
778190	40.7226090667	-74.0003966167
693202	40.748309915	-73.9866877656
505844	40.71919709	-73.98607051
965511	40.71951788	-73.98675394
267926	40.7315637648	-73.9913749695
438380	40.7306239	-73.99169903
223797	40.71882963	-74.00733178
183742	40.7182898	-74.0091512
502409	40.72010064	-74.0068196
416957	40.7380425154	-74.0054882443
210728	40.7363832333	-74.006737
584751	40.73664474	-74.00558531
237574	40.7274793373	-73.9845961303
435024	40.7262586999	-73.9864397049
427334	40.72619241	-73.98583728
225371	40.7586191119	-73.9888966084
461233	40.758849564	-73.9885422133
38484	40.7586035333	-73.9886623333
162620	40.7588629135	-73.9884245396
408088	40.7604265438	-73.9865418418
253215	40.7606246167	-73.9858372825
208949	40.7515159643	-73.9806246758
452881	40.7551683306	-73.9934104065
341789	40.7590334728	-73.9959336276
302809	40.75880706	-73.9943462
329166	40.756531735	-73.9941627737
310125	40.7565755175	-73.9942860844
426801	40.75482529	-73.99868202
147196	40.7243186333	-73.9819034667
250081	40.7250312296	-73.9829419275
295989	40.7236554961	-73.9834092439
128968	40.726371766	-73.9842528661
442161	40.7258800309	-73.9838626541
226396	40.72568714	-73.9827609
419781	40.72610002	-73.98324
267432	40.72595596	-73.98335021
390137	40.7259810667	-73.9833489
390592	40.72698593	-73.98452574
434653	40.72699773	-73.98456329
287078	40.7353685164	-73.989610076
285348	40.7496709724	-73.9869815111
433329	40.75013845	-73.9887365167
270146	40.7169887868	-74.0088907785
221471	40.71681547	-74.00905382
354045	40.749266	-73.988017
353164	40.7315021242	-73.9828235835
91929	40.7343606833	-73.9801134
86239	40.7346139429	-73.9806912835
212510	40.73344898	-73.98066353
361526	40.75167036	-73.99406182
316963	40.7300169293	-73.9808170479
340941	40.7201502167	-74.0068168167
226569	40.7618865967	-73.9799957275
266679	40.7195096833	-73.99618545
36908	40.7170841226	-73.9951908145
178464	40.7171851841	-73.9944718158
246375	40.7178674264	-73.9929215553
178433	40.717228831	-73.9943342382
47472	40.7172504833	-73.9944051333
285534	40.7182886	-73.99539279
118177	40.7191145833	-73.9945472667
242598	40.71804493	-73.99342989
323833	40.7166488333	-74.0045388667
276282	40.7198674	-74.00732541
298530	40.71959418	-74.00786674
122295	40.7473373413	-73.9958877563
164501	40.7454879276	-73.9985593969
114010	40.6422943167	-73.7823452167
125688	40.6403025114	-73.7869691849
191313	40.7510761833	-73.98838725
223586	40.7492683815	-73.988819744
208302	40.74967195	-73.9877972833
242384	40.7492727075	-73.9883494377
209173	40.74999809	-73.98766261
74721	40.7446345494	-73.9908888991
184219	40.744882069	-73.9896597114
246729	40.7524613833	-73.9906337667
226403	40.7506332397	-73.9898834229
224231	40.7516709913	-73.9901211753
78669	40.7638071498	-73.9670801767
37437	40.7550997333	-73.9931947333
106607	40.7555533221	-73.9935259778
99335	40.756702432	-73.9939689633
109203	40.7573658683	-73.9986796217
55479	40.7557584389	-73.9943575859
61283	40.7297466752	-73.988853693
59030	40.7196942167	-74.0058506333
69578	40.7198906218	-74.0015387127
219020	40.7162742379	-74.0076008834
54074	40.7155253214	-74.0053009987
57648	40.7168426928	-74.0065670013
64528	40.7173336362	-74.0059024408
197277	40.7261343	-73.98527717
197024	40.7261343	-73.98527717
99772	40.727210321	-73.9855584731
120138	40.7265296667	-73.98477475
199581	40.7267605016	-73.9858647644
194888	40.7545188167	-73.9824994578
159676	40.7306379454	-74.0002443641
191917	40.730299531	-74.0029835701
188671	40.73026561	-74.00123864
64519	40.7295608969	-74.0009506997
58363	40.7301660597	-74.0004244363
70910	40.7299625937	-74.0005836099
199465	40.7290813068	-74.0002019795
137985	40.7341772333	-74.0020734833
167165	40.7329819869	-74.003299264
102339	40.7340087763	-74.0028266415
103836	40.7323693167	-74.00174505
51711	40.7222376135	-73.9865452758
162463	40.72117626	-73.98695045
203100	40.76311379	-73.98178035
156682	40.74660444	-74.00539207
58551	40.7439929924	-74.006476569
14403	40.74324845	-74.0038847833
156739	40.7374494	-74.00357884
123333	40.7378211778	-74.0045867319
89238	40.7379983831	-74.0057194233
198427	40.7369134333	-74.0053040667
118770	40.735125	-74.005902
159470	40.7336973906	-74.0063052574
16991	40.7162283816	-74.0086654781
174386	40.7163547921	-74.0085450791
174298	40.7332350833	-73.9911564667
191261	40.7336120601	-73.990463256
149817	40.747298	-73.98946392
179707	40.74147331	-74.00063025
177700	40.7405102762	-74.0016531944
37597	40.7407705896	-74.0018161234
83352	40.7418673833	-74.0009916333
157731	40.74154371	-74.0005123
152235	40.7530439366	-73.9930915833
143334	40.7302411667	-73.9898141
147585	40.7234047659	-73.9987456799
85611	40.7226709166	-73.9985508188
53003	40.7226748167	-73.9996062833
80848	40.7741836769	-73.917563543
87513	40.7233887667	-73.9945670167
70358	40.7306592199	-73.9889191225
61865	40.73152055	-73.98969495
90553	40.7354679426	-73.9919935934
39886	40.7219582942	-73.9968764033
23005	40.7230472167	-73.9896355833
41688	40.7503293234	-73.9696919918
3603514	40.864507453	-73.822937807
557112	40.72857189	-73.98466926
298734	40.7383731433	-73.9925077125
1301645	40.738216633	-73.992586767
1458181	40.735310175	-74.004912522
1242210	40.868500017	-73.82586545
234436	40.7835878831	-73.833296299
1431386	40.741988048	-73.993907022
856868	40.9016477476	-73.8198084107
290025	40.777976913	-73.9540710089
1176100	40.72395095	-73.99347715
1093221	40.7749352683	-73.956802657
543494	40.74998795	-73.97971069
884163	40.7506499283	-73.9830380917
182329	40.7433358833	-73.9849311333
1041303	40.75686967	-73.98013365
629575	40.75128298	-73.99454081
650165	40.743778034	-73.9242768288
599742	40.75009554	-73.98609817
381751	40.7499311687	-73.9833791363
229648	40.75756931	-73.97612959
153050	40.754524	-73.976515
209484	40.7596755792	-73.9756894112
212329	40.7605815	-73.9758859667
212303	40.7545505833	-73.97981455
186725	40.7541248744	-73.9819443226
92452	40.7426396729	-73.9868734747
179097	40.7532378945	-73.9788556344
17614	40.7411212878	-73.9873410357
174424	40.7154994321	-74.0094284249
159870	40.75751596	-73.97604936
99294	40.7805589206	-73.9528108261
23735	40.7629342691	-73.9742410183
70401	40.8092127667	-73.9479342167
693725	40.7539000667	-73.9994937333
623412	40.75040352	-73.99440211
651479	40.75040352	-73.99440211
632950	40.75127339	-73.99446374
622135	40.74643331	-73.99341732
780318	40.74665248	-73.99318116
724908	40.7558352379	-73.9981385249
717040	40.7525507967	-74.0074282219
174947	40.75802295	-74.0039005667
738302	40.7503916	-74.03210175
758886	40.75040817	-74.03184354
759698	40.75040817	-74.03184354
780085	40.75040817	-74.03184354
348533	40.7134055667	-73.9624394
627624	40.64820444	-73.79195588
577323	40.7519211805	-73.9809707251
442272	40.715966087	-73.9595953202
239489	40.7140300764	-73.9615743477
404957	40.7159680363	-73.9597359529
197125	40.71591	-73.9590689667
314697	40.7140199167	-73.9618009
14980	40.7247519333	-73.9880490167
923646	40.7167125832	-74.0061163902
1240895	40.85435289	-73.96700608
602428	40.83056336	-73.90472114
683523	40.7292473	-73.988734
928485	40.8560049667	-73.9668913333
784677	40.7496735691	-73.9929837575
874006	40.773637591	-73.8729440001
878338	40.83982995	-74.0486153333
756796	40.7363860928	-73.9972538609
756781	40.7363860928	-73.9972538609
754985	40.7271328114	-73.9801523601
106558	40.7267671833	-73.9802237
529213	40.6482269514	-73.7814165653
655864	40.72266453	-73.98833566
622136	40.7213817167	-73.9577700833
615471	40.72110688	-73.98670375
305222	40.7393487823	-73.9861412587
589609	40.72112452	-73.9871028
588038	40.7204315	-73.99699103
532597	40.87420976	-73.93341541
184615	40.7385349119	-73.9997220039
417419	40.7223412772	-73.9550555498
372384	40.7290726167	-73.9843628333
338239	40.8466058633	-73.9400267601
122842	40.8161584667	-73.9804485
323167	40.85040815	-73.9698635
236239	40.6313372	-73.9201095333
224177	40.7166457379	-73.9986921404
175429	40.8583810904	-73.9039456844
267957	40.7220363091	-73.987532723
23576	40.72194215	-74.0028679333
696319	40.7211537737	-73.9878052745
217296	40.7217223	-73.99353641
899336	40.72193443	-73.99338692
88445	40.7213038999	-73.9880310073
221221	40.71866542	-73.98900079
221014	40.7206482861	-73.9899373055
188219	40.703049486	-73.9333159675
37364	40.7438232667	-74.1795380833
37851	40.74182315	-74.1783942833
947345	40.7428842333	-74.18116695
1015224	40.7436250167	-74.1763338167
37459	40.7426171333	-74.1782499167
641542	40.7279914	-73.98520255
594625	40.7145918288	-73.9418413042
70903	40.7211605609	-73.9946097136
400132	40.68034803	-73.97091662
241762	40.68279224	-73.99350816
158241	40.73079198	-73.99870067
268776	40.59550075	-73.66146245
265758	40.68323875	-73.9671868167
159705	40.7695437339	-73.9818314105
237298	40.72098433	-73.98789525
221129	40.7390635	-73.98881328
220281	40.75624227	-73.98419779
212898	40.75680649	-73.98604714
581795	40.6662352845	-73.9566993713
532885	40.6662841126	-73.9568066597
5630640	40.7295190274	-73.9872980118
421655	40.75937229	-73.83231508
5638124	40.7365716832	-73.8026735187
5615662	40.763648	-73.831535
1382734	40.7579364624	-73.8290798664
1313804	40.7641033	-73.8276537
5633568	40.7567255552	-73.8394546509
1385770	40.74973485	-73.862512
5632172	40.7358197065	-73.878352046
969032	40.73717564	-73.87762343
1123955	40.73532895	-73.8813463833
5630816	40.7286897323	-73.8902556896
4250626	40.70404416	-73.91131192
689337	40.6975877167	-73.9314923333
5486813	40.69466036	-73.92891216
1014965	40.691187	-73.9622051833
210579	40.68719482	-73.96735775
886059	40.68337684	-73.96463423
609718	40.6668456332	-73.9595103264
734851	40.6695311013	-73.9552617073
54614	40.71533441	-73.9937000307
4040422	40.724068	-73.993874
3713387	40.718868	-73.990834
2048234	40.756248	-73.96812
284503	40.6790514351	-73.949457407
1599706	40.6718136642	-73.9504685998
110516	40.6905879319	-73.9900124073
318454	40.67947846	-73.96250897
5235865	40.72529708	-73.955366362
1332767	40.67191416	-73.99050403
784174	40.6597977996	-73.9989280701
561229	40.6835431	-73.9354123833
856498	40.6809883	-73.9941352167
55190	40.6803583667	-73.99543415
1537978	40.684860984	-73.994856655
55194	40.6822033167	-73.9960393167
840904	40.7273890648	-73.9921653135
158375	40.7242130833	-73.9807504667
3860734	40.72229498	-73.98325949
2049080	40.720509	-73.989466
312190	40.6819804951	-73.9601540565
1023663	40.6825174754	-73.9629757404
4488938	40.6931829617	-73.9713549614
1007974	40.6918441833	-73.9755759
4424999	40.7074985506	-74.0074950457
4302947	40.605007	-74.059629
756479	40.6048336667	-74.0553858
249921	40.7267487231	-73.9572404815
908101	40.7343422953	-73.954782779
161594	40.7326975253	-73.9546998715
2048986	40.6824920503	-73.9615179598
980221	40.6733800837	-73.9567744732
313663	40.6736079235	-73.9606797695
3930952	40.6310697702	-74.0123176575
3930581	40.6331826662	-74.0050917864
3930016	40.6369808256	-74.000633955
62172	40.6568817	-73.9955238833
2354747	40.711044	-74.005493
247672	40.6950863	-73.9899646
3841139	40.6903238333	-73.9867198333
475797	40.7307992487	-73.9858102954
3722267	40.714878	-73.992855
896918	40.6822245776	-73.9763438702
1131731	40.7556339071	-73.9815765676
1569421	40.758183104	-73.98360072
80968	40.6673143333	-73.9878291833
1725442	40.6694253122	-73.9871048927
1541088	40.668125397	-73.983849577
3412838	40.707794	-73.955548
662270	40.6878419333	-73.9573381333
102245	40.7273587508	-73.9865584855
592027	40.7273380667	-73.98687455
902747	40.7235917795	-73.9884674549
2501953	40.723343783	-73.9890897274
463569	40.72380735	-74.0004177
73652	40.7232944167	-73.9957936
1110193	40.7168508246	-73.9927589893
1314703	40.7168589565	-73.9982306957
1602226	40.6711352101	-73.9505369961
394663	40.60007885	-73.9422771167
1757803	40.723088643	-74.006678208
199557	40.7365351007	-74.030213356
172529	40.7362343109	-74.0293121338
161049	40.7296526333	-74.0019250167
506191	40.7246641167	-73.9935411
623585	40.73012475	-73.9936095167
354526	40.7280799499	-73.9944648743
904323	40.72760021	-73.99493038
1309289	40.730664383	-73.9948209
1276876	40.723399983	-73.99588545
1781643	40.72374486	-73.99645477
1478755	40.735410775	-73.992163667
1427210	40.680825159	-73.9553368092
946294	40.6934271363	-73.9662645972
442706	40.7186666333	-73.95742435
772747	40.7235045833	-73.9530322
1114969	40.6914968956	-73.971576383
1424063	40.6808645521	-73.953932933
1599183	40.680894317	-73.9496210217
377093	40.6804517161	-73.9505133715
125674	40.8679658984	-73.9203518112
1061021	40.630402565	-74.1395884752
1061003	40.6304401159	-74.1395509243
1696082	40.6345220204	-74.1215693951
408559	40.7456541667	-73.9534017333
171670	40.7240339667	-73.9510418167
1599169	40.6724036187	-73.9504390955
1587858	40.761306	-73.967924
1567870	40.7428269867	-73.8830298185
865720	40.7424547167	-73.8825963667
682747	40.7478449051	-73.9867434769
592233	40.7478105501	-73.9862982274
1548999	40.748215392	-73.98773608
1333697	40.6721757749	-73.9625814557
1247042	40.6844700948	-73.9789295197
635814	40.6799138939	-73.9682114124
1308008	40.7283645157	-73.9872980118
199571	40.73635105	-74.0298875667
205552	40.7361901667	-74.0278952833
205570	40.7366946	-74.0271966333
506187	40.7426413861	-74.0260150707
506182	40.7426413861	-74.0260150707
1536974	40.7505325168	-74.0270483494
677661	40.7428026007	-74.0322196484
205725	40.7421766901	-74.0322196484
1534546	40.7233478486	-73.9959347248
1530713	40.576738103	-73.965751448
1530321	40.5776348555	-73.9632332325
1273705	40.5754673667	-73.9781901
1008251	40.57319455	-73.9801291167
923322	40.573169152	-73.9834463596
496330	40.5745789774	-73.9844334126
1529811	40.5766651387	-73.986107111
1529118	40.7480778984	-73.8909852505
303460	40.7472488609	-73.8859238261
886069	40.6730230654	-73.9570239186
777074	40.6742365131	-73.9565639198
171162	40.6693343451	-73.9861909048
667356	40.6718502822	-73.9573538303
1517356	40.6733516037	-73.9629623293
1500787	40.8819171543	-73.8941073418
1411784	40.86658193	-73.898085428
1474810	40.6833880253	-73.9437389374
295956	40.76077389	-73.98364168
1260678	40.75856631	-73.98508119
1303375	40.75733846	-73.98573803
566263	40.7558884722	-73.9824056625
127473	40.7570095682	-73.9864270487
646089	40.75744581	-73.98551559
330358	40.7569712667	-73.98535645
591778	40.757039	-73.984976
1430886	40.7290637294	-73.9890575409
1169949	40.6720933847	-73.9576113224
1420996	40.6444788082	-73.9999365807
149909	40.6451973209	-73.9995998524
1412603	40.8174712432	-73.8835823536
1412492	40.8178447409	-73.8826328516
1411698	40.8190058181	-73.9273774624
1411354	40.8327261002	-73.9265835285
1403983	40.7026429826	-73.990226984
1402288	40.7299905827	-73.9864397049
232324	40.7249893333	-74.00283995
1250733	40.7103043708	-73.7951123714
1175509	40.6993081329	-73.8334786892
1387658	40.702634849	-73.8493251801
1387543	40.709987197	-73.8473510742
1385699	40.7485655782	-73.873282671
1154058	40.6890428826	-73.9552249018
1373989	40.7119593426	-74.0167057514
210750	40.7119819667	-74.0170916
970731	40.7152440285	-74.0124895452
1223994	40.75386267	-73.98436194
894381	40.74146032	-73.98956739
873461	40.7409775333	-73.9880685667
1361036	40.7973154894	-74.0156650543
1360827	40.7884537913	-74.0164804459
1360772	40.7844733587	-74.0190017223
1359019	40.6740066412	-73.956592083
535120	40.7140778091	-74.0091204643
475119	40.7230121764	-73.9941011317
764517	40.726675194	-73.9968059918
1108498	40.7277724333	-73.9992948667
278871	40.72491163	-74.0026434
272734	40.714169795	-73.9940839116
644451	40.6412305999	-73.9641451836
740780	40.6399200755	-73.9673845982
1318887	40.8792889293	-73.9042568207
640797	40.6750986719	-73.9562736038
1313701	40.6805729351	-73.9644885063
1309651	40.6749993566	-73.9668917656
239711	40.7560428863	-73.9847499132
1250901	40.7468993243	-73.8899230957
1295719	40.7487200094	-73.8721346855
1056281	40.6825418835	-73.9631259441
1259235	40.749825401	-73.8822627068
1290336	40.7570425062	-73.8735508919
639868	40.7231371375	-74.0024192861
1277431	40.741030527	-73.9214551449
1277152	40.7047576789	-73.9023900032
1274708	40.677277664	-73.9727067947
1272345	40.7422661063	-73.8932704926
998763	40.7500773626	-73.8801598549
1259252	40.7499798292	-73.8812434673
1259162	40.7470293749	-73.8837110996
213007	40.74659585	-73.8844299167
1250931	40.7474195251	-73.8871979713
1250941	40.7474764218	-73.8864791393
1258413	40.747208194	-73.8890647888
361214	40.747104923	-73.8837990136
1247060	40.6833636175	-73.977202177
1241936	40.709482969	-73.9598429203
284251	40.7196274167	-73.9521456
1241609	40.8379130886	-73.9359819889
1241568	40.8436434678	-73.9377200603
1241533	40.8464435437	-73.9357030392
1241452	40.8533823523	-73.9306282997
1241383	40.8619513866	-73.9248776436
1241344	40.8611643151	-73.9206719398
1241324	40.8626005107	-73.9208865166
1241185	40.8641178135	-73.9189445972
666175	40.8751760344	-73.920789957
847469	40.8732320551	-73.9164689183
630626	40.8781532442	-73.9219164848
848342	40.7514713	-73.9737138667
986880	40.6213757167	-74.1167314667
73787	40.5817896453	-74.166860734
695582	40.5813661833	-74.1647117333
605820	40.5823541333	-74.1655821333
67965	40.5824704262	-74.1659195145
69816	40.5787068667	-74.16921305
981865	40.5832084177	-74.1609013081
1236736	40.6221126285	-74.0954232216
1236714	40.6304672365	-74.0878272057
561571	40.6266802833	-74.0915867333
529492	40.6710853683	-73.9577078819
358612	40.7197318167	-73.9871723167
865483	40.7210797333	-73.9915093333
1194910	40.723229417	-73.990625
1014998	40.7221892833	-73.9912319833
1122928	40.7211741123	-73.9955910862
885048	40.6753004231	-73.9630401134
29283	40.6617139542	-73.9848332126
1222698	40.6718340076	-73.9839076996
174408	40.6729447449	-73.9833444357
50591	40.6920481519	-73.9905879173
344145	40.6937930638	-73.9884781837
1006080	40.68430054	-73.97815483
56255	40.6676344667	-73.9810618833
1218593	40.7277547303	-73.9880597591
1218580	40.7284864721	-73.9897012711
1216688	40.7802245929	-73.9819014072
1216679	40.7798996283	-73.9820194244
369677	40.7796802763	-73.9823627472
896203	40.7787053698	-73.9819121361
377703	40.7236243036	-74.0042160451
1213734	40.6749586719	-73.974981308
509369	40.6722510448	-73.957554996
299802	40.6753573815	-73.9634907246
830870	40.6711911548	-73.9579331875
1126580	40.6853311	-73.9911754
656435	40.6851761712	-73.9914356249
427963	40.6779448678	-73.9820516109
165311	40.6792993667	-73.9786190333
376709	40.6811769333	-73.9762533167
818253	40.6779925648	-73.9686845712
709956	40.71803315	-73.9914629667
1145760	40.7272587674	-73.9853453636
1176371	40.7024071085	-73.9897978306
739203	40.7012188167	-73.9889043833
1176154	40.6995454	-73.99039555
739164	40.69850775	-73.9897000333
885090	40.6737991455	-73.9628925919
1024055	40.677001	-73.9824660167
1150738	40.6771588326	-73.9830869436
228498	40.67490339	-73.98333436
1041642	40.73104055	-73.9985494833
542267	40.6724931286	-73.9571177959
1157357	40.7558559639	-73.9567101002
12521	40.7603805587	-73.9511230588
1156346	40.7617234528	-73.9414215088
1156314	40.7615286333	-73.9417470167
1156217	40.7595455534	-73.9457774162
1156139	40.7567618833	-73.9472725333
1155824	40.732624727	-74.0020313859
709876	40.7308495833	-74.0014507167
880686	40.7304965333	-74.0020711667
530376	40.729897085	-74.0024095774
1148834	40.6341800602	-74.0853273869
391168	40.6394147833	-74.0755963167
611296	40.6401748657	-74.0756149292
795226	40.6786835667	-73.9676109167
424201	40.6746464155	-73.9577695727
1045365	40.7252942167	-74.0027659167
1137042	40.7260759167	-74.0015289
1143745	40.7264944895	-74.1781210899
1143456	40.7294295941	-74.1667056084
867265	40.6737130523	-73.9568451193
487279	40.72320872	-74.00270462
884386	40.7200779385	-73.9958923924
89932	40.7199174085	-73.9961548068
947222	40.7182169599	-73.9933919907
818071	40.7183877249	-73.9942395687
293201	40.727474574	-73.9826464139
1132276	40.72671215	-73.9822787
1130870	40.7473951408	-73.8869833946
1130721	40.7425912549	-73.8732612133
1120808	40.8439762366	-73.8879919052
486833	40.6749538109	-73.9654496724
764252	40.6731234454	-73.9603864807
1110275	40.7151431161	-73.9936280251
880023	40.72465305	-74.0030100333
1109535	40.659333886	-73.9641451836
87233	40.66323225	-73.9771772833
434835	40.6639805333	-73.9767224667
1109299	40.6733516	-73.9687887167
108154	40.6794576167	-73.98846195
1039925	40.6848117973	-74.0025222301
1101450	40.6868457046	-74.0016746521
1096178	40.7481916907	-73.9694774151
1324447	40.6344444444	-73.7391666667
574805	40.635976116	-73.7402499607
1588853	40.63710123	-73.74099206
2948714	40.640591149	-73.782281622
485452	40.6418313167	-73.7834991
329456	40.6604946544	-73.7680600827
582204	40.6608459333	-73.7682014167
527764	40.6372053667	-73.7856114
774129	40.7037559	-74.18556285
658217	40.7389556833	-73.9847531667
294040	40.7224609466	-73.991727968
197106	40.7225200536	-73.992403401
763579	40.7210698845	-73.9966679464
853052	40.7612591842	-73.923870281
418526	40.739851828	-74.0055477619
154588	40.7194290293	-73.9869026921
884774	40.74957841	-73.97401082
4936574	40.752328062	-73.974249673
971543	40.7216640822	-74.0002037653
133014	40.7446140591	-73.9768420307
4452204	40.74962025	-73.97253274
1418740	40.722122956	-73.996636033
946109	40.7443718	-73.99621405
218196	40.75086337	-73.97969812
425109	40.7506788157	-73.9736938477
367309	40.71480423	-73.95852971
1068063	40.7510778167	-73.9766296833
1785819	40.726494605	-73.993667923
372269	40.7213324661	-73.9950481942
793581	40.75864265	-73.9710162333
221538	40.72122991	-73.98687106
824023	40.74957841	-73.97401082
1144880	40.7487476167	-73.9833207333
1065827	40.7158781	-73.9619692833
880710	40.75113028	-73.97410261
1139040	40.75119137	-73.97618132
147440	40.717700627	-73.957732461
1108507	40.7490471877	-73.9726138045
102122	40.7127136775	-73.9569529759
249406	40.7173168667	-73.95840125
885308	40.7491103623	-73.9835905846
890581	40.7508546565	-73.9737028035
500445	40.7494102419	-73.9738032911
395289	40.6399736833	-73.7902811667
924572	40.71727705	-73.9577759333
866637	40.7642434466	-73.9828884035
893512	40.7514002039	-73.975620329
847617	40.76962447	-73.86687076
829466	40.7521807662	-73.9989593237
4847766	40.726489933	-73.940525241
817483	40.6867971667	-73.9777198
747503	40.7200884364	-73.9883664419
907792	40.72102463	-73.98697745
401675	40.7192778833	-73.9852635333
1440820	40.71052819	-73.96573591
171930	40.7332368271	-73.9581983528
527820	40.6932124333	-73.9288489667
315250	40.7173822445	-73.9561398114
367146	40.6943740846	-73.930549622
1425800	40.6932303839	-73.9425197141
748895	40.73579871	-73.9908111
167194	40.72035926	-73.99705576
258903	40.727266898	-73.9997434616
874036	40.7254697333	-74.00350505
760442	40.719800398	-73.987944897
569218	40.719135041	-73.9851155324
575455	40.7472788	-74.0072637
566427	40.72383576	-73.985376
560489	40.72134172	-73.98703867
891620	40.7668042993	-73.9869091056
400740	40.7646514005	-73.9857705784
1468038	40.76411172	-73.986817006
267193	40.76453105	-73.9856940508
422752	40.7653867833	-73.9853374333
1591444	40.751282428	-74.005320523
754661	40.7624822	-73.9873265167
1030864	40.7644701049	-73.9849054813
315077	40.7066739254	-74.0035425654
1047631	40.7633657	-74.0005858
128452	40.76723975	-73.9874747833
508966	40.7646112551	-73.9856114271
811641	40.767341911	-73.9845202782
83196	40.7591975167	-73.9877709167
231325	40.7640126833	-73.9883432667
533845	40.7588889295	-73.9922191024
237415	40.7616252652	-73.9867499816
478473	40.7426603667	-73.99539605
478367	40.7543279851	-73.9907228599
478235	40.7541548625	-73.9908130508
422770	40.76497985	-73.9842784833
422766	40.76497985	-73.9842784833
354802	40.76562547	-73.98756968
236388	40.72233694	-73.99915945
275028	40.7214645667	-73.9984216833
394645	40.72550666	-74.00178301
408304	40.7595792667	-73.9878410167
641909	40.7718345098	-73.98287397
895868	40.7705185	-73.9894953333
1029133	40.7588195801	-73.9684906006
987599	40.6444465667	-73.5926621833
986474	40.7102366167	-73.6352792333
821960	40.76048523	-73.96218609
971575	40.7786859331	-73.9816730213
739611	40.77870351	-73.98218798
965521	40.7192162375	-73.9936121153
740461	40.7608565	-73.96105629
792724	40.7627961764	-73.9756991204
895791	40.7670430186	-73.9838879025
874263	40.73188537	-73.98856151
852990	40.7594449615	-73.9708425838
845074	40.7564849933	-73.9642424014
256452	40.6484676196	-73.9675569534
384494	40.8129912	-73.9519724333
780230	40.6497125167	-73.9621863833
766049	40.7542152955	-73.972253153
697204	40.65399628	-73.95857381
651172	40.6552004667	-73.9615623667
105881	40.7042371445	-73.9927053452
460677	40.710832	-73.988508
126016	40.6493874545	-73.963329792
448468	40.6478178833	-73.9672798667
367479	40.6486968179	-73.9669120201
646623	40.6461859	-73.9710074833
658318	40.7430287	-74.00106441
658045	40.7500732	-74.0040545833
584287	40.7489770556	-74.0050722866
590421	40.7490629	-74.00504315
657399	40.7494965	-74.0044211333
590507	40.7493097	-74.0051797833
612062	40.7499154284	-74.0039917945
486749	40.80876165	-73.9449904833
648238	40.76474469	-73.98251992
242953	40.6844456874	-73.9774543047
147618	40.7168393697	-73.9997773412
433362	40.74105852	-73.98373949
372857	40.6492446333	-73.9633476167
706589	40.7447734608	-73.9972561733
14407	40.7440619035	-73.9956928924
595349	40.7518190099	-74.0061126787
38621	40.7436776362	-73.9951912879
43192	40.7113567664	-73.9632644961
37005	40.7214786489	-73.989165957
14237	40.74350595	-73.95442485
13223	40.7487452048	-74.0046548903
13220	40.7472654587	-74.0051379539
13218	40.7477704627	-74.006333787
300210	40.7240368079	-74.0028882954
1042357	40.749610415	-73.9776013217
30506	40.7591668667	-73.92571775
59774	40.7381167	-74.0039033
857764	40.7466767333	-73.9178376167
323756	40.7610029011	-73.9786212792
407851	40.7602304242	-73.9766309056
328156	40.7610083296	-73.9806783199
262974	40.7345831285	-74.0021523157
287964	40.7223211167	-73.9860832333
267916	40.7221819635	-73.9874957238
57029	40.8085212167	-73.9596150833
259885	40.78843778	-73.97448968
238086	40.7867208166	-73.9757184223
219754	40.7409341895	-73.9821842618
110435	40.7427297667	-73.9823835667
160331	40.7430627176	-73.9821052551
179463	40.7425921364	-73.9823170269
101320	40.7413885876	-73.9812472715
235174	40.7432711908	-73.9799970778
261112	40.7427562167	-73.9805360833
243734	40.7428095034	-73.9804110634
242657	40.7425521445	-73.980743136
196780	40.73418787	-73.87106653
195929	40.7348168333	-73.8752417833
137113	40.7369320333	-73.8792521667
111925	40.7646244991	-73.9834785461
109733	40.7415625798	-73.9811529951
99489	40.7390826334	-73.9836806256
16215	40.7431330167	-73.916736
530571	40.7354506667	-74.0037623167
1000623	40.7475503167	-73.9837238333
5100072	40.724586401	-73.999899924
501280	40.7243967454	-73.9975547791
5084141	40.74196076	-73.99151867
5080787	40.74389314	-73.99254077
455755	40.7485348129	-73.9923260121
52111	40.762114211	-73.9857675146
140347	40.727245055	-73.9797134554
448754	40.73404103	-73.98415511
290351	40.7296868447	-73.9848523349
5224869	40.751934667	-73.909877667
5223489	40.75237706	-73.90972244
1134565	40.6936263978	-73.9646682957
4895258	40.77959635	-73.977378367
4514020	40.734732816	-73.986373228
977392	40.6915950151	-73.9680564493
1996799	40.762635297	-73.96742416
688543	40.7621695097	-73.9661155952
1336158	40.771424	-73.919702483
3314798	40.728526577	-74.004881535
880584	40.7313711333	-74.0031882
200834	40.7590172136	-73.9900408503
1902506	40.761572653	-73.916904763
1309589	40.75642144	-73.92964291
389724	40.6905719333	-74.0083830167
1425918	40.70674105	-74.00985745
560538	40.7339255005	-74.0003335476
1487480	40.745907485	-73.979312504
1479993	40.77760872	-73.948882695
1393114	40.7626711	-73.967357336
1050616	40.722316	-73.987032
981759	40.6898883141	-73.9654111862
876861	40.6929778111	-73.9662782069
569051	40.6896656667	-73.9655594667
1056476	40.7702567667	-73.95725885
838796	40.68941849	-73.98079687
813772	40.7322787223	-74.0036618816
767106	40.7698898933	-73.9575869972
740798	40.7223053223	-73.9851501751
420005	40.7456803112	-73.9925612964
652455	40.7594578	-73.9713551006
631993	40.7463450156	-73.9817542482
526329	40.7440033365	-73.9742120149
260614	40.74613207	-73.9928202
352429	40.7463691861	-73.9937221329
1473310	40.715058	-73.9496216
390031	40.7766468648	-73.9793087276
764541	40.7169158793	-73.9593601227
1291682	40.717357883	-73.947613283
321797	40.802624969	-73.963902191
1440781	40.72251385	-73.99733173
154232	40.735177471	-73.998670578
1435906	40.750112933	-74.002287067
899920	40.7612450902	-73.9768850119
1407054	40.727403899	-73.992156932
1402095	40.75115972	-73.97432655
150952	40.7113130269	-73.9476607627
255343	40.7139358949	-73.9442393243
641646	40.7536671167	-73.93331195
278965	40.7559295833	-73.9283074
1005932	40.7286708667	-73.9984399333
1007948	40.7481824667	-74.004355
589687	40.7480820402	-74.0050123237
1007645	40.7471009996	-74.0047686526
1007620	40.7471009996	-74.0047686526
1007530	40.7469980651	-74.004561492
1007507	40.7472971259	-74.0054469225
1007484	40.7476887833	-74.0064922333
993733	40.7463479	-74.0065526
1007327	40.7463444833	-74.00686135
1007282	40.7460904007	-74.006185354
1007123	40.7454773333	-74.0070350833
1006975	40.7470248667	-74.0064000167
554134	40.7111898112	-73.9484379811
955424	40.7203433667	-73.9851953833
662068	40.7103946833	-73.9633684667
907316	40.6744027773	-74.0003260648
812927	40.71468281	-73.95405012
812775	40.71468281	-73.95405012
797322	40.7154330167	-73.9931139333
793908	40.7490215333	-74.0057974167
697240	40.7193517333	-73.9848469667
192299	40.72757071	-73.99319964
624426	40.71542501	-73.95825988
313024	40.7129770961	-73.9574585949
579066	40.7149810333	-74.0092685
474844	40.76569122	-73.98757761
557315	40.7297954013	-73.9587124594
5386153	40.7750005944	-73.956592083
2959367	40.77424126	-73.95735269
1155354	40.7595781	-73.96480351
1043699	40.7621885647	-73.9630299478
661934	40.7620787333	-73.9632202667
798062	40.7622177838	-73.9653851614
993940	40.76139432	-73.96291947
807848	40.76075708	-73.96435022
1247442	40.7635349	-73.9885798
966252	40.7753982821	-73.9567788492
988021	40.786362998	-73.9717718068
999644	40.78711988	-73.97230296
700730	40.7868014727	-73.9719303988
878878	40.7862067223	-73.9722186327
711760	40.7865389863	-73.9721868502
879174	40.7862361511	-73.9725458622
676299	40.7592273503	-73.9783384845
639314	40.7575884227	-73.9776818585
389942	40.75897681	-73.97851538
229214	40.75925612	-73.97827655
652023	40.73412195	-74.00015695
541550	40.73104441	-73.99683481
377824	40.73123246	-73.99623942
201176	40.7310869667	-73.9975666667
605561	40.73201274	-73.99534672
657089	40.7328808142	-73.9980858267
255088	40.7327275349	-73.997039869
452904	40.7404447122	-73.9873653006
468857	40.75084722	-73.98277109
212180	40.7557317	-73.9805017
599969	40.7553687333	-73.9794687333
577438	40.7552057947	-73.9792406559
490769	40.7549684479	-73.9794511766
490596	40.7571725943	-73.9780721563
645870	40.76231169	-73.96805387
382270	40.7635983517	-73.985227094
132656	40.7632751833	-73.9894403333
183843	40.76316571	-73.98873138
437677	40.7634788503	-73.989049571
109155	40.7634343323	-73.9888098088
298135	40.76354122	-73.98854166
551839	40.76367348	-73.98827135
617706	40.76368993	-73.98850178
502172	40.7644505283	-73.9882116287
108780	40.7643365274	-73.9883092694
501661	40.7647432	-73.98221552
155868	40.7642257833	-73.9823833333
514366	40.76458311	-73.98234528
404608	40.7653774985	-73.9837816101
604618	40.7653898908	-73.9836236611
507953	40.7644064511	-73.982572478
179745	40.7645995	-73.98254859
616025	40.76478105	-73.98262143
133558	40.7643139	-73.9831439
598129	40.76500749	-73.98364573
618163	40.7643925644	-73.9833037946
295001	40.7644889859	-73.9834953333
309574	40.7758492667	-73.9563069667
486959	40.7558530833	-73.96854655
312127	40.7518898968	-73.9899575145
319413	40.7521002833	-73.9897053333
312147	40.7524506324	-73.9894652367
312144	40.7523113167	-73.9897900667
418194	40.7593680833	-73.9921110667
287523	40.7591886	-73.9919867
451549	40.7573219776	-73.9767993606
581627	40.73353085	-73.9993412833
348909	40.73160701	-73.99823957
566010	40.73447096	-74.00054204
520232	40.73377275	-73.9995288833
538052	40.7338523327	-73.999786377
561065	40.7341344333	-73.9997810333
464379	40.7329175929	-74.0023267147
564852	40.734066968	-74.0025798211
567064	40.7334082167	-74.0027680333
418181	40.75935305	-73.9916119833
418183	40.7595021833	-73.9919677333
463568	40.75938445	-73.99149656
386984	40.75943756	-73.9916833
341568	40.75952976	-73.99135118
423527	40.759728	-73.99133225
31911	40.7595130469	-73.9915680885
60024	40.7596998	-73.9915499
326027	40.7599071872	-73.9917343855
224895	40.75368404	-73.99251568
381298	40.7538259031	-73.991715618
436969	40.75369656	-73.992289
183252	40.75359064	-73.99249774
505044	40.7533190605	-73.9928190164
501645	40.7529926333	-73.9905792
284424	40.7522126211	-73.9914108317
499054	40.6409456618	-73.7858265638
462842	40.7289926092	-73.9992642154
410497	40.7286703852	-74.0001449669
439258	40.7344282167	-74.0012746833
421789	40.73453962	-74.00045782
482647	40.7344069378	-73.99956393
477546	40.7341262266	-73.9989187309
484646	40.7290962508	-74.0036165714
287306	40.7648002091	-73.9880121396
330612	40.7648711589	-73.9878928754
254144	40.76453012	-73.98807185
383908	40.7634878955	-73.9868509322
255154	40.7377813167	-73.99380465
319501	40.7379252198	-73.9924800396
432015	40.7390506416	-73.9928732954
247609	40.7392418949	-73.9932261192
381287	40.7389011729	-73.9945274366
408484	40.7393140484	-73.9937214636
167230	40.738916416	-73.9939263382
321275	40.760820833	-73.9159645959
275392	40.7646060806	-73.9164155994
123598	40.76452165	-73.91627575
203133	40.76376277	-73.91636335
398585	40.7643400884	-73.9163160324
329538	40.76329565	-73.97622263
420365	40.7577771	-73.9745592333
209017	40.7594967936	-73.9738762379
413631	40.7589820584	-73.9739841538
229389	40.75100982	-73.98062694
375832	40.7509582	-73.9808939
296425	40.74397259	-73.98498195
374535	40.7413534036	-73.9867357957
324872	40.7415263872	-73.9869654179
206503	40.7444637377	-73.9963077044
420073	40.7446089167	-73.9963122167
324936	40.7450852253	-73.9985745555
324962	40.7450852253	-73.9985745555
439929	40.7446695148	-73.9988254338
393251	40.7430722867	-73.9989746957
235451	40.7440832056	-73.9993251038
201128	40.7438430623	-73.9994001389
416789	40.7428405667	-74.0003836167
187940	40.7437398472	-73.9995512061
344741	40.743193092	-73.9999490921
33848	40.7435015907	-73.9999192545
361908	40.7342301375	-74.0029319746
374816	40.7337706	-74.00227695
278895	40.7335176	-74.0024041833
329558	40.7337075196	-74.0013667366
123831	40.7348441565	-73.9995288849
284094	40.733876722	-74.0014439821
102575	40.7344945809	-74.0008056164
383598	40.73457831	-74.0006172
121846	40.7712408217	-73.9822979512
225869	40.7536125667	-73.9781486667
189724	40.7426819903	-73.9867508014
338429	40.7412481785	-73.9877761569
309040	40.7418637327	-73.9933490753
365272	40.7407207854	-73.9944088427
402518	40.73924678	-73.99467569
374260	40.7400438333	-73.9948128833
360105	40.7345533333	-74.0014013167
217135	40.7369009243	-74.0005803108
278880	40.7338035541	-74.0021359921
339065	40.7328622806	-74.002301304
845539	40.7326877338	-73.9976084232
182528	40.75805926	-73.98019748
201054	40.7567402299	-73.977575729
212279	40.7504934167	-73.9822738
364513	40.76322954	-73.96925175
218595	40.7580177306	-73.9688766003
253075	40.7581885667	-73.9690133833
143719	40.7521015167	-73.9738654167
154861	40.74975937	-73.97509348
230243	40.72684235	-73.9970343667
220069	40.7290029	-73.9991475167
356148	40.7288904375	-74.0003756784
344903	40.7294402564	-73.9988973048
293988	40.7282369	-73.9996683
255225	40.7283900333	-74.0001155167
319926	40.75848549	-73.97732627
261198	40.75767254	-73.97597372
210110	40.75856989	-73.97893524
296284	40.7588567271	-73.9783431307
310738	40.77629286	-73.95569783
149440	40.77083325	-73.98200815
248425	40.7709513	-73.9831099
249227	40.731385079	-74.0002405312
279233	40.7293157698	-73.9988100529
115017	40.8151123014	-73.9436949613
162287	40.7322311401	-74.0004653931
304326	40.73244065	-74.00060558
201695	40.73241823	-74.000557
235335	40.73502975	-73.99882388
200756	40.7345474239	-74.0015298128
296707	40.7354411252	-74.0003609985
209470	40.7592773743	-73.9753031731
267927	40.75786155	-73.9734916333
299374	40.7561615959	-73.9686811051
230147	40.7572959912	-73.970182636
229592	40.7576068333	-73.9687328
229613	40.7571969177	-73.968565464
229598	40.75751735	-73.96859965
229606	40.7574992167	-73.9685498333
91581	40.7574160177	-73.9690480777
218526	40.7567197667	-73.9694243
169132	40.7560977129	-73.9676995387
19944	40.75593585	-73.9677998833
269570	40.76665848	-73.9839034
358635	40.6401730333	-73.7867060667
1000397	40.73669379	-73.98924803
924710	40.7712291243	-73.9166697619
617082	40.7654659608	-73.9191915401
845731	40.739730835	-73.9930267334
753665	40.76415908	-73.92905211
737004	40.7245674945	-73.9983701706
434212	40.7611965405	-73.9236789208
249065	40.7464211167	-73.8993333333
783913	40.7247982	-74.00171679
764146	40.7612870167	-73.9262113
756706	40.7203505	-73.99663019
756569	40.72066646	-73.99717158
755722	40.72264933	-73.99921137
755369	40.72264933	-73.99921137
755290	40.72570753	-73.99866837
755213	40.72536176	-74.00175458
731945	40.7225266077	-73.9939069748
717839	40.7331369096	-74.0035092831
711004	40.7237706617	-73.9936172962
710407	40.74414229	-73.99698185
710084	40.7623956651	-73.9257772784
530321	40.74466055	-74.0080316
354160	40.75518792	-73.98728102
353688	40.75575423	-73.98734968
1213201	40.65510055	-73.956203167
569190	40.6541502667	-73.95269405
451282	40.6782296479	-73.9024114609
611084	40.6928589503	-73.9914349807
525056	40.6927623833	-73.9914940167
105867	40.70127515	-73.9867745833
760203	40.7009294	-73.98502659
255085	40.6772247756	-73.9635001123
752935	40.6748260833	-73.9994072
238854	40.6750785626	-73.9996591529
745806	40.6854627564	-74.0024666545
677519	40.6847138623	-74.0027983394
428338	40.6858214942	-74.0022582617
663716	40.6789782069	-73.9641773701
639049	40.6737055689	-73.9567315578
689204	40.6734922091	-73.9578119168
372704	40.693256	-73.966382
324977	40.6935151667	-73.9652725833
579670	40.69501018	-73.96349722
654758	40.69078975	-73.96639448
289239	40.6873033151	-73.9743788096
609444	40.6871598067	-73.9761420583
270026	40.6808495677	-73.9820194244
648348	40.66431778	-73.96220016
659432	40.7149028667	-73.9546608833
690414	40.71449208	-73.95357871
491460	40.71463751	-73.95242941
405417	40.7129311619	-73.9573323727
183883	40.7144766984	-73.9532144538
632774	40.6634165416	-73.9611526294
469392	40.6114939833	-74.0895049333
434524	40.6775990517	-73.9636132783
485276	40.67386734	-73.96930831
53730	40.6772826012	-73.9637611095
320248	40.6774810805	-73.9639306068
502583	40.6606820533	-73.9624141107
594438	40.6606465683	-73.9607955724
403641	40.6728857	-73.9682611
312427	40.6735350161	-73.967199943
561564	40.6735737136	-73.9669369059
442025	40.6609370387	-73.9611702789
162270	40.6753700263	-73.9564226264
315102	40.6629204835	-73.9618602073
341490	40.6634350104	-73.9604826719
461446	40.6672037019	-73.9523649216
529452	40.6719316555	-73.9573860168
627534	40.6600214333	-73.98065285
281969	40.6605531	-73.9802106833
448445	40.6601882783	-73.9803790385
212423	40.6598726453	-73.9807436822
455346	40.6604135226	-73.9801718061
815041	40.66759432	-73.9873731136
488356	40.6885785447	-73.9044070244
402356	40.6508163876	-73.9497104349
164249	40.7161831833	-73.9955260333
210486	40.7350521741	-73.9848022314
419545	40.7339350667	-73.9854739667
570015	40.7338000991	-73.9861099289
122893	40.7338005675	-73.9862296153
291939	40.7356623	-73.9854541
463417	40.7346574628	-73.9864731754
57353	40.6090367833	-73.9577332667
377652	40.6526155274	-73.9498535664
15204	40.6907270893	-73.9555359496
21414	40.6753256167	-73.9779895333
92423	40.7649687686	-73.9192918026
512675	40.7621528369	-73.9256193736
162560	40.7558543314	-73.9649153866
4504012	40.700714383	-73.9957033
361146	40.79515832	-73.97240054
4068949	40.725879617	-73.9996448
360541	40.7468427875	-73.9844910125
3608474	40.67661165	-73.9807105
1009608	40.7345397053	-74.0006494169
1303408	40.74277204	-74.00047969
1171372	40.691823	-73.98849
354622	40.6935901102	-73.9926551257
524373	40.6933697	-73.99045935
2720854	40.690760317	-73.994095067
210995	40.6903194747	-73.9954411983
325336	40.7317548205	-73.9840471745
1466563	40.693003019	-73.991977575
1191733	40.7622416	-73.99732375
64369	40.7190463855	-73.9596927166
1599990	40.7339143753	-73.9998185635
880736	40.7298567167	-74.0021991667
1273422	40.759576817	-73.973628983
908327	40.72800499	-73.98507946
758517	40.6878402167	-73.9902406167
1101562	40.744825	-73.997924
1574479	40.6918883	-73.98794895
1535011	40.6893950701	-73.9911442995
1029175	40.6929681667	-73.9907816167
1542268	40.690974987	-73.98617303
513161	40.7334134181	-73.9914974503
1537610	40.730740833	-73.989706217
1011965	40.687517	-73.991298
1232966	40.73527598	-73.98996573
983650	40.764120685	-73.9850127697
483070	40.7434365167	-73.9997444667
817944	40.7182820133	-73.9938747883
578676	40.7389274692	-74.0004432202
636150	40.69381365	-73.9902882667
817380	40.6880168195	-73.9931822539
1407032	40.757250355	-73.971733795
755223	40.6905482167	-73.99401555
309338	40.693308495	-73.9926717877
1383059	40.691362783	-73.99423305
1382525	40.6984784614	-73.9963746071
1255950	40.6904136333	-73.9942682167
407812	40.6973059	-73.9929977
1278809	40.710723667	-73.95885415
359477	40.7024851667	-73.9937209
961786	40.6959698	-73.9906373
108216	40.6948647962	-73.990111649
756849	40.6924723333	-73.9864158
263936	40.69247519	-73.98861926
1154116	40.6906671398	-73.991523279
598909	40.7516544501	-73.9685721438
624820	40.7282237506	-73.9847083509
309927	40.7600168959	-73.9730715752
1128608	40.6911994667	-73.9941804333
1128280	40.68671465	-73.9848209833
91209	40.6939557567	-73.9901733398
846138	40.7560703611	-73.9735373272
1092872	40.6911585948	-73.9942322028
1086550	40.7555669977	-73.8854884541
529556	40.6892564761	-73.9512533612
1015162	40.7556103167	-73.9782586373
154685	40.70054966	-73.99195772
854116	40.6952003445	-73.9932739735
879065	40.69426321	-73.9932264
732727	40.7560802861	-73.9678206202
1074123	40.7563114667	-73.9639744
644022	40.687742	-73.9873202167
475269	40.6889921667	-73.98682005
906079	40.6922902167	-73.9902622167
963214	40.7599632444	-73.9725155778
205536	40.7364279667	-74.0285039333
1054986	40.7441867333	-74.0287409667
200380	40.7411432667	-74.0296993833
1048018	40.7104948088	-73.9500128146
768211	40.71067063	-73.95072027
941577	40.69072252	-73.98952436
738106	40.7042290584	-73.9892276676
1029779	40.6902235778	-73.9944136809
584994	40.72828066	-73.98067635
800929	40.7599396	-73.9743387667
701329	40.69377305	-73.9914397833
939036	40.7577009	-73.9719860667
936258	40.6912142667	-73.99429635
935711	40.7593228577	-73.9729924917
218497	40.7583590558	-73.9727282524
770196	40.7592771748	-73.9717503037
34345	40.6928638167	-73.99294085
654835	40.6931666333	-73.9918345833
231876	40.7332843	-74.0054808833
575183	40.7331898337	-74.0057163244
200904	40.7332788833	-74.00490955
567163	40.733312	-74.00539895
663661	40.7332018644	-74.0059730616
154744	40.76154261	-73.98376792
891344	40.7581072667	-73.9738371833
705566	40.72788006	-73.98279607
583912	40.7283922833	-73.9823377
629542	40.7295396865	-73.9796376359
843915	40.73239109	-73.98519401
62548	40.7266453667	-74.00275205
108657	40.7269171833	-74.00231685
58322	40.7197612106	-74.0041781815
740130	40.7257571983	-73.9919738459
365621	40.72191292	-73.99348264
92767	40.72257625	-73.9833622
414880	40.725683905	-74.0020097776
378016	40.7391433092	-73.9897462656
249523	40.7214477677	-73.9886265374
512310	40.7856263307	-73.9770852542
309311	40.7318340304	-73.983889906
513933	40.7308291036	-74.0009263131
319971	40.8059486185	-73.9656472206
843477	40.7257342682	-74.0020018816
2630206	40.69609165	-73.98447316
2753501	40.696081533	-73.9849865
395229	40.6957871667	-73.991286
365331	40.6979172072	-73.9916753769
5602648	40.765539292	-73.993489902
921312	40.724331698	-74.0029098093
5488388	40.71776664	-74.00437027
3423595	40.704574121	-73.987182669
489473	40.7006661383	-73.993121144
695225	40.68767745	-73.9933084
2545200	40.69559115	-73.98874562
283438	40.6950665667	-73.9873722167
386129	40.6939957667	-73.9877942
1511486	40.691072	-73.978973
593468	40.7479877667	-73.8520251333
1228597	40.754593417	-73.888863767
1308798	40.750114224	-73.885398364
325292	40.7195503684	-73.8749541115
201665	40.7592167868	-73.8320019831
1086227	40.7595348833	-73.8303580333
1337335	40.721625975	-73.995535095
459442	40.7509184121	-73.9810186206
375102	40.7719182706	-73.9571640781
366494	40.730669867	-73.9861663167
384887	40.6805381098	-73.957127252
123437	40.7261197333	-74.0044748333
536311	40.6931341533	-73.9912033081
627172	40.7065655333	-73.5687510667
502380	40.7864883834	-73.9780404919
174496	40.6908342798	-73.9852189241
915732	40.8412027359	-73.8392239809
1193850	40.6167923	-73.746359
867497	40.7266616667	-73.98590325
526361	40.73004162	-73.98674422
1507176	40.96078646	-73.82186776
1464053	40.926494	-73.7701165
1279165	40.75749605	-73.98413842
1353535	40.75484255	-73.972018267
1353332	40.757115354	-73.983667777
862987	40.7283085709	-73.9853510516
1242052	40.7687093	-73.98523271
818828	40.7270294561	-73.9801754603
1001152	40.7250748322	-73.9812251644
749178	40.7246262926	-73.9801231727
607241	40.7826208851	-73.9510868543
767329	40.7308973822	-73.9889865647
819259	40.7340240197	-73.9910507908
560517	40.7294311523	-73.9841842651
793963	40.7675298333	-73.9852215833
772741	40.75440645	-73.9928126333
755770	40.688179	-73.98758
638981	40.6872136722	-73.974924113
524983	40.7273676719	-73.9848650336
212850	40.7179868533	-73.9575951128
1090645	40.6685233833	-74.2130525833
1087855	40.6603617096	-74.2026395016
4770512	40.70253604	-73.98546379
1059254	40.7285519667	-73.9879719167
4761328	40.72685527	-73.98446881
4626540	40.762335	-73.981657
4604123	40.76402789	-73.9796077
3189173	40.769674747	-73.983350961
553833	40.76297622	-73.97881376
3369904	40.742642426	-73.980742888
676766	40.7425756312	-73.980330659
4485526	40.75727176	-73.98594963
3310485	40.745055602	-73.984963635
471215	40.74362713	-73.98586124
359074	40.69401711	-73.9933499
521129	40.7293219648	-73.9895029248
1361303	40.76793223	-73.98519873
1338245	40.7202899	-73.9879552
140275	40.7297670009	-74.0008592606
2498989	40.718946284	-73.988388628
1030194	40.72964705	-74.0010578
966570	40.7260584849	-73.9852100249
1558742	40.729908464	-73.981071177
857817	40.7258385794	-73.9876069984
1050835	40.74754953	-73.98726153
555605	40.72134172	-73.98703867
1278201	40.68191999	-73.97660344
1277828	40.767662883	-73.9843629
1161305	40.7745795155	-73.9809405045
1269728	40.67673784	-73.98322141
1269433	40.677371933	-73.982689267
1268879	40.6665925	-73.9884108
353342	40.6606899	-73.7258834333
49992	40.7861417	-73.7252375
1118840	40.7933604167	-73.9765671
891618	40.7504759833	-73.99028195
163347	40.7056477675	-74.0133093198
834329	40.72169291	-73.99364167
755106	40.7041017667	-74.0169478667
404981	40.725226094	-73.9925014973
211278	40.6639862802	-73.9807740123
1124024	40.75409179	-73.98439735
434444	40.6646210489	-73.9849951901
744291	40.7538435398	-73.9910370248
402548	40.75670361	-73.98618793
312946	40.71459668	-73.99466037
599351	40.7601358662	-73.9701145473
729174	40.7633804735	-73.9675375955
1944973	40.720856382	-73.998555762
1429585	40.719718889	-73.998635301
1935851	40.720441749	-73.999544547
1259266	40.72929728	-73.9810931
570610	40.72159659	-73.99373275
1218751	40.6810167836	-73.975462552
376894	40.67073059	-73.9847877
1784467	40.67007297	-73.98844981
129096	40.7267761314	-73.980026247
1243071	40.71874624	-73.98848521
399671	40.7250214244	-73.9813538628
1600286	40.71991747	-73.98704373
1598651	40.73144483	-73.98854947
659980	40.7133359551	-73.9419143195
1594826	40.712983364	-73.940237487
315636	40.71760696	-73.98484253
1576456	40.717846249	-73.983090821
1584180	40.717963516	-73.986098608
1583979	40.719858827	-73.988751707
618442	40.7243317398	-73.9812941621
1042416	40.72443866	-73.99075758
1568779	40.73265683	-73.98572129
1564476	40.730614497	-73.982870674
184107	40.72291415	-73.99913805
840537	40.75204	-73.973561
374771	40.7520813333	-73.9791912
172367	40.7539520264	-73.9862976074
213316	40.7404127287	-73.9930272102
504142	40.7168513333	-73.9650429833
322648	40.6415073957	-73.7818622589
305568	40.74499725	-73.9978766333
953789	40.7333320258	-73.9872229099
3449326	40.77255841	-73.984612894
242634	40.6454381031	-73.7852872295
469779	40.7443397	-73.98208379
332312	40.7526756016	-73.9850037932
249961	40.7976789333	-73.9688657167
199032	40.71490061	-73.958736
149082	40.71407979	-73.96559023
156665	40.7151560147	-73.9653239272
151272	40.7190170833	-73.9566931667
749517	40.68214136	-73.98225814
83328	40.6711016432	-73.9845192432
206736	40.68358182	-74.00299721
347775	40.71977425	-73.9884573167
203619	40.7227686748	-73.9859710564
682592	40.73529195	-73.98998117
167258	40.72046363	-73.98986202
167378	40.7203571487	-73.984549369
1148526	40.5882499167	-73.6714314333
771762	40.5891876221	-73.6412811279
761055	40.7297549621	-73.9898086599
590168	40.682114464	-73.9805835053
827623	40.68329542	-73.98182803
434821	40.68225133	-73.97743636
680655	40.7427492255	-74.0035968509
111716	40.6883398697	-73.9698865798
1379638	40.68852865	-73.98049825
903241	40.6847306055	-73.9760969978
1101845	40.6695521278	-73.9867725059
376689	40.68111285	-73.9756759833
763980	40.67175115	-73.9844112667
1753863	40.686432842	-73.974472654
398525	40.68208575	-73.97740548
729254	40.6860341831	-73.9742329717
1543935	40.714554167	-73.956089567
177961	40.6841484302	-73.9994383473
809346	40.6811723833	-73.9770382833
1038879	40.6714922385	-74.0029084682
715231	40.6847672333	-73.9918468
1154081	40.68948328	-73.99428111
533720	40.6476942972	-73.792591095
92354	40.8203205	-73.9589322
1140958	40.7273156814	-74.0000224113
1199813	40.7228909412	-73.9997864395
3016699	40.7359206676	-74.0050971508
911562	40.7626655	-73.9733153667
347723	40.7417717469	-74.0009673485
4378457	40.715228033	-73.9916203
4375284	40.714447021	-73.991729736
652216	40.7170887699	-73.9584638764
4128314	40.747184753	-74.003341675
570218	40.7438508257	-73.999105998
1505617	40.720135	-73.9931
1347241	40.7141786833	-73.9577588167
5850878	40.72519606	-73.991323925
3415948	40.727952944	-73.993268271
3679605	40.766667614	-73.988631555
1114469	40.71441295	-73.9573719333
488050	40.7128829783	-73.9572131513
2692489	40.76188674	-73.98532141
126197	40.7390592427	-74.0056014061
5519052	40.76301038	-73.97906887
548383	40.7551390161	-73.9649223073
651931	40.74302959	-74.0011152
820822	40.7219807052	-73.996555556
1009277	40.7866789176	-73.9757867716
1202890	40.7643573814	-73.9823403273
549154	40.74255579	-74.00233733
143942	40.7272537341	-73.993031662
532442	40.72688889	-73.99286222
1471179	40.767545679	-73.982811799
889733	40.7899625333	-74.0452521167
1476959	40.75718009	-73.97597277
3974610	40.74447373	-73.996499767
232963	40.7407715167	-74.0049034167
636683	40.7239312487	-73.9507985115
1253348	40.733358538	-73.9924884066
128167	40.7257261374	-74.0029862523
469223	40.76275372	-73.9769594
1347193	40.716645597	-73.989371593
502907	40.72706586	-73.98491132
462406	40.7176039167	-73.95833795
773667	40.7452343995	-73.9859981382
1508550	40.736349711	-73.992173354
1548743	40.7431343	-73.9817429833
1543327	40.623269726	-73.728210266
492237	40.72719335	-73.99105232
1388363	40.742739584	-73.982325791
1165920	40.71990125	-74.0046118667
395313	40.64004475	-73.78999695
110436	40.7438885333	-73.98400585
556721	40.73941087	-73.99458622
646707	40.7205588409	-74.0050113201
171749	40.7419698028	-73.9927198485
1239992	40.75724017	-73.98572981
1218937	40.74341452	-73.98404145
928164	40.7428981	-73.99266701
287104	40.7421264811	-73.9828186175
464146	40.7422595958	-73.9933871427
1136415	40.7636778369	-73.9676183398
1128664	40.74451524	-73.98117387
643262	40.74240485	-73.9843629
1088445	40.7407243333	-73.9819625333
1050660	40.74551868	-73.98505145
961262	40.76073831	-73.97384417
1035444	40.74072527	-73.98395395
908153	40.72718131	-73.99345558
1020780	40.7419409167	-73.9821882
191524	40.7407343159	-74.005001058
579787	40.74361848	-73.98414129
322518	40.7242022833	-74.0440455833
465531	40.7208194333	-74.0466769333
472326	40.7282538	-74.0344321
765381	40.7266907333	-74.0433736833
490727	40.7302474976	-74.0378875732
938958	40.75077325	-73.97871112
879133	40.7483981415	-73.9803144679
489323	40.7242724833	-74.04381325
784114	40.7207925333	-74.0440740167
772500	40.7212394808	-74.045299098
420028	40.7212327857	-74.0453352116
456995	40.7211902301	-74.0453163448
489809	40.7239421333	-74.0438375333
46410	40.7383254667	-74.0058901667
104141	40.7329180183	-74.0393227693
123650	40.7285881	-74.04372471
314297	40.7172733358	-74.042801117
205528	40.7366407833	-74.0288078785
413185	40.73732745	-74.0364453
510710	40.7138716	-74.0986751167
438407	40.7573139964	-74.1669390143
480101	40.7591552876	-73.9803276524
479080	40.7586377654	-73.9816071862
85746	40.7196630055	-74.0471994516
452442	40.7208814167	-74.0446150333
353516	40.7520622077	-73.9859443295
604502	40.7603322484	-73.9867840113
1570311	40.76814872	-73.98212981
1524372	40.761815878	-73.981880092
304214	40.77962177	-73.95110595
188265	40.7801513672	-73.950958252
336948	40.7343522176	-73.9931354415
1252120	40.8081534	-73.943850483
1163842	40.8025683833	-73.9717582833
756769	40.5879841667	-73.8138033833
1247444	40.806299971	-73.943892838
617937	40.72590565	-73.97805607
673044	40.7314461597	-74.0022172798
316305	40.7585827789	-73.987696512
50803	40.724132962	-73.8456344734
5852178	40.730281774	-73.998319706
56488	40.6841119824	-74.0019418524
880707	40.7262344349	-73.9858493796
394616	40.6896899333	-73.9719656333
1513563	40.747261983	-74.007210636
744875	40.7079037	-74.0085288
455237	40.7749740833	-73.8714846
316713	40.6960241833	-73.9423948
609343	40.6972070833	-73.9355149
877762	40.7295995	-74.0000219833
697014	40.7216937	-73.9884908
1124221	40.7215233325	-73.9887645381
2733947	40.775825372	-73.918067753
102574	40.7729344285	-73.916507081
2584178	40.731451289	-73.724133781
1420908	40.749228917	-73.975924767
12011	40.6984947295	-74.0383780003
12021	40.6987237833	-74.0390968167
12024	40.6981766167	-74.0393757667
12009	40.6987237833	-74.0388178667
57991	40.6267951833	-74.0358639667
11983	40.6899127195	-74.0451478958
755532	40.7038411	-74.01753635
420375	40.7774905768	-73.979116151
165169	40.7604476025	-73.9799380302
598044	40.7513371568	-73.9664196968
687586	40.7505316833	-73.9690493
807725	40.7782222833	-73.9785431333
900219	40.73795711	-73.98097133
898557	40.75807735	-73.9858375833
878388	40.779151942	-73.9768067415
21996	40.7818928	-73.98128765
890922	40.7484355306	-73.9861500263
856723	40.7567986979	-73.984401226
884389	40.7477060402	-73.9883521199
402084	40.78160029	-73.98219197
788739	40.7449957667	-73.93428345
798810	40.76314675	-73.98293185
583267	40.7633719929	-73.9824516288
409704	40.76298546	-73.98282057
688925	40.76302033	-73.98286873
341495	40.7803464542	-73.9814186096
676405	40.78200395	-73.9810205
874062	40.75855213	-73.98701733
893256	40.7584806	-73.98705208
759978	40.7776329561	-73.9827060699
58816	40.7504187286	-73.969091177
646128	40.75201869	-73.97533255
856012	40.7765609833	-73.9796483
335733	40.77834069	-73.98073989
687788	40.7777324036	-73.9785180923
627757	40.75591474	-73.98737913
732144	40.7506408	-73.9867313
527896	40.76047939	-73.98469495
435234	40.7223367	-73.98085695
435215	40.7247522833	-73.98717355
434630	40.7178998239	-73.9894652367
386394	40.6401887	-73.7897634833
182142	40.7273092667	-74.0056299
807216	40.72773055	-74.0054258167
1586788	40.719437137	-73.999620802
104691	40.70358305	-73.9939032
320144	40.7157810162	-73.9985004572
747785	40.7202673709	-74.0037196737
1360316	40.7447724333	-73.9831078333
524417	40.71583139	-73.98920178
2725728	40.751379967	-73.844649188
933497	40.7227808333	-73.99598995
947879	40.7209166095	-73.999488272
202894	40.7205809917	-73.989445015
287515	40.7294756683	-73.9861817803
840111	40.7215160877	-73.9888817853
371335	40.7203846663	-73.9966060747
326586	40.7195993302	-73.9878129959
161389	40.7207926832	-73.9985053203
1161030	40.76031523	-73.98716992
800601	40.72271424	-73.99883896
1153589	40.7114249876	-74.0044086583
994780	40.70688569	-74.00368112
1000814	40.7068487676	-74.0019466878
1147239	40.62044286	-73.92603027
617927	40.74082434	-74.0060622
766915	40.7181031164	-73.9574825764
1538879	40.712848967	-73.9664379
1499058	40.7137671	-73.95728355
611448	40.7206919194	-73.9584659454
485888	40.7327383	-74.00159555
213092	40.7480799	-73.8807984167
213077	40.7479108833	-73.8805221
89958	40.7484512833	-73.87508865
259535	40.69464564	-74.25848847
5755829	40.703312185	-73.987853226
952874	40.7792649768	-73.9506997916
1574745	40.703134577	-73.995701487
3452545	40.723250182	-73.995053129
784269	40.7024965781	-73.9871907234
1186701	40.6799141167	-73.9971255
395514	40.7798253877	-73.9533900589
1322083	40.6290168	-74.023066417
302908	40.7021801151	-73.9909644795
753504	40.7808069306	-73.9526266984
1116983	40.61970335	-74.02330178
1006421	40.6221407408	-74.0256569355
280969	40.6987720938	-73.9925998018
1017889	40.6287569667	-74.02290195
1009061	40.638363	-74.02236002
945801	40.6947048667	-73.9941404833
900171	40.63154095	-74.03237581
622105	40.7805372948	-73.9499362317
611351	40.740826676	-74.0016612745
41433	40.6355220861	-74.0264893837
212649	40.72388969	-73.9903241612
238769	40.7278513238	-73.9903862297
1166268	40.7577691167	-73.98270945
203403	40.7173106572	-73.9543579442
268812	40.7193430321	-73.8457561272
394561	40.76067543	-73.98676484
148189	40.758903547	-73.9877915382
90491	40.7588452548	-73.9875086598
249109	40.7759834667	-73.9795882
225121	40.7476773	-73.9921256833
161635	40.7507955	-73.9798578333
52879	40.6293501	-74.0114254167
1205437	40.79455935	-73.97177618
348411	40.7262225986	-73.9842717753
249545	40.706880441	-73.949457407
207533	40.9169903032	-74.0308805779
1524491	40.709047356	-74.01389175
1046482	40.75484	-73.977795
1042871	40.7328361273	-74.0018248558
157808	40.7620808333	-73.9849669167
637059	40.7524774667	-73.9728448167
416156	40.7511477533	-73.9733129161
735670	40.754084238	-73.9819014072
769627	40.74053829	-74.0057404
262963	40.6804671635	-74.195523262
1143593	40.7573514625	-73.9745325876
394970	40.8870643	-73.7800941167
1203722	40.738782183	-73.793477833
755397	40.7581570224	-73.9920570689
1093825	40.7791655	-73.94907671
404549	40.780004069	-73.9507215185
1083496	40.72070497	-73.99718534
844357	40.6721350884	-73.9576542377
306624	40.7668916152	-73.9214122295
658177	40.7246738333	-74.00301625
658004	40.7247187049	-73.9974464747
89639	40.7017115667	-73.7960707167
328215	40.6898574833	-73.9860463167
735326	40.6900658758	-73.9879195787
4949847	40.676291299	-73.980153079
3138230	40.690194367	-73.9939928
3115693	40.692382908	-74.001584044
4005022	40.667310071	-73.987767379
3602980	40.714498783	-73.997667733
199421	40.7159075244	-73.9971792698
2511276	40.72227	-73.968151
105850	40.68996285	-73.9841186667
1703274	40.678220367	-73.9958275
1383660	40.692532724	-73.969851977
659552	40.6825573494	-73.9932539044
1497280	40.69212055	-73.98770791
1469972	40.68183779	-73.99436378
481289	40.7365513596	-73.9913964272
760737	40.72503626	-73.98186892
548309	40.6825784324	-73.993243505
951537	40.7700357167	-73.9175640167
651088	40.7876577667	-73.9766435833
772795	40.7878311667	-73.9768722833
618368	40.78856307	-73.97323322
334754	40.7902164781	-73.9734685421
906772	40.7879607	-73.976406
513481	40.78785371	-73.97481817
634889	40.7878512667	-73.9759727667
667774	40.7884537913	-73.9769124985
663515	40.7904607058	-73.974879384
521497	40.78846079	-73.97440969
612188	40.7890588501	-73.9768038575
334827	40.7888761906	-73.9743375778
704700	40.7892579722	-73.9754211903
644464	40.7855619089	-74.0457808971
540757	40.75566887	-73.99839448
639240	40.7542766405	-74.0001497701
411385	40.74576687	-74.0082485
482021	40.7204757809	-73.9969526046
486777	40.7204416333	-73.9968222
628388	40.7304217333	-73.9927794167
386892	40.75414985	-73.9814889
80275	40.7595659625	-73.993321255
654191	40.78309994	-74.04511517
644530	40.7916135975	-74.0491390228
649181	40.7904700333	-74.0575260667
644294	40.7927121	-74.0511905833
644310	40.7913455478	-74.0534949303
644266	40.7922575667	-74.0486800667
644386	40.7903789354	-74.0583014488
644407	40.7892968667	-74.0566774167
649237	40.7911018653	-74.0546107292
644259	40.7919533667	-74.0477916333
649282	40.7904758	-74.05108725
644547	40.790646989	-74.0497505665
644255	40.7910206376	-74.0476477146
650701	40.791759806	-74.0554583073
644507	40.7905738835	-74.0438175201
644525	40.78778201	-74.05107933
644235	40.78778201	-74.05107933
644245	40.7908565589	-74.0583078833
649291	40.78742808	-74.05131304
649206	40.78742808	-74.05131304
643379	40.7850907476	-74.0506732464
644491	40.7875459833	-74.0478282333
644484	40.7866341946	-74.0458238125
644180	40.78613	-74.04607
644472	40.7860493136	-74.0464675426
644448	40.785545662	-74.0459311008
644453	40.7855375385	-74.0458881855
644457	40.7855619089	-74.0458238125
621014	40.78394448	-74.04527586
578762	40.7600110833	-73.98463925
108361	40.7605547692	-73.9858117727
208325	40.7745027087	-73.9835662909
425387	40.74885705	-73.987136
73645	40.7226490333	-73.9958815167
518873	40.7215299466	-73.9973440086
285734	40.7205669723	-73.9966642857
82655	40.7200849775	-73.9959093211
398612	40.7200424957	-73.9959615469
303676	40.72036695	-73.99689424
195727	40.719612	-73.997356
479339	40.72026461	-73.99758458
899527	40.7773227333	-73.9838456667
266602	40.7864085179	-73.9781726256
356442	40.8323624833	-74.20150555
481598	40.8306533	-74.13993209
405770	40.7788391139	-73.9841922108
337339	40.78007394	-73.97822833
1000471	40.7186584473	-73.8451080322
422235	40.8088314924	-73.9613932371
999881	40.7936071508	-73.9730237319
669064	40.76440435	-73.98162621
2675874	40.7132145	-74.03469165
1369703	40.714785305	-74.0442466736
1046841	40.7161420584	-74.0449172258
932648	40.718101069	-74.0438385404
1469601	40.716279717	-74.04248315
1441547	40.75470507	-73.97762477
2944306	40.75610226	-74.00194323
468758	40.8605922625	-73.9328706264
893311	40.7564817457	-73.9981341362
356491	40.75740998	-73.99019134
552599	40.805869	-73.9894038667
31745	40.7829360667	-74.00681095
2724160	40.800453	-73.98247
2006939	40.759279	-73.988187
782184	40.7456087925	-73.9982162976
1518935	40.758153	-73.99203
197019	40.800927218	-74.0216673771
1547839	40.761597	-73.984354
1147880	40.77597445	-74.04088205
1531027	40.763434	-73.984402
361359	40.7625909358	-73.9928179979
1530168	40.759404	-73.987761
1482504	40.725224	-74.005133
683219	40.7926993015	-74.0006633094
383086	40.7452476852	-73.994441699
648984	40.7474098607	-73.9854435287
420216	40.5840801833	-73.9393447667
400972	40.6159469833	-74.0312435333
353942	40.7610570882	-73.9855384827
530425	40.72921785	-73.9989696667
1490978	40.8055391	-73.9642949
961163	40.75932665	-73.9843422333
1091084	40.8901369572	-73.8907760382
762693	40.8848007811	-73.8996434212
847668	40.9384565987	-73.7456457747
525217	40.9246355022	-73.9045894146
152056	40.9041393284	-73.9140629768
663567	40.8839972	-73.9018373
909133	40.8810335398	-73.902862072
790321	40.8533539493	-73.8374698162
790341	40.8525753021	-73.8380116224
663583	40.88205955	-73.9022235667
818619	40.7070268359	-74.0032088757
680205	40.7069780377	-74.0035521984
791099	40.8630678762	-73.9065206051
1519287	40.71876545	-74.004639467
391278	40.73453176	-74.00625771
720411	40.8341695977	-73.6257921136
404489	40.75430285	-73.98432523
733229	40.7652921667	-73.8201285333
166128	40.7141166667	-73.9513577667
608406	40.7641944	-73.8243839167
565552	40.63800445	-74.0062919333
536577	40.764253	-73.915214
764037	40.7416041984	-73.9533993996
394341	40.7447209667	-73.9506814
391628	40.7288915538	-73.9874542757
390039	40.7271249875	-73.98859026
359198	40.7577453333	-73.9230354667
242180	40.7643119458	-73.8097846185
3275217	40.795097288	-73.936071903
206986	40.7285565528	-73.9846712227
395701	40.7330625369	-73.9863136504
237203	40.75369585	-73.98717395
530651	40.726425546	-73.984197258
165672	40.7311756	-73.9897779333
661448	40.8025727333	-73.9713195333
728683	40.74297833	-73.9915862
88165	40.7992647418	-73.9694774151
670655	40.7527472	-73.9927244
180183	40.7177093642	-73.9573362891
1087009	40.71784883	-73.95760953
686643	40.75948476	-73.99179118
497100	40.76309639	-73.98306119
132260	40.75361096	-73.98456728
453438	40.7612625167	-73.9920168
272337	40.7151804986	-74.0083906396
370241	40.7180736	-73.99377471
309424	40.7976605504	-73.9693257291
324748	40.75666546	-73.99225926
123402	40.7599143833	-73.99239105
292199	40.78211331	-73.97907137
259476	40.8054857229	-73.9654487371
257805	40.7378845734	-73.9959025383
229714	40.75978809	-73.99062454
141915	40.7453648333	-73.9934602833
132598	40.8058836509	-73.9657759666
80653	40.8026189463	-73.9681148529
884639	40.7503903833	-73.9876973167
1250531	40.7512871	-73.984742517
1027696	40.75014227	-73.98785865
961472	40.7491182776	-73.9865899086
504572	40.75127029	-73.98714745
1262635	40.75007742	-73.98426961
624785	40.75059664	-73.98766732
962281	40.7491266271	-73.985013845
424900	40.749009172	-73.9866592381
780174	40.7496894173	-73.9874804014
1440818	40.7500117	-73.98775405
1199887	40.75101405	-73.98693275
785843	40.7490683698	-73.9864688799
1439627	40.750128469	-73.987261364
1128303	40.7504945	-73.9871925
1121894	40.74942895	-73.9864368333
661984	40.7499906217	-73.9870275549
850114	40.7506972424	-73.9861678615
784978	40.7501042088	-73.9861634493
625123	40.75007921	-73.9860754
1430137	40.74650466	-73.993268625
1149164	40.746508	-73.992463
118244	40.74630981	-73.99259942
372162	40.747090783	-73.9931081406
461737	40.7498027	-73.98783898
460571	40.7513585717	-73.9876854526
897529	40.7506944686	-73.9878881225
588589	40.7254433	-74.00189143
1513968	40.7659166	-73.98749745
1208164	40.762967859	-73.978346133
414736	40.7241453761	-74.003346716
492387	40.72955894	-74.00261396
987525	40.84626225	-74.16198945
987281	40.8272708013	-74.1459667683
891180	40.7397242	-74.00612205
626934	40.71465754	-73.77975052
157826	40.7371800187	-73.9885941543
56799	40.7367008333	-73.8176804667
681848	40.7398166167	-73.8152528833
662615	40.761981	-73.7702751
4506566	40.7614	-73.98053
2481026	40.759316	-73.982839
792825	40.7315054756	-74.0006535537
1167948	40.74345785	-73.98406189
1035329	40.7322751667	-74.0020549333
182004	40.6948978446	-73.9948704128
1408418	40.7274325	-74.008225
205838	40.75650334	-73.97694969
1404374	40.850370581	-74.074912386
2863334	40.743252084	-73.990663425
679447	40.727295609	-74.0055478587
2329086	40.723354735	-73.988392099
852450	40.74992388	-73.9918611
906255	40.74775922	-73.98938357
900787	40.8057589	-73.9566720333
111809	40.7773641606	-73.9522912352
228400	40.7831844557	-73.9507446747
410806	40.9325336833	-73.7626829667
187189	40.7226058333	-73.9948165833
480436	40.75270515	-73.98022371
161981	40.7593075725	-73.9840985018
1019966	40.6737846136	-73.9759200811
783838	40.6741280658	-73.9757182405
422317	40.7767449667	-73.9113621
303375	40.7760007674	-73.9108502338
308194	40.7636800376	-73.9220318416
364799	40.7625527635	-73.9896507628
677382	40.7385999454	-73.9857637882
776352	40.7783058765	-73.9804406118
236296	40.74338424	-73.99713444
487580	40.7449920388	-73.9997046205
603658	40.7698273387	-73.8644065355
637003	40.7137938667	-74.0093638
724558	40.7303087833	-74.0031372833
718668	40.72322523	-73.98941552
336903	40.7226047833	-73.9896638333
37814	40.7400991713	-74.0029600829
681840	40.7416548833	-74.0051429667
646241	40.7241931	-73.9826272333
637614	40.7218561087	-73.989067052
218753	40.7811355426	-73.9523620305
3603154	40.609562071	-73.961996974
2733221	40.778538943	-73.951064592
475552	40.7227808336	-73.9953605851
1056055	40.719922452	-73.9842108249
1087737	40.7703686875	-73.9813211721
1064651	40.7165772945	-74.0083610035
2007047	40.72738516	-73.99349135
723740	40.742851491	-73.9816230795
791994	40.7183411762	-74.0001729599
3682911	40.744944445	-73.98178771
472524	40.7302136849	-74.0027142638
292396	40.70635038	-74.00709879
952674	40.7313320581	-73.9829528332
280712	40.7480083324	-73.9878717273
1067218	40.70652174	-74.00947153
1217304	40.70667862	-74.00793206
979763	40.7063498138	-74.007786303
1127430	40.7469962826	-73.993638213
944419	40.71740835	-73.9585641
90768	40.7171522167	-73.9561573667
478016	40.7181031164	-73.9573001862
201066	40.7194523333	-73.9582333167
491266	40.7196570008	-73.9527489208
200426	40.7429723	-74.0290333
1934754	40.7426878167	-74.0295809167
755490	40.7398436989	-74.0270698071
1554057	40.837061108	-74.15268175
176729	40.760680348	-73.9867051314
202477	40.6636702207	-73.9842662166
122239	40.6786732202	-73.9976796428
585481	40.7297781173	-73.9990039723
2539230	40.70798158	-74.01148796
570479	40.6601199523	-73.9912585999
482350	40.7610087135	-73.9906564537
284844	40.714860224	-73.9980582997
786414	40.7664170711	-73.9832961559
780363	40.777099	-73.980782
26898	40.7256407644	-73.9800238609
666936	40.75342945	-73.9677639
461318	40.75448274	-73.98274546
1355924	40.7341772318	-73.9801472425
2591817	40.7328510667	-73.9803429667
1252991	40.732036829	-73.9819604158
966244	40.733766	-73.981328
700882	40.747360357	-73.9975743007
1351818	40.747347283	-73.997773533
1285018	40.7346978228	-73.9802920818
64025	40.7604239	-73.98559345
3355584	40.75152772	-73.99380475
161646	40.7633691993	-73.9828317165
584482	40.74344658	-73.98163181
620481	40.72603821	-73.98595863
460519	40.7039007353	-73.9890972852
1276889	40.86018925	-73.933843033
1575806	40.71488469	-74.00800889
1533321	40.74066859	-73.987060247
1040738	40.635765131	-73.9781111716
478537	40.7147611646	-74.0091936147
386391	40.6403545333	-73.7895254167
600147	40.7237740997	-73.9917764112
555883	40.7039500833	-73.9906069667
234711	40.6965315833	-73.9936904
556909	40.7035847297	-73.9895785704
382340	40.7822740167	-73.9807902333
402272	40.7856957404	-73.9760920531
651416	40.71839225	-73.98862004
643283	40.7059042307	-74.0066484124
397183	40.76067543	-73.98676484
628058	40.7335586427	-74.0021056973
997005	40.73364871	-74.00321513
1559146	40.75055673	-73.993360395
131305	40.8595424	-73.6207257333
122339	40.7294088557	-74.0034963125
231996	40.80241346	-73.95789563
59698	40.80836995	-73.9456113167
360717	40.64550775	-73.77858328
321375	40.7726866796	-73.9489724002
664546	40.7576926574	-73.9896261692
775898	40.7496848806	-73.9931559557
796868	40.750224	-73.992699
786681	40.7311715267	-74.0028979546
205226	40.7314668329	-74.0055249087
422863	40.8091157127	-73.9592421055
222838	40.7145718623	-73.9571138186
1180392	40.701112	-73.991613
47999	40.7073478833	-74.0031709833
867031	40.750345	-73.9892509
872306	40.76503592	-73.97991597
239004	40.7559291075	-73.9867830276
772488	40.742575	-73.995121
224364	40.74091768	-74.00613903
306133	40.6653449562	-73.9828569185
2361327	40.787565645	-74.151944376
591203	40.7301444229	-73.9549615748
934411	40.7075599641	-74.0085778258
930589	40.7050284143	-74.0097586466
926944	40.70647156	-74.01076436
657525	40.7241222787	-74.0009759087
854343	40.7249326667	-74.0016532667
87945	40.7304357117	-74.0026831627
144269	40.735868471	-74.0059641443
168769	40.70881575	-74.0089477833
915109	40.7283677833	-73.98357775
337569	40.76442515	-73.92222833
966589	40.7658080513	-73.9189681299
807479	40.7659216011	-73.9190385966
191164	40.7493661349	-73.8877212042
677776	40.7665741833	-73.9194026667
487121	40.7663422167	-73.9192521667
531897	40.766653	-73.920954
468163	40.71571791	-73.82901757
528934	40.7601408684	-73.9806141708
740737	40.72115772	-73.9866864
700460	40.7742004395	-73.8730926514
698965	40.7164071248	-73.9533949416
425909	40.74038665	-74.0066179833
4266347	40.7055547393	-74.013133049
3028028	40.757751683	-73.984518367
518552	40.7260998245	-74.0014404004
723795	40.754614649	-73.968302839
336811	40.75575077	-73.97087711
634329	40.7067993237	-74.0093575942
326048	40.7549650567	-73.9703870299
228292	40.755228495	-73.97714685
223913	40.7468750054	-73.9954035066
187865	40.7321725407	-74.0053116143
1537843	40.7477312058	-73.9862619831
5737147	40.748312089	-73.992791345
1802315	40.7477040082	-73.987185359
593895	40.70070332	-73.99171257
1038210	40.70283825	-73.9901884
521023	40.70837712	-74.01548492
1425580	40.718573566	-73.997471402
731693	40.87385988	-73.90490329
5853903	40.721813268	-73.996287782
5841603	40.771682	-73.96126446
4770875	40.724730207	-74.045554217
3315539	40.7440758333	-73.9839746667
1050481	40.7291125115	-74.0343010426
729163	40.7467855849	-73.9838266368
300303	40.7227244497	-74.0479424641
811957	40.72836536	-74.00192368
570167	40.8057707167	-73.9659123333
455380	40.8045078667	-73.9658671
5652710	40.716366918	-73.997155852
3920304	40.735549908	-73.99811809
1360510	40.7352185584	-73.9979753196
198931	40.7380586167	-74.0003068833
880782	40.7300551167	-74.00302565
880781	40.7300547667	-74.0030215667
880796	40.73016915	-74.0033825833
880824	40.7300284667	-74.00373145
1266447	40.8082630483	-73.9598858356
1469328	40.9359267621	-73.9017999172
536655	40.9348927	-73.9010085167
939919	40.9348974163	-73.9017570019
1469264	40.9344678421	-73.9012527466
1485937	40.822994	-73.853006
1323972	40.6568026517	-73.6450910568
885138	40.656032	-73.629906
872191	40.657036888	-73.576633767
921440	40.6562293167	-73.5885088
3255704	40.809458517	-73.967081083
5153667	40.7215153	-73.99583095
5087956	40.640101417	-73.96562575
3121647	40.6352198	-74.10964965
3139439	40.634704627	-74.110054942
3139289	40.634737815	-74.110167112
1255934	40.704500367	-74.009128417
3044495	40.642656583	-74.1139763
1586260	40.70772875	-74.0117626
1569297	40.713315591	-74.016168449
1553105	40.61844469	-74.06919014
1551786	40.637190845	-74.127749225
1551722	40.636126053	-74.12717938
4499177	40.76032084	-73.98691838
205769	40.7378701485	-74.0333094849
200318	40.7374800167	-74.0313119833
1181409	40.95703125	-73.8133392334
1463082	40.9413650078	-73.8358819485
1037226	40.93951835	-73.83447295
530402	40.9409178458	-73.8336585312
866974	40.7396535761	-73.9868143699
228855	40.9345622	-73.7573871333
1095882	40.74542164	-73.99859708
192116	40.7293917606	-73.9860502701
162263	40.7327818646	-73.9941551477
607784	40.7338600986	-73.9925098605
688837	40.73917305	-73.99476742
714543	40.73952728	-73.99449372
695399	40.7372504872	-73.9929628372
558949	40.736811501	-73.9958381653
1076804	40.7364317	-73.9952078167
1155476	40.73723942	-73.99274885
340979	40.7376632333	-73.9947020167
497048	40.73651593	-73.99303972
725045	40.736537	-73.993756
934880	40.7366518667	-73.99522595
520169	40.72898358	-73.98780244
1187160	40.73583543	-74.00588852
1000485	40.74042875	-73.9862124333
857713	40.7229725685	-73.9895454464
196939	40.7767326567	-73.9790510172
794844	40.7763736603	-73.9793586731
504432	40.7377712833	-73.85272465
1159055	40.7699392991	-73.9175870521
991583	40.7372268	-74.0014023833
402575	40.7576302497	-73.9712411448
1195601	40.6517189333	-73.6115614333
1518921	40.65496599	-73.58702802
5045472	40.94177681	-74.0714156
1455204	40.942469133	-74.072051983
338186	40.94311016	-74.07154804
1659764	40.9455996752	-74.0711867809
3925635	40.94534827	-74.07231161
3360316	40.94689175	-74.0705334
29711	40.9459475667	-74.0720074667
1632738	40.94630467	-74.07174503
479843	40.7633730829	-73.9816975594
1308576	40.7077598167	-74.0019458333
1030810	40.70595145	-74.0028522
5168947	40.68707227	-73.97691166
972379	40.78184849	-73.98106348
5721765	40.75682473	-73.99002218
5107119	40.68707227	-73.97691166
1116027	40.73161631	-73.98894363
1101995	40.7567255552	-73.9881134033
4768026	40.726734464	-73.990226787
5693470	40.741686697	-73.952444125
5691424	40.740663775	-74.007050668
2509588	40.7346937579	-73.988623023
2957189	40.7307309367	-73.9861189742
1181048	40.75883855	-73.97183535
139893	40.7562461897	-73.9715434698
935170	40.78229314	-73.98103916
391764	40.78199877	-73.98040828
256187	40.7138566167	-73.9934942333
2251676	40.756901816	-73.975571648
2236244	40.755328402	-73.971088475
894390	40.7199540143	-73.9875366714
459355	40.72116082	-73.98729199
1020782	40.889894	-74.07069
303353	40.7345390798	-74.004781627
722624	40.6452069269	-73.7908394083
1101065	40.7556193743	-73.9816958828
1319192	40.76899278	-73.8660776
772757	40.7465889571	-73.9859441857
897196	40.7354001667	-74.0035055167
216138	40.6963014167	-73.9926093333
318486	40.6723737667	-73.9959025333
328901	40.69407272	-73.99337309
242379	40.694242502	-73.9920857549
345446	40.6944356986	-73.993370533
1101443	40.6756597057	-73.9746320054
787955	40.74208765	-74.0014858
936253	40.7402833167	-73.9946783167
1278169	40.672422183	-73.97659475
5347491	40.664272515	-73.98387181
829352	40.6676231833	-73.9791103833
845714	40.6741859	-73.9822689333
1551478	40.676253033	-73.980819717
855386	40.6758606535	-73.9814335328
351863	40.6750743	-73.9812589
1681236	40.67955425	-73.857716767
3784945	40.73699355	-73.991589533
914320	40.6815650167	-73.9937925
1028786	40.665817385	-73.9825283619
491614	40.6809955167	-73.9759521167
444112	40.6775551333	-73.9858548667
475326	40.67696213	-73.98070371
1278608	40.726932383	-73.988565533
224795	40.7287358237	-73.9862862862
3119359	40.67094305	-73.97821865
1190822	40.67056245	-73.9784427667
858019	40.6804445667	-73.9775794333
327919	40.6749179871	-73.9816975594
1131186	40.697383	-73.9826484333
1695278	40.703019067	-73.987688833
523737	40.70915424	-73.98947101
1214371	40.676407814	-73.9800721407
930772	40.673681	-73.982672
1552637	40.671770333	-73.977709033
1491696	40.63922894	-74.08302944
1464022	40.676191	-74.01349
1435942	40.73746215	-73.99194555
628579	40.6765419245	-73.9803886414
964317	40.6823333438	-73.9796738692
1403888	40.6778025627	-73.9793211222
1375957	40.67489	-73.976609
1314615	40.675776764	-73.981850119
1296530	40.67386907	-73.97580087
1207969	40.7206564175	-73.95154953
1048960	40.6779986667	-73.9896197333
651402	40.72093987	-73.98807656
1190778	40.6699943	-73.9790491667
489288	40.6780099605	-73.9792728424
1143974	40.6715373172	-73.9843221063
207447	40.7289960932	-73.9886237793
757190	40.7158077014	-74.0140746739
448543	40.7836477776	-73.9779149723
102092	40.7367499197	-73.9932921292
4604603	40.731705403	-73.983016648
2958245	40.7359741672	-73.9795196056
1530276	40.730560262	-74.001501081
164093	40.6824229667	-73.97941825
948998	40.75097614	-73.97452932
187669	40.73068338	-73.99872267
319772	40.7286115626	-73.9876574792
579403	40.7256537367	-73.9979958124
755211	40.6411083	-73.7899863
789408	40.6411294333	-73.7897908333
419086	40.6407634667	-73.78880845
527685	40.6406962	-73.7887791167
755227	40.6410492333	-73.7894668333
136025	40.7046438123	-74.0096139908
764833	40.7590121042	-73.9785827368
283601	40.7603500843	-73.9947116375
1128704	40.7587409	-73.99426639
445790	40.78358354	-73.9498532241
161665	40.7296572422	-73.9884996414
4604387	40.90300428	-73.98363006
247793	40.6629230279	-74.2153072357
992749	40.7446315263	-73.9905059338
377860	40.7262302667	-73.9902662333
364072	40.7565273333	-73.9814483333
662864	40.7542792927	-73.9824700356
9621	40.8054649667	-73.9659905333
1123476	40.8491948167	-73.9691308833
964221	40.9052766082	-74.0321970002
403725	40.90692065	-74.1335359833
811760	40.9153613225	-74.0624371118
272556	40.79924695	-73.97189045
683391	40.76074284	-73.9845497
1431930	40.66116183	-74.17445427
787872	40.72516429	-74.00240063
398768	40.7287793454	-73.9886166761
196770	40.7289011222	-73.984208107
305315	40.72848838	-73.98482066
607739	40.7279350635	-73.9852386874
455038	40.7320118775	-73.9851671516
3674532	40.75448074	-73.968986826
3545707	40.73694915	-74.0035851
3471123	40.723712275	-74.000067027
3414032	40.72379285	-73.9967848
3413948	40.7234153434	-73.996474334
659629	40.7224249196	-73.9792650104
3371133	40.751119647	-73.97349383
2501698	40.721364637	-73.992566917
208355	40.76077575	-73.9759465333
654341	40.6897315044	-73.9731713193
556855	40.7269451906	-73.9857489716
420046	40.7407367989	-73.9981184874
1369990	40.645477683	-73.778853439
879691	40.7738874966	-73.9831781387
1225113	40.663200646	-73.984763295
574991	40.760810795	-73.9811618274
1231142	40.7189778	-73.9608097
1274004	40.7629584	-73.97389948
1183272	40.6755870581	-73.9421510696
431593	40.7243479599	-74.0016746521
1194761	40.716551	-73.998461
1192399	40.7692337036	-73.9825558662
1187243	40.728417	-73.987017
707550	40.6980590344	-74.1849812213
704153	40.7150116716	-73.9822899632
339750	40.7423428968	-74.0059159798
172023	40.7420715163	-74.0057645392
605621	40.7567475667	-73.9927975167
975397	40.7555236816	-73.9690475464
596772	40.7599119833	-73.9843484833
490937	40.7635464	-73.981726
160715	40.7099229	-74.0067413833
3191029	40.768044373	-73.981704938
1000220	40.7201777	-73.9980214833
1049282	40.7295958833	-74.0012045333
1044965	40.8579968333	-73.9330667
304344	40.7539948377	-73.9424622059
1041101	40.7553797792	-73.9409483816
836315	40.7234616831	-74.0049684048
854514	40.7236198749	-74.0050225399
733731	40.7239282833	-74.0042879167
227264	40.7236473833	-74.00491965
224031	40.7596221917	-73.9976057505
40515	40.7587372936	-73.9920061725
175784	40.7603419577	-73.9911496639
109876	40.7606368942	-73.9909010007
201837	40.7607157769	-73.99081707
62498	40.7612602833	-73.9818841167
70402	40.7612010882	-73.9818046264
40598	40.7604967635	-73.9814581445
201715	40.7595404096	-73.980520992
179228	40.7576520231	-73.9819228649
156397	40.75947064	-73.98159211
201223	40.7616746947	-73.7617349625
233707	40.77521497	-73.8728342
234596	40.7742221335	-73.8732969461
245241	40.774245272	-73.8727886669
193546	40.7741751705	-73.8726461859
886439	40.7601164618	-73.9865263845
1102181	40.729598	-73.997834
677152	40.76302778	-73.97892534
216195	40.7250066241	-73.9907533125
1035006	40.7374647636	-73.9941886139
57564	40.7583697833	-73.9897058833
2246962	40.746738066	-73.990066452
252610	40.7621205353	-73.9860035153
1137374	40.727831	-73.988409
864308	40.7609595709	-73.9845407009
960204	40.6600775363	-73.805400849
4595878	40.692166988	-73.810000199
1338234	40.8296420333	-73.9268011333
210262	40.6315658667	-74.02766705
54173	40.6080533833	-73.9204302833
160903	40.8662807196	-73.9221968469
125331	40.8690470857	-73.9174166843
46274	40.8659331532	-73.9178807476
56982	40.7381083805	-74.0021324878
46450	40.7382341312	-74.001942873
133606	40.87004637	-73.91506707
125684	40.8681604214	-73.9214996253
4979784	40.9288020639	-74.0763366222
2373792	40.9284122	-74.0705496
436895	40.84048497	-73.94257569
866617	40.8260022667	-73.9504415333
570185	40.80526015	-73.9665401333
1458239	40.7943265245	-73.971709013
1005374	40.81204879	-73.95863604
1356375	40.81851655	-73.96073377
1831116	40.809535	-73.949148
786584	40.8124937798	-73.9618599415
10112	40.8001293986	-73.9621187101
19876	40.7985914167	-73.9637380667
5241182	40.797330895	-73.970238008
790768	40.78989154	-73.97243797
3281568	40.7954871654	-73.9673638344
4064141	40.792726398	-73.969466686
431912	40.7945917833	-73.9665630167
453491	40.7385269333	-73.99984975
66270	40.758103062	-73.9889167249
377888	40.80451065	-73.96878713
364718	40.76562404	-74.04213118
361043	40.79508173	-73.97274899
355455	40.75101298	-73.94574069
341814	40.7882697448	-73.9712980384
336066	40.7780554241	-73.981719017
1326037	40.72838401	-74.00262433
476120	40.72107213	-73.98790729
1001136	40.72008484	-73.98775213
641826	40.6379329667	-73.78615865
1340212	40.6831341	-73.670383133
914468	40.7170577333	-74.0060968667
1048697	40.71298009	-74.01756942
409602	40.68642105	-73.9904108
5771412	40.74766573	-74.006286422
5467370	40.7493946255	-74.004689455
661798	40.6885236314	-73.9927777648
4436229	40.7584890839	-73.9853453636
845277	40.6730128167	-73.9909294667
56739	40.6899286833	-73.9931510667
1024245	40.6904365167	-73.99569525
373963	40.69230139	-73.98837375
1364177	40.74478335	-73.99517806
675684	40.7418497167	-73.9936196167
900626	40.7427270833	-73.9920340833
1313729	40.690420433	-73.995447767
827648	40.6870830333	-73.9912068
590857	40.69426769	-73.99322599
971131	40.744777581	-73.9991231798
121744	40.7055036235	-73.9333557601
599485	40.6893113636	-73.9692063218
634564	40.7586446823	-73.9815761261
150644	40.6876872487	-73.9930010923
163143	40.6862009627	-73.9909511805
811795	40.7541573836	-73.9820837975
833724	40.7594657984	-73.9824671163
739939	40.7293477445	-73.9857802413
755856	40.7177328333	-73.95628545
1564294	40.7187455166	-73.9534914494
713995	40.7131656401	-74.0353098807
999488	40.7293435022	-73.9999367744
196885	40.6800574365	-73.9680622168
99548	40.6800481435	-73.9749263227
132228	40.7047414122	-73.9870405197
966059	40.7297983139	-73.9886092704
309095	40.6759659791	-73.9745119323
773547	40.72899073	-73.9877727
321648	40.6185001667	-74.0299714333
966888	40.7326959722	-74.0014118494
667896	40.7435740667	-73.9793757167
884009	40.7176603667	-73.9973865833
1301712	40.702142	-73.989756
1123029	40.6812469667	-73.9754209667
739978	40.74756813	-73.98482334
872957	40.6788650333	-73.9688437667
648825	40.6844974301	-73.9777940249
579463	40.7262713743	-73.9994552706
792420	40.7587378973	-73.9755674889
90458	40.7064304	-73.9229449
65928	40.7268376172	-73.9916688563
211801	40.57556694	-73.98271012
5347923	40.576634953	-73.966394635
1116984	40.7646445	-73.98213666
1013374	40.76566225	-73.98761451
1339287	40.7581830025	-73.9806622267
662803	40.7619509905	-73.9746165276
1290751	40.7319403	-74.003589117
817785	40.7368861875	-74.0036362617
1000581	40.7290728586	-74.0024354848
469213	40.72249005	-73.9877646167
145983	40.77930831	-73.95110243
210917	40.70749717	-74.00604182
136198	40.7067299793	-74.0069049597
1419334	40.746364989	-74.007025629
1019182	40.7574244708	-73.9692306519
971699	40.7469949177	-73.9916949999
607758	40.7708969116	-73.8667373657
714137	40.6957251	-74.1729107333
725454	40.70563429	-73.86453849
403568	40.7338104166	-73.9547882132
760228	40.72513246	-73.99095696
659961	40.7244429	-73.9906889
746239	40.7432869	-74.0001926667
666959	40.72871023	-74.00570911
257760	40.7537819833	-73.9756719
908574	40.753684942	-73.9780044483
686808	40.7531492	-73.9800057
904594	40.76047402	-73.97546303
1372104	40.7662181	-73.9993134833
176291	40.7563923486	-73.9856672287
583515	40.6614224833	-73.9204412333
257240	40.66657394	-73.91980302
860933	40.6688392167	-73.9216412333
431538	40.74460047	-73.92496925
426157	40.7439877385	-73.9260099217
420445	40.7435798667	-73.9266728667
5094526	40.764819407	-73.991729791
799205	40.67094177	-73.98758182
928014	40.7479831567	-73.9882757334
3837231	40.748113815	-73.98510254
2731560	40.721635258	-73.987544296
2557659	40.792359293	-73.967742895
437739	40.7166999536	-73.9889342528
121691	40.74630981	-73.99259942
1851641	40.800811016	-73.965489213
431718	40.8036477167	-73.9674398333
627960	40.7956825433	-73.9326414565
1471429	40.751062543	-73.988234529
976160	40.7526148405	-73.9804958899
1254935	40.725107999	-73.997179063
1193058	40.7809130363	-73.952479973
301860	40.7822051021	-73.948401182
1007342	40.7573364335	-73.9897918835
1151023	40.7832294335	-73.9479335551
1181273	40.7827299675	-73.9480488627
1214328	40.774604765	-73.951186994
1349274	40.699752041	-73.950872593
496475	40.9158470333	-74.0731081333
1327806	40.73231595	-73.985491333
247550	40.7387668	-73.9918755
284521	40.68255358	-73.98493784
1162427	40.7922158	-73.7791032167
351103	40.7561484167	-73.9828751833
905824	40.747118531	-73.9871370763
2221141	40.734707312	-73.995986062
2260352	40.72813129	-73.99087417
94358	40.5869791444	-73.9527433227
92204	40.5873714	-73.9539925167
329201	40.6605375333	-73.7393501
323038	40.6659004333	-73.7353803
239466	40.66155038	-73.71846265
298086	40.7526097623	-73.9805018467
161965	40.6797730637	-73.7538646586
253740	40.7798996283	-73.7757468224
318824	40.77760505	-73.77566236
147735	40.7788972	-73.77828215
309792	40.7642941833	-73.77149355
309617	40.76627135	-73.77166557
4605279	40.742398982	-74.029347992
861145	40.7158374366	-74.0042200504
2723888	40.717050029	-73.99841879
146718	40.7171679657	-73.9973831177
3454354	40.723691895	-74.0045132767
3191420	40.723233828	-74.000773515
3173670	40.715608866	-74.00327807
56289	40.7192754	-74.0045789
347451	40.7225604431	-73.9831498633
1524379	40.72241875	-73.988489688
172147	40.7185492574	-74.0050644432
1242260	40.75637257	-73.98011612
1507035	40.721185819	-74.004919604
1485547	40.745174767	-74.00992775
1354366	40.74405896	-74.0070486
56292	40.7191397	-74.0048044167
1446055	40.726516308	-73.986066976
187679	40.7387003372	-74.0055997108
1035546	40.7184919586	-74.0053640034
1306867	40.85094665	-73.96963195
1306630	40.853425762	-73.969200561
616767	40.7353641582	-74.0057934155
231592	40.7265597695	-73.986819969
1256300	40.72074246	-73.99719738
1241418	40.7269178	-74.00345748
755109	40.7292507272	-74.0054726601
289642	40.72229558	-74.00314211
1204629	40.739209533	-74.008183417
1176399	40.7089806764	-74.0119174488
5813543	40.8005189896	-73.9424943924
767048	40.712503	-73.9579258
447671	40.805867409	-73.9544785023
1829925	40.809535	-73.949148
1546151	40.741891	-73.987577
948759	40.806558225	-73.9403537875
715787	40.7942727553	-73.9731369648
1403353	40.795295496	-73.973443792
999972	40.8076308167	-73.96213785
923905	40.8060818911	-73.9585071802
2647230	40.805363059	-73.9422208071
637396	40.7393053939	-74.0012398199
3856568	40.7196074724	-73.9848464727
829939	40.7371366763	-73.9904844761
847018	40.7849497	-73.9747837
1199076	40.78126105	-73.9877612167
880944	40.804543125	-73.9477584
581313	40.73937372	-73.99038062
459081	40.8144417303	-73.9442464467
833973	40.8144720667	-73.9446313667
1223951	40.7414904	-73.9962219
1128048	40.7938081026	-73.9350056648
422484	40.8070571187	-73.9603471756
1272067	40.6902129	-73.972036683
858116	40.7282289333	-73.9857344167
400091	40.697495	-73.9348057
398565	40.7300602842	-74.0006807769
341682	40.76203411	-73.8457781
335351	40.7375877167	-74.0004721167
1273992	40.61498265	-74.067089933
331744	40.73746156	-73.98850893
174459	40.7401122276	-74.1681810705
667932	40.76366823	-73.86361777
657694	40.75852048	-73.98531132
638626	40.7680965833	-73.87977025
683713	40.7746532012	-73.9495529778
484759	40.67412315	-74.2298771667
747599	40.6622335333	-74.21231485
1386885	40.661939483	-74.2111099
1259375	40.7479397219	-73.8822734356
178501	40.7453549542	-73.9828133583
974294	40.7139067	-74.0097284833
546173	40.7138258167	-74.0067192167
483083	40.7295095333	-74.0004068167
689203	40.8634718848	-74.0363306446
1501535	40.776761	-73.980694
1368106	40.647694303	-73.97470277
771296	40.6521529295	-73.9641907553
1062976	40.7831167078	-73.9748418331
802036	40.7472857227	-74.0049089641
1313865	40.746753217	-74.004577117
480876	40.7512237833	-74.00452825
1269416	40.75047737	-74.00411188
1033566	40.7494423167	-74.0039842833
854197	40.7251653	-73.99900603
716996	40.72541099	-74.00010174
771840	40.72541099	-74.00010174
297037	40.7254180914	-74.0000762827
231654	40.7251876667	-74.0000938167
555210	40.7247570978	-73.9993760619
99069	40.7292130531	-73.9872972988
946200	40.758701	-73.977016
900323	40.76323544	-73.97991985
874063	40.77947405	-73.9889817333
239759	40.7563720311	-73.9854633808
670404	40.7786161001	-73.9891855243
213580	40.7556284054	-73.9702391624
1122408	40.7714675	-74.01599788
1104139	40.7608985	-73.9854805
529326	40.7548608	-73.9879060667
1027292	40.7579735531	-73.9741677438
225657	40.7517679196	-73.9806032181
229224	40.7521966597	-73.981195839
225307	40.7526782017	-73.974519968
421857	40.78664416	-74.05201363
439255	40.7464773	-74.17297101
1050362	40.70746582	-74.00169193
405217	40.7565187198	-73.9849384565
1150355	40.7619979839	-73.9778464389
5328984	40.747979867	-74.006910317
962042	40.7468238167	-73.9153481167
1485678	40.745416283	-74.163282883
4645042	40.742368436	-73.983841116
3656717	40.74076622	-73.99144154
2828159	40.767420765	-73.980563785
1102038	40.70831346	-74.00464785
683545	40.7287128796	-74.0032286346
487195	40.7812704833	-73.9522403
736469	40.7081032062	-74.0004347067
993317	40.72483152	-74.00599282
963805	40.7458792944	-73.9810192043
5210708	40.782674765	-73.92711923
1290849	40.756932719	-73.982205902
1527670	40.742344548	-73.983771302
3930721	40.749081325	-73.890809685
482254	40.68586235	-73.9940217167
1418304	40.748693347	-74.0095603466
569276	40.9183182167	-74.0714765667
281514	40.7232455667	-73.9830020333
2718138	40.67739021	-74.012712685
1531215	40.73864299	-74.00347054
1531082	40.74093812	-74.00551986
276535	40.7259007	-74.00063264
443744	40.72461247	-74.00125265
356501	40.73195344	-74.00085055
725311	40.7618991615	-73.9845145787
234908	40.7124072792	-73.9624782085
740478	40.71449208	-73.95357871
735782	40.71513503	-73.95875686
1025709	40.570574187	-74.1096842971
5094416	40.57088196	-74.11049228
1046921	40.5880746167	-74.0905191333
2939366	40.543847808	-74.140540336
73813	40.5786202167	-74.1648023833
523242	40.5814402473	-74.1674029827
1957503	40.61412844	-74.15780195
1062789	40.58078324	-74.16619288
766274	40.5493924497	-74.1497578203
511111	40.6035083	-74.1619152167
555028	40.56574499	-74.1735444
447794	40.59826219	-74.0870617
951917	40.5708813067	-74.1105648633
420550	40.5718155167	-74.1122884833
811438	40.7384048447	-73.9836716652
467206	40.7419789167	-74.0294615833
181251	40.8125189	-73.9854735333
220558	40.740161	-74.032466
811679	40.7537044833	-73.9846078167
414619	40.7249370867	-73.9946861052
1587551	40.7597536	-73.9811179667
1552878	40.7307141698	-73.9983272552
5139406	40.755876617	-73.990219313
5106849	40.709849423	-73.962360032
957290	40.70170682	-73.94339275
1441031	40.682316148	-73.993556783
1187839	40.73053014	-74.16866803
46963	40.7444739894	-73.9945375738
425481	40.7443445676	-73.9953604424
782407	40.7486056776	-73.9873685783
535493	40.7049179208	-74.0095845471
1116584	40.6685100333	-73.9934742167
1456537	40.570350767	-73.98346315
766142	40.6776723019	-73.9693981051
1333902	40.732770967	-74.0031009
506471	40.6604041379	-73.6447477341
2485786	40.6561011532	-73.647928834
981709	40.6561450833	-73.6437059667
1323539	40.660048717	-73.644991333
2005242	40.7320251432	-74.0001618862
1997651	40.722075221	-73.998973279
1481390	40.7134207	-74.01561445
1442959	40.71408659	-74.01426494
1522830	40.655768262	-73.612581581
3361070	40.705070443	-74.011467788
951847	40.709752956	-73.9926085979
3857363	40.74556716	-73.993455
1023993	40.7093985	-74.01057076
1045197	40.7402289167	-74.0023156167
2579365	40.753201	-73.978314
298045	40.694143872	-74.1766142882
688573	40.6964530435	-74.1760611534
736831	40.8315120333	-74.0893479
1088377	40.7211095095	-73.9809787273
1095712	40.8263969421	-74.1068011522
93196	40.6810818333	-73.9771523333
154510	40.6810185781	-73.9915659526
478564	40.6823115104	-73.9959565545
741411	40.6774317	-73.98117506
1306514	40.719721287	-73.958071851
410502	40.6701733891	-73.9790524575
811836	40.6866583667	-73.9748066
1587817	40.692982	-73.988087
1035904	40.6454330434	-73.7853088653
1599298	40.673334417	-74.223504667
510578	40.70534622	-74.18629276
3989866	40.76154565	-73.9710164
2036438	40.7507075	-73.97994393
563802	40.75189232	-73.98389673
1558863	40.75096082	-73.98053556
1480839	40.753142413	-73.98022236
893710	40.60614019	-73.81880116
4167508	40.7523287199	-73.9736616611
177289	40.6865702833	-73.9904791833
1185996	40.7770842047	-73.9790125911
4005115	40.7720821167	-73.9697903333
1006002	40.783572793	-73.9847552776
1000225	40.7806216569	-73.9857825637
4074049	40.74726901	-73.985445653
803697	40.7635518591	-73.9894617427
682328	40.8308427739	-73.9413785934
409643	40.7171332	-73.9582459
1577019	40.715718591	-73.958479145
1599526	40.728131377	-74.005335156
61909	40.7146759024	-73.9426650959
2727144	40.70181077	-74.01136392
120962	40.7145733585	-73.9910136841
1007809	40.7179905549	-73.9904581109
197187	40.7133807	-73.9573957
2588174	40.718154257	-73.952244655
592174	40.73165506	-73.98792368
453822	40.7143479333	-73.9609909667
880617	40.73109395	-74.0029942333
543434	40.7144233333	-73.9602009333
162066	40.7207624	-73.9911898667
1127778	40.72163565	-73.9917055167
1598233	40.7188512275	-74.0046787262
752850	40.8286227167	-73.9425128833
4589467	40.83519589	-73.94176608
5535877	40.740595904	-73.99497902
1342553	40.794610928	-73.970706468
222886	40.7427095387	-73.9902421637
1511252	40.74099126	-73.994749215
782564	40.9711903987	-73.8899767399
389796	40.72636245	-73.9902741833
1393481	40.72892025	-74.005449983
587380	40.7330638	-74.0051175667
1553466	40.73121958	-73.99794316
5821475	40.830071648	-74.083996408
1681050	40.7506642	-73.991332583
1306461	40.759826041	-74.044192557
482469	40.7283597062	-73.9862236358
5031953	40.7323320495	-73.9820408821
1078872	40.73437315	-73.9801176
617669	40.7315077584	-73.9829758054
466983	40.736185534	-73.9890789986
1370640	40.7321763039	-73.9815956354
273926	40.72602146	-73.99888354
4017910	40.739202	-73.983262
1933109	40.7223325968	-73.9878934622
1511443	40.7272628327	-73.9804583788
3681601	40.733715	-73.978448
3561198	40.7369253125	-73.9847123623
596389	40.7280199559	-73.9884996239
1441719	40.727527484	-73.985332388
3413246	40.727815032	-73.9848679304
3205194	40.7264363766	-73.9864987135
3184264	40.7143991997	-73.9987725019
748196	40.7350392676	-73.9832532406
1553329	40.73086	-73.981232
2438376	40.760679	-73.986995
2259026	40.7351530822	-73.9859783649
2234007	40.8008565888	-73.9615380764
1989139	40.731682689	-73.997669704
526107	40.7293999187	-74.000966946
1851921	40.730137825	-73.9836663008
418825	40.6438994667	-73.7896155333
1351819	40.7816215	-73.9788249
831833	40.7442459807	-73.9952544024
1382767	40.7297629358	-73.9791333675
1543658	40.746867	-73.981605
473368	40.7259578636	-73.9946365356
1538118	40.728892	-74.001437
1534431	40.735197	-73.980131
988365	40.7352946781	-73.9827515912
1307858	40.736229	-73.993856
1434335	40.7348197676	-73.9858067036
1433727	40.737422	-73.996342
486528	40.7302439892	-73.9833805367
732099	40.73267364	-74.00319576
1259593	40.745126009	-73.9944541454
1387162	40.737422	-73.996342
1351171	40.728442	-73.987016
1322549	40.7609671354	-73.9818906784
1308013	40.738107	-73.996187
801216	40.728322	-73.991393
417829	40.7596031667	-73.9908763167
128081	40.6945472895	-73.9935744456
1293297	40.746430382	-73.98503957
376477	40.91448725	-74.0799302667
2903611	40.91459992	-74.08242355
1457072	40.923618577	-74.08220726
3312854	40.91883463	-74.08471807
5107209	40.83322524	-74.18158959
4601815	40.88790061	-74.06652712
746114	40.9171464	-74.0923560167
1319359	40.91937589	-74.06704086
201776	40.7601502846	-73.9822387196
939301	40.9043579009	-74.0640715935
669995	40.67768537	-74.19416207
326825	40.6786880557	-74.1951237011
184304	40.73894709	-73.99928396
333066	40.75578773	-73.98319518
213433	40.7477341975	-73.8916087349
213286	40.74770555	-73.89159915
479507	40.7209978648	-73.989105849
2326822	40.720635833	-73.989633605
525074	40.7495083898	-73.8890029086
1060404	40.75049085	-73.9481174333
285779	40.7636775333	-73.9823881833
299178	40.747447699	-73.9879793576
644861	40.7453242	-73.9942869833
30965	40.74557765	-73.9933709333
299111	40.7479777804	-73.9926090705
546754	40.7478107333	-73.9902518667
1136597	40.74704	-74.004143
3480699	40.744866721	-73.984145735
487075	40.6934584465	-74.1771292063
204738	40.7377091333	-74.0321742833
938864	40.725208	-74.005525
205206	40.73691215	-74.0303872167
918789	40.7379055023	-74.032831192
1064042	40.7372667459	-74.0319085121
196677	40.7373895511	-74.031725614
1261389	40.734451	-74.002509
927816	40.750261	-73.974803
1145099	40.718667	-73.987441
304668	40.7372401333	-74.03085155
930998	40.732138	-74.038037
1354472	40.7474316667	-73.993272
650748	40.7541604	-73.95156818
657809	40.7504454833	-73.98850765
831099	40.7962562307	-73.6729125032
1246075	40.76352769	-73.97896671
1430165	40.77527928	-73.9805898
649256	40.706350115	-74.0090233222
3167354	40.754575891	-73.687361006
1099406	40.7509730287	-73.9910996162
963285	40.75061976	-73.9930312
333128	40.6574346	-73.5842231667
1475064	40.751150833	-73.673597433
993689	40.8553137276	-73.9372694492
993747	40.8550057667	-73.9369853
993683	40.8552731531	-73.9376986027
993696	40.8551676592	-73.9374625683
993722	40.8551108547	-73.9373123646
754260	40.8550389265	-73.9373627121
993735	40.8549972456	-73.9371299744
993814	40.8510654391	-73.938395977
817530	40.854751075	-73.937886303
1013690	40.8532768461	-73.9375814242
1236016	40.85282555	-73.937720283
1025142	40.72821617	-73.99072313
267368	40.7037084726	-74.0432167053
1838732	40.8851963282	-73.9151197672
1502040	40.715524803	-73.9897356
301553	40.7823587333	-73.95086405
427538	40.7779995033	-73.9518816543
2767335	40.75438034	-73.98014324
2767272	40.75438034	-73.98014324
1402923	40.812143176	-74.201837677
267267	40.7082630467	-74.0545141697
965448	40.8129520167	-74.2072345333
800302	40.8184113129	-74.2233860943
721303	40.69128406	-74.16905897
143013	40.7845392944	-73.977316566
1909315	40.76179212	-73.98035639
965794	40.5976414	-73.97333073
795482	40.711828	-73.945416
1233228	40.7211256027	-73.95380795
202760	40.7458294702	-73.9013525546
714364	40.7388234976	-73.9905488491
419163	40.7135360004	-73.9440983534
202632	40.7114609667	-73.9471147167
358846	40.71150165	-73.9468636
456027	40.71272575	-73.94994288
105129	40.7373505061	-74.0297957698
617209	40.7135980088	-73.9587914944
1007676	40.7629352333	-73.9894975167
998962	40.7510083833	-74.0083341667
350263	40.7410831615	-73.9926167981
1436365	40.734362807	-73.992807715
1286217	40.748975867	-74.0090803
220626	40.7420612148	-73.9971654208
4530158	40.760787	-73.983665
1446308	40.75829881	-73.98421227
1592292	40.649090838	-73.794832679
787072	40.7301272667	-73.98931615
3725315	40.7370054125	-73.9890210875
1090685	40.6856148743	-74.0022835054
1039865	40.6849419693	-74.0029513836
936386	40.68962919	-73.99222189
410815	40.6714286326	-73.990844048
428470	40.7257658833	-73.9902636333
244810	40.7180331117	-73.9453737269
2516399	40.645781636	-73.773694859
1086248	40.63782429	-74.106184
462903	40.7386618853	-73.9911711216
1684336	40.74998915	-73.99267327
803063	40.75958532	-73.99168127
1493476	40.834196	-73.8376
1046300	40.72888618	-73.98447531
955910	40.7167194665	-74.0081584376
992286	40.7818517	-73.98107528
350906	40.7707349722	-73.9549398422
775589	40.7570330656	-73.9776475895
53720	40.6317291833	-73.9187008167
550211	40.6632811176	-73.9914286137
521775	40.74957281	-73.97186201
126574	40.6263744384	-73.9193456044
400441	40.74994993	-73.88493871
98138	40.6778112667	-73.99799425
244713	40.5877980333	-73.9348833667
362868	40.70706629	-74.0122807
413300	40.7209051583	-73.7317944016
833801	40.7108333333	-73.7683333333
649132	40.76089441	-73.98354727
2409269	40.5834039729	-74.1625964642
523579	40.584389888	-74.156588316
510125	40.5811588253	-74.1670840943
619080	40.5815559538	-74.1674137115
510044	40.5807829	-74.1663736667
695563	40.5815431667	-74.1652721
355991	40.5822688167	-74.1647050667
355970	40.5822803167	-74.1646782833
356027	40.5822921833	-74.1646735667
520388	40.5819047021	-74.1633796692
1965879	40.5838195257	-74.1618132591
2009405	40.5835424908	-74.1621673107
3415700	40.597327	-74.125142
1127387	40.5837929	-74.0954067
969251	40.8112757466	-73.9580512047
680673	40.8033772333	-73.9635985167
921640	40.7527940054	-73.9895473161
1572740	40.75155973	-73.99372816
584520	40.7532666788	-73.9938573174
1488400	40.7519864333	-73.9930029667
3413324	40.7480725167	-73.6659152667
903754	40.9054103838	-74.1053551209
855822	40.7050170898	-74.017578125
4819234	40.61875545	-74.12844574
4712926	40.734032918	-74.002760668
3641464	40.791194285	-73.979526634
3610718	40.79347718	-73.978557491
4039477	40.742165109	-74.005899336
3584356	40.775115131	-73.97554252
3412002	40.840801431	-73.980814892
3399195	40.730676262	-73.997697935
1299029	40.8813714981	-74.09032166
3024268	40.88155833	-74.090595602
3010922	40.88145965	-74.09031641
3196213	40.846637629	-73.965293175
3197158	40.869189643	-73.992516584
792518	40.8671875	-74.0622406006
971745	40.85443655	-74.0418231167
279269	40.8340573848	-73.944876194
1120377	40.7869577408	-73.9710170031
2305142	40.814861383	-73.836921317
1266112	40.75123125	-73.840173317
1530889	40.7191163182	-73.9972327929
983646	40.7632918213	-73.9856243134
4233267	40.758174117	-73.986878583
3371253	40.674210068	-73.985002041
784150	40.75793057	-73.9891538
991605	40.7550155227	-73.9682240984
4740926	40.72239196	-73.99686628
884566	40.7215425112	-74.0460325098
1934885	40.7225347389	-74.0483880043
2472672	40.738605759	-73.993500956
1045988	40.90542412	-74.03101326
1424578	40.690967817	-74.018967283
1411890	40.73006561	-74.16003349
749020	40.73266237	-74.00327867
1222613	40.71523416	-74.00208848
644369	40.7934736702	-74.0596103668
644410	40.7892968667	-74.0566774167
89240	40.6937374333	-73.8522929833
780788	40.6926381	-73.8596305333
1050283	40.7172525	-73.856729
970594	40.7140771167	-73.9005579
728676	40.7116666667	-73.9022222222
534114	40.7128001741	-73.9005904632
930044	40.71097224	-73.89892393
856066	40.71095591	-73.89878052
856058	40.71095591	-73.89878052
856083	40.7091746	-73.8902469333
856081	40.7083038167	-73.8911198167
793768	40.70648445	-73.895565
880306	40.69942927	-73.91534835
461539	40.6995928217	-73.9111447334
880298	40.7029885667	-73.9075677833
942649	40.7207276934	-73.8464165632
326194	40.72067385	-73.8461954333
355064	40.7205197667	-73.8462117833
410477	40.7206192	-73.84637802
754360	40.720377703	-73.8452819784
900156	40.7207817048	-73.8464840909
866562	40.721327	-73.845779
711976	40.7207940831	-73.8425235016
827468	40.7219772339	-73.8454818726
839227	40.7204742686	-73.8446121216
710161	40.7207880582	-73.8443740543
361504	40.7207864	-73.8455143667
595279	40.719946	-73.845191
730813	40.72099059	-73.84451162
636577	40.72104454	-73.84453111
667935	40.7629911525	-73.976225853
853722	40.7634531167	-73.9779109333
880292	40.69723898	-73.9355998
812340	40.701996	-73.937058
166265	40.69816863	-73.93074679
508208	40.6976162428	-73.9360463619
356549	40.6991281405	-73.9353759145
356556	40.6991281405	-73.9353759145
810679	40.700182	-73.941111
178656	40.7003707886	-73.9413070679
569230	40.7024640437	-73.9422369003
833826	40.7029616833	-73.9445382357
749114	40.7077386746	-73.9556260601
879097	40.70909041	-73.95584207
686846	40.7093879736	-74.0048342242
448778	40.7091594764	-73.8694574896
856191	40.7131954333	-73.8740672167
856181	40.7127736333	-73.87820655
852180	40.7131080256	-73.8783252239
856121	40.7123000833	-73.88915135
856115	40.7123101	-73.8891434833
773310	40.7120904	-73.8892973833
758208	40.7083461594	-73.8936268587
162994	40.6960802164	-73.9204223386
388213	40.70222681	-73.91796141
572342	40.7017320158	-73.9416897297
646020	40.7003524833	-73.94212445
695203	40.7112649738	-73.8583077356
154586	40.7004615333	-73.8688319167
507445	40.7096956576	-73.8596363088
390597	40.5940176667	-73.9733944667
722641	40.6402463725	-73.9668025346
175628	40.63818609	-73.96941721
376136	40.6424001237	-73.973988537
681005	40.6357761667	-73.9745223167
376936	40.6358857729	-73.9745011926
796613	40.6770905202	-73.8999438286
796607	40.68125462	-73.87565773
796601	40.6851084167	-73.8725930833
796585	40.6897726167	-73.8734234333
780333	40.6925659389	-73.8581076817
440038	40.68591195	-73.91355997
633033	40.7005824446	-73.8996963768
229627	40.68966001	-73.90957546
689893	40.6983320477	-73.9046430588
593819	40.696119535	-73.905018568
641442	40.7063590606	-74.0113510883
219055	40.7072274	-74.01225298
584139	40.7072530771	-74.0122719504
661000	40.7074849	-74.01231396
287350	40.7221232667	-73.9804425833
215656	40.7208320629	-73.9814717597
39155	40.7117835333	-73.9681569667
500240	40.7097772103	-73.9625747203
104928	40.7128810174	-73.9578443492
400160	40.7118294724	-73.9555276968
787353	40.7125069353	-73.9578133783
400129	40.7122041118	-73.9571043189
305672	40.7118152997	-73.957366412
554520	40.7114682593	-73.9575009275
789588	40.6826883319	-73.9101147652
527957	40.6801315167	-73.9025236167
205893	40.7148192238	-73.9671146932
521575	40.71374946	-73.96543657
782569	40.69796639	-73.93637472
199382	40.6942368784	-73.9303668624
163072	40.6784609333	-73.8971580333
163080	40.67803355	-73.8977911333
410955	40.73077265	-74.0002306333
851629	40.693298766	-73.9775988159
1247336	40.730523267	-74.0018695
1205676	40.764382233	-73.9816508
1202923	40.7440483	-73.84422795
310571	40.6831587321	-73.807018602
588758	40.6350368667	-74.0113521333
12014	40.699625	-74.0381312333
12026	40.69934605	-74.0377020833
524514	40.7697559667	-73.9161420833
1358655	40.767711487	-73.905565405
1000217	40.760420561	-73.9866625529
1105348	40.7607650757	-73.9836730957
397833	40.75900727	-73.98522579
3229210	40.726017942	-73.789478379
3340440	40.707985398	-73.830851033
3275241	40.705886643	-73.829186139
3458211	40.7040721	-73.818665946
559643	40.74122554	-73.61408889
3556532	40.735618283	-73.612706917
563998	40.7388356913	-73.6134248972
431998	40.7586191118	-73.7601041794
3371080	40.761750004	-73.758916352
1069928	40.7060813667	-73.83118835
3821932	40.560866157	-73.908898062
3928146	40.703535239	-73.825180522
410646	40.7089256667	-73.8306002667
3306579	40.739096629	-73.755167531
3726275	40.73729934	-73.755913939
3335740	40.694679641	-73.787695598
3250204	40.694567206	-73.787104569
3831793	40.729978227	-73.744904325
3825865	40.562106231	-73.879524706
3294866	40.565142749	-73.881397513
3284410	40.702097794	-73.77796936
3296736	40.582595918	-73.836759193
3290536	40.595921481	-73.908412872
1155710	40.7418890102	-73.992702785
297689	40.71583375	-73.9872206167
1054699	40.71790045	-73.99055865
246747	40.7161558333	-73.9885131167
1522245	40.754408262	-73.986728859
1536079	40.727608381	-73.9887034893
899885	40.7197285333	-74.0066760667
207201	40.7189783735	-73.9860403854
273278	40.72026723	-73.99705451
1056414	40.7181112481	-73.9898085594
351670	40.7523084011	-73.9838004112
1438698	40.5879625	-73.81768131
1172329	40.7547720409	-73.9868763595
274292	40.7246626	-73.99763965
1256009	40.71621198	-73.987101499
600098	40.7488719607	-73.9879143947
1231522	40.71953105	-73.98673814
1167615	40.7460096	-73.9941778333
1161542	40.7130693758	-73.9777433512
689076	40.7160435185	-73.9865733822
1087007	40.75012642	-74.00248706
689416	40.7292539536	-73.9919906523
2037618	40.7033640146	-74.0139698982
1195209	40.706795567	-73.6679084
5857848	40.706959113	-73.665999812
1145853	40.6915501333	-73.97194775
598516	40.6892678927	-73.9719975163
393120	40.6873238117	-73.9779871639
1054148	40.6871515459	-73.9755921284
1056199	40.6869766667	-73.9756911833
5348067	40.689325456	-73.973039626
474040	40.6876816207	-73.9759453155
443721	40.68902999	-73.97338134
654296	40.6898228833	-73.9732964667
664190	40.6884709167	-73.9769905
472903	40.6896693	-73.9760418667
721149	40.6897530836	-73.9763578332
267279	40.6903707	-73.9771697833
5662957	40.7523787022	-73.9470112324
5718826	40.755862878	-73.952471467
711668	40.73746405	-73.9807958167
5696185	40.76121556	-73.98933792
654583	40.76159846	-73.98416006
1349649	40.76162749	-73.98424172
872445	40.758164013	-73.9824485779
1278419	40.7589513	-73.98172968
1255892	40.757951767	-73.9822124
1289882	40.7578226869	-73.9817297459
366399	40.7581721398	-73.9804315567
1587479	40.7584742	-73.9807235
725838	40.6652345386	-73.8067532269
1158059	40.6642342	-73.8411562
1485052	40.664603933	-73.841630467
4265512	40.663998	-73.844295
1219928	40.67212957	-73.84323298
576346	40.6665346333	-73.8542757333
284484	40.6705959167	-73.8560115667
560224	40.68006592	-73.85453832
3040395	40.667895	-73.866112
635271	40.66971375	-73.85743265
1681764	40.676236017	-73.856288733
1328490	40.6747287512	-73.8652896881
754969	40.8115398167	-73.9244216
3132230	40.805276	-73.910832
833602	40.80585415	-73.9145183333
2955812	40.806203	-73.909762
1582923	40.70575529	-73.79539668
1716847	40.707389	-73.795965
587890	40.7026996833	-73.7907759167
587762	40.7027247333	-73.7908128167
587765	40.7027138667	-73.7908090333
669029	40.6964084333	-73.7438396667
326407	40.6957560333	-73.7421829833
4068469	40.69607816	-73.743464655
4068419	40.696001938	-73.743451844
961783	40.6959596667	-73.7479066833
652290	40.69398355	-73.74337852
88340	40.690558144	-73.7424851836
530644	40.69646155	-73.7436386167
1343472	40.696158083	-73.74246625
331516	40.6886585	-73.73249315
321686	40.6975784667	-73.7368101333
548856	40.6930289667	-73.7344732333
326385	40.6959284667	-73.7422880167
123265	40.6817106333	-73.7656082667
543760	40.6864412167	-73.7612116
643014	40.67438989	-73.73023939
306697	40.6743072014	-73.7298538303
1430862	40.674281589	-73.727901401
84718	40.6616114601	-73.7178289577
104730	40.6629222333	-73.7171527333
851713	40.641754	-73.697695
246112	40.6367447191	-73.7051618099
710367	40.6396449	-73.6984855
971467	40.63868555	-73.7012827833
905826	40.64212995	-73.70312374
1176569	40.66361479	-73.707178831
116121	40.6613955833	-73.7099191
587753	40.6618664833	-73.7097347
123249	40.6856699333	-73.7730957
1426942	40.70101806	-73.764720067
1121920	40.6950682	-73.7814398333
1253380	40.69788831	-73.76972723
1337571	40.6978293	-73.77153766
4992627	40.6885172	-73.719654733
4991232	40.75646145	-73.783413767
512371	40.75783199	-73.7873916
328073	40.7577098333	-73.7785414833
513019	40.758103	-73.7869171333
942066	40.7580016333	-73.7790505
487377	40.7587828167	-73.7850346
2189161	40.7582603	-73.78193843
1015281	40.75764655	-73.78394365
549022	40.6907356833	-73.72563815
4008309	40.82883	-73.850838
4895168	40.7444466	-73.9967
4891532	40.7440448	-73.988044
1356716	40.666324313	-73.88380716
136679	40.67683589	-73.88732963
438124	40.67683589	-73.88732963
789915	40.6696115833	-73.8812380333
3492621	40.67265355	-73.88519859
958571	40.6861836747	-73.8240420073
958598	40.6859751999	-73.8244342804
958612	40.68604955	-73.8247350833
390066	40.6977275667	-73.7855149333
93746	40.69755765	-73.7854113333
390059	40.6977426333	-73.78549235
2237704	40.7047468	-73.768245833
1295468	40.6915301085	-73.7650609016
1295589	40.7038092613	-73.7663644552
657255	40.6921964167	-73.7654821167
1668310	40.70391717	-73.768649362
1361100	40.703313792	-73.76913975
1717068	40.7030295711	-73.8018122157
2820616	40.705504055	-73.79826059
446310	40.7424205167	-73.5886887167
773776	40.741326	-73.589312
685658	40.7412202167	-73.58663075
4265740	40.768787233	-73.985398883
4164575	40.64694458	-73.74414068
3138071	40.659482163	-73.724480879
607948	40.66902717	-73.71572947
353429	40.6627081232	-73.7227301397
4056997	40.664963533	-73.72166805
487206	40.6627109852	-73.7221484752
84350	40.6626322794	-73.7209869565
136712	40.6624922	-73.720299
86442	40.6632352833	-73.7200361333
3312735	40.66314846	-73.719169854
239107	40.6618507833	-73.718769
84596	40.6614992167	-73.7182858833
1172215	40.6617981921	-73.7179155266
1172211	40.6617981921	-73.7179155266
131129	40.70797725	-73.7912474833
3203346	40.707048838	-73.780056293
3562636	40.69969505	-73.785566733
1226143	40.68164324	-73.83645421
88078	40.6771006167	-73.8295881833
702058	40.6760447	-73.8197954
643554	40.6703486833	-73.8210384667
1529569	40.7455555556	-73.6244444444
1205576	40.7444921167	-73.6148490333
1219183	40.74404645	-73.6154178
1269333	40.7445659667	-73.6149185
1324156	40.7446506	-73.6148408
3556736	40.74380565	-73.615492517
1205614	40.7445326667	-73.6144346167
795258	40.7431885167	-73.6158070167
1225025	40.7438061667	-73.6144021833
972943	40.75196164	-73.61831754
2319965	40.743185933	-73.614785587
186228	40.7434620167	-73.6181539667
3557892	40.744542467	-73.615628567
1105510	40.7444757395	-73.6168978327
892495	40.74851685	-73.61505525
828213	40.7497004167	-73.6170072
776491	40.74885775	-73.6166180167
3991159	40.74577784	-73.61822569
3992878	40.746349536	-73.619364401
590701	40.7473602021	-73.6178668503
3992860	40.746282089	-73.619276607
1204662	40.7463118	-73.6174534833
3990034	40.746060869	-73.619225752
3412438	40.74331539	-73.61710125
381283	40.7463531494	-73.6175231934
552933	40.7321269333	-73.61272805
2653638	40.723028	-73.602277
940933	40.7220160333	-73.60694985
315011	40.72741967	-73.60518449
341471	40.7161038375	-73.6031944294
1028731	40.71519505	-73.60074215
1028472	40.714469188	-73.601109596
1028983	40.7133586633	-73.6024536433
764026	40.7139039191	-73.6046101422
740099	40.7177450457	-73.6169791456
739358	40.7129126787	-73.6256718636
1224182	40.70809085	-73.6240158
974666	40.709861	-73.625138
525528	40.7103434	-73.6142118
328566	40.70713686	-73.61271375
123263	40.6816930833	-73.7655850667
123245	40.68561975	-73.7730085333
1381700	40.73760801	-73.60793304
1500890	40.675990393	-73.895634818
1314677	40.670812726	-73.8951158524
162448	40.68001276	-73.88540798
1326590	40.6658085	-73.88293
3355462	40.73523241	-73.68662738
448940	40.7432556833	-73.6930431833
1360769	40.735166667	-73.674473833
1238388	40.735309124	-73.6751908064
881238	40.73771911	-73.69745302
1140797	40.7310418167	-73.6801737
1080983	40.7328915333	-73.682992
1080984	40.7329279667	-73.6829854167
80842	40.7320773	-73.6876019
4069267	40.777898967	-73.982451567
573727	40.74394667	-73.98492765
1277352	40.861574183	-73.933600483
1276905	40.861388733	-73.9336464
573610	40.6446412588	-73.7935815572
273642	40.7841565385	-73.9741659164
1288912	40.8454884	-73.69854055
935779	40.7293820333	-73.9895765
192673	40.6792802333	-73.9835258667
785004	40.8187316117	-73.5995813492
1151244	40.74952	-73.983905
261555	40.741671703	-73.6407880592
47333	40.81277	-73.6053196
991147	40.83687883	-73.61592042
278349	40.8073346833	-73.6260951333
1008278	40.7573255	-73.9911885
431487	40.723412325	-73.9984733909
1401227	40.764396117	-73.980728167
5744322	40.882584	-74.007045
1310946	40.8831423	-74.0071407
529212	40.8857260667	-74.0130757833
1256114	40.883772846	-74.011355361
50195	40.8206634167	-73.9787454833
1291899	40.8887663746	-74.0215523623
1192048	40.72888737	-73.98792827
972389	40.7290721278	-73.988346597
1086480	40.7355762333	-73.98963305
1040532	40.72887921	-73.98793655
987926	40.7301287517	-73.9878228047
987806	40.7333822402	-73.9898300292
839075	40.7289989667	-73.9940285333
885975	40.7406157833	-73.87912605
269147	40.7544012016	-74.0324985981
833040	40.7165554333	-73.9589953
832833	40.71723014	-73.95616155
364525	40.7182902274	-73.9572314693
827053	40.7340421	-73.99084877
1598866	40.69421941	-73.99361485
3891215	40.66765797	-73.95917868
651271	40.6607660167	-73.9627487745
2541580	40.66669915	-73.9563131332
1303309	40.7240766	-73.899101083
1167429	40.655182937	-73.9612913132
3990700	40.646198072	-73.958288093
3905345	40.667732681	-73.958978962
710001	40.6632510106	-73.9609363971
2337148	40.66550767	-73.97103375
1426816	40.669139485	-73.928371202
3448498	40.664009323	-73.951092373
1240636	40.66071683	-73.96319556
2725488	40.6608232812	-73.9684152603
1309148	40.773523046	-74.041741547
1798819	40.721129381	-73.988567424
277775	40.74311715	-74.00213152
1259094	40.7476714959	-73.8847196102
1534718	40.688884695	-73.98361909
197385	40.9405703	-74.0375148167
650617	40.7556006996	-73.9719966258
658130	40.75620579	-73.97215491
535093	40.7559286539	-73.9709549962
579500	40.75597208	-73.97243916
512686	40.7159267629	-74.0071981047
871830	40.7430459121	-74.0061235736
1009662	40.7743587373	-73.9824539423
1293672	40.779506696	-73.987522755
912964	40.743327	-73.920114
221484	40.74353134	-73.9231067248
232373	40.7436599603	-73.9230650926
668365	40.7441228333	-73.9232231667
699455	40.74495613	-73.92547059
959906	40.743265	-73.925761
371769	40.7437057596	-73.9233398397
679664	40.7437030833	-73.9237418333
667529	40.743883705	-73.9236974716
667533	40.7434610197	-73.9240407944
1093895	40.7439072032	-73.9237193237
548869	40.7438744079	-73.924063556
166573	40.7439583167	-73.9242757
195842	40.7438774852	-73.925018272
722835	40.7585970833	-73.8291227667
722838	40.7585988833	-73.8291278167
762775	40.7587346	-73.8298787833
591323	40.75739127	-73.82855176
701461	40.7574488514	-73.8290423155
238039	40.7461460667	-73.89531605
192140	40.7464274	-73.8957298
3648952	40.828406	-73.916666
4586776	40.8107060194	-73.9272165298
3854168	40.811446517	-73.92766135
1174761	40.828011632	-73.9201945066
1360538	40.8186775446	-73.9269375801
1088775	40.75065809	-73.99330019
1237109	40.7938391805	-73.972671926
147633	40.7400265333	-73.6423332833
718429	40.7434250111	-73.6126860654
287537	40.703643405	-73.8152557611
926918	40.78740175	-73.72620785
1080006	40.72670841	-73.98585921
1070033	40.7199899595	-73.9862469199
565075	40.72100043	-73.98697388
1187647	40.7230394728	-73.9836677409
300202	40.7023257724	-73.9283752441
425062	40.73981386	-74.00242859
1061006	40.6990559789	-73.9147281647
641805	40.6380162	-73.7846740333
396480	40.7583788	-73.98666226
449046	40.7765865333	-73.98257535
3660869	40.707950757	-74.006059027
3012250	40.71450537	-73.9872232
4415218	40.719494645	-73.989532977
1556736	40.71695178	-73.98965567
832189	40.746415	-73.999046
374220	40.7442620669	-73.9898445416
788052	40.75484198	-73.98764431
1547700	40.7559438	-73.991002
340297	40.7169815514	-74.0041425374
1036251	40.71588379	-74.006629
1179208	40.6948668298	-73.9949905872
1053719	40.8951174833	-74.0115419333
1060962	40.9146870833	-74.05300535
724837	40.922776502	-74.0760171978
922547	40.9023425	-74.0045342667
975343	40.6924752363	-73.9908760786
4163009	40.875016	-74.011073
1035106	40.8911751667	-74.0287644333
1055172	40.9022086	-74.0044635333
1530564	40.864160684	-74.004622681
1519518	40.896161307	-73.975253538
2059861	40.917183201	-74.057218821
1558292	40.914746842	-74.052191503
1540869	40.900189162	-73.999996977
982158	40.8873152336	-74.0210831165
944474	40.7872524	-73.7260221167
1123493	40.8138198853	-74.2173843384
3315394	40.91923379	-74.125090865
2897593	40.889641913	-74.15409487
787700	40.907658635	-74.033624664
1583606	40.881816467	-74.152019833
289711	40.9161531284	-74.0766065979
977703	40.9161052141	-74.0765312009
1345827	40.88946356	-74.150735673
1273332	40.58955985	-74.06630033
434707	40.7460559323	-74.0429991701
1233093	40.87055615	-74.153755383
1123414	40.78931427	-73.9770050049
709826	40.8877445667	-74.1517618
1074591	40.891322014	-74.1562268865
997241	40.9062517	-74.1297383
948562	40.9103021	-74.13217771
518167	40.8936899291	-74.1584854959
893469	40.893408745	-74.1620849094
942129	40.8928274251	-74.1633774666
936348	40.8948411638	-74.1616745863
931591	40.8175218	-74.2117693
879765	40.733330064	-73.998819728
818833	40.7307338518	-73.9861649434
446028	40.91682624	-74.02349859
443065	40.8002304333	-74.1967992833
383608	40.89567165	-74.1604766667
1167516	40.62042689	-73.92663413
959040	40.72221702	-73.98654067
1039752	40.72650837	-73.9918068
1158120	40.7179399918	-73.8105123646
1100908	40.7198005333	-73.8102154
1557015	40.70577415	-74.001262917
1149281	40.7557158028	-73.7042291381
837424	40.76428478	-73.90971308
965352	40.69704526	-73.98287844
604010	40.69958275	-73.98377865
1049899	40.70094543	-73.9867103
1090817	40.7018654667	-73.9918319833
784505	40.70858883	-74.01229208
500229	40.708664319	-74.0103457541
375364	40.7101241781	-74.0091367611
577764	40.7095225074	-74.0125458546
918738	40.7094787291	-74.0119087137
284851	40.7107787167	-74.0105431667
534936	40.7099485456	-74.0123280709
303881	40.70829623	-74.01171857
333998	40.7086710833	-74.0098036167
723237	40.7086180027	-74.0111204807
740588	40.70868599	-74.01183104
1080445	40.70356208	-74.01321095
631618	40.7046186168	-74.0119672426
770989	40.70513935	-74.0117841833
648910	40.7044309251	-74.0121763275
940161	40.7042759657	-74.0114164352
851675	40.7047271729	-74.0114212036
1524599	40.721157651	-73.988759681
1086456	40.5898395788	-73.8126011693
826037	40.59035778	-73.81184178
3007053	40.758925694	-73.984999696
1347257	40.7326430082	-73.9879417419
4694324	40.645808949	-73.774403551
1285594	40.67386907	-73.97580087
57435	40.6076396	-73.9389364333
1279151	40.71660685	-73.95895749
3929807	40.6374337	-73.9993411303
5731490	40.7718725	-73.953548367
1268290	40.75150365	-73.970864283
61111	40.6376977667	-74.0001521333
64150	40.64222675	-74.0022260167
1557309	40.775012337	-73.950735704
5441958	40.63866451	-74.006514736
1256253	40.7687483175	-73.9551275969
5058316	40.770418317	-73.95472025
589023	40.6419706029	-74.0028617444
41605	40.6395535182	-73.9988100529
3735517	40.77120905	-73.953580532
4285165	40.772337717	-73.953033917
202769	40.7754068299	-73.9532983303
746552	40.75410026	-73.98442476
3667951	40.766411745	-73.960426237
2069019	40.707559826	-74.006947355
1105402	40.7437	-74.003416
1074111	40.7409147	-74.00574308
512870	40.70725396	-74.0067268201
3467705	40.740162555	-74.006464874
2160739	40.637098945	-73.640985458
856234	40.5861265	-73.6926019
1557587	40.722508173	-73.950165245
117088	40.7463276333	-73.9935851
1038886	40.6718014582	-74.0046572685
383499	40.7288632104	-74.0008000382
336489	40.7299128684	-73.9994335813
1116565	40.729108082	-74.0003625253
572485	40.7740117333	-73.9176619833
577585	40.7480831501	-73.9881849311
624606	40.7183945773	-73.9600145336
704961	40.6573096177	-73.6439362315
655762	40.71850579	-73.76065999
628644	40.7753205224	-73.9114982268
88523	40.7292304575	-73.9568271608
530567	40.7184966952	-73.9450804761
1215796	40.71008753	-74.01535809
1274197	40.711434	-74.00867038
1243993	40.710674681	-74.015809066
1491478	40.7409718	-74.00546634
1096138	40.7803778	-74.1877604667
972361	40.8343134	-74.1380456
1574491	40.7438653708	-74.1761040688
1290561	40.745693883	-74.180893017
293159	40.9317924	-74.0251137
153272	40.8867321803	-73.9619534085
1211312	40.87254971	-73.93491774
459277	40.7451863667	-73.9981887667
654889	40.9551265667	-74.0310987167
682089	40.9555402167	-74.0307091833
600409	40.8286784167	-74.0916465333
650634	40.91015265	-74.0325281333
569121	40.9093544	-74.0310928167
98134	40.6779186482	-73.9982492934
1054239	40.71333775	-73.9563779
5835199	40.575201517	-74.167472733
5834919	40.559949305	-74.168572223
4653579	40.90794003	-74.09810554
4594408	40.626560385	-74.163044835
4592935	40.64273124	-74.10147684
4542598	40.5910161	-74.16479375
74929	40.6241291667	-74.11711835
381761	40.5819637493	-74.1665124663
2817386	40.754734458	-73.987688493
1332468	40.60739588	-74.016705751
818701	40.6105548667	-74.151808
595541	40.6012948497	-74.1916501522
215382	40.5370727167	-74.1509378167
452919	40.71453088	-73.95899808
5288187	40.749535436	-73.977599162
587790	40.75080257	-73.97968709
953870	40.6162422667	-74.0221997833
1223877	40.61977815	-74.02335578
1100970	40.61978793	-74.02331417
1040726	40.6259372167	-74.0162909667
529091	40.6264126833	-74.0158753333
569434	40.6290969167	-74.0115539833
1185522	40.6908842694	-73.8138646588
187053	40.7022940333	-73.8080250667
1256320	40.7018214863	-73.8071393967
1256225	40.7006176913	-73.8088345528
1302641	40.700893908	-73.807797554
387060	40.68419725	-73.9969224167
550063	40.71909785	-73.9850020333
585199	40.8525651149	-74.1731689996
1370294	40.697222617	-74.223132983
1361204	40.7081166545	-74.0352880955
236218	40.6591806699	-74.1728722345
830066	40.6582049667	-74.21349515
913611	40.7847897	-73.9855602833
607557	40.7560693006	-73.9675104047
1064076	40.7571368981	-73.9679427803
1402299	40.7569045	-73.969515705
1224978	40.94017511	-73.75237983
390357	40.90833735	-73.7831956167
176295	40.91215592	-73.7841742
477324	40.91396725	-74.04561045
955512	40.9144041	-74.0481992
941843	40.91800125	-74.0595529333
1059374	40.9140004	-74.0591556333
1186524	40.915167033	-74.058988317
29552	40.91426035	-74.0581463833
1020519	40.9149508833	-74.05773295
1291368	40.914706142	-74.056367151
1355390	40.58816951	-73.9234417
456470	40.5834948333	-73.9204028333
1184274	40.6084191799	-73.8159638643
1138584	40.6000077667	-73.8208079333
756746	40.5946493333	-73.8100818167
1407236	40.5851777167	-73.8179462667
318443	40.5786660667	-73.8493714
1417647	40.5813720667	-73.8297547
819230	40.5811624333	-73.8380382167
1365702	40.58119745	-73.8377077
688974	40.6070558467	-74.0670085479
739987	40.6036876766	-74.0754058957
1156949	40.601246953	-74.0862876177
165409	40.60504735	-74.0829241833
571113	40.61485925	-74.10166705
667756	40.6148438833	-74.1018420167
361464	40.6147845667	-74.1019810667
396068	40.6128318333	-74.12424235
1055565	40.6128006667	-74.1275937167
692685	40.6127883	-74.1258964
1300247	40.608084231	-74.130676396
1096571	40.60994	-74.142992
265779	40.6031524167	-74.14055175
490336	40.6120466251	-74.1558158398
183610	40.6950237877	-74.2573521372
982579	40.6950338167	-74.25640355
287219	40.6964565333	-74.2568064833
552857	40.6996349167	-74.2379581833
637156	40.56807455	-74.1912713667
912458	40.5676833167	-74.1941422
411943	40.604797512	-74.1578757763
606098	40.6177420833	-74.1449377
568669	40.6074447512	-74.1629397869
885273	40.6094565828	-74.148273468
619071	40.6052129318	-74.155343771
54686	40.6074121704	-74.1594529152
606339	40.6120549833	-74.1563717333
606334	40.6120860333	-74.1563717833
490296	40.6121752	-74.1567433833
712349	40.61267525	-74.1582126667
98727	40.6021630833	-74.1149834667
52028	40.6131314	-74.121645
1126142	40.6131095013	-74.1208258109
389180	40.6045909167	-74.1173871
360440	40.6148142	-74.1018688333
1126153	40.6162694924	-74.1037031626
360803	40.6149667687	-74.102179397
571080	40.6147518833	-74.1019871167
121016	40.6146207167	-74.1016198
1108039	40.61566072	-74.10372114
507158	40.60591781	-74.10929077
507576	40.60591781	-74.10929077
1285736	40.614995883	-74.111017067
1327196	40.597037167	-73.985181283
265612	40.5997681967	-73.9907349434
813529	40.5992815111	-73.989478452
1323201	40.593327825	-74.00051081
1324165	40.593229433	-73.9973522
1208244	40.593839	-73.9965157
867173	40.5833272641	-73.9481647281
913511	40.58477801	-73.94831651
92219	40.58820265	-73.9491358167
987956	40.5840016	-73.94855123
1332401	40.584270227	-73.948846171
232353	40.5768423445	-73.9641004936
948138	40.588414	-73.949761
663741	40.5767416247	-73.9649350935
168956	40.57735544	-73.96140652
147453	40.59011625	-73.953155
1151310	40.5780696757	-73.9580223968
704583	40.583285876	-73.9512206044
183481	40.57950925	-73.96523195
854689	40.5916595459	-73.9598770142
760449	40.5857621248	-73.9520215544
992526	40.5790877691	-73.9597013611
92206	40.5874978167	-73.9536670667
1204811	40.58278675	-73.9534122667
534475	40.5916554167	-73.9080766333
1008636	40.7606281	-73.98474979
729508	40.7500529793	-73.9751958847
569974	40.7507600927	-73.976547718
682716	40.75232279	-73.97836083
612190	40.74223947	-74.15980249
459755	40.7320393706	-74.1523933411
423731	40.81621253	-74.1072998
588788	40.7856059333	-74.04628875
879620	40.755824	-73.8606588167
866690	40.7900798818	-74.0528807979
853356	40.7684584708	-74.0677389523
856654	40.7909265667	-74.0587941333
1539035	40.76022017	-73.9141547
731672	40.7616265667	-73.90939105
681936	40.7272293	-73.9893509667
1436603	40.76427924	-73.988285386
3761672	40.81139457	-73.92474621
558328	40.7465690374	-73.9453858137
1193473	40.74879485	-73.94417785
918649	40.7738468722	-73.9826202393
621602	40.6269965667	-74.1642136333
621622	40.6270869861	-74.1641151029
607127	40.63449311	-74.15204715
524545	40.6374895333	-74.12058665
935621	40.630772286	-74.1042388676
935602	40.6304812167	-74.1060613
518733	40.6289119684	-74.1142428328
552956	40.6300943833	-74.1075736667
687580	40.6302678	-74.1082122
1393232	40.63023567	-74.10869318
661559	40.629843	-74.1113457
743957	40.6390227495	-74.1035918257
3530510	40.6298905	-74.1117057
1164356	40.76042759	-73.98715895
1159025	40.75854206	-73.98695081
603814	40.7162889881	-73.9506486379
409516	40.7177615846	-73.9523756504
601424	40.69597005	-73.97073996
407200	40.69627022	-73.96998727
283277	40.754319929	-73.9735865593
138808	40.7527611474	-73.9729981144
404325	40.846677715	-73.938263481
290420	40.842534678	-73.9394058829
356425	40.84299165	-73.93821227
642257	40.84499949	-73.93871062
266300	40.8433246333	-73.9389812
629523	40.7570018715	-73.9848840237
542580	40.75767791	-73.98543626
729978	40.75798243	-73.98905557
621455	40.75792264	-73.98756027
737629	40.7573405253	-73.9882008781
396140	40.75664175	-73.9860476333
515835	40.7563829921	-73.9857974381
434816	40.7570842838	-73.9871339009
655634	40.75649082	-73.9861564
665712	40.63468879	-73.74678868
941249	40.7559436312	-73.9939849846
5081635	40.847543	-73.84548
1582402	40.8291113377	-73.8143706322
1093364	40.9298873728	-73.7516015679
4735951	40.6630323	-74.21105895
4643662	40.734444417	-74.180531167
4486450	40.758079917	-73.9868005
4155436	40.727890118	-74.176618354
3453809	40.6710719	-74.121740967
1473975	40.8128117	-74.221260317
1351824	40.7745049838	-74.0386140347
763430	40.7756396833	-74.0382179
1859268	40.7761111111	-74.0405555556
644264	40.7922575667	-74.0486800667
3350182	40.749354883	-73.991207769
635025	40.7531014122	-73.9898676214
1403377	40.755180583	-73.992581783
1270027	40.751986614	-73.993152261
1270028	40.7516573	-73.993967083
746983	40.7520213833	-73.9919606167
1218647	40.718620008	-73.999458533
841001	40.7248937	-73.9810941333
1516730	40.7505401	-73.988303275
1592355	40.7185229	-73.996818033
4005102	40.68586101	-73.99424234
85356	40.6518366	-73.9726658
1079323	40.6605859063	-73.8308980194
844124	40.6492510427	-73.9639660988
645921	40.7658108849	-73.9838325977
826799	40.7447405161	-73.9531909531
884445	40.6783679692	-73.9687585831
924396	40.7763590529	-73.9103846733
560074	40.6852616167	-73.9913533167
800244	40.6498721833	-73.9673400833
844106	40.6491588893	-73.9630884798
843970	40.6497590549	-73.9623133006
834571	40.6410488667	-73.9641002833
825461	40.7446677649	-73.9532390071
458769	40.6792990333	-73.98152565
120049	40.76071387	-73.97396868
2723648	40.813292097	-74.207505186
2211635	40.817534206	-74.101390574
2248718	40.810671505	-74.208482645
2309637	40.691341423	-73.990889568
2262524	40.841272721	-74.160158093
1376302	40.829870257	-74.137794698
730098	40.8225132845	-74.1007125378
2815516	40.692269005	-73.989869939
594089	40.6913485937	-73.9911868288
3966635	40.828042984	-74.187195913
2942166	40.877446558	-74.122815493
1445587	40.659944616	-74.173299738
2144468	40.699241594	-73.991537286
108218	40.6956233364	-73.9905273914
108225	40.6981346667	-73.99030525
1411137	40.769030229	-73.982314649
923369	40.7638778614	-73.9651271171
1179342	40.9408468008	-73.8338059187
777633	40.724322958	-73.9787334172
443883	40.73186999	-73.98872315
1600449	40.72468876	-73.70391565
5654636	40.741722315	-73.66491628
4713448	40.660333732	-73.980188993
4605114	40.707897999	-73.67892415
657322	40.7104901667	-73.6611466667
4168222	40.744399627	-73.993853643
1010222	40.6718502822	-74.0129721165
1542433	40.763625933	-74.001058517
2753759	40.58422436	-73.633447652
1456391	40.585107967	-73.62875985
1942769	40.639539243	-74.037882916
483298	40.62251955	-74.03370374
456116	40.7964061	-73.6709362
1427306	40.6566675667	-73.6482275333
1427217	40.6555765	-73.6461272667
700528	40.7100781833	-74.2137294833
423380	40.6287410289	-74.2407989502
423297	40.6271450614	-74.2439264059
423318	40.6282891134	-74.2423331738
423300	40.6269740626	-74.2433738708
247707	40.6258747743	-74.2427945137
238468	40.6254757689	-74.2420864105
423321	40.6278941938	-74.2416733503
612373	40.62659168	-74.24130135
541535	40.7150722667	-74.0081104
57660	40.7155192224	-74.0076157451
724788	40.7652808037	-73.9834613884
1296930	40.758392691	-73.989439495
341430	40.7518183	-73.98736
1028683	40.7535234525	-73.9772129059
269092	40.7857035167	-73.72742035
602282	40.7480556256	-73.9927460495
405850	40.67947355	-73.9766729
2785370	40.709203096	-74.009201364
918683	40.7716612449	-73.9819014072
924082	40.72066955	-73.9993806167
603242	40.7349745167	-74.0013915
1327421	40.74065971	-74.00205999
4841182	40.763060777	-73.988329151
731500	40.76353913	-73.98857319
5086276	40.761512592	-73.990449223
4887610	40.763047399	-73.98920613
1428817	40.722595215	-73.997085571
3562576	40.714039607	-73.987560296
1431232	40.706116559	-73.987598391
125314	40.7255251779	-73.9870620059
3053762	40.723459144	-73.985060918
2020104	40.721708454	-73.98450529
2719076	40.72283585	-73.979922479
2559955	40.721806918	-73.997461385
1431985	40.721579982	-73.987214143
167307	40.7209205	-73.98784756
1544433	40.72668665	-74.00111639
1603100	40.72037953	-73.99966329
2241648	40.72031682	-73.99384367
167326	40.7192266004	-73.9858469055
1524500	40.728148635	-74.002164327
2111064	40.724872776	-73.995901509
2016759	40.77245396	-73.81267929
1939632	40.721911668	-73.996241059
1233216	40.72308558	-73.9871397
1233365	40.742240733	-73.961238383
206819	40.7260283945	-74.0013804908
1557640	40.722302898	-73.997230137
1092994	40.7228193284	-73.9987564087
82346	40.724708945	-73.9974606165
1553088	40.72467321	-73.99619259
722592	40.7215014145	-73.9976668645
1439506	40.722267337	-73.997132534
549863	40.72594243	-73.98279172
1498281	40.761482239	-73.990501404
1166635	40.7221728721	-73.9973387476
1485597	40.717649028	-73.990462114
213903	40.7202837279	-73.9961016235
1449456	40.713989392	-73.998115126
584477	40.7216469	-73.98691576
93769	40.7044192516	-73.9855725701
924540	40.7295551612	-73.9839036409
441824	40.7175592539	-73.9582720523
590159	40.75954896	-73.97908031
1277637	40.759293717	-73.978183283
1404390	40.7658997	-73.982963719
2769771	40.7511339658	-73.9664411545
1255329	40.7524262499	-73.9702498912
597891	40.7742524166	-73.8730046045
1068110	40.7297873265	-73.999453783
399160	40.62455594	-73.976282
169265	40.7189962642	-73.997518845
4015267	40.68864274	-73.91597568
1431117	40.81361358	-73.93475561
2728974	40.848356	-73.937326
409979	40.8546726471	-74.0710365772
2422767	40.6475640526	-73.7912499905
2420159	40.64676737	-73.789982327
947918	40.7120481668	-73.597023473
1214960	40.74383753	-73.90890616
1226911	40.74555655	-73.9064214
605471	40.8051010667	-73.96581585
421819	40.8025824002	-73.964330256
1162325	40.7189830748	-73.9973996511
1218641	40.718620008	-73.999458533
1284881	40.719181267	-73.994165967
1531266	40.762118	-73.996453
897484	40.8215714667	-73.8909183833
513180	40.78461745	-73.9795684
915877	40.7852613408	-73.9798521996
21998	40.78387635	-73.9806528167
924424	40.7853085347	-73.9791463533
1315654	40.7658108849	-73.9870405197
704192	40.7600588508	-73.9861995756
5716542	40.721316197	-73.997691983
3299445	40.724773783	-73.704299333
3239403	40.71954087	-73.997885123
3238852	40.7197883	-73.998652267
3195504	40.633498267	-73.581954633
3189023	40.633650683	-73.582728133
3188889	40.634667967	-73.58308185
1531088	40.765249347	-73.979396317
3841373	40.8267448	-73.9487064
616670	40.75580656	-73.99462765
660958	40.82686035	-73.94149355
819105	40.82462	-73.930727
760269	40.6426962333	-73.9797385833
5696780	40.779970739	-73.974769114
5557965	40.726808849	-73.985745392
5556214	40.72939378	-73.98441493
5555551	40.729068615	-73.98930015
872613	40.7328237	-73.9910440833
144731	40.587923969	-73.9318203287
965969	40.7227605333	-73.9885390667
1083440	40.67474979	-74.01657789
936252	40.7245417737	-73.9958566836
1077137	40.6739664	-74.0121030833
1072880	40.75691097	-73.98984217
1403748	40.907177243	-73.784159497
1696550	40.867726884	-73.827242421
1382959	40.868967579	-73.826477823
5221261	40.74078422	-74.00557852
4125615	40.74455017	-73.95284854
512883	40.7149048832	-74.0065922433
104822	40.6748691653	-73.9768910408
201030	40.71754288	-73.95878624
405730	40.71745717	-73.95911347
90241	40.6756302971	-73.9782084619
298342	40.7210224828	-73.9567144726
33090	40.7821187333	-74.0059900167
1503993	40.718833923	-73.991588954
1501573	40.72757756	-73.98521554
29816	40.90466585	-74.0313904167
766086	40.6904771602	-73.9692976768
720429	40.755355835	-73.9795837402
1024826	40.92546	-73.7706983
505673	40.7225022569	-73.9874557488
986904	40.68197637	-73.9796223
598164	40.67893958	-73.97622388
226098	40.68208527	-73.97749966
335394	40.68162316	-73.97687464
833441	40.72513246	-73.99095696
2769043	40.687312	-73.988937
1365393	40.7684923638	-73.9830493927
4408514	40.681499383	-73.973513117
485332	40.6828162	-73.97192621
228584	40.68007373	-73.98422819
766367	40.66883695	-73.9864181167
747246	40.68079258	-73.97551765
101905	40.6796779393	-73.9744877815
1537584	40.745455692	-73.994796097
324246	40.7671406667	-73.92175335
491969	40.758984814	-73.9189875126
1214339	40.901695233	-74.147787733
779347	40.9064372167	-74.0714845833
1315556	40.7008431	-73.94497052
746433	40.90037155	-74.08088505
832355	40.71662652	-73.9613586
999402	40.7703062167	-73.99593445
1130872	40.9016205333	-74.1478075167
725130	40.9424591064	-73.7436599731
678025	40.9424436198	-73.7436385302
555427	40.756384516	-73.9221769816
715062	40.9385641167	-73.7447472167
1260209	40.763729383	-73.977057517
2035631	40.718749083	-74.000262277
1546499	40.93298196	-73.748844915
1148850	40.70185494	-74.18546169
1317522	40.755108269	-73.992855549
911193	40.7600588333	-73.7328679333
1261414	40.74547255	-73.99869519
133635	40.7937404	-73.9982718
1567706	40.754506273	-73.982425342
1567631	40.753984006	-73.98249482
1360344	40.7558602095	-73.9986813068
1469729	40.69226956	-73.683978842
1025212	40.7574935493	-73.9663231373
1192269	40.75289356	-73.97953629
848355	40.6996737483	-73.9917552605
1303373	40.869804997	-74.040710097
1337502	40.7473475	-73.97256135
486667	40.7303168833	-74.0555764333
991495	40.7301333833	-74.0005066333
617485	40.7620925903	-73.9185028076
1297326	40.734550717	-73.9890421
326979	40.7477317295	-73.9693185305
848277	40.72087979	-73.98786389
585420	40.718007421	-73.9903509635
720842	40.7207058157	-73.9860060337
479736	40.7615736941	-73.9244952232
458570	40.731374017	-74.0022927887
329765	40.7517934604	-73.9708355562
3726125	40.73938283	-73.994113795
559580	40.785274155	-74.0085263817
790375	40.73840361	-73.99401968
1161392	40.8679762833	-73.88458325
2017459	40.74912583	-73.99755358
783965	40.7834881167	-73.8254073667
2598395	40.6945770979	-73.9942878485
681011	40.6951212003	-73.9959435426
790266	40.7413928209	-74.0022913352
50545	40.8245249667	-73.97366605
1483640	40.759079669	-73.967746812
1284983	40.759199033	-73.970063433
992106	40.8124531791	-73.9839184284
562209	40.7431521326	-73.9965355396
917049	40.8240797667	-73.9738799167
2363080	40.75549268	-73.96827459
1092057	40.7177209259	-73.9905703068
615264	40.7604369925	-73.9948578238
1025505	40.7650246167	-73.9884510333
1348452	40.709329	-74.009319
591291	40.7230621685	-73.9856372557
315696	40.7116853028	-73.9629748487
663624	40.6864510833	-73.9748791667
3670811	40.721710102	-74.000804624
1091950	40.7155088167	-73.9906177
1161904	40.7152376833	-73.9896867167
3601570	40.885650406	-73.910072358
3600796	40.885949237	-73.918990167
3592623	40.882164559	-73.909994371
3036571	40.660787566	-73.990431551
934743	40.7702068285	-73.9824163914
650381	40.72608566	-73.99901467
1476393	40.858481142	-73.885124657
3293093	40.7210833133	-73.9568603039
1105628	40.693102134	-73.9692752359
1298398	40.753749	-73.969346
1201134	40.7603513602	-73.9909179614
4561367	40.75073571	-73.987340927
4549634	40.75037809	-73.987941742
916639	40.7494566667	-73.9877393333
363235	40.720300161	-73.9890417316
518218	40.7198281573	-73.9898500269
261578	40.7565297703	-73.9746013313
873230	40.7109528948	-74.0144168295
1293581	40.742374	-74.003747
63722	40.720111613	-74.0050971508
1039599	40.7259907466	-73.9925546214
491934	40.745628518	-73.9900062698
421918	40.7633806854	-73.9816853655
1015508	40.6868294336	-73.9746809006
744901	40.7310052833	-73.98318375
948023	40.7251930711	-73.9921594689
483621	40.7138731765	-73.9938829532
206300	40.72232282	-73.99921101
4935149	40.74113458	-73.99193137
1090922	40.80851	-74.083897
788037	40.6666677333	-73.9849555667
897539	40.7522521333	-73.9912768667
686001	40.7522430946	-73.991511105
5005521	40.781040267	-73.956753617
129888	40.78698152	-73.97712051
1513697	40.719537714	-73.999616839
193779	40.7455744195	-73.9932096004
924718	40.8180939667	-73.97683595
685393	40.8089432635	-73.989709824
1559338	40.718135975	-73.99822135
681947	40.6896985956	-73.9692074071
1020483	40.728493599	-73.9945002504
1268505	40.738618667	-73.983496867
1105047	40.72838681	-74.00259959
1074176	40.72192995	-73.99992465
1069198	40.7406481684	-73.9966904397
700190	40.6542596	-73.7879282
459779	40.7349193557	-74.1156497598
474434	40.7238577391	-74.0008181257
1391695	40.728650087	-73.987698986
1203552	40.851517433	-73.971819367
27889	40.7592372667	-74.0227043333
622731	40.8249964833	-74.01087995
336697	40.8455586045	-73.9996025914
105164	40.7624508667	-73.9978546667
1287321	40.74952727	-73.98805046
563835	40.765550857	-73.9805710316
4291800	40.746709	-73.99204
394738	40.66310775	-73.98164719
1008929	40.7447815099	-73.9816817728
659285	40.6828335787	-73.9929946154
724777	40.6992815005	-74.1795895008
5339710	40.7038109833	-73.9866288333
764335	40.6689014431	-73.9856100445
1030648	40.67160798	-73.98759764
1179280	40.79502645	-73.9714783
4108161	40.7192802429	-73.9902001619
701195	40.79140877	-73.97414332
3792833	40.7879287004	-73.9771324396
2362614	40.7937437296	-73.9730930328
2731064	40.719336183	-73.993171817
640475	40.7519246999	-73.9907179687
281995	40.74397355	-73.99037891
370272	40.7436417096	-73.990538469
1210010	40.68990421	-73.98134738
1496100	40.730705	-73.982596
119858	40.7169145882	-73.9997313115
70569	40.7135365766	-73.9983859927
356204	40.7238560821	-74.0033113549
873611	40.7235763339	-74.0033210982
754007	40.72175931	-74.00115972
1236253	40.72190082	-74.0019772
1459351	40.7219392	-74.00205785
1496021	40.723127441	-74.002588845
1190597	40.72192263	-74.00184762
784181	40.7231464167	-74.0020596167
530454	40.7395003333	-74.0022606
2687986	40.70617215	-73.92296425
280138	40.7613740186	-73.9753568172
895936	40.76056021	-73.98699736
893742	40.7585681	-73.98510289
220280	40.7393152095	-74.0054828052
1134635	40.7475559544	-73.8853733693
880681	40.7304132167	-74.0023141
1570856	40.71489137	-74.00801038
1174811	40.76278042	-73.98201519
4806958	40.91393744	-73.78468745
1335972	40.755834813	-73.980608643
143256	40.7539603167	-73.9833527833
979327	40.7831937769	-73.9783822608
52670	40.8315571454	-74.0895223618
203499	40.8950325333	-74.0805690167
673579	40.8307699667	-74.0930454667
275971	40.8838168391	-74.0590558837
806559	40.8732802167	-74.0398898667
881132	40.7345606	-73.99970299
3452331	40.723339718	-74.006277323
1471635	40.708092902	-74.013615736
1388787	40.7181275114	-74.0160727501
159433	40.7112828608	-74.0158431638
1253325	40.706245	-74.01087337
1251263	40.71823978	-74.00029689
1244485	40.740446075	-73.9956416375
1034162	40.7172300757	-73.9898262891
953851	40.7165615167	-73.9965618
762595	40.6753329708	-73.9601325989
538617	40.7596902675	-73.9843883204
612187	40.7163405333	-74.0448260167
1005020	40.73071034	-73.98623258
753717	40.709151463	-74.0077854678
1073161	40.7218794333	-73.9947063167
4767246	40.72871643	-73.99066156
891118	40.7782551333	-73.9809929
740247	40.729421757	-73.9891475899
688417	40.74076551	-74.00596821
269479	40.71639544	-73.9982092381
675242	40.7412712	-73.9861944
4558955	40.7600477167	-73.8314777833
3133126	40.715845458	-73.991186139
453561	40.71718114	-73.99116861
1421674	40.720700442	-73.985321805
174297	40.6795883179	-73.9650421143
916388	40.74232006	-73.98031473
427399	40.6935193888	-73.9884284391
884010	40.7377925248	-73.993369201
202378	40.7796330647	-73.950425569
1300557	40.768115579	-73.982257812
236925	40.7435039915	-73.7754145857
147738	40.7788641833	-73.7781236833
1098163	40.75970554	-73.83147007
847766	40.7589785095	-73.9875994765
1017612	40.7571270037	-73.7555013882
593372	40.7520266554	-73.836367678
281426	40.76228095	-73.8151242833
824068	40.754567871	-73.9759175613
144040	40.7530358091	-73.780092001
70534	40.72977825	-73.9884849167
22827	40.7275378667	-73.9902552333
623099	40.7147980062	-73.9522170721
5515079	40.68659345	-74.1814395833
1537907	40.758009433	-73.845520917
792897	40.93738675	-73.8994932167
1251243	40.72705554	-74.03792762
584679	40.9347231554	-73.9009308815
343520	40.72781574	-74.04011446
1574279	40.7290215	-74.03910775
270917	40.724038984	-74.0374875069
777034	40.93738889	-73.89950758
486064	40.7180963423	-74.0399384233
1569813	40.71889915	-74.038559504
1571163	40.7209027778	-74.0399305556
824231	40.7188806814	-74.0412592606
289379	40.7195313333	-74.0393226
775750	40.7191841296	-74.040687176
847677	40.7194574167	-74.0410314167
1829190	40.93920111	-73.884676695
4426693	40.716456733	-74.034925067
1478753	40.85806723	-73.88422172
329150	40.8590165426	-73.8865161799
1130674	40.8583565	-73.8843606167
4262703	40.858757817	-73.8851307
4261632	40.85865879	-73.88667058
2376125	40.93369251	-73.87888348
1562581	40.7226687	-74.041227
1155099	40.7215579833	-74.0372843
1485620	40.72294539	-74.03620952
886268	40.7313760505	-74.039539011
383006	40.7315853833	-74.0385645
3990244	40.73150229	-74.03894668
948613	40.73159605	-74.03930383
3932867	40.72137534	-74.04118484
1418479	40.72412079	-74.04043269
908058	40.7217897077	-74.0446339299
1933969	40.721356817	-74.044479348
1155063	40.7212721	-74.0386816333
119476	40.7208271761	-74.0426588058
133110	40.722290804	-74.0400838852
1238321	40.7209227167	-74.0429244
2049418	40.721780686	-74.042773698
538734	40.72234553	-74.04150426
833264	40.72231394	-74.04133194
960893	40.72222596	-74.04136788
190443	40.72087049	-74.04197978
993564	40.72093659	-74.04183757
468806	40.72173714	-74.04159986
982888	40.72222596	-74.04136788
1173223	40.7197017	-74.04269689
85582	40.7179079556	-74.0467894077
1162462	40.715972621	-74.0415271154
862106	40.718838604	-74.0409745714
1236754	40.72068045	-74.043021867
2512090	40.7160381	-74.04735249
798866	40.7204964333	-74.0435727833
1291021	40.71967524	-74.04212933
1420707	40.716277133	-74.042010517
1387465	40.71990245	-74.0426796
897070	40.7192594561	-74.0468468819
311676	40.7202408344	-74.0445437486
1087392	40.71984255	-74.04275918
1399368	40.719340558	-74.042161718
1014409	40.7193980167	-74.0462191
579691	40.7195392306	-74.0428227719
185960	40.7185132019	-74.0420303313
570946	40.7185099339	-74.0420289
936508	40.7191672167	-74.042968
299841	40.718927627	-74.0458456602
1496835	40.7182076	-74.04712305
486348	40.719209	-74.043426
1021166	40.7187430432	-74.0434619308
3856688	40.71791487	-74.0443176
2380705	40.717557106	-74.044165263
778521	40.7175732724	-74.0442449202
319589	40.7176667217	-74.0441741908
1290644	40.7179123163	-74.0434473753
3356362	40.712741547	-74.009117475
917580	40.71156915	-74.00827485
504160	40.7125743015	-73.9491349804
1029740	40.6850440333	-74.0049975167
1125924	40.6957169013	-73.9701995713
587784	40.79166775	-73.69569069
1474085	40.7639175	-73.9786217
1417592	40.7587001375	-73.7759066875
1413234	40.7707108	-73.8338079
906988	40.7198432749	-73.6523008347
684287	40.6945686167	-74.1725962333
891668	40.72798931	-73.9905914
39842	40.7484561667	-74.0385801167
5216397	40.75602393	-73.97884422
687438	40.74360525	-73.99716931
687072	40.7472244503	-74.006717205
570628	40.73651593	-73.99303972
279188	40.6801498477	-73.9890575409
51472	40.6887061779	-73.989075456
438541	40.7935825373	-73.9735057886
599810	40.7324298	-74.00340473
267932	40.7317141704	-73.9916861057
610524	40.7977670431	-73.6708241701
1429853	40.780864483	-73.580888117
1240366	40.775757783	-73.708157233
781340	40.73804271	-73.99508374
659652	40.7772903076	-73.9459074873
1000432	40.7273574305	-73.9887935448
202434	40.7238924922	-73.9901093686
1544077	40.74120366	-73.99777221
981018	40.762930261	-73.9768509545
261712	40.7362094964	-74.0008655559
1163885	40.7441449	-73.9958845833
280608	40.73837381	-74.00382268
889238	40.7246481915	-73.9937876793
331380	40.7389324	-73.9973753
232699	40.7241697902	-74.0011782626
193977	40.7229656204	-73.998620469
1594986	40.746331546	-73.89604507
639598	40.7574488514	-73.9692735672
3110662	40.747039863	-73.944757897
190628	40.7463532167	-73.9453784
3143529	40.7490695102	-73.8465249538
2439818	40.74847725	-73.846457
2508994	40.74861755	-73.847086617
2991916	40.749380467	-73.846147617
1456542	40.5702156	-73.983434267
284368	40.7466437833	-73.9437210167
590189	40.7457651833	-73.9016963
2490397	40.747154235	-73.94250483
495432	40.7515728575	-73.8558590412
186885	40.7457254189	-73.9453632659
2066737	40.746260367	-73.89031915
426312	40.7471098333	-73.9483348333
256195	40.7805414319	-73.9383745193
1436397	40.7595780599	-73.9957523346
1035318	40.74644265	-73.895636
410553	40.7458341667	-73.9019755167
576719	40.74084085	-74.00634312
1241726	40.77165967	-73.86510312
1302713	40.816514033	-74.221077117
1358885	40.7878572	-73.727980183
1358789	40.78713685	-73.727880533
1356403	40.74371641	-73.61153644
1355655	40.79775917	-73.73422491
1206941	40.7886046171	-73.7295269966
595091	40.6941835262	-73.9831459522
5628248	40.69197701	-73.982981131
900124	40.8850725088	-73.9006197453
301929	40.75928455	-73.9815703
663884	40.72633278	-73.98987472
491186	40.6961436327	-73.993678941
993411	40.691307	-73.987429
794504	40.8861999641	-73.901424408
3275269	40.765059252	-73.983022611
5470266	40.75574821	-73.99208825
5440233	40.753153183	-73.99789685
5410793	40.753051433	-73.9984133
1458143	40.724669007	-74.253617566
1238836	40.76900166	-73.86619573
818050	40.72818785	-74.04063642
1050103	40.7274539008	-74.0376484394
298557	40.831178573	-73.9299078447
226549	40.7266815949	-73.994681596
5168226	40.750007883	-73.972412933
3666771	40.73692208	-73.992522
421863	40.8737745833	-73.9084683
1476513	40.7299715281	-73.9789509773
552399	40.7313862333	-73.98338675
4836792	40.73219615	-73.98510271
2888664	40.762937185	-73.97193923
4383654	40.73264046	-73.995717069
3401717	40.721853	-73.980332
794751	40.7270126343	-73.9891433716
91549	40.7526066667	-73.9754877833
776817	40.7492560246	-73.9755369773
1388472	40.745460371	-73.978242355
3553586	40.739129691	-73.983837394
474910	40.7421070472	-73.9828489896
2114642	40.744141724	-73.981433931
1577317	40.75111502	-73.97614103
443497	40.749647801	-73.9773557596
668743	40.7498416566	-73.9774060249
210612	40.6929063803	-73.9924049377
213065	40.7194747925	-74.0424957275
533399	40.7158743274	-74.0098552003
529681	40.74513075	-73.9901892833
485491	40.5958862305	-73.9348907471
350634	40.737742213	-73.997916505
280246	40.7542549109	-73.9784145355
354029	40.7416630389	-73.9917121396
345425	40.7527541893	-73.9726183928
235395	40.74617952	-73.99274027
78887	40.7456531833	-73.9915497167
119295	40.7459038015	-73.9934785516
147227	40.71874487	-73.98553079
147142	40.72030355	-73.9843447167
117057	40.7209421229	-73.9791938047
296765	40.72375913	-73.9913706063
210587	40.72646152	-73.98968011
304878	40.7270093085	-73.988843376
300442	40.7267738096	-73.9887029866
237371	40.7293781	-73.9871379
299058	40.7481536533	-73.9926878073
302030	40.75391459	-73.98415815
139811	40.7562748509	-73.9844157102
239727	40.7561404109	-73.9848840237
239118	40.7200768006	-73.9823997957
569931	40.7526355325	-73.9927697182
176342	40.8796995992	-73.8763445014
539301	40.9147988777	-73.8745471199
1276280	40.70869106	-74.00729203
466886	40.7101986464	-74.0057194233
427584	40.7314987182	-74.0004196163
226768	40.714087997	-73.9496497948
553924	40.79586118	-73.92522317
530246	40.7664567281	-73.9776073043
139580	40.75521045	-73.9815694833
643261	40.7549730056	-73.9823139652
602343	40.7551548168	-73.9819733941
892735	40.7547571767	-73.9813584632
634482	40.7548640488	-73.9817155881
1020462	40.75448816	-73.98157364
884648	40.7579329172	-73.9840408117
1181393	40.75675904	-73.98425412
315176	40.7569123195	-73.9837992413
1302455	40.75710785	-73.983643117
918743	40.7577209517	-73.9842147496
1016261	40.7574996948	-73.9836807251
632759	40.7573686965	-73.9841042156
1294852	40.757200762	-73.984302221
1274900	40.733209	-74.002276
234084	40.7352872206	-74.0058642626
125645	40.7346088911	-74.0060758137
4220497	40.760601834	-73.990906264
4220749	40.760542753	-73.991136695
733069	40.7355324	-74.00138521
399135	40.8939175924	-73.9748115315
472419	40.8930845333	-73.9736152667
334113	40.8936752833	-73.9742577667
590831	40.8957136	-73.9761947333
229797	40.89374017	-73.97399693
556435	40.89401113	-73.97364807
387644	40.8949166833	-73.9743325833
61327	40.72818865	-73.9963529667
458222	40.7279061	-73.99719828
154456	40.7575528	-73.92665245
492381	40.7594060833	-73.91974925
433305	40.7579507667	-73.9245062167
12775	40.7566595	-73.92532825
317173	40.7580995573	-73.9171664561
531107	40.7581063813	-73.9171924975
565785	40.7560502248	-73.9240730109
556943	40.75259	-73.9241845
442058	40.752158042	-73.9212727547
549329	40.7423084167	-73.9848752833
209823	40.7422808147	-73.9851733311
450626	40.7422787757	-73.9850765176
492061	40.75448274	-73.98274546
164823	40.752747475	-73.9803734798
298030	40.7526377272	-73.9804092325
507505	40.7497299637	-73.9812126698
466700	40.75149905	-73.98121184
480645	40.7564068753	-73.9798422683
334404	40.7557130141	-73.9808386169
466785	40.75483554	-73.98392248
466775	40.75483554	-73.98392248
561546	40.7776088875	-73.9823275297
435326	40.74071836	-74.00595718
530343	40.74082589	-74.00620925
530409	40.7290910667	-73.9990068167
492308	40.7289049167	-73.9974949167
333346	40.7284296667	-73.9979484833
210671	40.72823917	-73.99630784
340544	40.7313279931	-74.0003576875
520460	40.7326871667	-74.0009446667
288042	40.80631735	-73.9539522167
447688	40.8063384229	-73.9543068409
492160	40.7484855828	-73.9924902823
468575	40.7476427689	-73.9922947678
468576	40.7476427689	-73.9922947678
217453	40.7479476929	-73.9928207397
299027	40.7475301401	-73.9932034955
124624	40.7473661667	-73.9930666833
68378	40.7470131186	-73.9911925793
1126678	40.78943425	-73.97573298
354759	40.6995849609	-73.9926452637
110530	40.6939049152	-73.9899212122
318523	40.6951975833	-73.9937510667
4178191	40.76072742	-73.956340093
4546716	40.928012289	-73.842517396
4371269	40.70942512	-74.013307565
4430921	40.704205421	-74.010615293
1290484	40.757854783	-73.983924
977289	40.7581787109	-73.9843673706
463221	40.76364147	-73.96292662
1266233	40.7264697167	-73.97779595
82783	40.9197969	-74.0850584167
352232	40.8246647636	-73.941732645
226623	40.7181621686	-73.9500502793
120156	40.7130466833	-73.9493324333
98881	40.7129043429	-73.9571938338
73664	40.7253102675	-73.9513194148
562207	40.7282453886	-73.9992666962
173844	40.714515686	-73.9975662231
1167563	40.7631820667	-73.9671836667
924192	40.7783379833	-73.9821202
865405	40.7642528833	-73.9646588167
812474	40.7142501333	-73.9471859333
651594	40.7828583167	-73.9782709333
662290	40.7780011598	-73.9786439499
709005	40.7764768167	-73.9790639
645306	40.7552545576	-73.9812147617
156567	40.7149388828	-74.0067395248
1164023	40.7104661353	-74.0097765886
944495	40.6775665283	-73.9827919006
688260	40.65222591	-73.97693276
608369	40.7881875181	-73.9807906628
3480708	40.755020213	-73.983535191
3204266	40.788457693	-73.976835088
677919	40.7915267667	-73.9698897333
1516226	40.7799286323	-73.9845967141
773315	40.7589014	-73.8319206
1574674	40.7648977762	-73.9879376005
1463853	40.57336685	-73.9868592167
1439080	40.7884705	-73.9766979167
196330	40.7844459674	-73.9733323766
1330313	40.6868207833	-74.19102725
1322484	40.7625133167	-73.9606333333
1129432	40.7518994333	-73.8698426833
1261079	40.7917837021	-73.973965825
1218706	40.7879018667	-73.9748096333
623546	40.7840584384	-73.9776129888
1169828	40.7894142403	-73.9700467749
1168010	40.7256674379	-73.9855317492
1144121	40.7425556347	-73.9938797714
896160	40.78796805	-73.9822440167
1106938	40.7766229667	-73.98803935
1036268	40.6836103	-73.8724288833
611498	40.7588188076	-73.9899064139
961670	40.7646942139	-73.9786529541
771591	40.7852283594	-73.9766515343
855190	40.7370879001	-73.992651701
496627	40.74538493	-73.98529267
410988	40.7081833488	-74.0077441617
5152147	40.952092573	-73.830857586
3006559	40.950952916	-73.827949355
3002626	40.94769448	-73.83531534
787643	40.734665	-73.98832925
1434735	40.727369	-73.991219
3902249	40.949600377	-73.826205249
1436606	40.7316613197	-73.9818477631
1355930	40.7331740856	-73.9808392525
3612459	40.731875089	-73.982076499
3453794	40.950712827	-73.827158011
691494	40.9494526582	-73.8299703598
1531090	40.682611727	-73.993166057
876854	40.7409682716	-73.98607202
691482	40.9505189	-73.8284406
1216336	40.7488012888	-73.9842832088
1218836	40.74919873	-73.98407924
5751379	40.7647143	-73.982441
866334	40.8143207877	-73.959467411
1084778	40.7638938665	-73.9759985928
1382939	40.8155550046	-73.9600682259
4339669	40.814124	-73.959745
897618	40.81569325	-73.96081429
422467	40.8095257997	-73.9616024494
228420	40.6790893007	-73.9974932572
55209	40.678125	-73.9978181
342347	40.7183075	-73.9566521
1128413	40.7307028263	-74.168605826
161583	40.64855581	-73.78384232
965861	40.72756922	-73.98250627
961614	40.74530452	-73.98635542
5811645	40.717241152	-73.993939161
99470	40.7202010588	-73.9553689957
5773781	40.715736753	-73.953437805
5770820	40.735232808	-73.990927644
5766620	40.724304839	-73.993791668
5654888	40.717188846	-73.948072505
1056227	40.7165122032	-73.9668112993
5637354	40.71385824	-73.964338303
819372	40.71895035	-73.95654525
5543188	40.7238925	-73.98488819
5541446	40.724686868	-73.995372414
925118	40.7249223679	-73.9924711158
242284	40.69275349	-73.98860692
716784	40.742892016	-74.2475903034
324168	40.69428253	-73.99332046
1583458	40.73639434	-73.99031323
1247030	40.72865325	-73.99553686
143320	40.7022676167	-73.9266597833
5177469	40.705431028	-73.932988676
376965	40.705556492	-73.9334204573
142804	40.7584655167	-73.9673721333
391518	40.7570339134	-73.9710690232
364545	40.70641338	-74.0050593
441901	40.8050128333	-74.1936519
206645	40.7978688667	-74.1475002833
352008	40.6724918	-74.17251435
1603959	40.7461444	-74.1599827
1010422	40.7420891197	-74.1705249817
526350	40.7862171667	-74.1461671667
656423	40.7924478167	-74.1416920833
68391	40.7855823333	-74.1535336333
267504	40.7095968273	-74.0402233601
1306244	40.81372195	-74.114787633
543799	40.8417119167	-74.1590656167
920747	40.76100335	-74.15048935
359398	40.7139452	-74.05491888
654238	40.9487549	-74.02967584
482182	40.8926993	-74.04364979
463708	40.82394552	-74.00824117
52680	40.8648967362	-74.0640842915
267477	40.9159912167	-74.0257228
351854	40.9167121	-74.02477324
235115	40.9453908167	-74.01645465
372453	40.87531757	-74.07444578
354088	40.91760843	-74.02380532
350307	40.86237406	-74.03155177
350230	40.84180963	-74.00027519
858134	40.7254221505	-74.0037287237
309070	40.68227398	-73.99426579
499315	40.74012273	-73.98369568
1195549	40.931610783	-74.022519617
199654	40.7381268833	-74.0305937167
766215	40.7675254188	-73.9819872379
919236	40.721151742	-73.9964338035
610510	40.7556811292	-73.994644203
1468234	40.705819417	-74.0021679
439746	40.7173793922	-73.9961385727
445178	40.90235382	-74.04063445
441623	40.8382937	-74.0835575667
438511	40.8398546	-73.9815617333
965453	40.7634443943	-73.9887217047
1025468	40.7332972979	-74.0049651754
356695	40.751697004	-74.0040218949
190031	40.72683256	-74.03411388
1514341	40.786498294	-73.976299274
140057	40.73497175	-74.00186905
965997	40.73856794	-74.00360721
772957	40.7386542474	-74.0035862543
323670	40.70582503	-74.01213693
283808	40.7069048402	-74.0099787712
928269	40.72194761	-73.99625718
1223430	40.730175	-73.989118
289821	40.82138985	-73.9728471
1542705	40.75772368	-73.99569171
1414669	40.729714036	-73.9898890257
915898	40.7308453126	-73.9894555927
267419	40.7286805671	-73.9881273627
976926	40.7223751	-73.9952540333
1023980	40.7442395422	-74.0051968025
891270	40.7377220167	-73.99165905
111709	40.7295863667	-73.98798795
1016078	40.716834561	-73.9995932579
787439	40.7321827594	-73.9882938921
440993	40.7269029423	-73.9925970407
664079	40.7776752209	-73.9519539161
364073	40.7441460281	-73.9934894243
86803	40.7281775155	-73.9878344536
659372	40.7265028384	-73.9888511841
646237	40.7246951371	-73.988522017
67686	40.7148907025	-73.9968814599
59319	40.7141799774	-73.998558066
360831	40.7301568489	-73.9889293684
261809	40.8103179932	-73.9673461914
169399	40.7876809667	-73.8150122333
538577	40.7566378793	-73.9949746447
826801	40.7228072619	-73.9869831371
416111	40.7393722134	-74.0349340439
502920	40.73845404	-74.0037533
1553982	40.723230355	-73.994712256
1164198	40.716772	-73.994873
572150	40.754538	-73.992173
446126	40.7255350768	-73.9517920927
331895	40.7300471667	-73.9578105667
398553	40.7305456	-73.9564384333
215342	40.7300137304	-73.9565278181
666978	40.8545190192	-73.8883777519
189770	40.75246053	-73.97384124
474554	40.7182195087	-73.9941971691
416804	40.7179501985	-73.9983750552
1110660	40.8794110771	-74.143815671
442136	40.7306249833	-73.9897634667
367956	40.682515728	-74.1672399086
644996	40.6541190602	-73.787692161
3105282	40.7060623169	-74.0055209398
647599	40.7050667442	-74.0076828003
199780	40.7373185705	-74.0306673199
214525	40.6703302912	-73.9853565928
1365544	40.726883555	-74.000106792
1359365	40.85092809	-73.938482404
1349866	40.728497066	-73.999669651
166388	40.7183635	-73.9553347167
211158	40.71533662	-73.95760953
473524	40.7177285825	-73.957875672
347669	40.9024575244	-74.1045758302
398396	40.9087030833	-74.03388705
323054	40.7341187833	-74.138093
1116851	40.9250289167	-73.8953923
819136	40.74280029	-73.98205733
704861	40.7283708607	-73.9833505863
1041211	40.7229070167	-73.9944851
319399	40.7653768	-73.9180190667
1498876	40.7583163	-73.829264517
1036016	40.72248065	-73.99741846
813062	40.80646163	-73.94029963
590810	40.74282133	-74.0025016
466374	40.7861553	-74.0455859167
1030447	40.7553595346	-73.9681574201
169732	40.6974942298	-73.9934456348
695693	40.6456245852	-73.7847913578
292743	40.7553971	-73.5564256
677345	40.8597037453	-73.9719986916
336857	40.79213225	-73.62206506
377949	40.71849375	-73.9504749
361407	40.6776985881	-73.9795818003
445817	40.7078523345	-74.0135192871
336617	40.6988720333	-74.1804923333
129854	40.6611815667	-73.8039414833
764566	40.7382247048	-73.9888483329
5535736	40.741112667	-74.00526155
403628	40.7180893667	-73.9501491667
3771488	40.738537819	-73.991341781
4888448	40.71751245	-73.960139483
100635	40.72592005	-73.9517590167
955901	40.810036111	-74.0076919336
759141	40.7179315	-73.96036064
3476497	40.7218486	-73.99977731
1805373	40.713658317	-73.945970533
39986	40.7128295362	-73.9623254018
610883	40.711449698	-73.9467616964
755526	40.71355229	-73.94319206
1241505	40.7238818833	-73.9942904667
561925	40.7298832694	-73.9808836002
891106	40.7421465458	-74.1717099133
176473	40.7231559	-74.1523814667
350590	40.8925088333	-74.0730636
305842	40.7240994914	-74.1646564285
1163547	40.797949771	-73.9696423834
1136712	40.7424147307	-74.0028643154
1072768	40.74278873	-74.00050318
214788	40.7408706333	-74.0022181333
1035662	40.783647828	-73.9779139022
230384	40.7415735167	-74.0011005167
754570	40.7824002667	-73.9806406833
357725	40.7459408047	-73.9916077748
389776	40.8155976334	-74.2201003432
458295	40.7342709167	-73.99032815
524564	40.68683594	-73.97297745
923822	40.6069416696	-73.9638936524
922783	40.6135412504	-74.1783898344
199637	40.7377111667	-74.03090525
205232	40.7364566667	-74.0302008
199586	40.7360391667	-74.0299290833
445808	40.8568090333	-74.1456686167
404060	40.8113359667	-74.1365705333
352580	40.8418191667	-74.1596955167
52796	40.9194066629	-74.0745985508
927574	40.7487228006	-73.9931068435
434198	40.7462115743	-73.898996286
873498	40.7495256774	-73.9926129821
821096	40.75128245	-73.99566709
354682	40.75140613	-73.99065911
162022	40.7340429	-73.8693968333
1435001	40.7070833333	-74.0084722222
1027126	40.68084435	-73.9944512167
1266350	40.68229579	-73.99816578
1027473	40.76588797	-73.9544723
339482	40.67959499	-73.98582333
1017829	40.6756441167	-73.9807174
254657	40.687520877	-73.9901410904
174374	40.6851974963	-73.9914421919
73550	40.6768565045	-73.9801819419
1042695	40.6843647167	-73.9921600333
1080726	40.6813274	-73.99478805
474053	40.6823730445	-73.9934692431
275301	40.7550212876	-73.9719196584
764969	40.73845362	-73.9931237698
486515	40.6405796167	-73.7875256833
191445	40.68217766	-73.99434345
689571	40.6844087733	-73.998784828
641801	40.6381574167	-73.7848037167
124599	40.6882228953	-73.7181433142
418404	40.6905106278	-73.7240609521
1460013	40.771929	-73.892327
305312	40.6560544528	-73.6477662255
299253	40.65579065	-73.6455420167
298873	40.6552093833	-73.6455353833
455963	40.7044824125	-74.0071855365
5945870	40.7516666	-73.98707538
949129	40.70004455	-74.2342372167
4731096	40.763467967	-73.98038125
4250300	40.760778503	-73.979090923
607846	40.7611143373	-73.9784329499
322534	40.760573799	-73.980079218
272538	40.7583131195	-73.9848441285
4655802	40.75671415	-73.982329234
4645253	40.754272377	-73.981906167
4214929	40.88449084	-74.03797495
4514344	40.708033271	-74.006393616
1286115	40.73607933	-73.99364894
1195074	40.610753283	-73.979896733
1426835	40.612227995	-73.983318014
1244591	40.756568373	-73.989756645
1009663	40.70444309	-73.91960477
1134460	40.6122817908	-73.9824829163
641299	40.7351029258	-73.9933488603
272819	40.8342684396	-73.9469897747
309010	40.7419829493	-73.9933830063
594822	40.8342954182	-73.9409328795
388631	40.8237229926	-73.9526438713
374223	40.8215308878	-73.9479875565
641301	40.85618203	-73.9328534
627453	40.7363627167	-74.0011717167
342423	40.8361232582	-73.9466223121
590868	40.7378768921	-73.9866485596
622754	40.7417702516	-73.9824163914
532550	40.8345444334	-73.9447903633
574984	40.87064391	-73.85953819
555241	40.74957925	-73.98801308
547346	40.8332618643	-73.9452409744
290848	40.7306039833	-74.0008756333
489920	40.8224178871	-73.9536336064
329847	40.830530234	-73.9447005093
459437	40.8391955678	-73.9415180683
341967	40.8335297447	-73.94500494
391371	40.8343009095	-73.9450371265
294056	40.8283146425	-73.9419847557
390693	40.7296264772	-73.9869283458
352173	40.8301933387	-73.9454555511
346112	40.7199233853	-74.0024065318
329590	40.8290455702	-73.9489360996
270125	40.8356402798	-73.9393079281
339135	40.70836919	-74.0088458
167351	40.72112494	-73.98699843
748980	40.70767003	-74.00898534
502787	40.62567505	-74.1440989833
840752	40.57886016	-74.16671055
356007	40.5822597167	-74.1647130167
717210	40.56392663	-74.17514801
668637	40.6240367	-74.1377260833
355964	40.5822697833	-74.1646784167
656909	40.6285711833	-74.1725756167
627982	40.5767470333	-74.1672505833
355956	40.58229135	-74.1646633833
622683	40.62665605	-74.13113886
599826	40.6364765	-74.0760569833
585358	40.70893698	-74.00233662
585043	40.70691752	-74.01392728
48515	40.6957404392	-73.9912047029
414517	40.64217877	-74.10700684
347373	40.73184406	-74.0029385
1564075	40.759495831	-73.829436582
164128	40.8882963667	-74.1218021
5645674	40.732569529	-73.991074053
905263	40.7455128333	-74.00248375
1861588	40.739118	-74.001436
1073898	40.758424	-73.979365
791914	40.745984825	-74.0283749
1893449	40.764205933	-73.966636658
1592663	40.763969421	-73.966804504
1411946	40.704003543	-74.01207499
1368519	40.754421465	-73.969002232
387761	40.7443246571	-73.9953788986
246915	40.7436674683	-73.9959254892
27897	40.7426605225	-73.9966049194
403190	40.7063778043	-74.0140838809
259270	40.6284641833	-74.00615705
285750	40.6282992833	-74.00608715
408953	40.7614595833	-73.9737451333
3236284	40.749809379	-73.977228763
982754	40.75640684	-73.97731715
374068	40.7442012333	-73.99139715
947549	40.761682821	-73.9868581295
700771	40.9090990167	-73.7993879667
307938	40.9408945586	-73.8339763349
4083109	40.850088729	-73.93317916
3974750	40.917973064	-73.78555291
683089	40.7286995	-73.9876039
793180	40.9260768	-73.7892046833
533416	40.9095874	-73.7982664833
705793	40.76655793	-73.98226457
529376	40.9151137833	-73.78420235
371652	40.90325182	-73.79312205
845218	40.7934763833	-73.9270341
353743	40.7265621471	-73.986703932
172033	40.72501027	-73.99103534
347477	40.7273950271	-73.9831627123
819604	40.7252851167	-73.99235085
956340	40.7883233167	-74.1950412667
857993	40.8039161667	-74.1942890333
855953	40.75599622	-73.98697346
225034	40.7027649861	-73.9867722988
297969	40.7976279833	-74.146287
57925	40.8301906333	-74.2064201167
261978	40.88117218	-74.15230762
3257564	40.9246736333	-73.9647019833
1537463	40.9156066	-73.7825549
4289563	40.840683583	-74.204841033
1934641	40.7476848364	-73.9833068848
717154	40.8439589913	-74.157858942
57941	40.8300651167	-74.2069261167
1977667	40.840281267	-74.184600683
566015	40.830855378	-74.205582313
1603840	40.830436514	-74.204984459
494020	40.8346527167	-74.2067713333
1218616	40.81360733	-74.21741199
1060131	40.8129196157	-74.2136306755
1067477	40.8440245	-74.2074085667
1295145	40.841912467	-74.2094428
1285381	40.8306755	-74.205527583
1249478	40.840888367	-74.208652383
1131365	40.7533681966	-73.9866973821
57933	40.8305365667	-74.2062132833
198953	40.8304046424	-74.2066390532
861852	40.8396952833	-74.2088481667
750110	40.7528785	-74.00308975
347335	40.7283571201	-73.9889918181
792343	40.7286151	-73.9903832
725390	40.72831422	-73.99034124
589076	40.7599646167	-73.9731768167
496086	40.7606411333	-73.9705758
656344	40.7615765	-73.9728716833
119105	40.7604449562	-73.9732919445
277877	40.7623600833	-73.9727252667
334947	40.7611257506	-73.9733565832
798742	40.7604841718	-73.9718806744
502199	40.7603997807	-73.9720146393
267913	40.7611039	-73.9713036167
638735	40.7620084333	-73.9716323667
267907	40.76228046	-73.97089666
314971	40.76147013	-73.97110748
267671	40.7616751333	-73.9748436667
533373	40.7630893377	-73.977835256
598679	40.76241201	-73.97755861
723520	40.7630499	-73.97880876
549032	40.7628212762	-73.9780188111
714938	40.761544991	-73.9788420511
530650	40.7619786889	-73.9777225133
301267	40.7497348	-73.9773586
273259	40.7451830833	-73.9765194333
460929	40.7529776167	-73.98532455
567773	40.75482046	-73.98401445
600389	40.75392711	-73.98394399
310366	40.7552860398	-73.9854276161
460947	40.7542006333	-73.9847183333
772109	40.75667852	-73.9801923
237136	40.7481005635	-73.9858696545
777557	40.74780635	-73.98603018
777951	40.74780635	-73.98603018
348845	40.7473582841	-73.9852272089
722438	40.7474280868	-73.9822347055
715878	40.7477708044	-73.9835913963
680224	40.7475851858	-73.9819578658
729267	40.749701	-73.982061
381636	40.7487434159	-73.9805980073
697763	40.7375512725	-73.9837038517
749707	40.72369915	-73.9926086
790879	40.7235440416	-73.9928070037
760468	40.720241716	-73.9942610264
576005	40.7178122056	-73.9935971959
66542	40.5794639333	-73.9845853833
197650	40.6081527	-74.1394952
554813	40.7759250728	-73.9821403717
981933	40.70904815	-74.01078796
936391	40.70838034	-74.01151591
928367	40.72074902	-73.99414271
930728	40.70930892	-74.01313734
929469	40.72087252	-73.99440795
779596	40.7085197007	-74.0135044385
793634	40.7159112	-73.98913508
510393	40.7609558911	-73.9785157059
142658	40.6386648532	-74.0059167464
299605	40.6190267333	-74.0158247333
2140133	40.724341522	-73.9808011
848174	40.7082115901	-74.0021561605
1502647	40.57480043	-73.98417687
1490713	40.811797763	-74.214780445
807655	40.82354176	-73.94481742
475778	40.7629500747	-73.9837016028
2838508	40.763593325	-73.914323279
635238	40.7479101459	-73.992556806
3274801	40.72593945	-73.99484223
809108	40.73504335	-73.9927126
573888	40.74129271	-73.99984562
946193	40.7515809851	-73.9844119549
399213	40.673204656	-73.9863938111
236405	40.7451093164	-73.9828561766
659557	40.73582875	-73.99020218
267642	40.7600624	-73.9766110167
1208473	40.76805635	-73.986243067
865259	40.6642153844	-73.9808031937
42861	40.674820081	-73.9763720357
599019	40.6713768202	-73.9776855929
321874	40.7213791227	-73.9980150405
150047	40.6215204846	-74.0262645028
60615	40.6670287242	-73.9815375148
62964	40.6704360603	-73.978872467
56257	40.6673559	-73.98121925
59597	40.6674441333	-73.9776497
59595	40.6663186833	-73.97874495
51309	40.6637124464	-73.9850151393
590114	40.77947717	-73.97829675
1123670	40.72214835	-73.98649412
798590	40.7533885751	-73.9833136109
898471	40.7480375167	-73.9940730667
2753657	40.83196	-74.142729
1471798	40.7607482828	-74.0840291977
2683092	40.764462	-74.016899
2650182	40.720369	-74.000334
672515	40.83030055	-74.0929417667
1425229	40.8007249	-74.0491886
111864	40.7914962769	-74.131187439
261282	40.8261320333	-74.1384435333
732190	40.71710574	-74.00630801
1238449	40.76076287	-73.98351943
4951133	40.7631945	-73.98318958
561893	40.74518265	-73.9988432833
1132639	40.7572618333	-73.9148365
1000607	40.7585412833	-73.9845846833
334494	40.7622472603	-73.9820951162
1168149	40.7500129938	-73.978087306
1369554	40.6215589	-73.940786
607237	40.6917092635	-73.9589143037
109763	40.7255578667	-73.9876377
963926	40.80163195	-73.6523969167
1126784	40.7892755313	-73.6523871693
510964	40.7278254167	-73.8130284833
500152	40.7206076292	-73.7925481796
500122	40.7224587	-73.7940733833
495538	40.7230551302	-73.7946724892
495469	40.719776849	-73.7942928102
494790	40.7217674833	-73.7953095333
500092	40.7227091333	-73.79555375
494540	40.7242126465	-73.7963409424
495495	40.72112395	-73.7953261
495417	40.7194061833	-73.79559895
495490	40.7207056667	-73.79551165
495441	40.7195855833	-73.7959227
495406	40.7191651667	-73.7961339833
495431	40.7195156667	-73.7960763333
495386	40.7190703167	-73.7964850333
495453	40.7201895167	-73.7960779667
499292	40.7215925	-73.7963531833
495351	40.7194082667	-73.7968143833
500076	40.7230442546	-73.7978488441
1203785	40.722824767	-73.8001183
1131127	40.7137218667	-73.7793444
1131122	40.7137787	-73.7793346333
1131152	40.7137071833	-73.7794284833
366779	40.85523927	-73.85465365
458267	40.85536735	-73.8553554167
1274369	40.847742	-73.863362
1016240	40.847221	-73.867149
1010450	40.74270385	-73.99671679
377440	40.7425424827	-73.9969539642
964228	40.7403259337	-73.9995958496
1009560	40.7420341833	-74.0003857667
891730	40.7403212727	-73.9985438525
938663	40.7414685195	-73.996625535
1000410	40.7403236802	-73.9983862108
583611	40.74153381	-74.00037103
549175	40.74142658	-74.00005125
1066032	40.7423302667	-73.9995886
209282	40.7422478166	-73.9970424771
203102	40.7424780275	-73.9975422053
511483	40.74164765	-73.9993681333
936144	40.74107307	-73.99781668
962239	40.74108451	-73.99780446
1327755	40.74110764	-73.9980207
401358	40.7368626	-73.7956577667
1046925	40.7442889333	-73.8095021
1202620	40.739818433	-73.800071283
489952	40.73943955	-73.8154122333
933296	40.73858672	-73.80896461
504789	40.7368765333	-73.8145839333
361664	40.7120717833	-73.8591080333
397658	40.7078021	-73.8365408333
840496	40.7115205167	-73.8570362833
1185223	40.7081648	-73.8375751167
870537	40.7108902931	-73.8522648811
762884	40.7107278	-73.8446950333
448683	40.7095889833	-73.8453420167
956455	40.70983585	-73.8477848
1286630	40.753952733	-73.751666817
432357	40.7596755792	-73.7471008301
401244	40.74874315	-73.7565273667
1193064	40.7564626333	-73.8001696667
980845	40.7544532833	-73.79997145
729500	40.72277772	-73.98864871
659370	40.7226637	-73.98833757
695766	40.72264844	-73.98830419
922613	40.7239597224	-73.9874718547
1030446	40.72241915	-73.98766715
746232	40.72296291	-73.98823791
1051852	40.7238742749	-73.9869103179
652197	40.72308254	-73.98805111
1149340	40.723312	-73.987437
1217381	40.72308558	-73.9871397
1021970	40.600002408	-73.7614345551
972046	40.76341845	-73.80913
922004	40.76330941	-73.80868971
308092	40.7568033167	-73.81600815
448498	40.7628343	-73.8047614333
835863	40.7624671517	-73.8035664042
1106157	40.762462626	-73.8044631112
664606	40.76212424	-73.80860197
506586	40.761593431	-73.8017749786
1040781	40.7613070667	-73.8024786167
1040805	40.76143855	-73.80329535
216136	40.755972659	-73.7976037656
458962	40.76150298	-73.80396902
179512	40.760942981	-73.8078944339
548671	40.75192463	-73.81113833
559187	40.75192719	-73.81112796
929904	40.75379645	-73.81123304
785700	40.7463279185	-73.8253010079
344775	40.6753721738	-73.5569237434
946418	40.6756106874	-73.5570626794
304951	40.6761105983	-73.5573354177
721525	40.6754141667	-73.5566871333
752991	40.641730374	-73.6660585403
635697	40.64151485	-73.6661646667
603896	40.6413422667	-73.6581666167
949436	40.6410665667	-73.6625229667
543541	40.64065285	-73.6604306333
1112668	40.6342518833	-73.6541953167
116890	40.9098757423	-74.0332852972
923065	40.8244536781	-73.9305961132
814416	40.784339	-73.929765
861968	40.72264498	-73.84441393
866555	40.7219685167	-73.8460149333
226346	40.7247334065	-73.8489753065
371145	40.7238829	-73.8489594333
453563	40.7231068667	-73.8478489333
802085	40.7236324346	-73.8481101394
755861	40.7192876333	-73.8422055833
825853	40.7191756911	-73.8421696642
485910	40.7181356431	-73.8374590874
561964	40.7184529333	-73.8375153
585299	40.71892285	-73.84184345
291598	40.7188319667	-73.8412951833
307173	40.7206469048	-73.8419300767
654942	40.7191915046	-73.841332974
612402	40.7189969478	-73.8388708539
654694	40.7183206031	-73.8407363407
615508	40.7188421295	-73.8411615344
594221	40.7186279167	-73.8379821833
866185	40.7185497833	-73.8408246
584193	40.7187867667	-73.8388367333
685565	40.7398202	-73.7903339
784435	40.76029449	-73.98694568
627433	40.76038753	-73.98679906
550814	40.76065313	-73.98674696
402870	40.7328019	-73.8493667
871880	40.7471560167	-73.8056331
843893	40.74214267	-73.61433815
641795	40.63896555	-73.78541415
340193	40.6451214569	-73.7919178178
641765	40.6389805167	-73.78711265
551246	40.6390784	-73.7862226333
166360	40.6454801036	-73.7781715393
555219	40.64478278	-73.78792405
572405	40.7092364833	-73.8294717167
446055	40.7089250833	-73.8304366167
474255	40.7087829167	-73.83130335
513862	40.7317931833	-73.9854317
237206	40.7315274849	-73.9837081702
411209	40.7302618633	-74.0003321023
316546	40.72812875	-73.9949158667
154428	40.71056419	-73.79995298
355829	40.7293067667	-73.7804816333
535098	40.7333181833	-73.7836858667
336775	40.7383859667	-73.7937258667
389414	40.73253875	-73.78899252
579439	40.73937535	-73.7868618833
546033	40.7402657667	-73.7843325167
447774	40.74094217	-73.78427035
182059	40.7429781333	-73.6566242667
529478	40.74265	-73.9835635
548200	40.74368542	-73.98463761
495773	40.7439833655	-73.9834669325
127739	40.74355411	-73.98371577
208408	40.7427214523	-73.9848078542
1087518	40.70998847	-73.87190794
2682732	40.84907907	-73.85599738
1996235	40.86136387	-73.86786097
1539007	40.861372	-73.866571
3844025	40.84715276	-73.86453449
3843037	40.84715276	-73.86453449
1509057	40.850169173	-73.86322023
1530444	40.8501	-73.866246
1346585	40.8276174	-73.9212644
1441315	40.825785	-73.923332
893302	40.75188523	-73.96769648
1069840	40.7506788157	-73.9705824852
170701	40.75286996	-73.97036564
939834	40.7557739167	-73.9752082667
1041036	40.75686967	-73.98013365
831225	40.8208876848	-73.8911730051
852916	40.8206140995	-73.8922780752
873198	40.823004	-73.894765
885120	40.82158941	-73.89515566
332972	40.84588185	-73.82768425
760723	40.846593976	-73.8328939676
671484	40.7608478321	-73.9686003327
287839	40.7419891357	-73.9826965332
610056	40.741825	-73.985152
201207	40.7419666616	-73.9830523165
433361	40.74105852	-73.98373949
242230	40.8404374385	-73.9074325562
181424	40.8377505667	-73.9004612667
168788	40.7401496951	-73.985420265
425348	40.7405510863	-73.9851314162
204901	40.74061578	-73.98395383
533317	40.7434803126	-73.9228489374
221512	40.74353134	-73.9231067248
27921	40.75564265	-73.9276918667
740422	40.6252793167	-74.1469114333
633249	40.6078862333	-74.1688906
1058877	40.66704265	-73.9813625167
664912	40.6662664095	-73.982477548
986662	40.68960565	-73.99204367
369808	40.8072438971	-73.9647111297
1575794	40.6563556194	-73.9843100309
1537269	40.6209987402	-73.9755928516
147699	40.7194773575	-73.8444757462
1502390	40.6732213497	-74.016340971
1246964	40.68438845	-73.97798776
1145606	40.663851	-73.984916
724593	40.6659179009	-73.9822340012
1271941	40.6676530838	-73.9868098497
1198950	40.5836279833	-73.9410453333
146915	40.6649090107	-73.9831774214
497783	40.7670825918	-73.9839787315
721877	40.78678295	-73.9791000833
884421	40.7620391491	-73.9898290873
953217	40.763919	-73.984668
459095	40.6978524397	-74.1791112143
1015590	40.6448704004	-73.9211922884
1202336	40.691338217	-73.909466183
344296	40.6913171833	-73.9878905333
983063	40.7622867823	-73.9602452517
969807	40.5971753597	-73.8816136122
872975	40.7312214375	-73.9935529232
765441	40.7143878937	-73.9868688583
754948	40.6638872623	-73.9495003223
267377	40.7062887584	-74.0383404493
736740	40.5414312333	-74.1783865667
506608	40.6951189996	-73.9954733849
2780254	40.711903	-73.951769
2712838	40.7086388177	-73.9581184002
1256818	40.7186510825	-73.9875336507
2504741	40.710533	-73.96226
99227	40.7578326049	-73.9274797365
1009149	40.5884316	-73.670791625
1359182	40.7454768794	-73.9828884602
1542343	40.769564786	-73.95768773
1084826	40.7676572791	-73.9556184679
708856	40.7615576935	-73.985826913
837899	40.7502968124	-73.9749920368
1279276	40.72549426	-73.984125893
756648	40.67446295	-73.9751896667
766197	40.6722534004	-73.9775234016
4112280	40.6628358364	-74.2126464844
3721227	40.746893	-73.981584
1950875	40.759119383	-73.98642395
2814946	40.7493907213	-73.9764887094
2796826	40.749028	-73.977638
576668	40.7407407776	-74.0017435941
696413	40.720407548	-73.9431634474
1190944	40.723147333	-73.944373533
769282	40.7223122	-73.9435464833
769424	40.7221165167	-73.9435016167
1121755	40.71917325	-73.9562128667
855850	40.72428303	-73.94860064
964354	40.71665877	-73.96130883
899596	40.7227054927	-73.9483737946
687099	40.76291072	-73.98563635
329854	40.71760493	-73.9591121
912512	40.7175925932	-73.9596579619
917733	40.7219223092	-73.9412170752
678076	40.7167204742	-73.9588319231
658290	40.7177683667	-73.9577129333
756903	40.7177793167	-73.9576655833
560131	40.7171039333	-73.9567169333
296317	40.7164771333	-73.9573931833
886458	40.7158482	-73.9557970833
620588	40.7201197445	-73.9418721199
116432	40.6812895473	-73.9941581997
622470	40.6814073298	-73.9940634986
705837	40.7179315	-73.96036064
564803	40.7186739365	-73.9547446801
883347	40.7073176009	-74.0139678298
123552	40.7782633841	-73.9808843386
854333	40.7262458	-73.9864624167
854145	40.7252737167	-73.9902493
753788	40.7866676333	-73.9820058167
927617	40.7366666667	-74.0295725667
403861	40.6245805	-73.97635984
1289256	40.7367837672	-73.9861093454
759358	40.7273643673	-73.9884368734
1087056	40.72049784	-73.993909
485526	40.7556899116	-73.9946128305
341177	40.75439435	-73.99268513
709632	40.7670065675	-73.9541393268
341771	40.7262285	-74.0019746833
144958	40.7388844663	-74.0397512913
4288383	40.746896267	-73.985924717
1233545	40.742242117	-74.004101967
3512176	40.927986693	-73.96266281
651565	40.7108787103	-74.1669213715
691704	40.6633622683	-73.989935758
205887	40.6912305976	-73.9918255806
56730	40.6897403833	-73.9934072333
1028419	40.7606174	-73.9704071
1403630	40.6901772	-73.993726
1065170	40.7544357	-73.97722307
748402	40.72182697	-73.98710942
794077	40.7595943131	-73.977599144
525637	40.7258460376	-73.9905569305
942590	40.77754729	-73.97911453
1491852	40.782531205	-73.983129122
896138	40.766882	-73.9892
833538	40.6945522097	-73.9932954517
481362	40.6908626511	-74.1892683812
4068757	40.618810983	-73.942495283
3557784	40.590052121	-73.921270748
1380511	40.586574967	-73.92503925
2631182	40.77451166	-73.596625052
1045104	40.7626085167	-73.9814117
3713472	40.656182933	-74.0020264
827398	40.6691692833	-73.9897243333
1064536	40.6634113316	-73.9914393425
151121	40.6689226167	-73.9899964833
997980	40.6680386675	-73.9870577742
681180	40.5533607333	-74.17532125
827305	40.7421321351	-73.9828434863
827103	40.7453045796	-73.9894037254
781007	40.7224884033	-74.0371246338
433861	40.7403145167	-74.0429669833
901012	40.8248388167	-73.8714017
1488897	40.715136383	-74.001773867
1574066	40.6568223238	-73.9134728909
549466	40.6859946605	-73.9737411033
524922	40.7278778696	-73.986045421
5384890	40.727968954	-73.985720583
667042	40.74643915	-73.98800534
709330	40.72091364	-73.98671162
3028867	40.743058625	-73.99074516
758017	40.7226326167	-74.0039190833
1238239	40.7232230902	-73.9514368773
523496	40.7434463883	-73.9879953861
200359	40.7397806333	-74.0302891333
622642	40.7388363564	-74.0307703024
844654	40.7182806	-74.0007139
1312985	40.760961771	-73.7304925919
755099	40.73965755	-73.7848653333
4508660	40.7198274136	-73.8413107395
1284655	40.7024890304	-73.9887842067
4071221	40.730728443	-73.863907064
3791288	40.759493	-73.831418
3613089	40.7699257135	-73.736538291
1343862	40.7607375514	-73.8330092305
818849	40.7636606667	-73.8281203333
1860484	40.7103377581	-73.8502639532
542539	40.7687361293	-74.0209597349
59010	40.8127922873	-73.9842446663
810112	40.7583225833	-73.8315117167
348029	40.7166401301	-73.9977483286
1543868	40.7506942749	-73.8700318336
915947	40.9167605639	-73.7805855274
417374	40.8063465438	-73.9643329382
398329	40.7820294333	-73.9499345667
680809	40.8540773392	-73.8887536526
680776	40.83391	-73.897678
1828693	40.7006496191	-73.9421457052
196915	40.7280009708	-73.984947667
296129	40.7286046427	-73.9887103505
309213	40.72515517	-73.99062097
289825	40.7448000573	-73.9818373523
284374	40.7437257036	-73.9795121588
854638	40.7596238844	-73.99343212
847926	40.75850684	-73.9896764719
843562	40.7574835167	-73.99470755
753122	40.78701996	-73.97702425
487481	40.8923833167	-74.0696737667
5332670	40.759371283	-73.97663805
783806	40.7304377448	-73.9865489463
1140621	40.7854995728	-73.9804153442
999465	40.8130297073	-73.9411747456
3413606	40.754514983	-73.9943468571
1054732	40.7558231	-73.9931283333
1050189	40.7588629135	-73.9888751507
3764357	40.7550407	-73.992895867
2832309	40.7201766645	-74.0003442764
709017	40.735039	-74.0018837833
731202	40.7355353667	-74.0031032667
1369972	40.74919992	-73.98408246
863641	40.75384998	-73.99229186
1006904	40.7540590167	-73.99249975
305975	40.72981685	-73.9796237833
2245371	40.730113635	-73.981050867
188473	40.731059455	-73.98186142
610445	40.7302429	-73.9806657
556921	40.73073881	-73.98060715
226783	40.73102688	-73.97998648
681889	40.7555134674	-73.9932697066
632990	40.7553218735	-73.9931555985
993970	40.7327694	-74.0040089833
180079	40.714216056	-73.8308286667
641179	40.7554521037	-73.9940712102
1791204	40.7542386563	-73.9808928967
690162	40.7524343774	-73.9814507961
1244132	40.7522014	-73.982537117
1457081	40.752993	-73.979603
590290	40.7142930167	-73.9602299667
298573	40.7299355585	-73.9573728037
355834	40.6797449667	-73.9841691667
84990	40.7201662667	-73.95271765
917950	40.7377295512	-73.9879595869
1123980	40.7438769225	-73.9963947715
857314	40.6804697348	-73.9777052859
776076	40.7701909706	-73.9809470342
323917	40.75934648	-73.98159646
745108	40.67686295	-73.9723449667
1029109	40.6758390667	-73.9718063
371260	40.7590766585	-73.9863520272
298587	40.67273045	-73.9768505
820516	40.6724392667	-73.97678215
883841	40.7520771231	-73.9859762597
1291741	40.7158913	-73.995762
3831643	40.735701044	-73.99066383
1349912	40.67673885	-73.97231876
428157	40.7253509	-73.9942578667
629373	40.7373481661	-74.0038341418
1000132	40.7387014583	-74.003987612
972858	40.6723336133	-73.97355356
771669	40.7034305164	-73.9898848751
158494	40.8086757333	-73.9543767333
786897	40.7149424333	-73.95418615
4590007	40.758895	-73.979205
1068008	40.75524169	-73.98721021
782978	40.755833	-73.980007
1363704	40.7098245432	-73.9625251293
57018	40.6188191167	-74.0303383
402873	40.6551148978	-74.0098967183
636966	40.741794638	-73.9814186096
699210	40.7743248393	-73.8729751981
760792	40.7257246479	-73.9851778206
4557615	40.7604078	-73.98145681
1477520	40.945294	-73.916444
1326367	40.742659289	-73.986770805
530589	40.7451359429	-73.9941404242
131139	40.7077349167	-73.7926638167
212722	40.70953339	-73.78538107
1105703	40.7801004	-73.9528696667
543653	40.782730137	-73.9513091844
1122931	40.781238	-73.952767
1270169	40.733044718	-73.988088256
1451825	40.634439992	-73.965942936
1450786	40.68817013	-73.980396415
191039	40.7339782715	-73.9886932373
1360877	40.7349193	-73.9907726
1349473	40.7332877333	-74.0022115833
1349212	40.733013643	-73.987364581
376084	40.73656165	-73.99195098
1346686	40.725047517	-73.951842383
854014	40.7454524944	-73.992716074
712272	40.6821858789	-73.9935788232
190059	40.6844406124	-73.9919509732
1342823	40.682012031	-73.993678907
100659	40.7237841531	-73.9512555258
5643974	40.722433599	-73.99374851
949335	40.7178291	-73.95768773
850529	40.74099195	-74.00536924
1297422	40.721839905	-73.956481934
801915	40.71994305	-73.95699735
1506312	40.739209109	-73.992796475
585146	40.7191467816	-73.9584494721
701725	40.7197407466	-73.9557093705
1300045	40.719959	-73.956113
162020	40.7206747172	-73.9569396973
4124940	40.752278757	-73.979690247
2333429	40.827537889	-74.103746443
736999	40.8223552833	-74.1004538
218075	40.7625892129	-73.989636355
639896	40.74032241	-73.98074227
4885699	40.748223283	-73.720318433
637373	40.7658887759	-73.9826897558
589357	40.7627155369	-73.9932678018
605791	40.7560103781	-73.9969968796
5667472	40.7594168186	-73.9839881659
5431769	40.7493133468	-73.9758825302
637191	40.742828371	-73.9151763935
1237141	40.7524425049	-73.9677286148
1397499	40.769944686	-73.953606936
133036	40.6886029506	-73.9832961559
459725	40.7292100755	-74.1635459661
244984	40.6356293081	-74.2415714264
219016	40.7949059829	-74.0259282063
493484	40.6456917577	-74.2292010784
917138	40.64849531	-74.23408412
971644	40.6571397833	-74.20667045
982764	40.67323475	-74.2467580833
4041049	40.722981167	-74.191874583
1831548	40.6697678	-74.23769275
1050032	40.6710905667	-74.2528553833
1433117	40.821285933	-74.158456117
1068326	40.6560017333	-73.8086865833
1951782	40.723894868	-74.00046445
3114670	40.78836975	-73.78395298
521273	40.7197649838	-73.5872955325
1167736	40.6569291315	-73.645008548
1167119	40.667308	-73.7074465333
509428	40.66662526	-73.97659587
659288	40.71866095	-73.9552601167
2758459	40.6839823723	-74.1625320911
1327607	40.5963385105	-74.0592831373
1163989	40.7169314854	-73.9587355736
436045	40.6476566283	-73.7807926996
487120	40.7447918667	-73.9058208167
1006362	40.7456918667	-73.9031427667
1006302	40.7463635167	-73.90298515
1063877	40.750346	-73.971889
1586321	40.753996369	-73.972291347
1980689	40.90555071	-74.03264361
108934	40.8267433735	-74.1053502681
5498644	40.717178226	-73.95520549
1073213	40.7430166655	-74.0060471808
866992	40.7103585885	-73.9641412963
1233398	40.7244408131	-73.9505195618
562151	40.72403299	-73.95419979
1028952	40.7434329165	-74.0072124187
575594	40.7475648022	-73.9930116973
1569555	40.72218739	-73.98652654
480141	40.7076330917	-74.0039931125
1374805	40.73950115	-74.004159167
1265738	40.721487443	-73.999525151
1186583	40.7370137342	-73.9553923734
1087150	40.7475438631	-73.9916837214
716331	40.74269402	-74.00126314
5303123	40.464098	-74.00627694
766206	40.4617468	-74.0017816
2608910	40.7549697161	-73.9624232054
990388	40.7325360167	-74.0019607833
88730	40.738816982	-74.0055119865
491342	40.6984710693	-73.994102478
210769	40.7601645084	-73.9824410197
173851	40.68826435	-73.9650906333
1457586	40.7089413833	-73.8684862333
1985449	40.7582859148	-73.9839506149
1354271	40.905604433	-73.913188533
908858	40.70979648	-73.82888817
243568	40.7614725964	-73.9879273228
5206958	40.871849421	-73.918894856
4794554	40.748950831	-73.99014331
337092	40.7154696432	-74.0088658571
1030508	40.7232374667	-73.9830716167
1534357	40.8866930008	-73.9794820547
87954	40.7296287863	-74.0025195479
1465983	40.8614802361	-73.9547359943
497439	40.7052971	-74.0021006
190905	40.8788263667	-73.9701004833
1451590	40.893124938	-73.9735490084
1429738	40.763584	-73.994596
1250621	40.744188	-73.995558
1242206	40.7520042	-73.9901199
1365833	40.9110528231	-73.9666235447
1365148	40.76042073	-73.98716866
1306212	40.879805	-74.066644
841421	40.72653722	-73.99734908
1256186	40.7252293825	-73.9840632677
1251400	40.723373	-73.992347
1245241	40.7510433333	-73.990811
798749	40.74181681	-73.98838174
3355770	40.735735986	-74.002622786
1162737	40.74497509	-73.99836307
1379643	40.7097678	-74.00713195
724903	40.7065331685	-74.0110098556
1523996	40.73192691	-74.00101566
17647	40.7209616333	-74.0510982333
1529908	40.705748667	-74.003052617
59202	40.6199271493	-74.0991299309
791242	40.7060380167	-74.0071871333
312445	40.7105635596	-74.0161971572
2688490	40.739876215	-74.0058159828
1091449	40.8753125	-74.06406215
1472070	40.766810123	-73.982757583
1249637	40.705857267	-74.0167383
225872	40.75287425	-73.9777445167
422274	40.7326439379	-74.0036611042
1157026	40.7266642574	-73.9870966019
211250	40.7100667179	-74.0167957404
1603827	40.75204652	-73.975301007
5104158	40.758463	-73.979421
1240549	40.761634283	-73.982300633
848263	40.7611685152	-73.9832977635
1598387	40.7597746125	-73.9795318125
1109661	40.7610570882	-73.9774596691
5314448	40.761064745	-73.983605123
4737086	40.7605165243	-73.9809089899
533144	40.7607651842	-73.9808044053
1321672	40.76080036	-73.98006409
1490130	40.7620241274	-73.9818155766
972401	40.7225916569	-73.9858603477
1166246	40.730239749	-73.9930915833
2361372	40.7370309945	-74.005086422
359813	40.7210983	-73.9869858
2099011	40.72808235	-73.99092245
2034560	40.746364283	-73.986899619
5347879	40.76359647	-73.97823059
4748066	40.74725991	-73.98512274
1420332	40.693154173	-73.969792874
661505	40.6893393833	-73.9699742833
2285214	40.693224025	-73.969088903
2780314	40.69609993	-73.97029805
685168	40.6932135258	-73.971660536
1319486	40.66115415	-74.1742801
1104446	40.66146343	-74.17517411
1296706	40.75922566	-73.98281902
993518	40.814567	-74.214661
1276571	40.7634157452	-73.9835268259
296493	40.7609182433	-73.9812981681
1327237	40.78029626	-73.98811674
1276620	40.7633263575	-73.9834570885
1241357	40.7401885824	-73.9957427982
983655	40.764754515	-73.9846372604
251211	40.73732125	-73.98864573
2823231	40.75756073	-73.9841920137
672196	40.8229664333	-74.0719757167
999270	40.75904029	-73.97852641
502195	40.7528575973	-73.974876446
779177	40.7202415425	-74.0049041324
434771	40.8493867716	-73.9849620166
1459264	40.850407653	-73.996090947
739977	40.8505627	-73.9960697167
826423	40.8503131667	-73.9964747333
231794	40.8516968167	-73.9956079333
175656	40.8479766036	-73.9978923968
759757	40.8476852895	-73.9980791143
372062	40.8470115	-73.9985419
264093	40.8469800529	-73.9985402672
1096408	40.8466720581	-73.998840332
724934	40.8460902473	-73.999219969
1462518	40.845188	-73.998331
826649	40.8459017896	-73.9993421565
1126729	40.84625465	-73.9997823
624506	40.8458223	-73.9994345
421689	40.8457260132	-73.9994812012
434795	40.85160045	-73.9864156167
755933	40.8502294167	-73.9853369
554035	40.8444005667	-74.0003802167
993446	40.8441366333	-74.0002961167
1074047	40.74552571	-73.98475188
1101934	40.72584885	-73.9420321833
299315	40.7592999742	-73.9806839723
793642	40.7345962524	-73.989616394
75017	40.6475619045	-74.0077763983
160897	40.71638727	-74.00013577
1295898	40.727033207	-74.005530684
430822	40.7508260333	-74.0060696333
1300731	40.729840317	-74.00051975
1484280	40.721513467	-73.994004917
2938094	40.730616168	-74.004765596
705963	40.7306614939	-74.0005925114
1310018	40.728306383	-73.987362033
470761	40.75833886	-73.98531574
1479994	40.649505	-73.86912
5173099	40.752529783	-73.994582067
5707206	40.604261742	-73.999758553
5417270	40.752224869	-73.991478132
5369604	40.751520775	-73.991115116
421596	40.6123891	-73.9826228
5448024	40.608823569	-73.98079567
3205084	40.60219204	-73.97696518
3173331	40.612100779	-73.982762917
149728	40.6416638833	-74.0034392667
3298493	40.729655	-73.987092
746067	40.7307510876	-73.9852374649
787512	40.7320652	-73.9878748333
1829393	40.593578449	-74.000308382
1684556	40.750624683	-73.991709267
560564	40.6363246712	-74.0086401519
104390	40.6520354	-73.8694773667
190666	40.6910848667	-73.9962025
880099	40.77788255	-73.9519982167
1441100	40.82246154	-73.92976178
939879	40.819887	-73.930177
690772	40.821	-73.924
984679	40.81863015	-73.92740541
316294	40.7651777667	-73.9912183333
2835722	40.74215382	-73.98505544
2838413	40.750045	-73.98132342
947625	40.7632225229	-73.98182249
154462	40.7607958237	-73.9902440506
1959291	40.753127267	-73.973920432
1482980	40.7507747412	-73.9771592617
575275	40.7202173552	-73.9882452537
553496	40.71417629	-73.96017804
924816	40.6933031605	-73.9671970201
1116244	40.7897169196	-73.9732459188
546640	40.6821564833	-73.9937017667
766149	40.6895205833	-73.9710053667
12857	40.68591355	-73.9911174667
682656	40.6867875936	-73.984944446
589576	40.6348519833	-74.0095356833
800352	40.63419145	-74.0039783833
402276	40.6315247167	-74.00355355
1331457	40.619757858	-73.916337421
1331420	40.6195853141	-73.917881533
758474	40.6110773833	-74.0957182
54171	40.6006126333	-73.9124689833
89308	40.5886411667	-73.9400218333
315914	40.5838165283	-73.9397125244
141325	40.5848520833	-73.9452613
99373	40.5941957833	-73.9408913833
422089	40.7053802803	-74.0086906936
827010	40.7604570962	-73.9840649285
234906	40.75998311	-73.9836410439
1209700	40.7596227563	-73.9850878716
886164	40.7739443706	-73.9852702618
579058	40.7256890167	-74.0000134
1073929	40.74930608	-74.00713831
745886	40.7487563315	-73.9946122128
1169886	40.7048256833	-73.9174275833
664114	40.6823805485	-73.9934551211
347299	40.9353167	-74.070785
259735	40.752058349	-73.9755186505
1209434	40.754935067	-73.971539367
1006231	40.76034653	-73.97569948
578678	40.7874350943	-73.9783654479
1307301	40.72838401	-74.00262433
5632248	40.816211444	-73.979821474
922969	40.736027	-74.038306
935161	40.7380227709	-74.0349125862
549527	40.8554602167	-73.9773657
210170	40.7324539986	-74.0387535095
88666	40.7330068319	-74.0377986431
521413	40.661227473	-73.990187052
5592496	40.640697194	-74.018402839
1015084	40.7278779757	-73.9882021983
4538842	40.75595907	-73.989217597
1569939	40.689639536	-73.991931061
1162327	40.73462319	-73.99986112
405291	40.7318651	-73.98870474
1574777	40.75155973	-73.99372816
1569972	40.71909255	-73.985208717
1536632	40.75985211	-73.97240763
5499286	40.7466433	-73.9818502
59350	40.7272859667	-74.03438975
403401	40.6668166383	-73.7798822656
1246586	40.67651134	-73.98044294
712744	40.7367871127	-74.0014493465
1335993	40.73240572	-74.00346219
1289864	40.7391718	-74.003057867
934262	40.7389106667	-74.0031665333
756632	40.7326380219	-74.0029836221
754822	40.72200113	-74.00399821
4234362	40.74176841	-73.98420387
1335967	40.755834813	-73.980608643
694081	40.7870566054	-74.0454053879
1599769	40.75969175	-74.15154835
714886	40.7292568595	-74.1617250287
459633	40.760837674	-74.1584765911
622549	40.7652972371	-74.1481633928
970392	40.7858366167	-74.1620423167
459658	40.7389738868	-74.1695380211
884296	40.74064235	-74.1708966667
459628	40.7628773856	-74.1569423676
2441740	40.761652933	-74.157943617
694089	40.7888843136	-74.0448367596
1518514	40.841760617	-74.159062933
464756	40.7599518833	-74.1613841057
464746	40.7618169059	-74.1596674919
464752	40.7607889152	-74.1610729694
751992	40.7747269667	-74.1431468667
863610	40.7867132833	-74.14587785
813846	40.7808613167	-74.1392781667
809183	40.8080593667	-73.9462969
1919027	40.74240338	-73.98243832
396069	40.7486741833	-74.0021195833
3934287	40.727114296	-73.634190744
1253412	40.77376103	-73.98336404
996413	40.67409914	-74.008237
1114558	40.7373219341	-73.9924856897
740310	40.7454156833	-74.03330325
760476	40.7486836904	-74.0301489195
518247	40.7429322167	-73.9967012
1109397	40.9163592	-74.07179145
905949	40.7225667969	-73.9478351845
36954	40.83127635	-74.08956195
1296268	40.81411015	-74.10875266
204735	40.7375512725	-74.0322303772
1285867	40.832971033	-74.13696925
977485	40.81220697	-74.12240937
1247428	40.809114633	-74.192222717
418481	40.64590334	-73.77656328
5161393	40.74091148	-74.00569707
3510493	40.724886322	-73.995534506
2605224	40.714407588	-74.03501429
2825382	40.7323036	-74.003319583
2776466	40.71378045	-74.036741683
1145246	40.716979854	-74.0383626163
2049710	40.713455939	-74.037800029
1558736	40.735486752	-73.979792352
2435255	40.73723724	-73.980824105
4178016	40.70736247	-74.008827565
5763040	40.742172989	-73.982899202
1602746	40.737480983	-73.974163929
5076496	40.744767148	-73.975315143
624610	40.7339477539	-73.9806900024
1218662	40.744856	-73.9770325
1561516	40.742535639	-73.984329364
443239	40.7376618537	-73.9878805558
1557763	40.704469165	-74.006035194
4510940	40.735973393	-73.98936346
4181962	40.73460624	-73.977845314
517259	40.7048766621	-74.0096930384
1562249	40.719325314	-73.996763198
1593255	40.705005512	-74.009481194
2929982	40.703637165	-74.010368303
837854	40.7052300062	-74.0112317968
3468017	40.703509707	-74.013054724
2889240	40.736689817	-73.973834661
3138584	40.837230222	-73.783103293
1422304	40.837441967	-73.782456383
3053218	40.7370228651	-73.9796161652
1183381	40.7089878073	-74.0102535936
694392	40.7340578921	-73.9773076148
2505538	40.703513087	-74.010326448
2362422	40.751151232	-73.984986431
2285810	40.760541427	-73.994988575
2285270	40.762114311	-74.003409036
2278394	40.761664571	-74.002305838
667538	40.7435748199	-73.9209401608
1725970	40.743593809	-73.918825158
1669578	40.744676237	-73.983677168
1598083	40.704791864	-74.009186852
1588071	40.705680584	-74.009272538
1588063	40.705680584	-74.009272538
1583686	40.705043723	-74.002739187
1563074	40.705071985	-74.011605514
1548788	40.736593036	-73.982763212
575596	40.6536140551	-74.1981437802
1703454	40.75630188	-73.980117798
1498155	40.710900502	-73.949385913
1193913	40.660179567	-74.202323
1534312	40.670392465	-74.231273951
74134	40.6636514	-74.2400669667
1100994	40.6551832667	-74.2435184833
899555	40.6724476	-74.2413159667
1458272	40.74072629	-74.00610846
1444748	40.75758814	-73.994623
1308000	40.93619005	-73.723704667
626564	40.9363623617	-73.7469406506
1305823	40.936330183	-73.72462885
5412032	40.727313	-74.034682
593816	40.860957403	-74.0721443295
2223143	40.7697436836	-73.9883708954
663792	40.9097240167	-74.0387160667
1273758	40.79464799	-73.80894535
1092833	40.7962082774	-73.6697674245
971600	40.7637889	-73.6471200833
844079	40.8473996667	-74.0058582833
524315	40.78773635	-73.8096171667
1599697	40.86400985	-73.86594009
1694129	40.865340683	-73.8671001
1658694	40.86437577	-73.8658725
1278098	40.75465542	-73.97758167
727507	40.7291964934	-73.9504359004
1166647	40.7580347275	-73.978076142
1155426	40.75741034	-73.99013346
427497	40.7775575903	-73.9509153259
596744	40.7284331026	-73.9871562107
786366	40.7083047	-73.6901106833
1364124	40.76793223	-73.98519873
1132562	40.7002825	-74.1865491
914730	40.8826845167	-74.03881185
5300047	40.7708900833	-74.1450231667
997663	40.7751151833	-74.1428101833
1025166	40.735413	-74.166357
1360571	40.73277815	-74.17331735
1003932	40.8824424167	-74.0435632167
775308	40.7364768167	-74.17176535
166192	40.7627859667	-74.1598487333
916153	40.8819346667	-74.0418786833
771946	40.6679821	-74.1116481
1110286	40.75450068	-73.9802308
1498476	40.733488	-73.993651
3661883	40.73291844	-73.99353474
2955314	40.762242417	-73.959370363
3458398	40.769569989	-73.957849397
475531	40.7477485701	-73.986576613
1415108	40.750700788	-73.981631536
126573	40.7364436107	-73.9923662182
2957156	40.726313311	-73.984120528
740842	40.7287248549	-73.9880462387
591356	40.7187767	-73.99753325
1233494	40.7277305	-73.989884
74694	40.7256568134	-73.9803697144
814168	40.7338494	-74.0013979
570994	40.7534592678	-73.9744377857
5228253	40.743103	-73.987591
5176357	40.763164025	-73.959432167
1199325	40.756368736	-73.981432298
1375982	40.750327	-73.9719
1181634	40.7352912853	-73.9919865131
1096959	40.7624351426	-73.9786145731
1105360	40.7607650757	-73.9836730957
1497843	40.6697022915	-73.9860749245
374393	40.6747248963	-73.9753329161
1480176	40.6506693363	-73.8380008936
3999352	40.914441693	-74.058208286
1127246	40.8646714068	-73.9616217996
526139	40.8573082018	-73.9795648281
441691	40.91867375	-74.084302
200638	40.8597875	-73.9717591
744341	40.7633948089	-73.989787741
67191	40.7841269119	-73.977567697
385129	40.7827542667	-73.9807007833
326532	40.77685266	-73.98224234
1559170	40.74946957	-73.97349393
1563882	40.75164937	-73.97576862
4788839	40.745044321	-73.71220901
4788229	40.745444668	-73.714969792
1166015	40.725297	-73.999904
1153834	40.76565206	-73.976242
780273	40.7565548886	-73.9905273914
1556731	40.75439643	-73.98022156
1513954	40.63240885	-73.581705083
1483286	40.70990467	-74.0151388
1469923	40.65632039	-73.64502203
1232619	40.7422358167	-73.59617975
1150387	40.66764163	-73.8066433
535698	40.71667969	-74.15709877
2507896	40.6932092833	-73.9694574167
673213	40.6896741333	-73.97051695
634582	40.6930025681	-73.9685526915
357117	40.6904333658	-74.1952872276
1360816	40.75553536	-73.97654193
1060331	40.7504017146	-74.0061782888
1334075	40.743702165	-73.988026525
640395	40.7650701089	-73.9789144927
4269282	40.78923486	-74.04458961
414248	40.7524869294	-73.9731368396
1592386	40.7156974667	-74.0082294833
993835	40.85130555	-73.9392467
1209736	40.85484951	-73.93713158
1077303	40.8507670728	-73.9384019614
993743	40.8546320722	-73.9371621609
748930	40.8553218425	-73.9373660088
124596	40.7641745333	-73.9960875
4643919	40.724018588	-74.000460409
1033790	40.7361884155	-73.9917225498
676696	40.7550375891	-73.9809608917
1286889	40.741639792	-73.985903437
1050698	40.7642194097	-73.9883820072
983165	40.7251802	-73.9992631
700057	40.7337819303	-73.9746258903
1577348	40.829722457	-73.926005786
314054	40.9148654541	-74.0738858592
52692	40.9051529357	-74.0714979172
1509180	40.916224	-74.11163842
419753	40.6376568667	-73.7859949167
5558679	40.72777384	-73.98215955
2049310	40.936882483	-73.903215067
2115884	40.936187967	-73.904002917
1469294	40.934937283	-73.903849317
5547345	40.77884501	-73.9785642
1286698	40.784691114	-73.979506003
1537648	40.8060067	-73.96590825
4181872	40.77927017	-73.98225474
3791498	40.7795772	-73.976862167
335589	40.78499442	-73.97447127
1060907	40.7222111167	-73.99698155
1472257	40.754679083	-73.9829874
885074	40.6741232667	-73.9630788
1024852	40.7555928189	-73.9814617309
1285143	40.756064517	-73.9829768
1266221	40.68609744	-73.97288542
1265279	40.6859727	-73.973263867
1225144	40.786779823	-73.975626901
1224559	40.79019486	-73.97298926
2738776	40.775747352	-73.9531005263
587681	40.78066235	-73.97778952
273885	40.7835330492	-73.978093331
4361171	40.76313697	-73.98386891
3846761	40.76793384	-73.98236763
927337	40.76661485	-73.9554639667
1297217	40.77164036	-73.9822216
1020215	40.9160429824	-74.0622814732
3505866	40.721156717	-73.957250383
5734297	40.76090592	-73.98519092
5490368	40.74429595	-73.98534089
3673619	40.7702	-73.875226
1601944	40.6747654	-73.7364881
3655557	40.847217	-73.888626
3453217	40.6346480356	-73.9085648905
3396070	40.6400166091	-74.0793270277
3314654	40.703208	-73.835913
957773	40.7517735887	-73.9334756583
1983209	40.719638667	-73.97713625
1930138	40.895240533	-73.8457654
1690382	40.816779667	-73.861134667
1604015	40.66832075	-73.9123511
1522981	40.71889506	-73.998037909
623015	40.7416745333	-74.0314819667
166965	40.7605738266	-73.9891264693
255477	40.7601482858	-73.9887105018
1343262	40.750177967	-73.904272167
1306827	40.78141945	-73.98687994
1224739	40.6454083304	-73.7850513995
1592735	40.7090519323	-73.9062952995
1581738	40.7109875091	-73.8534450531
467754	40.776601179	-73.9493048266
218874	40.77951145	-73.9501787
1266858	40.763316958	-73.827464332
1267116	40.760015538	-73.827161996
1365151	40.7470351	-73.8909529
1247275	40.74634367	-73.89611625
970469	40.7600441833	-73.8920234
5529854	40.760314692	-73.892271535
3567837	40.747246161	-73.892606273
5498911	40.732727255	-74.001988063
4489820	40.742916067	-73.992869183
759115	40.719948984	-74.0034341812
1235674	40.753297733	-73.889555
1359758	40.749339934	-73.888668136
1270107	40.747145217	-73.89271955
4886634	40.715341969	-73.998786073
3608402	40.717904752	-73.997001606
771731	40.7380085167	-74.0021035167
4809634	40.761856943	-73.892102247
4770934	40.764815547	-73.822615368
1295822	40.814489	-73.939309
936088	40.7536291081	-73.9932605624
1426192	40.67343455	-74.10765868
922516	40.8036988333	-73.9635841667
1184093	40.76153055	-73.789861933
499039	40.7380170337	-74.0042961023
302200	40.7258081396	-73.9880225915
146540	40.7072672503	-74.0044775754
641824	40.6380896333	-73.7858592667
641820	40.6380896333	-73.7858592667
1335965	40.642988338	-74.012917892
1441638	40.6293779612	-73.9992982149
1438288	40.6416195631	-74.0179020166
61105	40.64026565	-74.0159302167
1581943	40.7293970729	-73.9861339331
3190621	40.7774949074	-73.9786612988
432349	40.7234633007	-73.9826248388
627819	40.74884075	-73.99606815
606092	40.727154037	-73.9844720353
180133	40.7867387073	-74.0417217563
166783	40.72580522	-73.97786086
4289941	40.772596403	-73.970222729
3468061	40.7163118667	-73.9947749833
201019	40.7308379667	-73.9573441667
477874	40.7410177667	-74.00560535
175139	40.6931351167	-73.9702922
5107859	40.757186619	-73.976434954
75077	40.6478645781	-74.0074693265
1541483	40.778175921	-73.954003052
279172	40.7354294882	-73.9917612076
298726	40.6948218782	-73.952188124
1538527	40.7664072206	-73.9840947404
104946	40.7572323328	-73.9722930326
612425	40.7171056805	-74.0163484117
634621	40.70327872	-74.01125848
1261330	40.72445607	-74.00169092
556662	40.72549551	-74.00183284
4229763	40.768013581	-73.984764449
3595014	40.764805	-73.965484
807917	40.972034259	-73.9603870156
1162940	40.57189105	-74.11245885
510131	40.5811588253	-74.1670840943
510121	40.5811588253	-74.1670840943
355982	40.58227245	-74.1646835333
356024	40.5822869333	-74.1646787333
356015	40.5822738833	-74.1646965333
988205	40.5829485426	-74.1656180153
1199318	40.61117465	-74.13622635
70505	40.6109931167	-74.136702
785671	40.58729338	-74.15571248
947659	40.77368068	-73.9818716
485187	40.7746050163	-73.9816188406
265643	40.7750264297	-73.9805791262
873220	40.5386236567	-74.1492641354
3041601	40.7205326167	-73.9893982833
1358010	40.7527107116	-73.9832961559
1329927	40.8642214537	-73.9263153076
1395645	40.7544255833	-73.99081707
659584	40.7591191167	-73.9926117
350579	40.7880557588	-73.9417245984
5738427	40.930422743	-74.078725206
5787446	40.910079428	-74.131436192
5771180	40.897849002	-74.100348633
1478378	40.91065415	-74.12352475
1463533	40.909004383	-74.128486467
1459191	40.9009729711	-74.1247472711
290207	40.8992413591	-74.1114199162
1382258	40.89998531	-74.03666651
360522	40.8478988678	-74.0763614116
881231	40.747637	-74.030985
5787610	40.7134943167	-74.0243939333
1421389	40.71403048	-74.0399356339
442938	40.7392629036	-74.0305563536
1079976	40.7360229443	-73.9870727062
163512	40.6949644441	-73.9922332764
598758	40.6978756833	-73.9929395667
1149938	40.6977278	-73.99242225
987074	40.7349823603	-73.9948403835
5238800	40.72315443	-73.995795842
2832428	40.726048332	-73.977400544
1087941	40.76217401	-73.97453296
1077746	40.7354887786	-73.9962145047
1076525	40.75200766	-73.97747832
466693	40.7155442667	-73.5986831667
194609	40.7160593167	-73.5980650167
176711	40.7194204368	-73.6042249203
794777	40.76887172	-73.98613882
585330	40.7679885791	-73.9845728874
776047	40.83649565	-74.1806867167
5012004	40.773265786	-73.953153081
1161625	40.70948314	-74.00639432
1093546	40.9295832667	-74.0343127667
487441	40.65651166	-73.80279463
625964	40.9395625333	-74.0310978833
961483	40.72520446	-73.99922686
165749	40.78585332	-73.97338354
377903	40.71727824	-73.99105656
5535354	40.722564601	-74.039626983
5328771	40.753908372	-74.032731438
1080063	40.74333518	-74.0291267
1175937	40.7654645767	-73.9831109513
581255	40.7442304104	-74.0355680746
79008	40.8083756833	-73.9307024
679926	40.70251524	-74.00530284
948685	40.8958477281	-74.0293574017
956170	40.7255441012	-73.9858584352
2005632	40.776784097	-73.911300875
1237153	40.7142874	-73.95096796
395053	40.775924694	-73.911048903
286369	40.762949214	-73.9206520046
408630	40.7717086167	-73.9562015
794212	40.7793878059	-73.9155864716
917947	40.7065621	-73.95461255
404881	40.7272231833	-73.984131
641918	40.7066555	-74.00896096
466525	40.6905686744	-73.9879975356
535455	40.72102463	-73.98697745
845588	40.94278425	-73.7360703833
1272983	40.933997033	-73.746495433
846748	40.7594512667	-73.9836975667
459619	40.7908906731	-74.1295409203
474597	40.758271596	-73.9843120647
764340	40.7165720667	-73.9987435833
716419	40.73651224	-73.99348896
267646	40.7605203167	-73.9763230167
3147962	40.85121777	-73.97067859
346770	40.75961953	-73.98211163
837242	40.7415014157	-74.0024173299
1009808	40.7161354533	-73.9564383592
832577	40.7403183303	-74.0030370437
445594	40.67550259	-73.98061835
427977	40.68775498	-73.98962169
262263	40.6783055436	-73.9794370183
403105	40.6748512833	-73.98709105
403056	40.6744053566	-73.9876198769
1180983	40.67650419	-73.98048144
847896	40.6801944167	-73.9780854333
913615	40.7199745319	-73.9598960387
416818	40.7577050667	-73.97034435
774478	40.7578298	-73.9856114
226424	40.7321008344	-74.0037268196
1186799	40.74414585	-74.00152635
247668	40.75380945	-73.97886347
646381	40.7173648	-73.9910836833
72100	40.703927	-73.9339197
748869	40.6923599564	-73.9519989936
356642	40.7073150262	-73.9431965474
469435	40.74279975	-74.00135934
4712616	40.74067175	-73.98392581
1592224	40.783458626	-73.980338272
840377	40.87292799	-74.02129913
949469	40.87043333	-74.02319866
1559206	40.68133163	-74.00443536
555288	40.7135203089	-73.9932456697
5957220	40.82293	-73.932104
5951160	40.7723611	-73.9184607
4652661	40.750082	-73.9411972
5811553	40.7712748	-73.92182385
5803811	40.77175762	-73.92473899
5150676	40.7706301	-73.9202162
5749575	40.7693521	-73.9189483
5392175	40.771849	-73.918614
4888310	40.7174217	-73.9984553
764747	40.761806748	-73.8303458691
4493810	40.7344322	-73.7547029
740126	40.72513246	-73.99095696
403304	40.6940542	-73.96120075
582081	40.7537229865	-73.9862562098
1186275	40.781142924	-73.949330929
562022	40.7588646222	-73.9934751104
82237	40.7054146421	-74.0136073854
80961	40.7210194167	-73.9872927
1387007	40.75927835	-73.9969477833
872926	40.7117188341	-74.0147143608
504403	40.7299966167	-73.9889499333
1110271	40.7222560957	-73.9821535694
161269	40.7223399266	-73.9932910993
976904	40.7122597376	-74.0151401732
323678	40.7250993123	-73.9971778945
956408	40.7393422273	-73.9990763922
647984	40.7050541833	-74.0048458333
644242	40.73882329	-73.99932765
855979	40.7643715548	-73.9957208114
855539	40.7094839981	-74.0045242591
415635	40.70581203	-74.01098841
333983	40.8977005	-73.9427405167
314269	40.7291050111	-73.9841714005
222918	40.69260078	-73.98810195
1277917	40.702921333	-73.99416985
904063	40.7247961935	-73.998261932
1381820	40.71359914	-73.95920968
347131	40.68175554	-73.97644394
657896	40.76155066	-73.99381494
867404	40.68118721	-73.99472343
1035506	40.7563273325	-73.9938104153
814788	40.7233151045	-74.006045109
349055	40.7479265252	-73.9870881874
96651	40.6652375	-73.9898177
264788	40.7776230787	-73.9531657478
1131326	40.75441025	-73.98529395
1183152	40.7439013522	-74.0008351691
1183151	40.7445808948	-74.0008005637
490014	40.7637143806	-73.9959132671
527829	40.7633649568	-73.9958059788
976259	40.7617337275	-73.9970686571
680386	40.7257875	-74.0018409
696801	40.7304214838	-74.0003979206
873632	40.668939087	-73.8216045499
787526	40.6647458187	-73.9868364692
5498846	40.724171588	-73.982766697
2583788	40.730131013	-73.994363157
496467	40.6577887333	-73.9972565833
1064540	40.6632567024	-73.9916539192
365750	40.7420587441	-73.9928906347
801075	40.7143009667	-74.0073728
784745	40.7436349523	-73.9886804533
513210	40.7848215667	-73.9795963
5688157	40.785570214	-73.978050928
955968	40.7846920499	-73.9772576757
1935927	40.758829	-73.982629
5288979	40.796338215	-73.970618004
3790644	40.75934201	-73.99156892
1007377	40.7395960929	-74.0020071988
1419943	40.790888321	-73.974603569
2507302	40.779604084	-73.981212213
2333013	40.783195884	-73.978043486
2332853	40.782574959	-73.978878607
2233167	40.78261545	-73.978855867
1069789	40.7784653833	-73.9823844167
1692128	40.782053446	-73.977583191
103864	40.6880915	-73.9974904
1293524	40.755844567	-73.976172333
1941201	40.763520006	-73.996312196
1339059	40.763567467	-73.995707817
698177	40.7506561279	-73.9906616211
707703	40.75054377	-73.99206441
474543	40.7222806275	-73.9841146799
116886	40.6595605	-73.563737
72706	40.7578448169	-73.5883413464
5805143	40.744745329	-73.993161495
836252	40.6721154861	-73.9774073134
152439	40.72119925	-74.0002486833
686511	40.71899425	-73.95782041
277587	40.7521243333	-73.9861533167
5692795	40.889885767	-73.77781735
1721080	40.72933215	-74.000669483
5443833	40.730480224	-74.001245885
5114239	40.706099305	-74.008719697
555475	40.7229826537	-73.9940895835
5207582	40.715205251	-74.016477642
1124411	40.7056102448	-74.0086737123
635401	40.79150255	-74.0564942333
1054051	40.8099475833	-74.1594054
1412206	40.810302544	-74.185189242
1906575	40.73456746	-73.98956513
494830	40.69495055	-73.99522335
853780	40.699129185	-73.9951300621
1319270	40.684395333	-73.990576817
1551773	40.76397	-73.97726
140122	40.7219558073	-74.0467696586
4836813	40.75676184	-73.98541873
1398737	40.7774769	-73.97887438
2741783	40.777518082	-73.97716182
4553575	40.74716901	-73.99021369
1600060	40.778503418	-73.9779317379
3925875	40.774514215	-73.981016238
678281	40.7243361074	-73.9876924202
225898	40.7162328019	-73.9982628822
1456073	40.7251738	-74.0027880667
464543	40.73918565	-73.99276215
318794	40.71546105	-73.956576
632424	40.64621645	-73.77684563
521306	40.7181684233	-73.9575392017
501431	40.7361655833	-74.00053165
790593	40.70771725	-74.03349325
773331	40.76339834	-73.96893191
320297	40.7626173461	-73.9733183384
1218402	40.893655194	-73.974371793
1438000	40.733650286	-74.006335705
1106149	40.7073281189	-74.014491782
655597	40.7275682688	-73.8546359539
526316	40.7771632318	-73.9092628655
492588	40.7746043167	-73.9089622667
486763	40.7782157667	-73.9088233333
479977	40.7789016333	-73.9022261667
850667	40.7554780307	-73.9853762983
784319	40.7529831953	-73.9864393737
532946	40.6633874612	-73.9843194283
321213	40.66588371	-73.98277717
4115118	40.74084758	-73.99307614
1194695	40.682528833	-73.992910017
352735	40.6639722667	-73.98415625
1726234	40.726850317	-73.98062922
305932	40.6794964015	-73.997085015
548798	40.7036515384	-73.9947974682
919123	40.73812878	-73.98600518
309754	40.7123586333	-73.9653274833
548984	40.7122051646	-73.962869916
403587	40.7122702	-73.9636558
521154	40.7121667194	-73.9636838436
606070	40.6642830285	-73.9833779843
475267	40.7122724407	-73.9662051201
463509	40.7851828638	-73.9735006228
372614	40.7132515885	-73.9620294141
443131	40.7121118594	-73.9553623474
442388	40.7138744167	-73.9579633
970008	40.7244949341	-74.0505981445
848588	40.7294858512	-74.0440411486
560067	40.7330943208	-74.0059295417
144574	40.75101885	-73.9730209667
247027	40.7542230818	-73.9796315279
166093	40.8708786167	-74.0396054
1111054	40.72576935	-73.9774616667
1291803	40.72868829	-73.98763436
530586	40.72849175	-73.9877752
5013537	40.662880567	-74.233672633
5013289	40.668273583	-74.215463483
4589890	40.6525983	-74.216385217
2741815	40.659832117	-74.249572433
2741790	40.6473132984	-74.2483805245
446968	40.6597443333	-74.2047212833
1977811	40.659933133	-74.206154117
1707326	40.643997217	-74.237931933
721619	40.740221	-74.177614
935264	40.7374935833	-74.1729217333
720802	40.736154642	-74.1719090939
844738	40.7408273045	-74.169023037
505085	40.7372472355	-74.1719090939
398415	40.73903626	-73.98991924
177704	40.7384340847	-73.9893290423
4452289	40.728197	-74.171127
1285615	40.75720852	-73.98201942
433052	40.6779122833	-74.2039345833
1530531	40.735544917	-73.9958657
760138	40.7302203869	-74.0040532054
1507386	40.67092627	-73.984871475
1107934	40.7288814474	-73.9892004104
1080978	40.7260391708	-73.9893686771
389486	40.7091840904	-74.004364119
977120	40.7095785667	-74.0066848
366487	40.71140784	-74.00226873
825565	40.751437	-73.976088
482017	40.7520442566	-73.9760649204
390097	40.7519084548	-73.9753905513
1175435	40.7526700743	-73.9698207378
1357690	40.752743817	-73.970328083
1069187	40.7487850329	-73.9690804482
930379	40.7492473	-73.971996
641262	40.75044515	-73.9714068667
1100857	40.7515078367	-73.9706254005
341660	40.7546747269	-73.9663166036
902347	40.753666	-73.965937
769538	40.7502805569	-73.9717197418
387870	40.7573791004	-73.9693332309
607489	40.7542955472	-73.9688014984
682278	40.7539839167	-73.968132
845309	40.7531658477	-73.9669775963
588158	40.75589925	-73.97075074
631834	40.752718839	-73.9741122723
799020	40.75079786	-73.97590065
507855	40.75184315	-73.97536921
398344	40.756758063	-73.9648103714
463164	40.7543588667	-73.96924765
1020144	40.7541817654	-73.9692789316
1302696	40.754948681	-73.970352724
595255	40.7560266322	-73.9644885063
999432	40.7538891827	-73.9724600315
136170	40.75123786	-73.97530233
1918404	40.75780111	-73.91703784
955873	40.7823257446	-74.0081939697
966815	40.7910357055	-74.014983576
33043	40.7826506635	-74.0057637918
1017547	40.78974	-74.01185
574712	40.7848718167	-74.00870145
1928604	40.7482930208	-73.9807219388
1061038	40.7456946373	-73.9800721407
1176243	40.74621945	-73.97983396
1252051	40.74571937	-73.98216849
1259014	40.74568605	-73.98205906
4846882	40.746437937	-73.979527022
1256775	40.74621945	-73.97983396
1898024	40.74603744	-73.982201404
851539	40.7463660338	-73.9821323985
1261693	40.74629384	-73.97998595
132468	40.7464568	-73.9820091667
977604	40.7466879916	-73.9809787273
594422	40.74644434	-73.98054641
736567	40.747101173	-73.9817506163
664419	40.7059099364	-74.0096885967
1726182	40.707522	-74.012216
577486	40.70581084	-74.0110138
1410396	40.70748227	-74.01197671
190189	40.70595377	-74.01109731
905937	40.634223938	-74.1290283203
1222163	40.6260573864	-74.1310751438
1222179	40.6260627508	-74.1310536861
661835	40.62661439	-74.13108807
566696	40.6263874333	-74.1303165667
566701	40.62637645	-74.1302919167
52054	40.6264052152	-74.1302516571
566687	40.6263797333	-74.1302277667
64593	40.6261657281	-74.1300034057
529676	40.6261552754	-74.1299992284
529679	40.6261552754	-74.1299992284
529707	40.6261524397	-74.129997746
83748	40.6261734707	-74.1299990197
205645	40.62632345	-74.1273159333
74912	40.6221013	-74.1190100333
572792	40.69744437	-74.08248937
624081	40.697178	-74.08253264
1181093	40.69132506	-74.08635908
304546	40.77135755	-74.0302109167
304550	40.7707453833	-74.0290574667
736403	40.7584434952	-73.9946995181
735738	40.7611458271	-73.9970774231
683074	40.76505845	-73.99117189
202824	40.76473349	-73.99116772
718111	40.76467311	-73.99125671
418212	40.762733	-73.99295715
394405	40.7640549345	-73.993655178
657387	40.7800786682	-73.9867157109
518768	40.7848849415	-73.9827598723
259661	40.78242129	-73.98025304
275928	40.7840346686	-73.9744430919
150099	40.7841826167	-73.9777007333
319355	40.7845126801	-73.977329218
640834	40.78397345	-73.9793843
746445	40.75201874	-73.97482764
3249221	40.72401034	-73.98153299
811774	40.7540273469	-73.9818799496
715839	40.7431106662	-73.9740603013
772429	40.57478988	-73.85190898
952484	40.7560100833	-73.9834539167
757789	40.7265362167	-73.9828136667
1810414	40.719144541	-73.845250204
193578	40.7045334833	-74.0070654
1578372	40.749756	-73.983817
1552946	40.6317374363	-73.5817801952
1099297	40.75070595	-73.9921352167
4601503	40.786273	-74.046213
589574	40.7863022333	-74.0452687333
589606	40.7879037833	-74.0427596167
98240	40.6216126	-74.0290820167
58305	40.6227010461	-74.0283370097
5848134	40.705591087	-74.010168855
1085959	40.749101647	-74.0016312952
1074179	40.7712335694	-73.9894562606
195674	40.7458670388	-74.0093564987
1009892	40.7294821333	-73.9904471642
335569	40.74112275	-74.0015416833
323636	40.7354050995	-74.0058374405
235349	40.7386695802	-74.0021825914
972701	40.72249585	-74.04834139
964799	40.70436298	-73.99004864
962552	40.7215662	-74.04616865
496636	40.7367469066	-74.0310345005
701339	40.6526157884	-73.9758883406
324086	40.6589099667	-73.9815384167
472256	40.64743115	-73.9801656833
171844	40.6486947788	-73.9773419623
80854	40.6578974333	-73.9795727167
120909	40.7348121333	-73.9938544667
129640	40.7294893026	-74.0035877836
655048	40.9508654	-74.03186695
662937	40.7350331929	-73.9939015357
1050609	40.6164053341	-74.0339558519
1042397	40.761331562	-73.9851715369
1217466	40.772603942	-73.981820964
1025591	40.74957114	-73.99215191
1191684	40.72523546	-73.99912518
1162025	40.7786237752	-73.9479714265
855149	40.7705547167	-73.9567427833
157309	40.7254719973	-74.0040490838
1052606	40.7155313	-74.0075379833
991917	40.7148232639	-74.0076692689
1034504	40.6961052	-73.9827433
358729	40.7085800171	-74.0054702759
313470	40.7061465131	-74.0133172446
604487	40.7212857	-73.98676878
554858	40.7144721589	-73.9996663103
338913	40.7178351518	-74.0033474817
120081	40.6668513667	-73.9816384333
70874	40.7270514376	-73.9895135164
1220084	40.763965833	-73.96197795
1180607	40.754906575	-73.981123517
907740	40.7625930178	-73.9599763437
785256	40.826778814	-73.6848032721
733003	40.74279803	-73.99243694
403956	40.6601744167	-73.5633108667
796688	40.73076505	-74.0558706167
793561	40.7550501823	-74.2521125078
284873	40.797953	-73.9699478
1100002	40.6740479833	-74.0176755333
710691	40.7753830305	-73.9841713288
285135	40.7964093833	-73.9707748167
624660	40.81106948	-74.21369767
664622	40.7409057617	-74.0063171387
646799	40.7423256567	-74.0043184659
732327	40.7433716052	-73.9904308319
5851054	40.681087345	-73.976039898
657396	40.66302645	-73.98894894
366018	40.76137143	-73.97675335
361234	40.7090789333	-73.9372451
225771	40.70675456	-74.20070856
279317	40.72530782	-74.00068551
502771	40.75931125	-73.9849466
1310730	40.7267302783	-73.9853668213
891181	40.72498452	-74.00228786
708140	40.7626493	-73.98413585
4884775	40.76994341	-73.86752814
1566449	40.749558	-73.97293
3394182	40.75354	-73.97159
2915643	40.754870242	-73.976709242
406940	40.7539956001	-73.978487067
928229	40.754552431	-73.9791597374
645755	40.7544093288	-73.9793479443
1603095	40.7534998655	-73.9782160521
598765	40.75337615	-73.9786721333
1460451	40.77186375	-73.87595373
862614	40.675516	-73.979423
358034	40.7254935833	-73.9457000833
1048967	40.72389	-73.969893
916566	40.7178209127	-73.9450639243
623202	40.7201150667	-73.8777169667
408324	40.7365606167	-73.9931862667
944888	40.7636312333	-73.9689385333
866639	40.7635593777	-73.9674925933
1042962	40.7288020849	-73.988263607
560361	40.677867	-73.9652067
1191854	40.6404769421	-73.7862342596
644936	40.7536082866	-73.9736170651
354944	40.71901355	-74.0031608167
1545557	40.733396952	-73.956710439
2895973	40.75543051	-73.98217231
799033	40.7604203	-73.9692711833
1124720	40.5934987987	-73.9354565057
1162492	40.72009468	-73.9877547
733522	40.7309611	-74.0014842667
168811	40.6810584384	-73.9772828755
4952940	40.84719926	-74.16778248
4430831	40.841994541	-74.036394403
1204819	40.788764533	-74.171525183
270862	40.7091901897	-74.0399229527
1328151	40.751866071	-74.021382464
1218473	40.875371533	-74.06061295
4651443	40.765743	-73.980595
4626035	40.762335	-73.981657
108781	40.7553277019	-73.9885103703
575638	40.6545236448	-74.1982913017
4956443	40.7563966667	-74.105104
4689796	40.7752713	-74.061485983
587885	40.9341643667	-74.0713608333
587904	40.9341643667	-74.0713608333
587920	40.9339673167	-74.07120795
1174954	40.88788565	-73.8311857167
707352	40.748410344	-73.9901622437
175795	40.743479	-73.986696
750102	40.7656088703	-73.9811539623
174883	40.763075405	-73.9839630397
415235	40.74036449	-74.00580495
528882	40.702623	-73.98677802
226827	40.7291395864	-74.0030245854
1030031	40.73179095	-74.00106549
1223891	40.7374071167	-73.98397995
816991	40.7372081167	-73.9845007
750371	40.72115772	-73.9866864
339802	40.75315773	-73.9868555
677329	40.6474383571	-73.7809278548
399624	40.71375381	-73.94332575
758290	40.7314155803	-73.9909096459
654449	40.7144365486	-73.9446832125
3482300	40.714133922	-73.949052074
659246	40.7112825599	-73.9513668807
1579923	40.726823445	-73.95343616
936065	40.7252583167	-74.0032612333
4760204	40.75326734	-73.97790932
4760184	40.75393283	-73.97596234
5816483	40.771696417	-73.94890682
4350998	40.774114603	-73.951488667
5486929	40.73789346	-73.98129856
5384152	40.740542792	-73.9829742908
611734	40.7238434424	-74.0025561617
293923	40.7221646667	-73.98851445
735664	40.75481593	-73.98367178
1976715	40.73299652	-74.00617527
1223255	40.7204703	-73.99746394
75040	40.6439757	-74.0745752333
981952	40.7649228333	-73.9169562
978219	40.7470613833	-74.03579435
1133101	40.6349408627	-74.003058672
880273	40.6349140406	-74.0031015873
912914	40.8598143601	-74.1006240803
405754	40.63760083	-73.9131667
174227	40.64843821	-73.89383083
611703	40.64750015	-73.90109086
603133	40.69386518	-73.9927352
187265	40.63755083	-73.91364276
273079	40.6344842333	-73.9136715333
278572	40.6189155833	-73.91667885
254239	40.6453824169	-73.9026045799
236526	40.6132739333	-73.91697895
170344	40.6261619833	-73.9161918667
204693	40.60854041	-73.90958052
185927	40.632715	-73.9197179167
538866	40.7453933092	-73.9211570651
335240	40.7529464075	-73.9727067947
1085658	40.7089462059	-74.0417468548
677544	40.6069984333	-74.1779374333
1387068	40.74181324	-73.88102716
2817671	40.770678095	-73.868100643
4892078	40.862062637	-73.623241061
5014037	40.861660067	-73.623623267
5014013	40.861660067	-73.623623267
4892890	40.86169025	-73.6235456
4892778	40.86169025	-73.6235456
265697	40.8618786833	-73.6228888833
4953654	40.86150355	-73.623282117
4953365	40.8616931	-73.623842933
1001198	40.7208794431	-74.0473632516
1242193	40.7281726666	-74.0390158353
1126260	40.7165819407	-74.0389734507
346767	40.7177900463	-74.0380728131
16089	40.74697615	-73.9527388667
300217	40.6991117951	-73.9268341867
893201	40.7664823858	-74.0466349575
464162	40.8111538634	-74.0126662769
527743	40.8094027067	-74.0019062125
487651	40.8086705773	-74.0022685697
421799	40.8119559891	-74.0127839634
421771	40.8131173167	-74.0116562167
365097	40.8806845007	-74.0439484877
238850	40.8093996851	-74.0018999836
353863	40.8163757324	-74.0031280518
335794	40.80939452	-74.0018994556
5136418	40.755484	-73.973082
2440308	40.758798	-73.987405
325496	40.68194168	-73.97738426
2949354	40.6821426833	-73.9800865833
4042589	40.88597643	-73.91301316
5005941	40.70623362	-74.01068723
3275261	40.7133002	-74.00496535
1171808	40.6766204511	-73.972211073
3002132	40.674956917	-73.975455317
2900700	40.70230915	-73.992013617
1141087	40.67954224	-73.96881014
119073	40.6644258603	-73.9803122393
376857	40.68782061	-73.98987996
1028498	40.7462471986	-73.9833831041
1289325	40.745198367	-73.980794056
101930	40.6807549839	-73.9750349522
864392	40.68080765	-73.9752319833
1088056	40.744506611	-74.0028206829
1498142	40.644470667	-73.782055378
422009	40.8508627333	-73.9704884167
590917	40.6395721667	-73.64047275
331143	40.6340616167	-73.6409581667
5210411	40.627437762	-73.641083078
199683	40.73916645	-74.0302820333
199665	40.7385867833	-74.0304343333
1157932	40.7158299833	-74.0381167333
1074371	40.79	-73.969717
878926	40.7890444994	-73.9707058668
700062	40.77814447	-73.98208034
1015213	40.7063905404	-74.0096990985
1247257	40.718614283	-73.997883167
419751	40.6380677189	-73.7858104706
5384750	40.895012168	-73.876344878
1582035	40.880236767	-73.8422116
5338808	40.729387533	-73.993269367
939562	40.75268703	-73.97574102
541809	40.64127455	-74.0036607833
733061	40.72279042	-73.98866027
1336921	40.731315183	-74.003717233
1345009	40.7615658	-73.98418736
53801	40.64747915	-73.88291175
971675	40.73717242	-73.99674493
780061	40.7274643	-73.9887654667
462526	40.7254762	-73.9901424167
848748	40.71169394	-73.96455806
183720	40.72510397	-73.99086552
1010128	40.731175	-73.988392
964723	40.72198855	-73.99622476
957239	40.71413934	-73.95122951
904489	40.75756448	-73.96947306
1105286	40.7263719567	-73.994598315
898537	40.726668	-73.99179726
1231850	40.7271171667	-73.9948950667
942288	40.726569	-73.991971
808674	40.726593	-73.991968
584451	40.7215926317	-73.9955975264
553244	40.7260636467	-73.9934848427
1037825	40.727972094	-73.992413322
579857	40.7261401391	-73.9928501681
154233	40.7261789995	-73.9929181111
63667	40.7261902223	-73.9930429699
747179	40.7279687333	-73.9926906
893023	40.7263562681	-73.9939177036
947466	40.7264075363	-73.9937235807
1033783	40.7265390735	-73.9939532207
1167880	40.7268561167	-73.9926926
913099	40.7270311111	-73.9929413795
1120082	40.72723883	-73.99363023
146570	40.72710871	-73.99305015
1233077	40.72714138	-73.99332368
568100	40.72760635	-73.99301171
646245	40.725088697	-73.9889037568
629210	40.72578459	-73.98989528
1059827	40.7265595348	-73.989969492
600039	40.7259221771	-73.9898579373
743229	40.81334257	-73.87730699
237000	40.743636	-73.6571262167
566067	40.7209512911	-73.9977359955
304710	40.7380098833	-74.0341776833
1523198	40.751983123	-73.993467111
880551	40.7319472833	-74.0034754333
1110117	40.764483	-73.988605
501712	40.74411296	-73.98531746
497011	40.71594446	-73.99877566
926793	40.74591175	-74.049606
1590766	40.70229285	-73.99248278
548506	40.6946840833	-73.9941518333
1074434	40.734796	-73.868007
162063	40.7346534833	-73.8731195833
2237365	40.742331136	-74.004153013
3738595	40.83478313	-73.94493091
5010225	40.74107235	-73.99352389
2787625	40.7615121672	-74.0004730225
1452751	40.737557	-74.005024
1236391	40.760302356	-73.987584857
1351093	40.739537267	-74.005203433
316592	40.7275901735	-73.9832438605
3132398	40.657048445	-73.632043407
5623752	40.723447367	-74.003429511
5385801	40.714149506	-74.034782369
2334781	40.860744523	-74.067319202
1436491	40.76518106	-73.98061293
1131431	40.6892063526	-73.9700380074
927075	40.7078401618	-73.9320029069
863623	40.7075115358	-74.0026323012
3887051	40.807756	-73.657415
893230	40.7600286468	-73.9837247122
365135	40.7367464657	-73.9891970158
2360997	40.73299	-73.986087
833862	40.716759	-73.996398
221069	40.71618264	-73.99509352
320512	40.74290174	-73.99091267
1310450	40.7570242882	-73.9971417189
1079091	40.64810311	-73.79252737
1065504	40.7495188132	-74.0078155789
1108580	40.7038386833	-73.93351475
199146	40.7071776667	-73.9503504
977019	40.77712595	-73.91213524
962698	40.7564428	-73.93640425
1170638	40.745641	-73.982599
276678	40.70245205	-73.8146766833
680505	40.7610280667	-73.9698149667
1590498	40.840160633	-73.842276967
2329182	40.840692233	-73.842212367
3048389	40.72948695	-73.9836226
1181259	40.63856869	-74.02256917
1001461	40.728081	-74.003104
189743	40.73397874	-73.9940502
524111	40.6781528707	-73.9685134024
287332	40.7253950833	-73.97796705
276299	40.7851960167	-73.7774957
289376	40.7226201158	-73.9846479893
459694	40.7394697624	-74.1659277678
1246457	40.73645	-74.165331
1407921	40.72871774	-74.17491704
587176	40.8419646833	-74.2082902
4888592	40.8231397667	-74.2190643167
4397320	40.81081825	-74.1932829667
43110	40.8120088333	-74.1943505
4371920	40.8161374	-74.2072047333
688745	40.8204918333	-74.2204598
1081539	40.7424444	-74.1799504
823910	40.757299	-74.128285
1290553	40.744257233	-74.180612383
1251973	40.7515404	-74.17947585
1287731	40.7568737	-74.166718775
1287710	40.76163445	-74.1672874
906338	40.8790636399	-74.0888653882
518233	40.7227841833	-74.0037782833
641418	40.7026613192	-73.9338163624
1095504	40.74451685	-73.9968446333
1203270	40.744666217	-73.995308733
741468	40.7457445851	-73.9974829039
5484495	40.7612673	-73.84516721
974808	40.8140934295	-73.9408421516
709303	40.8156328881	-73.939851238
724799	40.7436520413	-73.9949503541
866055	40.74284523	-74.0006206
1373896	40.72438355	-73.999502583
802026	40.78670889	-73.97740894
1127706	40.7864461833	-73.9822954667
697501	40.7856421462	-73.9810079254
561616	40.84271305	-74.2080636
5010702	40.74731782	-74.025312564
1599588	40.746450199	-74.025629831
2894298	40.760600203	-73.970068093
395278	40.7467308826	-74.0324179677
4736654	40.757497245	-73.96917596
724863	40.73917108	-74.02942723
618004	40.7584890839	-73.969026804
694238	40.75747168	-73.96948277
432426	40.7309664863	-74.0018136683
802642	40.7141794975	-74.0079133395
3903041	40.747097	-73.990151
363014	40.7047160088	-74.0095765694
3026508	40.760679	-73.986995
1180500	40.7473364	-73.9914440167
2234175	40.7087846333	-74.0134722333
1463436	40.75206589	-73.97722327
1251565	40.719054	-74.007191
1251557	40.719054	-74.007191
450682	40.7032552798	-73.9875793287
5059558	40.665641362	-73.784386504
1134768	40.751953	-73.97749561
1013337	40.7923791	-73.9270819167
646196	40.7376785456	-73.9812016267
1360006	40.75360804	-73.97754544
1287399	40.7212256114	-73.981128931
4456890	40.756533164	-73.992468171
1184245	40.7438617	-73.8492742
293475	40.7042738667	-73.8155363333
662094	40.7503894923	-73.9881018645
486806	40.6304266401	-74.0222273356
1104936	40.6342090423	-74.0174276116
1537999	40.641590555	-74.019553709
1132758	40.7303396667	-73.8635795833
1601116	40.634699742	-74.023448421
1333854	40.63168108	-74.02828419
1595690	40.63494748	-74.020450097
1523588	40.632943727	-74.02125456
214734	40.6337738037	-74.0198822021
1478818	40.758564884	-73.98893268
169519	40.6464724293	-73.8771400229
460923	40.75252815	-73.98611655
1204221	40.587026067	-73.936812
1388291	40.641629423	-74.020715873
806113	40.7529410512	-73.9748884093
109409	40.6252060034	-73.9619371012
820042	40.76637238	-73.81435275
502214	40.7697366667	-73.8387634
492811	40.7595565552	-73.7689108011
763896	40.7489905833	-73.8910661333
632847	40.7061937017	-73.8167561448
663823	40.7648870833	-73.81420005
646664	40.7599668682	-73.8274887504
629279	40.7635396667	-73.8270707167
596149	40.7557176167	-73.8832230833
543989	40.7562974	-73.7674939667
513997	40.7622650927	-73.8147668765
511160	40.7641463	-73.7712600833
2021972	40.825676606	-73.820753016
1672358	40.761298107	-73.763505965
4609819	40.816394477	-73.821805955
5347319	40.738705262	-73.613086573
2295758	40.819449353	-73.817621377
4162463	40.82914592	-73.824474201
3925599	40.84253141	-73.852695676
4128458	40.83945506	-73.849266703
3926404	40.827176223	-73.823101244
3926175	40.840701543	-73.843558179
3148382	40.754131449	-73.601307196
3144431	40.754343833	-73.601267118
2295107	40.85094165	-73.844284141
2020710	40.747265472	-73.592265227
723857	40.8178836107	-73.819386363
4178261	40.745537	-73.594838
2991428	40.744733636	-73.606624403
1249984	40.750966133	-73.605100817
3021251	40.7511556149	-73.6049115658
1134215	40.74340468	-73.98388409
1369691	40.7419234514	-73.9814078808
1179839	40.743573383	-73.982887967
658262	40.74209344	-73.97999125
96339	40.7435370333	-73.9820960333
1096272	40.7407495875	-73.9819245365
757783	40.74474567	-73.97637307
3936005	40.7442985	-73.9763979667
705655	40.7442213	-73.977032025
1021157	40.7440996076	-73.9828242107
689767	40.7430099333	-73.9817277833
886984	40.74251943	-73.98045706
658605	40.74209344	-73.97999125
1195478	40.74757973	-73.98685274
525935	40.7430007668	-73.9832074518
651646	40.75216138	-73.97795075
844452	40.7425077286	-73.9907661568
696927	40.74100505	-73.973208
1546210	40.74988	-73.982904
1268506	40.738618667	-73.983496867
1040760	40.7444876432	-73.9868527651
2051204	40.7474764218	-73.9917290211
574208	40.75198024	-73.98385483
1095896	40.7449981	-73.9830347
328712	40.7448266088	-73.9831674099
2489833	40.74341899	-73.98398131
1148833	40.7425381714	-73.9840789003
4219045	40.7435585627	-73.9819014072
3764476	40.74396	-73.981383
1197180	40.7428929	-73.615070933
174351	40.7434041086	-73.6127989724
557685	40.7471758333	-73.5946622833
1403986	40.746364933	-73.589642767
3664362	40.7494444444	-73.6030555556
1105613	40.7454682918	-73.6004764299
1551833	40.7460916042	-73.5935229063
2245461	40.71955373	-73.757433333
553228	40.71186769	-73.7841714
1250767	40.7103775645	-73.7934064865
276722	40.7080759899	-73.817473948
750111	40.7151443667	-73.83277085
1530911	40.711243636	-73.827617966
1535223	40.71920863	-73.84219326
942444	40.71758943	-73.83627963
1537880	40.7578592	-73.8607131
1079095	40.75522273	-73.85279452
971881	40.7706296581	-73.8667084597
884364	40.7313431167	-73.6364786
1446121	40.74807335	-73.6454824
48720	40.7441687813	-73.6559911309
1403709	40.751070703	-73.605831929
265304	40.7447534833	-73.6012507833
1074138	40.746614	-73.594627
966114	40.742373	-73.59617255
447058	40.74917876	-73.5834285
1006387	40.7473833167	-73.5920006333
1289441	40.745338	-73.5877637833
394457	40.7473063448	-73.5886639896
939653	40.74279409	-73.61419594
905717	40.74279409	-73.61419594
1319973	40.7445720333	-73.6144918667
446014	40.74566799	-73.59652167
739771	40.7455151	-73.59657287
1531280	40.751150221	-73.608870506
710580	40.7455151	-73.59657287
1246300	40.7463381333	-73.5989678333
1231697	40.749443	-73.603058
1104007	40.7460557813	-73.5994931675
1307692	40.744224783	-73.608098017
1069539	40.7468052585	-73.9847130803
680116	40.7437834	-73.9837827333
680129	40.7434093833	-73.9834785333
737387	40.74337774	-73.98345649
495814	40.74414056	-73.98536342
494968	40.74430507	-73.97582197
1489288	40.743521	-73.976786
1477452	40.744959712	-73.9829206467
385985	40.74294635	-73.9819291833
506732	40.74368075	-73.9824215833
667890	40.7435779167	-73.9794950833
333061	40.7440163	-73.97937225
1213961	40.747045569	-73.986563962
321557	40.74782824	-73.98800593
278428	40.7001947312	-73.8164520264
267638	40.7065957834	-73.8172781467
267854	40.70289087	-73.8171156
293476	40.7040561765	-73.8148346543
276675	40.7026633165	-73.8152289391
109192	40.7020326	-73.81522015
160710	40.7025042333	-73.8146924167
249570	40.7023095051	-73.8143277168
262206	40.7028097207	-73.8141211867
123177	40.6866052333	-73.7940540667
1086055	40.7490967333	-73.64157015
521526	40.7489019897	-73.6397499384
982767	40.73941063	-73.65029102
1235203	40.748488483	-73.64047125
1145398	40.738193485	-73.6392652988
301041	40.7427802536	-73.6391590152
424968	40.72427725	-73.7241492833
551380	40.72429567	-73.72576296
1578223	40.7159811258	-73.7443059683
1034225	40.7185870084	-73.7355715012
776195	40.71184331	-73.78421753
884485	40.7082022167	-73.7752672667
688404	40.7118434	-73.7897642
1231711	40.711569	-73.790818467
1250757	40.7099465336	-73.7945008278
1250774	40.710702869	-73.7926769257
1233222	40.7026185819	-73.8129651546
760357	40.7471931	-73.9874673
412947	40.7468205975	-73.9842017646
420247	40.7468099144	-73.9847713709
1292040	40.7464583333	-73.9843055556
72397	40.7458887	-73.9843427582
219085	40.7451343467	-73.9824062213
1505711	40.7445318167	-73.9825306667
779417	40.7450055389	-73.9824644339
624538	40.7423317308	-73.9826633941
1419630	40.7564232	-73.846229483
1337033	40.757171483	-73.57953165
2469072	40.746071	-73.594109
1151544	40.7544015	-73.6263281
1602451	40.758157249	-73.587761431
367206	40.71622848	-73.59433448
1285880	40.754429367	-73.601415083
300437	40.7496719167	-73.6402934667
892742	40.7214314972	-73.8396588574
969116	40.7174378667	-73.8348864
1194904	40.756580183	-73.58768605
1037731	40.7181892667	-73.9864981
3348760	40.81766956	-73.596463718
3292778	40.79210978	-73.59057068
1059296	40.7911506019	-73.5864901543
1145379	40.7397949247	-73.6414003372
259939	40.71077734	-73.56904357
1404051	40.6962687011	-73.5782913157
1512168	40.706190458	-73.569111847
1414966	40.74775385	-73.60284286
1355076	40.7541923	-73.6012319
1355066	40.75431239	-73.60139769
1335942	40.750643617	-73.609105683
1338307	40.75413542	-73.60137546
1316900	40.75848525	-73.611144333
1294782	40.758817411	-73.611830107
946909	40.7167162667	-73.5949472833
1287476	40.718117017	-73.5957521
1277653	40.75357544	-73.6757214
1260200	40.695453	-73.675829617
658561	40.72105181	-74.00516426
985483	40.7603860333	-73.9848673667
4545253	40.657342261	-73.641653449
4075797	40.672125126	-73.990195365
2160123	40.584503103	-73.675010594
51487	40.7051956	-73.6505234833
1126052	40.7154702167	-73.59557965
1028158	40.7144278433	-73.5995318433
1028751	40.71574985	-73.6012715167
723793	40.714494721	-73.5988423579
786466	40.7114494381	-73.601438669
5597373	40.816562367	-73.5948181
3734149	40.828689567	-73.92753155
5496574	40.73868411	-73.61119931
1459562	40.642756324	-73.617566091
1459818	40.657101932	-73.640883918
1403837	40.780032107	-73.715898383
1421584	40.605895477	-73.648893351
607284	40.6317590333	-73.6410944667
809856	40.6438642064	-73.6395500035
1403540	40.651780392	-73.636185543
942358	40.7404893667	-73.7582275833
936827	40.75063717	-73.99307066
1295801	40.640198653	-73.995099862
1225020	40.7758482	-73.91050601
1209797	40.758834867	-73.727501083
1205772	40.735653385	-73.775107904
5656440	40.72320431	-73.59120625
5337680	40.722359144	-73.590120383
5225469	40.740636213	-73.585185546
262011	40.7637712634	-73.7710046768
4890734	40.765140776	-73.817636525
4716191	40.75893449	-73.97831028
4508888	40.765951433	-73.772105606
4431091	40.668554137	-73.554224471
4429251	40.7559424	-73.5552088
2402772	40.75071114	-73.9935646
4221409	40.740613737	-73.987561502
1034120	40.6539779073	-73.5703141658
466139	40.7756668193	-73.7019538879
3005685	40.73517864	-73.99094867
963003	40.7840824127	-73.6366689205
1957533	40.766458379	-73.789637268
539569	40.78561019	-73.8156355
1564464	40.587657532	-73.627974879
894135	40.7398799167	-73.9858959833
1425797	40.675045096	-73.554352984
1214861	40.76214444	-73.92518615
1404103	40.675847331	-73.553878241
1204182	40.75357544	-73.6757214
1061599	40.760636	-73.7698321
799520	40.7859937	-73.6491825
697071	40.76642273	-73.7723565
610277	40.77413735	-73.7415654
963292	40.7316662333	-73.6092421333
1371003	40.76538	-73.918411217
5287315	40.728687926	-73.702507252
744524	40.7978143333	-73.67022465
3399338	40.767747364	-73.728483228
1509309	40.76190096	-73.92501145
399263	40.7633563333	-73.7706057667
301792	40.7292713563	-73.745832039
793651	40.7294565439	-73.7447029352
525531	40.7298561323	-73.7440184736
299226	40.730089	-73.7447631167
326351	40.69550436	-74.18117612
3138143	40.9078640667	-73.7831469
3330691	40.8208662271	-73.8963764906
1200519	40.8217191696	-73.8977175951
2739298	40.764437415	-73.77149413
651769	40.76767665	-73.79176539
1128620	40.7083901833	-73.9453638833
852215	40.649739	-73.69178
953296	40.7458349346	-73.9917209384
599503	40.7473279661	-73.9933066881
1207456	40.74700069	-73.99319928
1124509	40.8067997931	-73.9910783442
1176869	40.6945536167	-73.9529955167
1173431	40.7252802635	-74.0057452353
307934	40.71669915	-73.9889245667
692345	40.64811027	-74.08274388
411122	40.7455359667	-74.0037452
573404	40.7532176	-73.9875323667
4802169	40.69565314	-73.9834336
4735639	40.721509053	-73.995124187
4734300	40.721034329	-73.993943164
4719337	40.710176677	-73.958007736
1187916	40.712428067	-73.95617495
4694342	40.92706632	-73.78921115
104172	40.9575115667	-73.8131258833
86334	40.8049497344	-73.9666128159
344030	40.7181217148	-74.0038909747
780378	40.7174038419	-73.9974684687
369109	40.7180682305	-74.0027955965
880406	40.7184755802	-74.0029728413
299284	40.64359891	-73.97816795
348896	40.6766433716	-74.0019302368
441971	40.6874055541	-74.0015286766
253168	40.6924403772	-73.9991453185
475830	40.70301222	-73.99765253
375176	40.7480598667	-73.9970852333
553428	40.7426655	-73.9922142
56939	40.73949325	-74.0006532667
389860	40.7042251833	-73.99428475
242522	40.701686402	-73.9891374376
396916	40.6839494305	-74.0016809114
162622	40.6382864333	-74.0207756833
289594	40.6272271703	-74.0183429206
51302	40.6207016499	-74.0249146921
433647	40.62011516	-74.02454251
95454	40.6211038849	-74.0256444807
111835	40.62439475	-74.03040695
52631	40.624599675	-74.0306443452
96039	40.6244621779	-74.0306954619
43964	40.6234517686	-74.0311933465
101762	40.6228854565	-74.031379996
184445	40.6218290531	-74.0283422989
527740	40.6233504869	-74.0281099649
56297	40.6216168333	-74.0275206
376616	40.6468558167	-73.98019205
74383	40.6618506462	-73.9929280813
212706	40.662908032	-73.9916744704
402162	40.66290035	-73.9924240333
359457	40.7024851667	-73.9937209
359447	40.7025223333	-73.9934777167
307675	40.70090031	-73.99221801
371609	40.72023028	-73.99958592
302608	40.71999609	-74.00135445
255143	40.7384850167	-73.99533625
1101249	40.65357075	-73.9628574667
75350	40.8126852667	-73.9839518833
246518	40.81311041	-73.98416668
306743	40.8865334833	-74.06369785
383632	40.8855423167	-74.0660576
390314	40.8867614667	-74.0648786
436838	40.9154800833	-74.0509674833
503928	40.914958495	-74.05073459
799262	40.89276421	-74.05786865
761002	40.89113199	-74.05966025
758320	40.89113199	-74.05966025
1578535	40.727591	-73.990941
5347933	40.731361926	-73.985593263
5337950	40.727371867	-73.951631167
5710518	40.6846955	-74.100466
1131091	40.7289946	-74.0014509667
747315	40.7316823	-74.00107872
757504	40.76269549	-73.98947352
736927	40.75747168	-73.96948277
529015	40.7453629667	-73.9479560333
3603358	40.714456469	-73.944318388
441912	40.71474075	-73.9441423
3597683	40.712479592	-73.943956325
3424367	40.753489739	-73.982033712
3418854	40.707002244	-74.018443376
1459583	40.725143252	-73.98892545
1261446	40.726812	-73.978634
587453	40.844219	-73.9417623833
1238665	40.6562001	-74.12426075
739902	40.6785974667	-74.1062475667
337394	40.7137631174	-73.9493307644
848690	40.74948662	-73.99234879
923482	40.7305483866	-73.9925174652
925374	40.7080660023	-74.0135881131
843646	40.74314603	-73.9895549187
868337	40.70581686	-74.0168029
737255	40.74297833	-73.9915862
714906	40.73372125	-74.00349855
434097	40.7300881455	-73.9941108227
675758	40.7631486177	-73.977276784
618224	40.7583753093	-73.9661300182
1041458	40.6788948167	-73.9835813833
1184665	40.7344795017	-73.9993799109
192120	40.74502164	-74.00983232
1158625	40.7286546889	-73.9535896889
1036319	40.7210747737	-73.99479099
740966	40.7154846613	-73.944683075
814548	40.7432900422	-73.9197271773
667571	40.7436804913	-73.921970129
1272118	40.7432699203	-73.9166432619
1291859	40.72864	-74.000769
1186254	40.7432752848	-73.921251297
794490	40.7394933701	-73.9253014326
1175933	40.7654645767	-73.9831109513
959460	40.708159	-74.005773
935306	40.6971978833	-73.94801455
809197	40.74663233	-73.99346315
1173717	40.71483522	-74.00806975
28213	40.7268928908	-74.0361356735
715624	40.7247409	-74.0352139
1013878	40.725479	-74.035906
163665	40.7231826782	-74.0367660522
1558343	40.727421196	-74.038237199
863520	40.7307222999	-74.0348911285
187097	40.72641211	-74.03471529
816551	40.7285220549	-74.0344124839
419729	40.7267667	-74.03419929
1267765	40.7254332304	-74.0322840214
1013630	40.7264358333	-74.0322875667
469694	40.7299842166	-74.0344386164
1365785	40.728447965	-74.03508219
212723	40.7242658667	-74.03285425
1160993	40.7298523686	-74.0334963799
115598	40.7270639651	-74.0344960598
59417	40.7276061833	-74.0344938
1586269	40.69222709	-73.986253735
1599302	40.675347849	-73.981219655
3550770	40.680754583	-73.974988617
1551277	40.697669945	-73.945805485
2419743	40.698447333	-73.941763967
1977167	40.674055253	-73.938294952
1950595	40.668320625	-73.984454542
687807	40.6797947	-74.0014092167
970709	40.6744452833	-73.9818394
1933189	40.6807692	-73.92309802
4506872	40.671066422	-73.978043508
811676	40.6617582569	-73.9858623448
1019458	40.7369620091	-73.9917053063
904552	40.678376	-73.973427
376785	40.6873960167	-73.98974785
3734901	40.6728573	-73.983467317
3608982	40.67490332	-73.98137855
666747	40.7161221833	-73.9402562667
173881	40.6883789333	-73.96656135
3246881	40.728919683	-73.998936767
1272257	40.68964749	-73.97131806
371488	40.6915437932	-73.9604598284
575003	40.64587283	-73.7765026
243632	40.69415533	-74.17823672
296929	40.7249071377	-73.9991603066
772221	40.6858057528	-74.1804263527
2956432	40.731855078	-73.988924987
178528	40.7433896333	-73.9959596833
994137	40.7334539731	-74.0031766891
1010714	40.74412459	-73.99563992
941436	40.761417	-73.980295
778942	40.733449	-74.002042
695691	40.7332182081	-74.0026295185
1337121	40.729305	-73.9991435
1163339	40.7265595348	-74.0001189709
724638	40.7332507274	-73.9996254444
974975	40.728930831	-73.9989280701
964328	40.736515	-74.000951
962715	40.744016	-73.999329
912651	40.74401	-73.999338
898519	40.738154	-73.996151
898428	40.733587	-73.999263
873399	40.738564	-73.98648
811846	40.734259	-73.99892
795109	40.825057	-73.960299
696340	40.7184365148	-73.9894008636
102164	40.7332308561	-74.0054166371
422197	40.8083523756	-73.9631474018
3305589	40.73066514	-73.99222356
773787	40.7631985027	-73.8309956532
773784	40.7631985027	-73.8309956532
759284	40.7189925921	-73.9975001013
1006149	40.74682685	-73.8453537167
4852066	40.76463949	-73.9821583
382634	40.68801963	-73.98396283
264232	40.69256991	-73.98809856
1483647	40.69224876	-73.98733818
1330699	40.732506787	-74.003449753
143853	40.6937188667	-73.9906935667
1333806	40.804751933	-73.61208705
1333160	40.785538533	-73.648599533
2113760	40.658139302	-73.677442077
161847	40.7181884	-73.5921207667
372911	40.76554089	-73.63614928
636000	40.7846418	-73.7119732167
482800	40.7245499333	-73.5501624667
1237457	40.7857936621	-73.6493933201
663795	40.83106475	-73.6886721333
1131736	40.82459675	-73.6827190167
1798931	40.841272416	-73.706358124
1796867	40.841803772	-73.705970346
1144716	40.7936134667	-73.6917058167
1122766	40.790786	-73.705563
1578243	40.786368359	-73.639525467
1115591	40.8305492	-73.6896190333
1096558	40.8306370667	-73.68908975
1542711	40.78611875	-73.70598847
327913	40.7681684	-73.7495790833
1132057	40.8388080167	-73.7024685667
670301	40.7460526167	-73.9982212833
2238373	40.73420041	-74.16395956
2286450	40.73409461	-74.16511976
4529785	40.7978814	-74.1436309
1022177	40.7819795609	-74.1804224253
5467766	40.7805547	-74.1802831
5146859	40.7778972387	-74.173732996
2930774	40.7630056143	-74.1780781746
1019398	40.7934272289	-74.1715657711
1173969	40.7788681984	-74.1771233082
2685092	40.8157378435	-74.2086070776
889865	40.7632156854	-73.9813391507
286375	40.70866924	-74.01135009
980759	40.7287365815	-73.9054460032
208362	40.7620172167	-73.97430085
1128003	40.6848536	-73.9796153833
990679	40.8294024	-74.0822098
981556	40.77802885	-73.9898177667
928908	40.8281940503	-74.101875106
908464	40.7654938785	-73.9542662148
690144	40.78445386	-73.97989064
305867	40.7858764094	-73.9786676678
762784	40.7844238	-73.9796974167
1677212	40.68119263	-73.8512122
1967403	40.680109983	-73.844401567
1406335	40.5598496333	-74.1462285333
1496765	40.5729397833	-74.10781435
73671	40.57641325	-74.1412721833
694739	40.5755079791	-74.1478765011
1194898	40.73716133	-73.87772297
142414	40.7362153448	-73.9918525177
281254	40.8055747491	-73.9659428339
949606	40.7661592859	-73.9562214593
933999	40.8504188061	-73.9670366049
934236	40.7728075811	-73.9796241135
907067	40.7776389786	-74.0256906676
372637	40.7298930198	-74.0006017685
799913	40.75007589	-73.99152395
1007238	40.8530215167	-73.7897067333
767267	40.72959479	-73.95680669
717325	40.7596359253	-73.9906158447
5804922	40.75379824	-73.9966517
1706968	40.7509389019	-73.9934778214
695851	40.7551361	-73.9988236
1546583	40.754323705	-73.996396695
335675	40.89329612	-74.01535642
4185032	40.82878309	-74.14845198
1194907	40.84051185	-74.1606661
971167	40.7450709667	-74.0431566167
2362520	40.72116088	-73.98779928
739560	40.72034341	-73.99990892
1976303	40.752221167	-73.989839047
566870	40.75680845	-73.99260061
57612	40.7790136167	-74.0155698167
463457	40.7780149008	-74.0172269875
34838	40.7786959667	-74.0166833667
50467	40.7784545815	-74.016964907
961981	40.7786500536	-74.0151231425
415407	40.7315169852	-73.9878008167
389368	40.7767869113	-74.0139185285
57614	40.7789650333	-74.0161170667
442120	40.75405329	-74.14157629
359615	40.75987605	-73.9925174333
227875	40.6864954667	-73.99063095
1231297	40.71485	-73.960004817
1176645	40.7176088368	-73.9580191277
1150871	40.7441581167	-74.0069782
811691	40.7537044833	-73.9846078167
370437	40.75334817	-73.98690521
800433	40.752389	-73.983794
694413	40.7539623285	-73.9867937565
727012	40.75191545	-73.9839816
1176820	40.7264595	-73.98597854
1145435	40.7288819192	-73.9844516963
1047439	40.7246282333	-73.9808311667
1008813	40.71307435	-73.9651458667
972284	40.7219946333	-73.9963102333
964663	40.71880535	-73.9607605833
506312	40.71822335	-73.9968515833
915597	40.71753358	-73.99094295
907632	40.75863832	-73.91958677
764369	40.73187386	-73.98908567
729509	40.73449432	-74.00149714
494834	40.71221845	-73.9640265833
506029	40.71907185	-73.99600475
4554069	40.76082694	-73.999157245
4777071	40.751339982	-74.002527846
4895300	40.761542738	-73.990096539
4602421	40.769411356	-73.982229809
4058458	40.760825383	-73.999114506
890980	40.729738545	-74.0047645569
293879	40.7611196	-73.9914782
930477	40.7367716667	-73.9967452333
1007567	40.7158605705	-74.0374760864
1511864	40.716025167	-74.035075667
938609	40.74883615	-74.00761568
745217	40.7509232474	-74.0058291504
372142	40.8028254833	-73.9639125667
644374	40.7919987667	-74.0583143333
1150269	40.633967	-74.076786
598127	40.7455662911	-73.9930701256
808979	40.72088158	-73.99713331
1070120	40.7132553	-73.99820425
900133	40.7295962651	-73.9878290892
348661	40.7214052	-73.9884467167
1472925	40.7028300833	-73.9933821833
1469693	40.7394463333	-73.8866122833
1469179	40.6782811833	-73.9191946833
1766935	40.72558373	-74.00401997
593988	40.7256119	-74.00041585
1000073	40.72574335	-74.0000085333
712620	40.7963685835	-73.9361283334
173474	40.79626115	-73.9353814167
340018	40.7981571763	-73.9324176242
789550	40.7962461833	-73.93002255
163497	40.6948505608	-73.9949476719
2678240	40.848710208	-73.855198089
1086195	40.7640570167	-73.9771674
147325	40.7206271667	-73.9884440667
99511	40.7403153479	-74.0043955665
50892	40.7138588	-73.9943831
1228214	40.669002154	-73.97892952
1199340	40.751320321	-74.008660237
537418	40.7360759963	-74.0043731242
1071675	40.7041136152	-73.92120648
823586	40.69040161	-73.97143739
1474485	40.710045083	-73.9628338
1023021	40.7399045723	-73.9961402859
777200	40.7159271347	-73.9914398005
706469	40.6770052024	-73.9723647243
3297835	40.669164237	-73.950638177
184052	40.6194797454	-74.0287837861
717459	40.5945956167	-73.92690125
1471594	40.62049567	-74.02923065
3413528	40.71557557	-73.99842584
1344797	40.70963633	-73.9924938
3300544	40.752157535	-73.977389198
4535476	40.756110028	-73.985642443
1186484	40.7427871227	-74.1747844219
336019	40.69495952	-74.18122816
137134	40.73682862	-74.04168564
1547414	40.7421922	-74.1735436
884426	40.7404317667	-74.1773408667
881119	40.7413450667	-74.1769140667
878720	40.74157995	-74.1781279833
461518	40.68258988	-73.99444907
3167186	40.759089	-73.997074
2654130	40.803320735	-74.01000574
2815945	40.67677536	-73.972142185
767005	40.8302564241	-73.9892201415
783638	40.7438161863	-74.2489119644
1116523	40.75719243	-73.98260891
1249897	40.740836	-74.005228
3194072	40.66605561	-73.962142603
1024506	40.895237162	-74.0007975698
970478	40.9013834333	-74.0049116667
780047	40.8888979516	-74.0386239444
223950	40.8984668833	-74.03920205
741398	40.7185930488	-74.0514993668
731477	40.9698600833	-73.8424076167
696500	40.7185079	-74.0380288833
732617	40.9532536333	-73.85154755
955469	40.7114272266	-73.9622279595
1297280	40.7262326706	-73.9955163986
187790	40.7451673501	-74.0080217388
773347	40.7009294	-73.98502659
2005424	40.776722545	-73.977291162
176426	40.7399193	-74.00373495
108759	40.7626167069	-73.9869355198
909932	40.7665761333	-73.88110965
918037	40.7441575333	-73.95334915
1056288	40.6928280167	-73.9620568833
780800	40.76701551	-73.98265981
981359	40.7698249374	-73.9818263054
1336299	40.689834983	-73.970463633
324931	40.6930999756	-73.9664077759
1336029	40.69311127	-73.968505873
1326892	40.774201533	-73.981552217
1289976	40.768320854	-73.982164304
1272086	40.683966877	-73.977270892
947949	40.6836647704	-73.9727982986
792500	40.6868180083	-73.9657495626
173681	40.6876411764	-73.9657089821
195086	40.6916240717	-73.9712825812
650484	40.6858206231	-73.9716339111
921357	40.6929211	-73.9674287667
76638	40.695965647	-73.9927664545
1048169	40.7746558	-73.91261945
1456703	40.71780991	-73.95767092
1025285	40.7229575571	-73.9833712578
986946	40.5804983119	-73.9681863201
998829	40.7364120667	-73.97913845
643811	40.6393988338	-73.9680719376
580028	40.71882623	-73.98893725
579922	40.72105079	-73.9870001
1092971	40.7013362667	-73.9219807167
1663711	40.80163475	-73.96632045
845689	40.7502895034	-73.9810220932
972111	40.7266219877	-73.9867944765
678481	40.8731124867	-74.1132217054
715752	40.8073674876	-74.0162592111
680395	40.9165973575	-74.0626410167
205618	40.7395631833	-74.0267562667
688668	40.7410051057	-73.9783043393
186655	40.743992886	-73.9932113998
669200	40.68904167	-73.9861865
324284	40.74755299	-73.79156208
289831	40.8164171333	-73.9793978833
759695	40.750544499	-74.0310352314
5802419	40.841733	-74.109001
1376359	40.83127528	-74.08421367
1023156	40.9252474238	-74.0880671623
644360	40.7956897833	-74.0618679333
2519036	40.748650382	-74.005048041
422778	40.8076742975	-73.9597570896
724546	40.7575882833	-73.9803950167
734957	40.65987658	-73.98207509
1038752	40.739289	-73.987616
1242142	40.73016065	-73.99277472
485264	40.760031391	-73.828573155
411624	40.8084620043	-73.960518837
725205	40.7890874147	-73.9721757174
377485	40.7648160167	-73.7717332667
346646	40.7787567167	-73.7781644667
336275	40.7879803833	-73.8098242333
330286	40.774897387	-74.0333163264
299121	40.7614104814	-73.7699352121
189592	40.7802083447	-73.7937283516
290204	40.7692527333	-73.77371925
279162	40.7862788134	-73.8136741823
279174	40.7863629404	-73.8136183986
184124	40.7549216771	-73.7389897399
166942	40.7633648167	-73.7714597167
715692	40.763613	-73.989574
1059830	40.7636759975	-73.9887328795
893830	40.7645452023	-73.989341855
680337	40.75969713	-73.99155229
874776	40.7594458549	-73.9914909386
787540	40.7324806667	-73.9875665833
958852	40.923289	-73.96316
694054	40.7897047352	-74.0526795387
749473	40.687179	-73.998825
1128508	40.7687283833	-73.7373560833
201646	40.9290358833	-73.7517286333
463557	40.7391393278	-73.9898094446
453382	40.6891901994	-73.9926606925
598719	40.8541632	-74.0332381833
52809	40.9159691851	-74.0749311447
1069012	40.7419165697	-74.1896438599
487485	40.8912240667	-74.1454678167
441614	40.91768866	-74.0758903
975004	40.73926065	-74.0306445333
588153	40.7278980331	-73.9853341436
3207882	40.728024	-73.998731
1538477	40.716486136	-73.961377984
2200606	40.586005267	-73.591297683
1126204	40.7629668833	-73.9696262667
944540	40.7537263653	-73.9990815319
1211116	40.6366753	-73.705121017
5310689	40.728649995	-74.001682273
591281	40.68223905	-73.97277319
358538	40.72129017	-73.98743957
1586234	40.7533853	-73.97247654
605948	40.7528976934	-73.9733104897
568637	40.7528854517	-73.9735865593
739763	40.6828847464	-73.9641503977
861512	40.6811496633	-73.8411394278
609686	40.7503968	-73.989718
1167505	40.6720514667	-73.9504225333
519858	40.73777729	-73.99779152
353958	40.7118757917	-73.9411068647
1047488	40.7187725772	-73.9558943125
949519	40.7174306855	-73.9584763617
748491	40.72115772	-73.9866864
5139262	40.8246404076	-73.9442002773
573452	40.7616623588	-73.9831764211
478215	40.7119571667	-73.9490122333
399465	40.6670777146	-73.9880559911
863875	40.6625466247	-73.9919999242
521340	40.7279706532	-73.9849633548
694649	40.7031553959	-73.9426982403
693148	40.7263643988	-74.0006232262
401827	40.68784683	-73.98979735
655426	40.7271144497	-73.9885224402
5552909	40.6960040331	-74.1738563776
5310477	40.760943573	-73.982791165
3612761	40.827476183	-74.103616675
3124604	40.766202	-73.647413
1568658	40.8165630333	-74.1238981333
1959365	40.841687	-74.109099
5713992	40.82860118	-74.10129685
3557780	40.76473	-73.976194
1507929	40.743698405	-73.995964647
1426397	40.7637956417	-73.9885103703
1110696	40.73953905	-74.0025233833
1272266	40.93326389	-73.7475444
756211	40.7329443163	-73.9979428814
740580	40.61903858	-74.03103566
4542398	40.713717312	-73.996773079
1420709	40.676874752	-74.209868392
1428525	40.738709	-73.998382
499914	40.7350636565	-74.1627144814
1538582	40.657564	-73.793783
1024099	40.67647075	-73.98043507
215046	40.65269965	-74.0027495
190206	40.6831035667	-73.9927004167
643578	40.67481726	-73.99336385
1121389	40.6826730833	-73.9928933833
1350251	40.683202467	-73.992961217
1155233	40.687094	-73.991325
749744	40.7298969719	-74.0339688464
857121	40.7465973833	-73.9176459667
457574	40.6787216	-73.9759646
885033	40.6760571519	-73.9635336399
2741937	40.6741708517	-73.963726759
1544274	40.77779611	-73.978520044
3643616	40.7613448901	-73.9835451462
3015619	40.7216229	-74.0053779333
480715	40.7312106782	-74.0409333177
4530083	40.771284861	-73.920133871
1087994	40.7616765667	-73.8303920333
918333	40.75846314	-73.98706501
959019	40.713909	-73.9616566667
1055869	40.706745	-74.0024832167
991774	40.70923825	-74.00483995
1020351	40.7346681768	-73.9982825087
1093531	40.71168518	-73.9652484
409057	40.7200628244	-73.9884889126
387613	40.7200774068	-73.9883969317
853962	40.7294319167	-73.9984699667
871244	40.73175156	-74.00417637
273031	40.7620393	-73.9822219
711684	40.66995203	-73.98830038
2801090	40.8076983	-73.95434486
1480307	40.804715833	-73.9555032
776321	40.7622511393	-73.9853568366
895998	40.7982332695	-73.9722561836
1469733	40.666789	-74.009607
2551454	40.742957985	-73.994893078
1577934	40.73100192	-74.001283318
219996	40.7565109628	-73.9766390902
809067	40.733648	-73.864873
827022	40.7410938	-73.8807930833
2307534	40.619185843	-73.9900482
1473263	40.62313375	-73.99756915
1278666	40.5421455	-74.1461711667
4011555	40.6860609	-73.97798615
618013	40.71810436	-73.96097075
617967	40.71810436	-73.96097075
827866	40.7520689987	-74.0311967786
570233	40.7334721574	-73.603988352
1310133	40.7613496394	-73.9907419682
4069297	40.639564129	-73.967443648
570740	40.693220905	-73.9729189262
1503942	40.7728769833	-73.7332412667
129482	40.7229379167	-73.5650344333
396991	40.7249548333	-73.5512653
351584	40.7470909667	-73.5530486833
972002	40.6905949833	-73.9705167833
1129234	40.6894105167	-73.9715868667
1041966	40.7457226053	-73.9785850166
809541	40.75680541	-73.98033797
721587	40.77801752	-73.85736787
682786	40.7630850424	-73.9769909253
624240	40.7547734859	-73.9641045458
657580	40.7549058	-73.9657563833
579432	40.7562349833	-73.9801227333
1955216	40.769114244	-73.954741683
594475	40.73237878	-74.00071763
1430883	40.75217497	-73.9756866
1429112	40.70946431	-74.00638169
1107901	40.7404517161	-73.9963940107
591555	40.7271118164	-73.9998931885
1103586	40.7392990516	-73.9947223663
913796	40.6743571667	-73.9674061333
780403	40.92364825	-74.0702582167
341544	40.9260960708	-73.8356948446
861218	40.76125842	-73.96953672
370331	40.7863288697	-73.8362862461
857255	40.74191641	-73.98499506
1116735	40.7071281081	-73.9543379271
776355	40.72066712	-73.99715209
1060031	40.7364912612	-73.9930419411
1123383	40.81472925	-74.2219273667
780060	40.7709492185	-73.9832143035
1224000	40.8412334167	-73.9400942667
1131541	40.76007324	-73.97228378
1256582	40.849108021	-73.93397889
1473163	40.850581475	-73.93693272
4805866	40.93875449	-73.89866858
3989284	40.74871265	-74.005249217
1040885	40.74835532	-73.98563647
1300477	40.74945086	-74.00515282
962229	40.74542993	-73.99870139
571805	40.7861206606	-73.9795534041
2741137	40.684246517	-74.00221915
896944	40.6802230745	-73.9748847485
292479	40.67701816	-73.99779421
1120406	40.6777510554	-74.0134520043
923561	40.6913008445	-73.9981503005
758821	40.6834888978	-73.9953693385
758244	40.6895344785	-73.9968169601
486108	40.6656493444	-73.9822769165
655088	40.7162589333	-73.9652322667
533242	40.7070576309	-74.013142381
486230	40.6826294	-73.99798953
485616	40.73389595	-74.00611722
482214	40.71462166	-73.93538582
196064	40.68367485	-73.9675330833
547397	40.6894911544	-73.9917752945
272891	40.74736773	-73.98968011
262194	40.709320314	-73.8189303875
411191	40.644035377	-73.9765174563
998179	40.7307141698	-73.9988422394
940417	40.7461538058	-73.9938639902
552989	40.672753	-73.9752733
772539	40.7688092587	-73.9828133583
564567	40.7670322703	-73.9837449749
793907	40.7417458652	-73.9903879166
758575	40.8551995945	-73.9376545207
357543	40.6401544167	-73.78963285
407303	40.7860922333	-73.9761961833
395810	40.8053557867	-73.9624607563
890552	40.7518304764	-73.9808854765
313990	40.6642234332	-73.9837689509
401320	40.66762355	-73.9872537
1080249	40.7394517214	-74.0016705016
631540	40.7340072297	-73.9929378036
316698	40.75610989	-73.98354351
566768	40.7231782	-73.98903751
990152	40.80813443	-73.94755619
1102886	40.8082886846	-73.9506916834
1261494	40.747297633	-73.984597
795289	40.8091823863	-73.9468522489
999492	40.8125587409	-73.9416146278
936323	40.8124450589	-73.941668272
808302	40.8085170167	-73.9469226333
999497	40.8122176942	-73.9417862892
961018	40.8099027233	-73.9448287033
1221134	40.80786317	-73.94550281
917475	40.8094157104	-73.9442804474
149212	40.8079090864	-73.943728671
1471389	40.75676858	-73.98460549
874546	40.90466785	-74.03073805
1360967	40.713098	-73.957955
1291527	40.7763053333	-73.9740512667
1110900	40.5894903411	-74.1014420986
2201673	40.731509039	-73.986991569
5559682	40.739397649	-73.999279099
487584	40.73824644	-74.0040484
942588	40.74120775	-74.00219302
1445830	40.742599	-74.001869
1314296	40.717298617	-73.9981878
1175903	40.75431323	-73.94920903
2545440	40.733130556	-74.006390899
1554056	40.7557781	-73.991705017
1380514	40.71437174	-73.95089721
1232439	40.736708983	-74.00193175
1209803	40.729979717	-74.000611072
1107541	40.73347944	-74.00278949
965837	40.7045602667	-73.9195346667
1336193	40.74081	-74.005236
766563	40.8859366179	-73.9100933075
2020212	40.665462168	-73.9889502525
621511	40.7514831754	-73.9755610737
782998	40.7522311897	-73.9753139019
1707440	40.746824181	-73.996085374
1131820	40.7448822234	-73.9974575273
924029	40.75152035	-74.0384047667
803547	40.73249536	-74.00343281
1128469	40.7328145167	-74.0032988
606215	40.6255521333	-74.1378503167
1292308	40.6125365667	-74.16670855
82478	40.6073899667	-74.1635020667
82476	40.6074173833	-74.1635505167
621147	40.6065300333	-74.1622210667
621137	40.60447855	-74.1623779667
606247	40.6255017333	-74.1378540333
606218	40.6255291833	-74.1378809
606226	40.6255225833	-74.1378504333
606237	40.6255105667	-74.13788715
606231	40.62551995	-74.1378763667
262669	40.6231722167	-74.1432589333
529946	40.6229290667	-74.1433454667
386560	40.6244021833	-74.1442881667
1285054	40.624610533	-74.142625083
1285058	40.624615333	-74.142627917
1412805	40.679934617	-73.932741617
1513054	40.664094951	-73.942590952
668585	40.732742	-73.865791
1353771	40.67140501	-73.939238579
499727	40.6379101667	-73.7858438667
1198833	40.6454256748	-73.7853079675
1032903	40.64190763	-73.78707849
419757	40.6376568667	-73.7859949167
641834	40.6383562	-73.7871372333
1265987	40.639305184	-73.786590634
167457	40.6694090369	-73.9421188831
517334	40.6688556756	-73.9312076569
1095192	40.6734654744	-73.9501035214
1236110	40.66598743	-73.93181604
1123312	40.6777009333	-73.9341953667
511973	40.6749696931	-73.9451508021
517292	40.6716576089	-73.9341837299
473578	40.68824291	-73.98560512
66933	40.6830089167	-73.99576285
756925	40.6841058501	-73.9921705697
188628	40.6817705833	-73.9952652167
409472	40.6814660667	-73.9944411333
964700	40.6832127833	-73.9927926333
297664	40.68223243	-73.99427342
914879	40.6815874167	-73.9936333167
867386	40.68118721	-73.99472343
1014711	40.6832671042	-73.9954188196
1054008	40.6841692333	-73.9921421333
485151	40.6843974096	-73.9924126523
209661	40.6844115167	-73.9924049333
860741	40.68305361	-73.99378305
378025	40.6867103988	-73.9936801784
52727	40.6831237671	-73.9930070666
475400	40.6823730441	-73.9934692437
90398	40.68263765	-73.9932254333
1105804	40.7249940841	-73.9469807374
1337711	40.718821332	-73.956779214
464554	40.720688943	-73.9548110962
17145	40.72208055	-74.0026417833
1143426	40.7301125362	-74.1663515568
1551901	40.7336515188	-74.1629451513
472839	40.6782697767	-74.2301681773
1338350	40.735629325	-74.162418275
503974	40.725983	-74.1824265167
2578095	40.804215619	-74.237826373
162034	40.73403695	-73.8696546667
1065872	40.73138022	-73.87172627
3025328	40.813376	-74.162801
4515124	40.821063737	-74.162171399
1653884	40.797345433	-74.200971933
1122201	40.7834038833	-73.9763904167
3313950	40.71572735	-73.991409017
725473	40.7053727333	-73.9362317
1885151	40.71757036	-74.00380438
1946892	40.71757036	-74.00380438
1932110	40.705204	-73.9334607
1931989	40.705204	-73.9334607
893698	40.7054026593	-73.9333399344
2191667	40.75428645	-73.981113017
1541923	40.77297095	-73.951931583
1477786	40.7777619	-73.951982717
667551	40.743704877	-73.9220452309
990328	40.74150472	-73.9257363
653207	40.7431561	-73.9228984333
710402	40.7434496577	-73.9219807394
549872	40.74377608	-73.9192636
602520	40.743375971	-73.9218445954
659493	40.7433716052	-73.9182686806
302989	40.74295005	-73.92150905
667560	40.7429814312	-73.9190948009
549605	40.7431109697	-73.9192261654
893354	40.7428953833	-73.9157805167
4888412	40.758446553	-73.992302615
2379953	40.74105441	-74.00516067
2237647	40.729825283	-74.004578433
2152709	40.74278724	-74.00041425
1308909	40.6210547041	-74.029330394
1307170	40.61617875	-74.02623158
1319196	40.908805983	-73.771727883
552740	40.91834625	-73.7677638667
1046446	40.90728395	-73.7686087833
505515	40.9131107543	-73.7759313632
152662	40.9130732333	-73.7758552
2324263	40.760675523	-73.877650077
52693	40.7056814291	-73.5692226037
1200611	40.718742706	-74.000198047
5535752	40.76148123	-73.976925592
5432732	40.776271933	-73.9494356
4651731	40.773682363	-73.983284826
1211966	40.7750899664	-73.9870083332
1054626	40.6933679167	-73.97025715
3554625	40.7163059891	-73.9594137669
2862382	40.71479141	-74.00595006
2130088	40.799850783	-73.923728383
1426914	40.77131086	-73.98846441
1093439	40.7167114936	-73.9588173359
1451206	40.7595618066	-73.9830172062
1233163	40.75698535	-73.989121767
549403	40.7748452	-73.9112403
588756	40.7492712886	-73.9777604858
856171	40.726207	-73.990104
689830	40.55880185	-74.1685993833
1047559	40.5829981667	-74.1873956667
679742	40.5602935	-74.1709754667
982313	40.7810766189	-73.9493048501
677822	40.65077751	-73.78463023
782679	40.7543387574	-73.9829157242
622947	40.62546211	-73.99821275
1806071	40.624487241	-73.999451507
701416	40.6317226569	-73.9464395254
1495102	40.66649121	-73.93136018
1473234	40.65826809	-73.96319717
1116621	40.6946970167	-73.9946461833
1551720	40.668453196	-73.939307585
1001406	40.69388169	-73.98969924
1494879	40.665937737	-73.93169176
1753803	40.641609739	-73.963667531
1123277	40.77365612	-73.98184281
303649	40.74383038	-73.99743241
871886	40.8252858	-73.947365
1048020	40.7624778475	-73.9718897986
877218	40.76320129	-73.96998
763228	40.7630294899	-73.9716286771
624934	40.6456103524	-73.7755966187
3915614	40.724317731	-74.001433216
1062216	40.7184880157	-74.0358262605
338588	40.7862011253	-74.0749717387
1307707	40.7945591211	-73.9721059799
1998287	40.804634367	-73.96626785
1375231	40.7264533	-73.98594659
37799	40.8054257483	-73.9635464023
408226	40.7187536482	-74.0338289738
1171750	40.7191927537	-74.0350949764
856326	40.76498335	-73.98592609
954763	40.68610006	-73.97301328
1155585	40.68506014	-73.9916929
1150853	40.769551475	-73.9925637
1086453	40.6851465167	-73.9942261667
818459	40.7321938402	-73.9551007748
736700	40.7153672333	-74.0346209833
84840	40.8185348941	-74.2242765427
3931393	40.760672477	-73.99773849
255675	40.8542889	-74.2035978
1207603	40.8401542	-74.208918667
3678561	40.722502214	-74.003605843
976655	40.7393803425	-73.9941000938
606441	40.7604756167	-73.9219486333
95264	40.7564768627	-73.9299150347
1360570	40.76299148	-73.96244031
926716	40.7595454571	-73.9592371571
468347	40.7777714807	-73.9513483794
1519272	40.77491547	-73.913336033
654410	40.6635745	-73.9911217333
787108	40.70736372	-74.00390338
813087	40.6604475198	-73.9943439435
749151	40.70422785	-73.9846201
446937	40.67477929	-73.98208248
5907049	40.74742764	-73.98457819
5903625	40.74733704	-73.9851765
266235	40.72531443	-74.00166428
1841806	40.941275777	-73.83570065
764333	40.708705	-73.988965
844979	40.71680682	-73.95883399
442583	40.71446919	-73.99436211
1663699	40.7546454	-74.15643055
67011	40.8076621164	-74.1062378883
1038813	40.8616092667	-74.0717856
1033496	40.8632333346	-74.0770909602
1083929	40.723017	-74.1639958333
1037561	40.7868792667	-74.1864444333
1065998	40.7916988167	-74.1422405333
1062959	40.8599880986	-74.0796245568
43054	40.8240293167	-74.15467185
1038762	40.8595598488	-74.0804720998
1034352	40.86383825	-74.0765317667
443056	40.7641317	-73.8093022
220619	40.7247226471	-73.993373689
1099324	40.7067806167	-74.01263325
385896	40.733500044	-73.9923015178
574912	40.9696471985	-73.8246971369
574733	40.9698902246	-73.8241177797
586516	40.9693353138	-73.8246059418
577472	40.9701692667	-73.8240566667
1444902	40.739226	-73.99048
45996	40.6740649865	-73.9824370933
994445	40.6679684065	-73.9872969415
147298	40.7140116501	-73.9803349323
636967	40.7441910288	-73.9734889183
175805	40.7426836249	-73.9965514159
146409	40.7441189487	-73.9954041376
175660	40.7022200353	-73.9868849516
634951	40.7270424968	-74.005564878
739232	40.73187386	-73.98908567
664423	40.7266029929	-73.9867781537
1057116	40.728323	-73.991414
1156195	40.721355	-73.994825
4953042	40.737856033	-74.0288626
5542200	40.737932936	-74.028514407
5351016	40.718860066	-73.940601624
5310597	40.753311483	-74.029859183
5236914	40.741894991	-74.029534359
5236776	40.741647298	-74.029584938
5233225	40.7471396	-74.061424683
2190005	40.72668272	-73.98908877
779595	40.7189108622	-73.9870161368
740134	40.7481016893	-73.9869261124
705765	40.72892481	-73.98198682
827275	40.726822021	-73.9889961462
1346564	40.7401929	-73.99526865
1005858	40.72869414	-73.98765379
987803	40.7359336176	-73.9875237283
896858	40.7533816707	-73.9979165224
174725	40.6631497667	-73.9817451333
230276	40.8594950461	-73.6209183607
216302	40.72073417	-73.98976862
948025	40.73932194	-73.99195623
937074	40.6672601267	-73.9850589009
440488	40.6787216	-73.9759646
1560831	40.778189225	-73.94842677
372431	40.763178491	-73.9841978232
527590	40.7880188167	-74.0310634833
956402	40.7179445028	-73.990983367
2181921	40.7296442986	-73.9845782518
4945676	40.7286894321	-73.9845567942
4063889	40.7287303843	-73.9858710766
947717	40.7272337833	-73.9862462333
4904124	40.7562474	-73.98618549
4840534	40.786409	-73.955177
4838514	40.76430082	-73.97220712
1399203	40.795365194	-73.975200941
4770835	40.763431	-73.983135
824140	40.7253760634	-73.998960731
650677	40.7055758636	-74.0055649253
2957838	40.761947	-73.993506
2951642	40.7247358561	-73.9993196726
2933740	40.7614552975	-73.9909511805
676410	40.7141886	-73.9562102
5309721	40.714100733	-73.960713417
4770052	40.72903382	-73.99965965
4704554	40.7195911987	-73.9588236809
482435	40.71268117	-73.9500761
1080114	40.7249342833	-74.0078385667
964550	40.76301324	-73.97699797
658327	40.76064831	-73.97635787
584450	40.7590254474	-73.8265907764
420317	40.6885185786	-73.988896195
710632	40.6871649303	-73.9762662561
520615	40.7482998	-73.8926867
161502	40.6782859287	-73.9958239554
108683	40.8223825081	-73.8556548935
446374	40.6201241	-73.9894901667
445850	40.6206621833	-73.9885143667
440007	40.75480467	-73.81880754
87824	40.7546094167	-73.6507874333
3912345	40.75451624	-73.98370689
2271757	40.75811547	-73.96200233
1591771	40.75841652	-73.96263164
3288244	40.753587479	-73.962434553
2679808	40.76195698	-73.97002685
5536631	40.86433672	-73.90388119
1063377	40.86623	-73.910053
1868066	40.818608767	-73.927009367
1727331	40.86333936	-73.90405559
1119626	40.8658255167	-73.8942149333
972334	40.8687687417	-73.9024060132
3255124	40.8333359	-73.939154467
3254164	40.835570333	-73.937593933
1534529	40.823678782	-73.945140615
688729	40.87376215	-73.9084015833
1433065	40.8796864145	-73.8846981525
2949018	40.6842	-73.977901
2727014	40.688102	-73.957758
840475	40.68428	-73.978007
1060381	40.675544	-73.984962
1161204	40.68498275	-73.9799262
867212	40.686509	-74.011485
802750	40.6830163	-73.97735458
230691	40.68468875	-73.9788115667
4901955	40.783258717	-73.958605867
921487	40.7271552959	-74.0493371466
589745	40.74964648	-74.04046833
927293	40.7661222833	-73.9574619667
921016	40.7522527333	-74.04431015
1454532	40.75505175	-74.0294015
5616622	40.747398943	-74.028269168
1044909	40.7508784333	-74.0457989833
940771	40.7659217908	-73.9573066443
278688	40.7361936167	-74.0290983667
3669022	40.713617118	-74.011471936
349471	40.7153992752	-74.0371495485
2369001	40.714152436	-74.032589056
936046	40.75202095	-74.04536955
2917618	40.7136025	-74.0100211
4068679	40.713966803	-74.010932077
1549184	40.723159183	-73.990061133
1376378	40.745993239	-73.889893294
1333939	40.7446324825	-73.8866025209
666196	40.7442206894	-73.8848911279
981651	40.7435597296	-73.8876015465
463603	40.74184387	-73.8783275426
160245	40.7583027088	-73.9806232208
908116	40.7413941167	-73.8811090833
1289806	40.74177348	-73.88108325
140018	40.7412992167	-73.8812597667
866136	40.7414861833	-73.8812303833
252435	40.7385930001	-73.8853165029
1117271	40.73887265	-73.8874179
697128	40.7437167121	-73.8880783361
726243	40.741641402	-73.8832250557
1163310	40.7434524261	-73.8882335635
942797	40.7297199066	-73.9582213982
856786	40.7331938185	-73.9579331875
4486948	40.779834	-73.802433
5689536	40.76811506	-73.74848692
3678397	40.76811506	-73.74848692
1363751	40.70193558	-73.98745763
1284777	40.758113265	-73.9633136988
1237186	40.7582956553	-73.9630132914
1187546	40.6870117284	-73.9910739097
1094890	40.761232	-73.973114
2061179	40.725533	-73.989843
683066	40.7330139154	-73.9755488823
706150	40.7438905958	-73.981550595
503959	40.7154625972	-74.0087457832
230544	40.744030358	-73.9932840759
1524284	40.74003565	-73.99446231
758989	40.76378917	-73.9825049
2731336	40.762232685	-73.97251918
1064513	40.6606116752	-73.9903342724
356407	40.66290086	-73.98958534
383704	40.7381420608	-74.0054251203
272195	40.7113534731	-73.9482235909
985951	40.7377168858	-73.9916275318
965538	40.7247343725	-73.9841026544
101513	40.7324612	-74.1399333
739812	40.7115486532	-73.9469146729
862103	40.705255467	-73.9813755423
827288	40.7111094973	-73.9464211464
405458	40.7287575924	-73.9789334298
795395	40.7283333333	-73.9802777778
4289087	40.73668404	-73.984608044
1513565	40.719396415	-74.001781366
1157593	40.7028600738	-73.879059942
538133	40.6156388708	-74.0342633941
487533	40.6312479937	-74.0218779014
2555224	40.717419399	-74.035812014
871612	40.6707542	-73.97869775
581098	40.6699647542	-73.9798856281
1105951	40.714238947	-73.9521219047
1005664	40.7077822833	-73.9328400833
1080823	40.7244061392	-73.9488339115
1074978	40.7243314544	-73.9490923845
1074101	40.7180144175	-73.9453115344
936802	40.724349447	-73.9490310661
936011	40.7128814287	-73.9459295853
874897	40.8851132667	-73.8264513833
747604	40.7690956817	-73.9564794302
1414375	40.7298600885	-73.9883694401
4239690	40.753810239	-73.96744275
347651	40.8827143	-74.1467486
1333678	40.877855713	-74.155037914
1115218	40.8731473333	-74.1509275333
1408799	40.751056224	-74.00542396
695654	40.74272048	-73.99199849
434421	40.8479858667	-73.9849063167
827588	40.71458786	-73.9439578
1063497	40.73294478	-74.00646698
1040095	40.7229704	-73.9939642667
797657	40.72871541	-74.00535404
55213	40.8303641033	-74.2051483981
833632	40.71470963	-73.95192152
942329	40.71819877	-73.94729167
808883	40.7154973667	-73.9391158333
906011	40.72868764	-74.005427
923757	40.71904522	-73.95383274
264136	40.74366845	-74.1550195
254651	40.74525615	-74.1643235667
250021	40.7462410167	-74.16494865
974065	40.7669480857	-73.9540953
1054108	40.67901855	-73.9976221333
1396038	40.74361103	-74.00353348
4129322	40.7079023123	-74.0013098717
1129903	40.8789028121	-73.9140027402
1135997	40.7520172454	-74.0012283325
737741	40.9255913333	-74.0872757667
759478	40.7438868284	-73.6945134401
1435687	40.747618328	-73.646445979
1397748	40.75241076	-73.66006785
1181078	40.7166764833	-73.9586646333
802938	40.72393292	-73.9499464
1250904	40.73857086	-74.00356715
986780	40.7205277925	-73.9881514802
5638460	40.746083	-73.982626
4515054	40.734557179	-73.999229938
1772355	40.7124920152	-74.015879631
1751903	40.7581256	-73.98559468
1723276	40.7582969	-73.98518866
559111	40.7190011958	-73.9974975256
402444	40.7363358986	-73.9975127453
1200386	40.7026511162	-73.9931023121
1200893	40.707532317	-74.013817317
1046425	40.7176024157	-73.9648624237
872541	40.69975515	-73.9516589
594099	40.6336262009	-74.027273653
3853588	40.64930246	-73.97348276
609217	40.6222801187	-74.0274720325
4770387	40.828894133	-73.947589017
1452734	40.621165333	-74.026404664
634796	40.6237727411	-74.0249575981
2499451	40.621628461	-74.032351422
1101101	40.6612653164	-74.1715574921
1517989	40.623441492	-74.035215932
1218303	40.6314972	-74.03138291
684231	40.6278703	-74.02919935
977317	40.6314390811	-74.0277545868
639185	40.6225952137	-74.0248453257
530083	40.7025046642	-73.9889091626
530159	40.72664165	-73.98589837
682457	40.66783535	-73.9823112167
559578	40.6900949667	-73.9934552333
750388	40.7157210446	-73.9485581657
370458	40.699161366	-73.9272673147
1260914	40.709559905	-74.001765256
418783	40.7797413738	-73.9842199009
1584505	40.732954584	-74.002988172
1229553	40.72074204	-73.99750059
448835	40.7358143546	-73.9793407222
5060130	40.835151083	-73.921466267
2544220	40.734399498	-73.983408005
1287766	40.70402725	-73.931029383
759400	40.71137338	-73.95322775
1034345	40.7469931577	-73.9838875959
1110462	40.723554599	-74.0033225394
223354	40.7374027381	-73.9915452934
891220	40.7336206167	-73.9923903167
712045	40.7339686333	-73.9930417667
948183	40.7382273109	-73.9987039068
196259	40.6937791308	-73.9906919963
850703	40.6799640167	-73.9746345333
360430	40.6776931333	-73.9792583
100841	40.6781971017	-73.9759147167
754919	40.7245787622	-74.0020309583
730078	40.7029931	-73.9897400167
146127	40.6783623667	-73.97295825
570270	40.6983839026	-73.9870847762
693296	40.6797444	-73.9892925
4019730	40.729819	-73.980929
664430	40.7393053706	-74.0012711095
1857140	40.71708	-74.009186
154600	40.72923564	-73.98781448
1499308	40.7197898626	-73.9872282743
1499173	40.7211309671	-73.990291357
1318102	40.7197014333	-73.9876869
1297035	40.7341128588	-73.9800775051
469137	40.7211148667	-73.9870834333
1259432	40.7133793831	-74.0151929855
749397	40.7315701246	-73.9830493927
893386	40.718685	-73.987505
1325419	40.7459843159	-73.8903093338
1343522	40.7347083092	-73.9796161652
1339824	40.7252347469	-73.9843904972
1337930	40.6306493282	-74.0192914009
78638	40.6337912	-74.0265934333
47810	40.6339804222	-74.0287943174
1273560	40.640155077	-73.6480951309
3355784	40.873439	-74.149768
3229624	40.669743	-73.955902
1573509	40.973949	-73.952368
894765	40.830731	-73.948621
1518427	40.704755517	-74.01394655
272354	40.71334272	-73.99941664
2503653	40.7267587355	-73.9919033647
1581275	40.7245425333	-73.9437260833
1919071	40.74777013	-73.98511773
942772	40.6764639917	-73.9625895023
1021086	40.67674964	-73.96582943
1200829	40.71955716	-73.9868223
1132846	40.6767406414	-73.9719772339
1105774	40.7204612642	-73.9893043041
975761	40.7549619796	-73.9917290211
811801	40.7215066833	-73.9990145667
916608	40.6229025338	-74.0315008163
2229827	40.68850148	-73.984960731
1455245	40.736907829	-73.990313464
1420228	40.703196925	-73.990390505
1220590	40.8402106333	-73.9449556
802335	40.7269327	-73.98446148
1509355	40.764054994	-73.913052143
1180628	40.7187779087	-74.0063844531
948361	40.7456150611	-73.9899802208
493695	40.68120294	-73.9498918
5970088	40.9191819	-73.86036306
915603	40.8435630798	-73.8468307257
915527	40.8407896757	-73.841149807
872584	40.8458483219	-73.8310754299
1441681	40.72310095	-73.958761025
5312992	40.868052	-73.920606367
5109493	40.763835187	-73.967689745
4810330	40.758048083	-73.829254317
1666735	40.7222222222	-73.9883333333
1459005	40.717531	-73.986258
147854	40.74159215	-73.8798558833
1446451	40.725543183	-73.984768667
1425563	40.92359173	-73.85677963
1374093	40.747043917	-73.99471155
1347419	40.723657167	-73.93826255
731964	40.7200242055	-73.9879958985
622321	40.74278165	-74.0359494833
1237799	40.723022383	-73.991305483
1200633	40.7312236845	-74.0026839938
147050	40.7156869	-73.9900901333
1195179	40.7460960099	-73.9149846012
1042138	40.72603866	-73.98371518
443522	40.7142179472	-73.9614640123
923067	40.7822244553	-74.0749915967
972918	40.7653773667	-73.9873917167
871213	40.9394797234	-73.8329184665
663427	40.7262501333	-73.9846342833
767825	40.719384	-73.990007
281302	40.66023635	-73.98159581
504228	40.68820363	-73.63749748
1163356	40.7380149431	-73.6693304459
585107	40.72865939	-73.98545914
290774	40.7347661118	-73.9924683883
1199853	40.7252584	-73.99913799
1117113	40.72540366	-74.0056681
845827	40.7645975569	-73.9664169206
330712	40.6739395103	-73.9780175686
1469793	40.7309174232	-73.9576649666
148162	40.7473027541	-74.0033264006
486738	40.6951374167	-73.9952422167
486593	40.6943751833	-73.992984
553133	40.69508705	-73.9951868167
533956	40.6950082167	-73.99547365
494154	40.6949120328	-73.994966962
496369	40.7005173667	-73.9934743833
494908	40.6950213856	-73.9952373505
163507	40.6944438331	-73.9934134483
328984	40.73920553	-73.99934911
786555	40.8088964572	-73.9593815804
1175533	40.8593710554	-73.8826704025
827997	40.7558979601	-74.2500695335
235995	40.73869532	-73.98985868
731680	40.68921923	-74.16773325
5794953	40.726950114	-74.005415485
562532	40.7273927216	-73.9905301436
427621	40.72776889	-73.98295688
1551995	40.7148118	-74.035812167
1544017	40.715601667	-74.03466265
1531010	40.71876859	-74.00788027
1339916	40.7166711	-74.03383588
1286162	40.77474188	-73.98319542
140407	40.754552	-74.0297047
1139286	40.7145114837	-74.0364901624
335658	40.7331053	-73.9875082
4000432	40.71406519	-73.997701203
738692	40.9043597028	-73.9672394378
235022	40.9412611667	-73.9596076667
215472	40.9244161833	-73.9974282333
333673	40.72386348	-73.95390033
683116	40.7212090769	-73.9887134162
732759	40.7290955641	-73.9884394357
341920	40.7289113359	-73.9871656827
359173	40.7110204798	-73.9505280502
432406	40.7107592833	-73.9540887667
669093	40.72126812	-73.98929087
1173250	40.7455309	-74.1641047833
1151852	40.72447234	-74.00168216
889772	40.7430977956	-73.9910736115
455611	40.7406114	-73.9863832
853359	40.7771510833	-73.9797074667
1501489	40.73406131	-73.990975546
1363969	40.781739236	-73.984090276
1297743	40.74433279	-73.99684661
1285464	40.77747541	-73.97885245
1257976	40.8182534	-73.9618277
307843	40.95632153	-73.81303113
579075	40.774225	-74.032647
5564212	40.74884694	-73.93544584
5656749	40.7587285	-73.98811441
502564	40.75206136	-73.97749847
408621	40.9703592667	-73.9550373333
1378966	40.924789581	-74.034432426
1285325	40.75569	-73.975274
1224164	40.759744	-73.988199
1237179	40.9405359667	-73.9622590333
793066	40.968454	-73.953141
755283	40.8066906333	-73.9873516333
721935	40.756727	-73.980923
1089019	40.7483561167	-73.9952391667
637334	40.7758540667	-73.8756115833
4010115	40.73851704	-73.995855418
1403530	40.70687794	-74.00940346
2562055	40.709811993	-74.00715181
898184	40.7135136833	-74.0160537833
1587397	40.709352343	-74.006093802
1557474	40.714811879	-74.011543156
1664327	40.708817862	-74.00091129
180655	40.7235916105	-73.9821065161
472852	40.7300179487	-73.9790995272
420528	40.722353289	-73.9818369228
683795	40.7300690464	-73.9558691349
321574	40.831227	-74.091444
819017	40.84371978	-74.11905711
1547419	40.788231584	-73.813920414
1030406	40.7443699875	-73.9119707651
199809	40.7859599563	-73.8161301613
1115176	40.7538891827	-73.9788758755
251521	40.6954283167	-74.1733030333
945104	40.7593518078	-73.986640049
559426	40.7121899207	-74.0157306463
1200106	40.727224187	-74.00563848
5906804	40.743514144	-73.994225437
1124374	40.7292155167	-74.0012621333
4514560	40.7222867384	-73.9942878485
4485666	40.740972037	-74.005115861
867976	40.7437098	-74.0010952833
1557518	40.761379817	-73.984086612
212524	40.73899835	-73.9991553333
900311	40.6865875	-73.9666465833
892260	40.7271441833	-73.82231855
455450	40.7476485001	-73.9906404318
769508	40.7368505074	-73.9972064656
535248	40.7128138833	-73.78297325
573565	40.7276165115	-73.983258605
120854	40.7270431523	-73.9827117923
434884	40.72598254	-73.98579186
434883	40.72598254	-73.98579186
686197	40.72619503	-73.98567593
657533	40.7279067667	-73.9853197833
628568	40.7272418822	-73.9826207828
543131	40.7282757333	-73.9834618667
1187427	40.855754	-73.933335
913056	40.8638727665	-73.9621013403
1200882	40.7775	-73.9552777778
4373078	40.718009759	-73.960108409
1761627	40.74630481	-73.89603573
1720207	40.63882344	-74.00593698
1463904	40.754538933	-73.893039983
970756	40.7561348333	-73.8830758833
435246	40.7559559833	-73.8822234667
588905	40.7552522833	-73.8866905
765868	40.7654759584	-73.9908174465
538726	40.7502059869	-73.8806456813
663135	40.7470540654	-73.892422497
651718	40.7495557994	-73.8854282983
644769	40.7557316515	-73.8838601359
90006	40.7471912424	-73.8889309712
524295	40.7462464	-73.85972355
517692	40.7460190262	-73.8840430427
486379	40.7488544667	-73.8927799
331796	40.7403637701	-74.0039579495
318456	40.7495163167	-73.88367915
313440	40.74681925	-73.8913773
310432	40.7295043084	-73.9781959528
232428	40.7761059134	-73.9793945488
1144465	40.7187954255	-73.9612113469
1413701	40.745413829	-74.001999319
565398	40.7633080588	-73.9137436162
4844228	40.773428667	-73.92730235
5524993	40.774053033	-73.927089883
5107659	40.768526907	-73.921027812
184610	40.6212151167	-74.0012055333
184607	40.621210952	-74.0012955465
5146474	40.7745781069	-73.8720059395
5762040	40.867437217	-74.05608575
5347857	40.756530817	-73.921256717
4449010	40.7672959	-73.917722175
3789787	40.71418725	-73.98862325
3733901	40.7548098	-73.983801183
3608614	40.694803936	-73.99440544
970935	40.7583590558	-73.9104688168
3416120	40.764577383	-73.916165817
1051754	40.76530085	-73.9171679833
2237458	40.767390291	-73.912190709
1498494	40.765740345	-73.918465178
895599	40.7577745766	-73.9201581997
299348	40.7605532471	-73.9225924015
1237160	40.7784607	-73.98018261
1225431	40.72975456	-73.99052309
482174	40.7207878667	-73.9884864
1080225	40.7283114402	-73.9879405451
1024791	40.7596933611	-73.918399949
923953	40.68803524	-73.98981708
847663	40.7639695709	-73.9146418938
847425	40.7617132949	-73.9177832007
588053	40.7622425	-73.91108975
447886	40.71642464	-74.00010323
566843	40.7347535	-73.8743595
255386	40.7418334575	-73.878853426
205703	40.7425502312	-73.9539878833
205787	40.738064753	-74.0339144093
29108	40.8934075	-74.114532
5483628	40.74728774	-73.97703109
5234248	40.73726036	-74.00396262
1140252	40.71588755	-73.99795145
1084540	40.6514017721	-74.0039952299
1988029	40.725915923	-73.949948047
517443	40.7392091051	-73.9220860772
525694	40.63435765	-74.0858443167
570707	40.6432708667	-74.1010601667
497530	40.6426522167	-74.0991173833
4655753	40.7366182	-73.98918567
1009129	40.73547805	-73.99263225
997874	40.725208	-74.005525
2495587	40.685841	-73.97359
977965	40.72662085	-73.98596358
977809	40.72676694	-73.98581635
976187	40.72823745	-74.00235003
229032	40.6773941833	-73.9799614833
878438	40.7426725418	-74.0291941166
5169775	40.719976536	-73.999317658
4905683	40.745026316	-74.032710576
677582	40.7696344167	-73.9096326333
213498	40.7455715667	-74.00911195
302309	40.6515993333	-74.0047005333
854213	40.7424209833	-73.9467072667
1891633	40.720565201	-74.156001692
1653794	40.7017255	-73.838662
1136897	40.7413983209	-73.9814910434
1542461	40.7267904282	-73.9781570435
1402413	40.5909917667	-73.79642145
2732712	40.714618248	-74.006977022
903951	40.7287100583	-74.0001256764
1228932	40.58737595	-73.79549045
1420944	40.718731	-73.987174
971165	40.93089604	-74.08260786
376905	40.73884457	-73.99022561
315154	40.723983975	-74.0039154817
1350331	40.720802733	-73.999572
859797	40.8699413167	-74.1699282167
961543	40.8698184333	-74.1689157
408158	40.8643043	-74.16902065
866567	40.8684689167	-74.1907587667
808615	40.77876299	-73.98197782
914473	40.89174509	-74.02782857
853340	40.8910096832	-74.1529512405
591124	40.690008446	-73.9935714597
1387100	40.845025833	-74.16852085
589556	40.7862582333	-74.0452396833
1338612	40.833117717	-73.991220467
29451	40.8135575167	-73.9835816833
42464	40.8143140744	-73.9834655556
1217455	40.88475705	-74.0656281
5705388	40.7291287722	-73.9848947525
5616682	40.7291612935	-73.9849805832
1149234	40.7288545333	-73.9849351167
1361074	40.7281905413	-73.9851790667
1315882	40.728435	-73.986999
2180733	40.7294028997	-73.985683322
2086906	40.7294295941	-73.9862036705
1491168	40.7284	-73.985563
1522369	40.728348386	-73.985256138
435156	40.72940069	-73.9860773
2180913	40.7292473316	-73.9854902029
2180781	40.7293492556	-73.9857208729
2180805	40.7293117046	-73.9857691526
3734065	40.7290555991	-73.9865899086
3734089	40.7290393384	-73.9865899086
3962592	40.7290068169	-73.9865148067
3962691	40.7289986866	-73.9865040779
3962746	40.728917383	-73.9863753319
3962856	40.7288929919	-73.9863109589
5544417	40.752801002	-73.97053918
571364	40.7540115299	-73.9689247018
4069105	40.729030755	-73.988611693
1550855	40.712864367	-74.006232483
3783730	40.710493822	-74.008248836
1217357	40.7079775	-74.00473879
1001008	40.7093244407	-74.0020263857
1277275	40.7102051	-74.008014567
908915	40.70884555	-74.00472283
4495148	40.70857155	-74.00528723
1135938	40.708746	-74.0036365
340930	40.7094457323	-74.0079428476
1246167	40.752822817	-73.973760183
942014	40.7183752894	-73.9949082419
915667	40.705725534	-74.00777077
1237126	40.833439333	-74.181183783
485509	40.8363924333	-74.1460103167
559119	40.8366180155	-74.153132389
513678	40.8902356216	-74.0397108504
157413	40.7637293333	-73.9823294667
1452429	40.87254971	-73.93491774
5557795	40.756897038	-73.644454506
1287009	40.7387774445	-74.003994407
3196437	40.7048010167	-74.0091354333
401899	40.6969159861	-73.9427177487
4130508	40.747736782	-74.050010365
224073	40.7420454833	-73.9539607833
4844102	40.750776574	-74.004573315
1054022	40.88091194	-74.11484676
348138	40.78801476	-73.97354483
711322	40.635602	-73.949631
906955	40.6314198886	-73.9485991001
569196	40.6545450333	-73.9463268667
800869	40.76124235	-73.9692382333
1020937	40.7618941135	-73.9831001257
5310557	40.744784654	-74.006892152
3596864	40.629219995	-73.884794424
1375839	40.658261234	-73.839204162
1275061	40.7887806313	-73.9407939975
772402	40.69354035	-73.98710565
1151523	40.7302713881	-74.0004163032
13313	40.72330355	-74.0029191833
306375	40.7116623	-73.9636282667
935174	40.7479398333	-73.9926773167
1264360	40.74444657	-73.99670004
341421	40.6546656976	-73.6105833824
345071	40.756337	-73.992926
1591492	40.69710117	-74.21275043
940048	40.7700423197	-73.9914630201
2811012	40.662503583	-73.908741783
983617	40.667221	-73.905899
1480068	40.791886378	-73.997004051
1262763	40.7599269333	-73.98521565
863328	40.7498790954	-73.9880559058
784318	40.7604749342	-73.986299484
446615	40.7708821312	-73.9807909748
934758	40.7708162247	-73.9817726612
934738	40.7701649333	-73.98170875
1030899	40.7709706042	-73.9818584919
934785	40.7709543537	-73.9818692207
1272585	40.706260817	-74.003007617
841263	40.7031252167	-74.0080689833
769254	40.7070495582	-74.0088984456
1174919	40.706718082	-74.0087703421
1062506	40.7425688289	-73.9850366933
1268355	40.74444657	-73.99670004
267933	40.7571497	-73.9723361833
722582	40.7592448676	-73.9736294746
1263867	40.759312917	-73.9814657
598355	40.75889325	-73.98599487
1231975	40.74427014	-73.99683308
1264368	40.74444657	-73.99670004
1261087	40.74427253	-73.99683153
1259824	40.75637257	-73.98011612
696984	40.7506446551	-73.9883252126
4510864	40.78193998	-73.98119044
4486478	40.67025196	-73.98840183
4452602	40.634437033	-74.023229983
4411073	40.63155198	-74.00754386
4489274	40.66991531	-73.98435634
743698	40.7357166	-73.9799947167
5652836	40.743051	-73.91448
5631696	40.752724	-73.982127
3107218	40.76036837	-73.9754275
905506	40.7032948167	-73.98763875
1396322	40.703321712	-73.985892947
1430363	40.753388862	-73.978854253
5649100	40.639790824	-73.967692748
5646774	40.639998317	-73.967076383
1365649	40.697912887	-73.992381627
1994879	40.702865768	-73.987936819
5383462	40.632106009	-73.948933759
1373336	40.65672529	-73.950156176
1707230	40.656279949	-73.950323626
1602972	40.703074172	-73.987578127
5334248	40.702321695	-73.987250678
5328717	40.630242117	-73.957847633
4842418	40.630243017	-73.961826817
5098428	40.679600228	-73.974188108
5045392	40.63210755	-73.948581917
4805084	40.630155201	-73.96115971
4778352	40.6255039	-73.960944583
1414018	40.68437445	-73.93301719
4554411	40.754803678	-73.982203312
1381721	40.683430183	-73.935739467
2654574	40.683563405	-73.935298602
1547021	40.683100238	-73.935386015
4398475	40.75820939	-73.9793843
4212065	40.62529415	-73.960441367
3661506	40.645761127	-73.972177517
3556169	40.681552988	-73.934717858
363923	40.75846457	-73.98266035
1326219	40.7607157769	-73.9992928505
2891736	40.7348433	-73.992380867
2879856	40.80242805	-73.936805814
2823559	40.635128372	-73.967713484
1425486	40.641452117	-73.964453167
2061827	40.640240617	-73.966741147
1543419	40.641058959	-73.964853366
2680064	40.726025625	-73.994944224
2425023	40.679534133	-73.932170883
2509750	40.640397917	-73.966151833
1014547	40.716747	-73.991731
2430531	40.72108571	-73.987092837
2429951	40.720956883	-73.988801432
1185578	40.7202537	-73.988366
2381271	40.670402958	-73.942180616
1543470	40.640677418	-73.965404773
2064527	40.63973171	-73.967713273
1568986	40.832368617	-73.827675683
75037	40.6439313	-74.0745436
1534216	40.719439167	-73.8421066
1533806	40.7099634	-73.8584114
1522605	40.663783467	-73.956649717
352871	40.7302335995	-73.9833801499
1198774	40.72813194	-73.99080812
1483974	40.7273022017	-73.9858038252
1483784	40.726919383	-73.990517333
1456309	40.68315577	-73.935113306
1434128	40.735643233	-73.95064575
1412673	40.678832795	-73.92166939
4838657	40.781183533	-73.918005217
2949482	40.7431236824	-74.0036058426
2904161	40.867593977	-73.922329029
387745	40.74138534	-73.9948737
5209437	40.7028275728	-73.9909297228
2753127	40.6837643109	-73.9973241091
544420	40.7657830385	-73.9894891021
3562111	40.876326889	-74.140549459
1562378	40.7443002913	-74.1782096028
1331425	40.8034519333	-74.1345742667
4046289	40.712426433	-73.96311185
474295	40.9006079167	-74.0361005
1463373	40.660727301	-74.172166671
533911	40.75519889	-73.89168548
419891	40.63984245	-73.9886381
1509110	40.6697222222	-73.9561111111
839367	40.78758	-73.938435
1017464	40.77979916	-73.92543083
1519444	40.6697222222	-73.9561111111
1530759	40.6955555556	-73.9627777778
905991	40.7601699549	-73.9856323354
802240	40.7349840356	-73.9928778006
606714	40.76230812	-73.97476404
267187	40.7169767161	-74.0078717877
572072	40.7655254167	-73.9804276167
578618	40.7650110811	-73.9801384567
1000207	40.76512449	-73.98041146
470890	40.7657865073	-73.980152607
645879	40.7645120917	-73.9802417453
617784	40.76507526	-73.98080402
606254	40.75884813	-73.98517709
793836	40.78432268	-73.979692936
307658	40.7916959074	-73.9681187312
303305	40.7928085302	-73.9676894919
303275	40.7928911	-73.96746625
1046395	40.4678598667	-73.9977187333
1197637	40.464690117	-74.008133083
511698	40.593990866	-73.6495164471
871764	40.5882386885	-73.6642406881
1591911	40.67617	-74.116633
5486769	40.897360712	-74.103842287
885454	40.9048448008	-74.1014635563
107340	40.6875898667	-73.9868277667
1401613	40.734052165	-74.004679826
944657	40.5424716012	-74.141728878
891833	40.7215955848	-73.9992338419
5173525	40.791603467	-74.0580029
1260690	40.789257933	-74.015903933
3417468	40.644096059	-73.782640063
552037	40.7216815268	-74.001170719
686847	40.8135818706	-74.1091346741
53789	40.6465943667	-73.8900690333
104415	40.6531244667	-73.8686539667
41965	40.6379105874	-73.9984086581
83713	40.6292139	-73.9660092
66217	40.6375659833	-73.9976318
58350	40.6480191833	-73.8921844333
58339	40.64337435	-73.9009259667
57443	40.6117977667	-73.9249961667
57441	40.6129356167	-73.9264735333
57440	40.61267295	-73.92679985
57432	40.6063193167	-73.9389034167
42381	40.6168470464	-74.0309450847
56277	40.6209268	-74.02702155
42356	40.6176805333	-74.0312895833
55623	40.6264695333	-73.9174199167
54281	40.6081092667	-73.9241689833
54235	40.6089194	-73.9326607
53797	40.6475170167	-73.88304325
53796	40.6474333833	-73.8828446667
267451	40.6461031459	-73.8895495006
154587	40.6384814643	-73.9977584906
82606	40.6387839	-73.9978192167
66178	40.6486177333	-73.8930791
61418	40.6531235833	-74.0055059333
56794	40.6393307333	-74.0194340833
54864	40.64102565	-74.0188057333
53834	40.6471252667	-73.8841607833
740522	40.7637725151	-73.9817025224
1103330	40.82618355	-74.09567332
942295	40.72082412	-73.84455108
1222571	40.6611198	-73.6293044
843983	40.6509574333	-73.6361027833
1101745	40.6591274	-73.6712355167
965542	40.72923175	-73.6340541333
797839	40.6512026668	-73.6363363266
1171492	40.8803576231	-73.904004693
1078105	40.8524792833	-73.89142555
945461	40.655017	-74.218513
982210	40.699083	-74.236673
929939	40.7333497167	-74.13190465
1040293	40.6816175	-74.211262
980794	40.652416	-74.225405
935781	40.658132	-74.203037
579685	40.658572898	-74.2026311159
991563	40.662774	-74.218865
980874	40.6622164262	-74.2138908465
1053251	40.9324590167	-73.9883616
341056	40.7229791895	-73.9947236009
505822	40.7148233994	-74.0076649931
939768	40.7324050307	-73.9853051036
526587	40.7154482386	-74.0087740938
1470377	40.826531502	-74.134555357
1219363	40.72674111	-73.98358838
709023	40.6830238833	-73.9995208833
701660	40.6864525981	-73.9938829527
231130	40.6907041	-74.16674214
782255	40.6588818667	-73.9988339667
1857100	40.841685008	-73.854754862
1470915	40.833354083	-73.860370683
874956	40.75185906	-73.98413676
1414973	40.831911	-73.863005
4485125	40.743236	-73.949948
5553005	40.74312551	-73.95119295
952699	40.7422542282	-73.9538118874
1717786	40.745810257	-73.956986762
1110775	40.7458517978	-73.9527735281
4269503	40.744639752	-73.951089414
2915901	40.704690777	-74.013440386
243032	40.7175267333	-73.9992430167
194407	40.6903876776	-73.9600283185
351919	40.7113202167	-73.9513649
419007	40.6411300167	-73.7897062667
475275	40.68301278	-73.97124975
463725	40.71428883	-74.00914037
389852	40.74184656	-74.00176411
383202	40.75186634	-73.983648
521509	40.7157043374	-73.9446083446
365913	40.723266538	-74.000762701
870562	40.76343148	-73.96910989
1550822	40.712502733	-74.010134483
1495584	40.794894705	-73.931216065
1024614	40.758436	-73.97944
748646	40.7679494902	-73.9820690337
728539	40.7067067809	-74.0081185492
1365241	40.70629751	-74.0095191
410834	40.6900432338	-73.9966190306
4722339	40.757055634	-73.993540156
856349	40.89923275	-74.0409069167
1055419	40.64609342	-73.6001051
403309	40.6067818615	-74.1319923354
52799	40.9193742347	-74.0743732452
214757	40.7410761167	-74.0013610333
801143	40.76152842	-73.9901304245
856911	40.7191265167	-73.9587134
248562	40.7849399229	-73.9791679362
1080197	40.7831888219	-73.9799948462
1217308	40.69783657	-73.96776968
1187002	40.7178756107	-73.9927797065
1140052	40.691514	-73.9715695333
1135820	40.6915424881	-73.9716502586
1593416	40.601915751	-73.993914559
694851	40.81096166	-73.97481971
1227853	40.6537612	-74.00433445
1323591	40.653454754	-74.003170193
1110385	40.74717348	-73.98400658
426364	40.6804303052	-73.977728333
464085	40.75925368	-73.83189213
863697	40.7212286356	-73.9923315167
811605	40.7297744667	-73.9849495
740650	40.71878445	-73.98577965
1163763	40.7294458547	-74.0021467209
1167005	40.7471460833	-73.9895551833
1104193	40.6969985962	-73.9351043701
1158148	40.74420355	-73.99944745
1129190	40.7026881916	-73.9449790488
855121	40.8138296833	-73.9831915
1370342	40.945520168	-74.019535704
1338531	40.9121909962	-74.0295374393
1333038	40.92470775	-74.014102665
1093484	40.8539110422	-74.0724420547
1140471	40.9126436267	-74.0349339085
4770911	40.747969685	-73.98722973
1894239	40.927476359	-74.026793553
4307491	40.943974994	-74.005449416
1992599	40.940164332	-73.997135259
4413750	40.927301034	-74.026772427
4380779	40.903951237	-74.031979447
676634	40.9165232601	-74.0765861817
4223953	40.917629013	-74.074807564
4223437	40.919554513	-74.075551525
4222801	40.918107065	-74.075180942
4184386	40.9193174853	-74.0648245811
1045831	40.9264335333	-74.0270525167
4005017	40.933685343	-74.047805384
3937313	40.670383532	-74.099024838
1030301	40.9319997	-74.0257113667
3480771	40.76301026	-73.996987973
3034849	40.731580974	-74.162248696
1346690	40.92972946	-74.03415048
1575706	40.919877327	-74.026337955
1912409	40.913713478	-73.999645342
1729879	40.94131195	-73.99233585
1598109	40.936249396	-74.031146615
1568497	40.892939364	-73.973193953
1567920	40.819017645	-73.977037627
1547627	40.909135085	-74.028969138
1491061	40.89400601	-73.97420012
1489168	40.907156886	-74.031746166
1246820	40.7153337	-74.03730112
1424262	40.91421902	-74.03411775
1412936	40.8961598026	-74.038697111
1404180	40.828689527	-74.080470943
1356254	40.90985751	-74.0373488
1361060	40.824558001	-74.098827221
1349942	40.940603811	-73.995662156
773428	40.9091896869	-74.0311009116
1336233	40.91413688	-74.03432071
281678	40.9328789599	-73.7586949634
913393	40.6655017569	-73.9930156693
1204126	40.7659566	-73.9981867
5656444	40.889894857	-74.155007037
5482761	40.90375435	-74.0318162667
5151006	40.86237901	-74.03035867
3475069	40.66554129	-73.99619007
3419424	40.65779864	-73.98336857
3008210	40.741004931	-73.981498156
787485	40.7320376833	-73.9879762667
1953004	40.716908013	-73.958745933
1340267	40.717115433	-73.958319283
1334031	40.71477985	-74.00802594
1242941	40.70748412	-73.94316875
487962	40.7862682859	-73.9761544332
1551395	40.671093033	-74.160884783
3095175	40.72585147	-74.00109446
1310311	40.726328	-73.999356
5523667	40.712536916	-74.009370369
609838	40.7262668306	-73.8527584076
1133970	40.7225802562	-73.8570454725
399879	40.7266489719	-73.8538205624
1355625	40.76635658	-73.97739535
1297940	40.720126583	-73.988496017
5661535	40.72109794	-73.96218198
1383424	40.77470642	-74.0247302
764563	40.7666181685	-73.9158062958
1065689	40.7669444444	-73.92
696919	40.7622382333	-73.9257293667
683111	40.7668757833	-73.92106715
475107	40.7143339931	-74.0405192411
329381	40.7166213907	-74.0352483688
1242351	40.7494803	-73.9924879
145066	40.72584116	-73.99906295
3199608	40.75841742	-73.9888361
939057	40.7618147106	-73.9835854452
501536	40.7487710962	-73.9924759447
492293	40.76072865	-73.9778155
1957737	40.688734	-73.989007
487942	40.71153464	-73.9468679097
533323	40.6399993595	-74.0048523372
278668	40.71590924	-73.99525761
293862	40.8413394157	-73.9394681243
5772791	40.724698	-73.998594
5716622	40.7139476941	-73.9496049285
5109127	40.7140005533	-73.9507421851
5109081	40.7141774282	-73.9512692392
4939692	40.7611952375	-73.9657974243
1430108	40.7088811434	-74.0116739273
3390622	40.91367197	-73.78379911
1383808	40.72670841	-73.98585921
1383677	40.72670841	-73.98585921
1382834	40.7269901	-73.99038738
1339821	40.71995127	-73.98776549
361404	40.6815267167	-73.8443673833
873601	40.8155701	-74.1590444333
1130414	40.73024702	-74.16255003
818400	40.7371475104	-73.9863128934
1116366	40.8394309667	-73.7036810833
999579	40.7303034	-74.00249087
988284	40.83168721	-73.68550133
797990	40.72874855	-74.00557482
744885	40.7317	-73.983673
149446	40.7651706874	-73.9909352906
157740	40.765224966	-73.9910237439
561718	40.75459039	-73.98773598
877367	40.73835706	-73.99407392
1028816	40.8441071167	-73.7088527333
1028586	40.8414401167	-73.7124777667
1028557	40.8417312	-73.7071225333
1028496	40.8413335535	-73.7032750451
1028188	40.7763319167	-73.7284170667
1028166	40.7723383	-73.7335945833
1008659	40.72884392	-73.98772597
977158	40.73580902	-73.99038064
977581	40.74394237	-74.04946023
965224	40.73535525	-73.99218714
590259	40.73755526	-74.00065928
1347175	40.623954205	-73.965273135
866430	40.6529660963	-73.9762645844
825602	40.6559565333	-73.6729618667
1418947	40.579562	-73.978365
793934	40.6818912833	-73.9350771
1208671	40.78320819	-73.98329722
1143381	40.86792117	-73.92060375
847520	40.87451165	-73.90529537
1114203	40.87275469	-73.90640395
991261	40.737856125	-73.95559522
975423	40.728367965	-73.95749467
904126	40.73234009	-73.95412784
897063	40.73272019	-73.95368236
296406	40.82532675	-74.0097825333
286988	40.75876772	-74.04458159
165873	40.76426202	-73.92266994
757686	40.7680596833	-73.9259605667
1346925	40.723019	-73.984153
4203955	40.90188574	-74.03324741
4262771	40.913800302	-74.046404315
4687696	40.853072528	-74.036548159
4171758	40.70651686	-74.01124536
4322517	40.601277228	-73.654481388
5239754	40.588217195	-73.66240982
5236422	40.66646362	-73.670402371
4126155	40.72838318	-73.8588038
189597	40.7055935051	-74.0079101865
4264233	40.67081809	-73.81924331
4535630	40.76563292	-73.87582284
4372627	40.737840853	-73.992349376
3236892	40.585239212	-73.604577754
3857003	40.741406585	-73.993627147
68799	40.7179110727	-73.9578074408
73833	40.6791732	-73.9716979
257645	40.67893546	-73.97613745
255486	40.68138625	-73.9762185
254863	40.68165439	-73.98263424
242243	40.68255358	-73.98493784
903179	40.78661489	-73.9776079
465744	40.74346572	-73.99670857
1217785	40.78443437	-73.97742259
927815	40.7340377833	-74.0062999833
466656	40.74343065	-74.0041378833
960294	40.73630541	-73.76054275
332053	40.7586779	-73.7686732
332069	40.7598777	-73.76949085
309661	40.7592587667	-73.7687369833
641441	40.75938469	-73.98275226
1351347	40.7561871535	-73.978648123
2390369	40.793189383	-73.972170353
233011	40.7444681695	-73.9744343498
821365	40.6978758	-73.9269478833
467080	40.7619394165	-73.918487326
466607	40.7623900953	-73.9262177624
466377	40.7661440442	-73.9222168922
1308780	40.8060077	-73.8874409167
1305660	40.8059583667	-73.88746015
709276	40.7316816503	-74.0034556389
252831	40.6946782167	-74.17540235
260606	40.7394319409	-73.9899406663
269280	40.67695715	-73.6827392
989870	40.7176373	-73.59387612
1205501	40.6911097257	-73.997699162
1225126	40.8155909	-74.1620186167
1288588	40.79651367	-74.18267178
461806	40.71037304	-73.82828849
419044	40.7077346667	-73.8312880333
267937	40.7571497	-73.9723361833
317044	40.7244717833	-73.5599805667
845273	40.8242173	-73.6433344
861403	40.7087072667	-73.83049735
269553	40.75634109	-73.97217643
463377	40.65024411	-73.72232842
415089	40.73506748	-73.99956488
87781	40.735822755	-74.0050140023
389559	40.71571791	-73.82901757
383950	40.74743223	-73.89102149
1457206	40.6442336667	-73.6652462833
1456911	40.6445827167	-73.6652419833
1435825	40.6394948333	-73.66062985
1406648	40.655166298	-73.672748899
1430284	40.6580176333	-73.6469066333
1429093	40.64454075	-73.6651465167
491885	40.6562644833	-73.6464328833
623972	40.9677215	-73.9538853
622790	40.9151881333	-74.0016303167
622677	40.9176507	-73.9970083
610429	40.7246415666	-74.0382242726
502206	40.72795808	-74.00251936
505419	40.7508128967	-73.9882035024
378247	40.7600145333	-73.9925061833
319904	40.7601101	-73.9835361667
1064132	40.9301190667	-73.7517785167
1240301	40.7583813	-73.99254298
5614159	40.74947067	-73.985632034
5104923	40.754465717	-73.99420535
1547854	40.7202268	-74.0049574
1430051	40.723183067	-74.0025085
881174	40.6942160646	-73.9105117321
574787	40.7500367237	-73.9947116375
1545508	40.7605451206	-73.9979732037
1155573	40.7402145634	-74.0019613663
1519211	40.734461	-73.99907
321027	40.7924339854	-73.7983846664
1511603	40.6998558833	-73.9090304
1474285	40.718731	-73.987174
1469572	40.717092	-74.009132
1369815	40.742619	-74.001927
748392	40.7406962811	-74.0006256375
769944	40.8266364291	-74.0564840251
302981	40.6952430443	-74.1774029928
1219066	40.7079295974	-74.013594389
1043300	40.7346624	-73.9996684
1237672	40.72459316	-74.00163525
855910	40.73045426	-73.98592174
932361	40.6934568	-73.9873267
841162	40.72519993	-73.99232959
636973	40.7498339979	-73.9933638409
143741	40.6430378932	-73.7906169891
262778	40.6858014402	-73.9911407776
966085	40.7254009567	-73.9951063568
866674	40.6901692167	-73.99303115
759462	40.8563131687	-73.9300489337
748421	40.7722320309	-73.9877166503
1197267	40.690486723	-73.684723009
1237324	40.696361717	-73.676790017
306290	40.7085762596	-73.6756197725
1000407	40.7144214333	-73.6688901833
2915615	40.811317	-73.676433
2764129	40.71754	-73.950774
1297663	40.7859039	-73.972866067
139776	40.75754171	-73.78810882
105300	40.7581781333	-73.7916960167
138527	40.76429021	-73.82143026
122623	40.7587984395	-73.8334703692
720652	40.761532	-73.995235
456294	40.69404137	-73.99341785
267929	40.7320312406	-73.9919275045
251256	40.6374530361	-74.0747594833
53321	40.5785485917	-74.1645265488
634694	40.6275267	-74.07508375
75098	40.6152117167	-74.0635356167
579805	40.75512123	-73.97791779
790361	40.6816666667	-73.6633333333
918688	40.7719781247	-73.9812576771
732315	40.76058214	-73.95884126
5748232	40.8613184845	-73.8977336884
5607660	40.86112495	-73.891334272
746288	40.7302502252	-73.9840941
1403758	40.8172506094	-73.9477407932
1559966	40.956560725	-73.88114452
1559752	40.884930682	-73.878494962
1498297	40.957824047	-73.8426668
635222	40.9406165167	-73.7426620833
725282	40.8654456221	-74.1486940859
65200	40.8237273839	-74.1551670783
26028	40.8439437714	-74.159860611
43029	40.8111032667	-74.1401212833
587504	40.7913628833	-74.2335221667
587267	40.80003345	-74.2048296167
587237	40.80003615	-74.2017924667
586917	40.81467575	-74.20795825
766013	40.726593	-73.991968
731980	40.777502	-73.97239
972794	40.57477555	-74.0031482667
2447093	40.742901978	-74.003676523
619815	40.76252961	-73.84657293
296643	40.7377084282	-74.00188692
784242	40.74440819	-74.00785911
771432	40.74473381	-74.00829118
1602617	40.757217008	-73.981626642
1048343	40.7860555667	-73.9783871333
1047151	40.78665882	-73.97768175
1128036	40.7602437833	-73.7664934167
730326	40.734931	-73.985975
532739	40.7367358667	-73.99115735
509358	40.8698421	-74.183584
711329	40.66660215	-73.9854966167
1580718	40.721905	-74.052425
1272347	40.7090438	-73.869152069
1238973	40.703057794	-73.86785388
604517	40.7227934	-73.98867857
612787	40.72491997	-73.99093413
1374872	40.6453	-73.777597
1998917	40.675452	-73.980667
1987939	40.688716	-73.990438
898465	40.763338743	-73.9639188704
1297286	40.7943165	-73.9695765
1294129	40.7558333333	-73.9797222222
5223021	40.75272	-74.166658
5135194	40.7397294044	-74.1672205925
641410	40.7387179093	-73.9831835876
1216992	40.73611414	-73.9936282
1268555	40.7360962	-73.99364614
1382127	40.929501233	-74.034537533
301593	40.9178179844	-74.0762288272
1105280	40.9151565167	-74.07527475
720997	40.8314698788	-73.9815580845
344305	40.9033783919	-74.061394247
1155095	40.9047434403	-74.0714630485
1155079	40.9029250065	-74.0716990829
1154766	40.8874733976	-74.0673136711
422836	40.8054613599	-73.9623749256
680660	40.8033139167	-73.9633531333
405498	40.8071180247	-73.9593118429
702076	40.7577901795	-73.8284683228
458072	40.8058877114	-73.9651215076
582349	40.7148401966	-74.0109604597
491127	40.8060135861	-73.9656740427
422410	40.8077392634	-73.9614254236
448120	40.8032991064	-73.9667254686
234740	40.8064845989	-73.965293169
941752	40.8091345328	-73.9606895462
948968	40.809153029	-73.9606398802
879309	40.8060113833	-73.96559445
1022453	40.8063627856	-73.9648854733
880864	40.8058101134	-73.962063632
616831	40.7466114333	-73.8912764333
213177	40.74774555	-73.8822474
886539	40.8073675	-73.9644729833
662486	40.808565143	-73.9632817961
474258	40.8072280884	-73.9599075317
605495	40.8064949667	-73.9651041667
447440	40.8058105623	-73.9649873972
447332	40.8063181206	-73.9646601677
577795	40.8060134167	-73.9652293
605486	40.8062343	-73.9652869333
605493	40.8062539333	-73.9652670167
605481	40.8064350167	-73.9653278
709190	40.7221816601	-73.9969126535
1203796	40.7068908333	-74.00440035
792306	40.76964199	-73.99600851
655252	40.7607991511	-73.9751535436
1277465	40.85932685	-73.934493117
836413	40.7435763333	-74.02900995
643142	40.7165133225	-74.0011484901
792965	40.6888280467	-74.2432435582
714657	40.7819707194	-73.9840014628
88722	40.781007861	-73.9836890093
921971	40.7652226333	-73.9171617333
340016	40.6975386401	-74.1790997723
4841854	40.728499217	-73.98766185
585011	40.7298507693	-73.9836516629
2884047	40.756618	-73.920875
1269564	40.794587067	-73.97211272
1718992	40.575930767	-74.103562898
924508	40.81545915	-74.2198562833
1042160	40.793141628	-73.9712755666
1451895	40.76521253	-73.9583404
3926870	40.684198289	-73.954916157
3860525	40.710383427	-74.157291701
618444	40.72196285	-73.9880642333
1411455	40.736215258	-74.001831197
399514	40.676683986	-73.9803051511
446332	40.67550247	-73.98040741
485811	40.64176791	-73.97163343
1184317	40.895430961	-73.977324496
340401	40.8946742	-73.97616
187013	40.8945389333	-73.9758747333
751870	40.9010326667	-73.9702101333
29425	40.8918098667	-73.97394725
1047328	40.8933114	-73.9739915
980411	40.8939131893	-73.9723205566
264239	40.8625197167	-73.9877667667
264238	40.8625197167	-73.9877667667
730768	40.7851173667	-74.1048019667
1098417	40.6666911167	-74.21322365
363244	40.68558835	-74.21117275
695138	40.6810783029	-74.2062902795
357126	40.689082931	-74.1978621483
249105	40.7594286929	-73.9876521174
866672	40.7590058333	-73.9866820167
731263	40.75797075	-73.98929768
1080460	40.757585815	-73.98752841
885073	40.75916155	-73.9884725833
885793	40.7588629135	-73.98878932
371536	40.7584288119	-73.9875174601
1038688	40.75805521	-73.98856854
258418	40.75841225	-73.9884757667
963015	40.7521279243	-73.987909401
771589	40.75145238	-73.98796308
1098384	40.74952638	-73.98922008
676362	40.7496196	-73.98942923
670306	40.743586	-74.15833455
1116522	40.75971484	-73.99153715
874688	40.71346355	-73.9564871
643925	40.76324474	-73.97991895
848311	40.74120035	-74.00517445
438247	40.7075966593	-74.0066930816
256985	40.8954378845	-73.862811327
1180615	40.718391478	-73.998091748
595920	40.7186121966	-73.9916005143
487594	40.7423562954	-73.9584037284
1527537	40.748416	-73.982307
3535487	40.74674915	-74.008065874
439894	40.7340511833	-73.8707444167
925237	40.7596178	-73.83027374
1004876	40.7604347	-73.8347856167
2937380	40.686412	-73.987646
771256	40.7292513927	-73.9901367024
571195	40.7354811833	-73.9919799667
2833241	40.7475373826	-73.9578205347
1464505	40.742785667	-73.983068833
1794344	40.770985	-73.762202
245559	40.76887404	-73.75558811
1162731	40.7593420715	-73.827928861
407415	40.7573549333	-73.8328339333
2655690	40.761255	-73.82973
941573	40.75268703	-73.97574102
981025	40.747561993	-73.9854232228
1198110	40.7593016705	-73.8298930539
1198262	40.76154605	-73.8272095667
1161989	40.7587493917	-73.8319487873
1162623	40.759391037	-73.8299052361
382470	40.7384334	-73.9916309167
1458205	40.738022998	-73.992010549
247591	40.7380390294	-73.9919543266
1074074	40.7371192665	-73.99255365
1148163	40.7475529667	-73.98954975
414139	40.7452071167	-73.9556158333
188342	40.74579814	-73.9572436125
1000505	40.7489025	-73.983286
1261495	40.747372717	-73.98424075
1254855	40.7478401978	-73.9848557701
1105626	40.7441092576	-73.9537702952
704689	40.7586496833	-73.9899505
1518401	40.758049	-73.966161
1596275	40.750988128	-73.979635282
1524584	40.73356968	-74.00293564
652009	40.7313232563	-74.0024643294
641844	40.738304111	-74.0013328898
633270	40.7370382504	-74.0055576816
313327	40.7402370411	-74.0060980681
238052	40.7253200665	-73.9968912584
147380	40.7242453135	-73.9987533692
497755	40.737615901	-74.0029644845
1315743	40.727844166	-74.043774605
2263991	40.692995863	-74.015568495
1325977	40.719908327	-74.00519371
1147741	40.73898875	-73.99943804
1013865	40.7284601779	-74.1522827943
474517	40.6863730671	-73.9915833902
955179	40.68802958	-73.98973858
566433	40.6846856833	-73.9914919
1268494	40.684266068	-73.994844187
1406959	40.75727558	-73.97605341
270945	40.716110823	-74.0376779437
565001	40.7384185791	-74.1744003296
421750	40.7627102125	-73.9758851375
5443248	40.73464274	-73.99029099
1116519	40.7260855117	-73.9863868171
1955441	40.7419931889	-73.9848786592
1005940	40.727543	-73.979494
415818	40.64038045	-73.7891271333
208214	40.6499409774	-73.7939214706
3611992	40.7843345404	-73.9802062511
1438913	40.687113404	-73.965196755
5035499	40.786053604	-73.950057213
1383740	40.5874290227	-73.6768484116
1397105	40.7446559117	-73.6546719074
668447	40.7451068167	-73.9199794167
1078770	40.73343664	-73.95787024
1068839	40.7428101167	-74.0063191
632592	40.7451369	-73.9213431333
1001016	40.7452955678	-73.9222258915
1000802	40.7587262	-73.9197476167
705882	40.7453562584	-73.922558212
319605	40.7659919893	-73.9177175706
279296	40.7307235	-73.98900508
75418	40.8194240833	-73.9775311333
354966	40.7204775269	-74.0954232216
1267357	40.7226967099	-74.0015256768
243837	40.7142066667	-73.9484995
575179	40.73244714	-74.00332915
1074585	40.7606582	-73.9869222
790130	40.729504473	-74.0056078425
1295782	40.7053942	-73.809558
1218989	40.7445526667	-73.9259068
1180990	40.73989365	-73.9234263667
847450	40.6975301126	-73.9930471149
248298	40.7301624074	-73.9961653837
242844	40.7232168879	-73.9950712871
748101	40.8384507895	-74.1019195318
159943	40.69365614	-73.98269087
838608	40.7432911057	-73.9890506733
1345562	40.923238533	-73.760811617
756095	40.9419142167	-73.73200585
764801	40.7315677833	-74.00316
954878	40.73166882	-74.00111413
891402	40.75752317	-73.97967922
468955	40.67596048	-73.98035198
1192118	40.7142103	-73.95532215
4498118	40.672355048	-73.977296937
1004641	40.809264	-74.1663717333
1153965	40.8009682333	-74.1543074833
1494912	40.810962439	-74.150497329
4250630	40.74289365	-74.006688828
1258585	40.8107693	-74.144766167
912271	40.8104244667	-74.1662592833
405226	40.76195405	-73.9842963833
1495505	40.71853675	-73.997399625
1430224	40.735407333	-73.989729133
1458503	40.759651383	-73.991719313
426214	40.7620276833	-73.9868421833
773441	40.6781084333	-73.9683534167
2372908	40.7518085575	-73.9797770977
1261326	40.79916495	-73.975807133
988622	40.8555540791	-73.9378633141
591955	40.74775767	-73.98714566
1441178	40.851383574	-73.940394169
1000731	40.7412740132	-74.0014212998
1308505	40.7844793797	-73.977368474
998320	40.8050796714	-73.9705717564
1223738	40.751696936	-73.984066288
1048525	40.8576456833	-73.9223537667
1040301	40.86681025	-73.9283560333
1009362	40.7160874833	-73.9986511
1264503	40.78325946	-73.7877093
1194044	40.813376617	-74.07351725
306072	40.7270224167	-73.9855511
1384011	40.72257411	-73.9885866
1383845	40.723639183	-73.9908281
487814	40.68186986	-73.9769023
96343	40.7587629859	-73.9845471344
736979	40.8226859303	-74.0996930882
669183	40.7154288667	-73.9438390667
495770	40.7968199786	-73.9373413566
1478658	40.725224	-74.005133
803025	40.7344477578	-73.9886588945
1444886	40.730711257	-73.99123233
999440	40.81340323	-73.9408797026
732485	40.8141307405	-73.9368766721
1255215	40.814884901	-73.9365237951
866420	40.6781946167	-73.97950755
748727	40.678303	-73.979309
921221	40.71260476	-74.00715219
646398	40.6852485323	-74.0032489148
759756	40.6835999667	-74.0015200667
464064	40.6861493474	-73.9943775174
1187976	40.680908966	-74.002964625
108199	40.6818467	-73.9964465667
135376	40.6825579833	-73.9959352333
857185	40.681237609	-74.0045320986
711933	40.68177491	-74.00368267
756959	40.6835229333	-73.9996151667
913581	40.683937	-74.001336
1039882	40.6847141682	-74.0030157566
1039834	40.6846246748	-74.0027475357
1039796	40.6847304398	-74.0026938915
113275	40.6841282256	-74.0020467539
1101461	40.6855277398	-74.0023291111
1101436	40.6870246855	-73.9996147156
965987	40.70201635	-73.99220287
999784	40.6995680301	-73.9919346052
776824	40.7009142833	-73.9916006333
1055594	40.701976026	-73.9895617962
659518	40.7633838087	-73.9285305585
1841302	40.759835063	-73.937093088
1800211	40.707511811	-74.002293815
762312	40.75661665	-73.97192686
1455330	40.6621223688	-73.9812254906
1568720	40.730915183	-73.993830867
1568677	40.7320189	-73.994419983
1333238	40.759418	-73.983377
366326	40.6947884452	-73.9936849521
220423	40.6788482664	-74.2234116093
3195842	40.673679	-74.221982
2521406	40.7387068667	-74.218271
1148159	40.7632988	-74.22521859
5392365	40.723128	-73.988501
5367751	40.765783	-73.992298
1248746	40.77508091	-73.98772144
1010221	40.7208233438	-73.9886276774
928651	40.7064034761	-74.0060673753
807518	40.7049772781	-74.009732008
993964	40.72643238	-73.98597544
1083295	40.7121116715	-73.9587280067
1033419	40.719273284	-73.9906040531
929994	40.7340282204	-73.9786431847
169721	40.6491097442	-74.0059797357
167158	40.6503014333	-74.0051381833
1712380	40.75084859	-73.98287683
648195	40.6444221667	-73.9877322
1479926	40.74946853	-73.983721905
4653741	40.893851	-73.84517
3813048	40.897155	-73.844636
3371349	40.900626	-73.837928
3373077	40.900816	-73.841187
2218027	40.848023417	-73.87960755
991929	40.7376463667	-73.9926373167
1515988	40.700339	-73.642388
3706558	40.708546661	-74.013458368
1483507	40.705473233	-74.001801233
4625174	40.70843183	-74.06213116
1599259	40.71833258	-74.00048047
5750562	40.724626337	-73.640353673
305881	40.71403849	-74.00907617
1187135	40.7065106	-73.92343187
1136534	40.75783455	-73.98923355
1365759	40.717401555	-74.093085061
1406172	40.45872277	-73.989375585
893804	40.7289696333	-74.0005250333
5095686	40.718656515	-73.997711822
2631982	40.730068647	-73.999475618
484960	40.7257789873	-73.994679451
564494	40.6878270092	-73.9870754678
802494	40.7185681333	-73.9561987
914471	40.7561474	-73.9961655
881076	40.7126315333	-74.0444852833
874045	40.7170401	-74.0161321667
475933	40.70720082	-74.01598584
5772068	40.752815136	-73.985186651
1084333	40.7505791927	-73.9841256663
826827	40.73573899	-74.00533795
520146	40.7364683167	-73.9978581
1350197	40.70600056	-74.00276988
1276478	40.7889693975	-73.9760863781
1865065	40.73082005	-73.98607033
799419	40.637305185	-74.0099601059
841536	40.6357548342	-74.0109534206
820604	40.71263569	-73.99366837
573031	40.7140311088	-73.9911562742
399067	40.5428797168	-74.1637403918
592078	40.6436150599	-74.0956159773
274006	40.7365014167	-73.8566212
1383492	40.7541821937	-73.6982496377
971570	40.7553173922	-73.7390867345
1327190	40.6711111111	-73.8961111111
1317640	40.6675887108	-73.8965159655
1374749	40.6694447994	-73.9149481058
1317635	40.6711111111	-73.8961111111
1351037	40.65480295	-73.888277286
1344591	40.6695091724	-73.9113914967
1317419	40.6654697657	-73.9123624563
2375577	40.755994124	-73.9723956585
965292	40.73174744	-74.00099265
5721222	40.855245183	-73.887927083
3206700	40.861688179	-73.918457276
925023	40.8163228265	-73.8959381329
872376	40.82008615	-73.8708295833
1353974	40.7543768198	-73.9778244495
2632862	40.80497542	-73.968692529
2235934	40.798620577	-73.968823781
1551174	40.755521065	-73.97766103
534495	40.75046706	-73.97066563
1568539	40.753219001	-73.792687226
1552321	40.753221475	-73.792503111
1464396	40.77925461	-73.77839136
1515498	40.675557075	-73.84026582
1062991	40.7834822751	-73.9745950699
918661	40.7727987551	-73.9819443226
925255	40.7292254667	-73.6361728833
988694	40.7314385333	-73.773527
732129	40.7600403333	-73.8283461333
1373368	40.7429526558	-73.6947284489
712430	40.77944469	-73.77763193
295508	40.7271653333	-73.7137765833
414510	40.7265801667	-73.71674285
632336	40.69468826	-73.67997539
428095	40.7209979344	-73.8474583626
1403375	40.795788894	-73.671338682
896412	40.9350769179	-73.8445221611
1224328	40.708601	-73.988894
289305	40.7115099387	-73.9876781567
546407	40.7474769333	-74.0055117667
1934660	40.650933092	-73.611045172
1552688	40.650857897	-73.607056445
1137077	40.6444785541	-73.6125640217
1843006	40.786114	-73.798357
1867904	40.78406788	-73.80065904
4268632	40.76605823	-73.78959399
3514981	40.7273028	-73.856062
150138	40.78823405	-73.8135635833
452741	40.7608295475	-73.7663912773
4899263	40.722147	-73.986949
176741	40.91892492	-73.79281497
364776	40.8771376167	-74.0653069167
1039740	40.7664536167	-73.9573142167
1170664	40.7070366877	-74.0069856138
1035609	40.7675549999	-73.9597165238
5696754	40.7259165	-74.03122115
1056251	40.72549775	-74.0033001667
864024	40.7761385309	-73.9501495056
689379	40.7619982612	-73.9856826137
1204745	40.812052633	-73.9820193
1420183	40.837774	-73.950862
1374990	40.9307807667	-73.9958854167
1217255	40.69336051	-73.99162759
1170583	40.6949235667	-73.9943273333
1080920	40.796244	-73.982348
1046125	40.69375	-73.998217
890872	40.7513051833	-73.9839172333
4288021	40.779939315	-73.976714575
5606960	40.740088952	-73.991759605
5553325	40.76583653	-73.961144147
5495904	40.7584163333	-73.9873793333
5537731	40.718193267	-73.997914328
849030	40.76307296	-73.98570913
848970	40.75693798	-73.99257099
817855	40.75903683	-73.99389141
722440	40.7561256706	-73.9783061048
748720	40.722290804	-73.8512670994
1000411	40.72000902	-73.84512752
870817	40.7191486934	-73.9998641436
510685	40.7298386333	-74.00210815
199948	40.7244188898	-74.0018911537
490240	40.729966192	-74.1596031189
3139745	40.8132380247	-74.1099500656
2956462	40.5980555556	-74.0916666667
559891	40.71166145	-74.00850439
1055175	40.7282994722	-73.9536416531
1431669	40.736880913	-74.03958173
771098	40.7647747953	-73.9879793341
5330958	40.77049309	-73.98186796
2965449	40.763452888	-73.986911166
606139	40.71185065	-73.9639008333
409566	40.7133452126	-73.9626209357
1158968	40.75823038	-73.97108292
551490	40.75846719	-73.97007274
789908	40.75435191	-73.98461091
5044996	40.775709066	-73.97992164
3721942	40.916251415	-74.060755495
387665	40.7033045297	-73.9902048761
433108	40.7029915833	-73.9911881167
305021	40.7244829119	-74.0022942381
400283	40.7133354167	-73.9622164667
4230915	40.688725437	-73.980681712
2159023	40.726272123	-73.989582686
5381102	40.727978359	-73.994768395
504560	40.73559737	-73.99178713
799920	40.7277191833	-74.0054473667
1163808	40.7260473974	-73.9864515539
1417808	40.696400375	-73.997215152
174087	40.6988932984	-73.9943039417
1584764	40.584343	-73.963208
5115259	40.68246409	-73.98192926
708338	40.7340965333	-73.9862222833
594091	40.7380471586	-74.0040189028
1227440	40.7578676833	-74.1744184
1253315	40.744551	-73.99879062
2384203	40.645814427	-73.775459679
549079	40.6905960669	-73.9590597153
894218	40.7247752133	-73.9827389637
1186688	40.7170647383	-73.9543819427
2130793	40.721481	-73.987139
5546297	40.71194535	-73.9420657167
5528444	40.7140187667	-73.95067915
2036622	40.7118228	-73.9791166333
998395	40.72227955	-73.9884491333
3614325	40.7232981833	-73.9854464333
4653831	40.71548	-73.990024
2106855	40.7155977	-73.9874737833
4429351	40.716953	-73.992308
1536772	40.68366586	-73.992611114
1843558	40.6889235	-73.9949741333
4071481	40.7150185333	-73.99622965
4017165	40.71780035	-73.9577041833
2237110	40.72375585	-73.9791080833
862772	40.7156324387	-73.9923942089
3234083	40.686426211	-73.974380729
1859852	40.7117701667	-73.9803166833
2051456	40.7139890833	-73.9872269167
2156989	40.71816205	-73.9854500167
1934624	40.687204	-73.991171
1462960	40.6865813	-73.99379673
1074443	40.71342735	-73.94320335
3936881	40.782274274	-73.975988907
82255	40.7251991355	-74.0033759494
158720	40.71189987	-74.01340246
833505	40.711304678	-73.9478749037
1725602	40.6712806663	-73.9843153954
394484	40.78211456	-73.9826371
825080	40.7521556525	-73.9912245093
658367	40.76560956	-73.9876511
740101	40.76334136	-73.98548859
4950368	40.7409736248	-74.00796175
1249607	40.73583287	-73.99037224
5307979	40.721068966	-74.044957614
4495628	40.720781356	-74.04743804
2049950	40.729511	-73.957699
269887	40.590160183	-73.9288211771
464302	40.6882673461	-73.9928734482
3031859	40.68609233	-73.99822236
5713056	40.72503941	-73.999484952
554505	40.7240837351	-73.9991068382
1071914	40.7538071667	-73.9919538667
855901	40.9323117333	-73.7575383833
251312	40.7526096899	-73.9409347876
3479328	40.765464118	-73.976254784
772371	40.7232635769	-74.0016723928
1309429	40.7156920272	-74.0099090338
5178073	40.72656625	-73.98910123
697116	40.7217583	-74.0011453
724030	40.7259939339	-73.9497959246
690010	40.7267768948	-73.9494027609
3594174	40.752839	-73.8898
1306491	40.750236509	-73.880607607
505553	40.7265695322	-73.9523846597
1238160	40.7920359767	-73.9757537842
1057964	40.74917325	-73.9930124
772920	40.7269965561	-73.8537186384
1048121	40.7197360333	-73.8432896
399302	40.7197294341	-73.8425445557
348199	40.7265920574	-73.8536274433
696160	40.7212275167	-73.8471498
708410	40.727058266	-73.8528036544
415313	40.7259578636	-73.8509774208
415325	40.7264953852	-73.8518089056
427715	40.7263451815	-73.8516318798
427707	40.7266286453	-73.8517820835
447571	40.7301470896	-73.8616874814
1646382	40.8856040239	-74.1319602728
1505511	40.8529025316	-74.1348946095
1506306	40.9402728081	-73.9628309011
1493407	40.8137047291	-74.1095209122
438092	40.8247538	-73.98434745
447153	40.7615332545	-73.994435143
473571	40.7647619167	-73.9023210667
899138	40.7684746167	-73.87621265
1262044	40.682169199	-73.9378863573
1086460	40.7566771728	-73.6451838266
1519200	40.75863879	-73.82968705
1548851	40.787392007	-73.706209389
1222141	40.71783975	-73.835332133
523333	40.75637054	-73.7040773
1370508	40.71273303	-73.78338223
1356508	40.75772011	-73.97149479
1350951	40.75943827	-73.97450977
1345792	40.72048592	-73.99677973
1080603	40.75003337	-73.98289906
1074735	40.7372454167	-73.7079201333
970644	40.76762521	-73.90323835
930620	40.7431799833	-73.8348671333
812923	40.77907345	-73.7780822
734937	40.7503916	-74.03210175
617821	40.7789054389	-73.7760999738
659571	40.9255107667	-73.99709455
633155	40.75254184	-73.82896006
591447	40.88136255	-73.88098758
856593	40.72490376	-74.00215643
3453634	40.748197	-73.982932
2570095	40.75124603	-73.98479849
1033508	40.7489379993	-73.9819263931
1435968	40.7409408	-74.00559854
1203395	40.731312067	-74.001080817
1302703	40.7454186	-73.99098378
1009835	40.78430157	-73.978796
761624	40.64638604	-73.77735259
525106	40.6229652	-73.6426302167
802504	40.6445104667	-73.7033321
4336923	40.6679266691	-73.7808698416
1326573	40.7534790833	-73.9345144167
1325946	40.7531303	-73.93447705
702644	40.72880685	-73.98784655
744433	40.72953927	-74.00246191
716638	40.7262424385	-74.0049576759
443398	40.7261560895	-73.9772401041
336797	40.7301258021	-73.9993038482
1050542	40.78674674	-73.9765767
306421	40.7362660121	-73.9893178155
358002	40.7258285667	-73.9941761667
1250918	40.7470049904	-73.8890218735
526874	40.7465288	-73.8910713167
2065643	40.7407866599	-73.8797092438
2068431	40.741602259	-73.879487449
1250907	40.7469074525	-73.8897621632
355778	40.7373794667	-73.8826106167
272887	40.7370665	-73.88847762
254826	40.73727196	-73.88909757
276658	40.74637913	-73.88333767
1569462	40.738120492	-73.882968101
136157	40.737952245	-73.8835715967
756969	40.7409930833	-73.7843761833
1289238	40.74583673	-73.98851287
281310	40.7455262667	-73.90595285
429757	40.7476349	-73.9875013833
797696	40.76089555	-73.9228093667
1249908	40.7258999348	-73.7928968668
610614	40.7668821667	-73.9218657167
1452967	40.7596215333	-73.9715703478
446124	40.6165979667	-74.1414914833
443154	40.59826219	-74.0870617
381045	40.7163544833	-74.0374982833
304578	40.7544562167	-74.0295226167
156187	40.72686475	-74.04714721
230946	40.59799903	-74.08709156
512420	40.7350348405	-74.0064454478
1286606	40.74503	-73.9828636667
2020302	40.6653807868	-73.9928877354
2471232	40.671841	-74.00039
2115470	40.662355	-73.993207
2036338	40.7395246337	-73.9894062281
599583	40.6544263833	-73.6760416167
5047592	40.752542726	-73.996326241
596586	40.752152827	-73.9149935057
4748579	40.714478	-73.956522
3424685	40.713465496	-73.949376913
3425989	40.726295993	-73.939669947
1032476	40.69983547	-73.90536618
3684596	40.725605772	-73.942469692
1097074	40.69971412	-73.90535444
1053685	40.74789047	-73.98705422
887162	40.76458817	-73.98225724
1050380	40.79299181	-73.81089472
643305	40.7426060464	-73.9926719503
307861	40.6962238918	-73.9950394523
1553910	40.72450775	-73.984354233
878348	40.7480676844	-73.9733806286
1484891	40.779525	-73.947087
1049422	40.778998	-73.947551
232140	40.77794384	-73.94929045
1452108	40.781105	-73.946192
162537	40.7769295049	-73.9494340104
523658	40.8860278	-73.9108228667
174209	40.85754376	-74.06676328
395345	40.75968033	-73.99061065
1014069	40.7626571655	-73.8366775513
1787124	40.729334158	-73.989720636
2989500	40.753763378	-73.998265061
2265761	40.756294563	-73.837261193
1491137	40.74748963	-73.88436555
492088	40.7673466543	-73.7909603119
1028146	40.7117349156	-73.8246949282
1187122	40.7306772	-73.7429995
1005308	40.74276325	-73.8249860667
195977	40.7134694167	-73.82945635
482308	40.7014145167	-73.9875995167
5421260	40.91022324	-74.073145101
4768234	40.748051	-74.00697652
1047460	40.7659485833	-73.8332980167
1051361	40.7627946	-73.8335799
1055081	40.8555106333	-74.0329992167
1955234	40.763590333	-73.770854467
1530832	40.6621324695	-74.2117568595
1402751	40.854298367	-74.0835456
1370504	40.854203905	-74.0834819
1351531	40.853758865	-74.08400428
1326275	40.7305181	-74.0447787
971997	40.764754515	-73.812353611
1009397	40.75960236	-73.83027201
948692	40.7764978	-73.95290014
3786421	40.718798589	-73.984891271
5039083	40.8022859699	-73.9505302906
4950953	40.71606	-74.043181
731620	40.7599516333	-73.9744157333
993618	40.778666	-73.980453
1167070	40.718791	-74.041773
867202	40.7196841167	-74.0426519167
971652	40.7438328622	-73.9950569993
1010606	40.7517299	-73.99412351
3423135	40.720262816	-74.002493591
783233	40.6778404	-74.1976222
742746	40.6493304455	-74.2233133083
713680	40.6947711152	-74.1774309608
1224387	40.87694895	-74.06728175
1308644	40.876166417	-74.0646904
1308623	40.876115883	-74.064711217
1256310	40.72304135	-73.98717385
1254747	40.77468872	-73.98310607
1251576	40.705757093	-74.018020361
878540	40.8934092522	-73.8572269678
891282	40.898167491	-73.8546144962
937070	40.8720213175	-73.8772040606
935722	40.8756905794	-73.8794785738
934323	40.8932644129	-73.8569319248
4887674	40.6823891401	-74.0035790205
2577215	40.754159	-73.991965
658387	40.686516372	-73.9755797751
293179	40.6935113263	-73.9794569474
365806	40.65287274	-74.13235288
365164	40.9096544	-74.0727450333
307599	40.7828892426	-73.9782857895
918046	40.7827057398	-73.9788556783
777069	40.7627407967	-73.9834603783
38220	40.8053513883	-73.9634576426
4890216	40.675135519	-73.964681314
732488	40.7307553989	-73.9909915816
4897394	40.775950833	-73.955095136
196151	40.7604233	-73.9873545
918704	40.7716531197	-73.9810431004
1202738	40.7916215	-74.198710633
1247426	40.809114633	-74.192222717
810357	40.7788001833	-74.1874192
2884569	40.79339613	-74.23280336
1192525	40.901282	-74.027544
1292087	40.7825428247	-74.1377484798
1167309	40.75486	-73.996109
1122660	40.728333	-73.980278
1010249	40.821945	-73.901039
1011674	40.786945	-73.92778
4294557	40.781620049	-73.980754501
143303	40.6632478641	-73.9814654748
1261819	40.72152084	-73.99359524
1289979	40.948990668	-73.79232876
4841242	40.74469172	-73.95655399
1072367	40.7433864807	-73.9547468949
1344192	40.7448685169	-73.9484971762
684530	40.7432634156	-73.9579664695
1084838	40.7487335333	-73.9500674667
788331	40.7311835751	-73.9579550884
299272	40.7310984703	-73.958053809
850870	40.72867006	-74.00595641
2326045	40.757186915	-73.967178283
1386717	40.75730562	-73.99773353
313517	40.7143900116	-74.0081032833
199106	40.7374336	-74.0315263833
848601	40.7367220775	-74.0303313732
1527764	40.737193983	-73.973539967
2439594	40.71285849	-73.95034277
1751145	40.68773514	-73.95980983
1802371	40.69584113	-73.96778565
321692	40.6878789058	-73.9570963383
1472576	40.74335688	-73.98454034
977082	40.7781163568	-73.9807105064
747093	40.6391569833	-73.6426623167
2089114	40.6348786444	-73.6547237444
478828	40.6393508	-73.6443803167
621136	40.6258477758	-73.6536492832
1040656	40.6306078667	-73.6070066167
658421	40.6355695973	-73.6414688865
1110510	40.6950255067	-73.8085620521
543422	40.7607081739	-73.9861119611
1309058	40.76247441	-73.98642033
689468	40.7624765833	-73.9864831
191740	40.7614721	-73.98661726
784682	40.761658442	-73.9847552776
1478701	40.7611184667	-73.9847262667
1032517	40.76065164	-73.98334932
1101771	40.7598508945	-73.9856806913
916940	40.7596955623	-73.9842444603
1450944	40.759851054	-73.984873203
574360	40.760715	-73.9845085
802123	40.76073634	-73.9847806
108853	40.7614116167	-73.9850675
1100788	40.76076287	-73.98351943
1451053	40.759908072	-73.984851729
826597	40.75838683	-73.98524934
833739	40.6652844801	-73.6070215713
505610	40.65572446	-73.6011945
599739	40.6513784333	-73.6069391333
1116605	40.6571875569	-73.6088639719
281077	40.7027324519	-73.8157224655
333616	40.70198941	-73.81534659
512590	40.7595809287	-73.9841182132
1199656	40.6536140714	-73.6268579
1898759	40.742086247	-73.992480927
5719114	40.6656115	-73.647852033
5710770	40.6521499	-73.614299283
2781268	40.66798526	-73.61325609
4497968	40.671167545	-73.618662133
5149928	40.670929717	-73.907908933
5139759	40.659807376	-73.913863617
5076096	40.58752661	-73.98640155
4941862	40.836837405	-73.841399185
3869710	40.59233	-73.639654
554089	40.8491915997	-73.9366711968
1599430	40.745369	-74.001402
331476	40.71565276	-73.99569153
1387805	40.762306441	-73.976748127
592321	40.72869795	-74.00040102
591954	40.73165249	-74.00119572
577697	40.6575262333	-73.7675355667
569326	40.6518557	-73.96964695
1402852	40.7195391539	-73.9979261752
1074502	40.7015221999	-73.9270641253
376984	40.7053183833	-73.9332978833
899226	40.7615869945	-73.9248749787
1137896	40.675502	-73.982165
561069	40.94302499	-73.74363619
1234465	40.7087266198	-74.0135300159
531150	40.7841402913	-73.9782428741
4288819	40.7523583	-73.7856375167
4444176	40.754097952	-73.738235783
4841026	40.8716093	-74.1810578
4415530	40.76603735	-73.78952235
3471351	40.7586797667	-73.7681052167
971574	40.7553173922	-73.7390867345
3416610	40.7206165	-73.84541558
3223434	40.5856574333	-73.7003617667
3032131	40.7723742833	-73.7341750333
2926624	40.756999175	-73.7641017
871715	40.76388311	-73.76996392
1232028	40.70436191	-74.0098108
774166	40.8025287397	-73.9641112761
454478	40.764156	-73.99903
873216	40.7607938088	-73.9925565718
5604524	40.81438694	-73.961980677
5603964	40.814402777	-73.961954887
635560	40.8057131106	-73.9653897285
1396348	40.74451035	-73.98522478
1297836	40.81347912	-74.21673899
447036	40.7298990667	-74.0409615167
1074536	40.81424033	-74.2182815
242081	40.8146284	-74.21984775
1127851	40.8141758	-74.2182088
254283	40.8325772585	-74.1580991375
1497213	40.6759732962	-73.9809036255
1894639	40.704507	-74.017268
752329	40.7755577667	-73.95010645
787578	40.7335840499	-73.9881777763
3358509	40.716075852	-73.961065759
219049	40.69235372	-73.98880273
741296	40.7481517167	-73.9915022333
450566	40.7219015892	-73.981228373
164511	40.73055416	-74.03886204
747922	40.7635673628	-73.987105417
801837	40.76313501	-73.9858247
739575	40.76334136	-73.98548859
627620	40.8981062333	-73.7958687333
4867976	40.766203467	-73.9852517
592154	40.7239699716	-73.985136498
2587942	40.725305525	-73.983552792
1503752	40.74075084	-73.81852459
1332290	40.7388888889	-73.7852777778
1592650	40.726360333	-73.870604333
1543663	40.726544783	-73.790040583
388271	40.8941403167	-74.0608715333
978507	40.73254001	-74.00344288
4842250	40.711462315	-73.84685334
1517123	40.739486686	-73.920921776
1318027	40.742207446	-73.919015166
1320162	40.756645066	-73.826540894
334195	40.71745359	-74.0357362
68715	40.713146668	-74.0362536907
335882	40.7524555	-74.0448754833
87975	40.726600188	-73.9975762367
710270	40.7912180944	-73.9743792214
1231028	40.7791807	-73.84655535
863865	40.721352	-73.97865
286812	40.7823068738	-73.8354463268
5696095	40.736757202	-73.990216897
5111953	40.752473123	-73.973323756
30621	40.81730705	-74.2114267
84855	40.8130134672	-74.2165732384
388049	40.81620317	-74.21651422
84821	40.822805565	-74.213322401
785600	40.8125862167	-74.2161051167
37661	40.82939	-74.20546
57936	40.8305046333	-74.20636995
865373	40.8230983333	-74.2193655667
1079184	40.7409147	-74.00574308
1042049	40.7374275855	-74.0041731035
16965	40.726720115	-73.9861553907
948876	40.7164333833	-74.0052260667
