19542	37.6163560649	-122.3861503601
13338	37.7615082532	-122.4257665873
9153	37.759688872	-122.4271774292
202692	37.78594785	-122.4106178
14608	37.7826046833	-122.4076080167
29119	37.5370606667	-122.3278893833
1221889	37.7831295924	-122.4038743973
57155	37.7864788714	-122.403563261
10349	37.7795577	-122.39790915
210176	37.7825583	-122.4001254333
1251533	37.7857173715	-122.3992462045
16002	37.7881916086	-122.4012136459
10594	37.7614446392	-122.4239587784
19199	37.7854359476	-122.4039494991
86754	37.7815086	-122.4050282333
9073	37.7953388902	-122.3937249184
77383	37.7719274835	-122.4039709568
1242636	37.775117273	-122.397902973
740739	37.7113487167	-122.2123540667
1100111	37.7104980259	-122.2135725663
224629	37.7105274475	-122.2120428085
425059	37.71034324	-122.21212446
425042	37.71034324	-122.21212446
425045	37.71034324	-122.21212446
425104	37.71034324	-122.21212446
425071	37.71034324	-122.21212446
425051	37.71034324	-122.21212446
425078	37.71034324	-122.21212446
424787	37.7118479187	-122.2118430236
424775	37.7118479187	-122.2118430236
424790	37.7118479187	-122.2118430236
363837	37.7122487	-122.2122091833
979811	37.71207845	-122.21158182
326940	37.7174387	-122.2072836
17159	37.7141770694	-122.2108411789
10746	37.7513378048	-122.2011208534
10747	37.7502562111	-122.2028911114
879652	37.7691726653	-122.2159119314
10130	37.8247770415	-122.3138004541
987709	37.8099332	-122.349752
42739	37.7991136667	-122.3889843833
11576	37.8034400833	-122.4006772
2332941	37.8245651763	-122.4160194397
1105759	37.8262871504	-122.4206757545
2360962	37.8265651603	-122.4206221104
1105749	37.8262007605	-122.4215018749
1105821	37.8267261736	-122.4217057228
1132210	37.8263172839	-122.4220061302
1167866	37.8278871539	-122.4248385429
972364	37.8262007605	-122.4221858382
1167887	37.8280524014	-122.424505949
1167868	37.8280481643	-122.4241089821
1167873	37.8263363513	-122.4224030972
1167877	37.8266990556	-122.4223682284
1167883	37.8265418557	-122.4237442017
1131271	37.825514328	-122.4218451977
1131095	37.8270206576	-122.4241089821
2678608	37.826683039	-122.421084999
1247208	37.8270312505	-122.4215340614
3415094	37.827064991	-122.4221134186
1105801	37.8272537016	-122.4224111438
1131067	37.8276986018	-122.4231702089
1131752	37.8271837885	-122.423427701
1105735	37.8270736222	-122.4217888713
4017310	37.82685405	-122.4233828
1167885	37.8270778594	-122.4237173796
50511	37.8265990579	-122.4228858948
2431681	37.80301302	-122.40098446
1109903	37.8013580097	-122.4005377293
646284	37.80081275	-122.4002241
388620	37.8009101667	-122.4004239667
407365	37.8007972667	-122.3987661333
617252	37.8011551167	-122.39898915
324919	37.8003176667	-122.3967900167
407355	37.8000073833	-122.3979827333
1172391	37.7989420167	-122.3975307333
231027	37.7992284667	-122.3972899667
1484038	37.796184713	-122.397000111
976973	37.795574107	-122.3962140422
48319	37.7931380917	-122.3962925528
68641	37.793132283	-122.3964640615
67272	37.7955948133	-122.3944990198
1382269	37.79560023	-122.39453506
253784	37.7956192257	-122.3945014149
413695	37.79569208	-122.39469492
411066	37.79571789	-122.39476442
85070	37.7956864865	-122.393682003
382187	37.7956031333	-122.3940420833
62712	37.7958197167	-122.3937842667
66846	37.7956478667	-122.3939052333
1230373	37.79574115	-122.393796233
885320	37.7957602167	-122.3941720167
19763	37.796042559	-122.3942828178
688194	37.7957966996	-122.3941218853
687349	37.7958247833	-122.3940562
487203	37.79588145	-122.39402695
64191	37.79595778	-122.3939502239
983525	37.78982692	-122.39760303
1439815	37.790873	-122.399524
167088	37.7952965003	-122.3935747147
99613	37.7917780534	-122.3928880692
117194	37.7947426218	-122.3991734921
50582	37.7937589667	-122.3931795
957173	37.7907945539	-122.3950982094
1096277	37.79289722	-122.40097773
21262	37.78957635	-122.39758145
33193	37.7941326167	-122.4014373167
62843	37.7958163333	-122.4027721
59845	37.7941350074	-122.3990947008
161494	37.7941689199	-122.3991215229
59921	37.7943995667	-122.40007895
28527	37.7948617999	-122.4008861165
255529	37.7947943668	-122.4001480329
49559	37.7980305993	-122.4045234919
49560	37.798223466	-122.4045690894
39209	37.7981088167	-122.4042298
255218	37.79563146	-122.39968895
83396	37.7976577	-122.4007992667
57653	37.7977866095	-122.4007000454
346143	37.7953749333	-122.3960802
1020991	37.7959435	-122.3961454833
129065	37.7955677952	-122.3961925507
132688	37.7956992919	-122.3967906427
150450	37.79588705	-122.39487797
1020932	37.7961564833	-122.3957594667
51720	37.7958789833	-122.3937889333
1478193	37.79572589	-122.393729893
382311	37.7958680333	-122.3935846
82761	37.7954473	-122.3929184
1849714	37.7954745377	-122.3930490017
21169	37.7961558833	-122.3936971833
191617	37.79588705	-122.39487797
107265	37.79596805	-122.3931541667
107270	37.79596805	-122.3931541667
457493	37.7952459833	-122.3931101
220923	37.7951569167	-122.3932980833
258897	37.7952256667	-122.39341575
475822	37.7944147847	-122.3959887028
9063	37.8026295919	-122.4024474621
9114	37.7879542018	-122.4075329304
10195	37.79762505	-122.4065995167
9064	37.7953643241	-122.4031555653
9116	37.7906504193	-122.4055776
21525	37.7871868641	-122.3977214098
14710	37.7858259859	-122.4065190554
14858	37.7832313449	-122.4037456512
16008	37.7858090278	-122.4010634422
24097	37.7827612667	-122.4007778167
77525	37.7799376591	-122.4030531623
798109	37.77855253	-122.40205109
415166	37.7796391438	-122.4011583847
117295	37.7804718018	-122.400352478
37735	37.8023377167	-122.3733680833
33720	37.82065765	-122.3346048667
1438820	37.82105805	-122.33179148
1358765	37.8215396404	-122.3188430071
1358318	37.8218990564	-122.3188537359
50744	37.8192348833	-122.29324505
1233060	37.80985766	-122.30448693
172104	37.80682625	-122.3013853167
51910	37.8001219824	-122.2875552629
539145	37.8031975582	-122.2858679295
165613	37.8006883009	-122.2774136066
45722	37.7935213832	-122.2670787617
177794	37.7803229333	-122.2494578
306653	37.7733411667	-122.23587265
1528404	37.7647609748	-122.2248101234
36841	37.7298218333	-122.1942684667
676790	37.7266593333	-122.20526545
962307	37.71130323	-122.2126771181
424860	37.7104138857	-122.2119476066
424878	37.7104138857	-122.2119476066
224845	37.7124516066	-122.2140859458
238615	37.7124711057	-122.2141563892
852013	37.7113124903	-122.2126752289
91797	37.7113226361	-122.2127317562
936539	37.71051	-122.212439
473920	37.7104904	-122.21272945
303325	37.71146094	-122.21548426
1412346	37.71376495	-122.21401475
939812	37.7211006333	-122.19906925
422556	37.72849905	-122.20113235
469038	37.72865635	-122.19855493
1025889	37.7276051	-122.19887053
416756	37.7376292	-122.1979715333
1208460	37.73794455	-122.197571617
964438	37.7378301833	-122.1975761333
977563	37.7373075333	-122.1977305333
1379021	37.7367138	-122.196878083
37308	37.74003545	-122.1986442333
14233	37.7404618167	-122.1985244667
364052	37.7482360167	-122.2051005833
439848	37.7491241333	-122.20479875
737190	37.7613702667	-122.2070178667
116155	37.76805645	-122.2193349833
1203519	37.7624595	-122.215130983
1060409	37.76837775	-122.2232917833
525433	37.76754555	-122.2207067333
539738	37.7726551833	-122.23294155
1205886	37.77512075	-122.2304532
182867	37.7821600761	-122.2429576424
376810	37.7851430667	-122.2378446167
1571264	37.78803405	-122.252007933
520007	37.7933761667	-122.2675906833
33244	37.7971591867	-122.2728625172
50203	37.7987808693	-122.2715771198
139921	37.797373577	-122.2772312164
891152	37.808915	-122.275427
1441120	37.808977	-122.27482
1523195	37.8207242489	-122.2658210993
237274	37.8294345024	-122.2685422545
839221	37.84109515	-122.26973165
1237146	37.82943255	-122.2647239333
767425	37.8383338333	-122.2694728333
383796	37.8315083567	-122.26387576
142986	37.8316738297	-122.2637787118
388484	37.8289464265	-122.2643458843
33664	37.8284579833	-122.26067515
162672	37.8317061667	-122.2641197167
300520	37.8321174333	-122.2642096167
86700	37.8320198667	-122.2635902
114325	37.8320290833	-122.2628477167
243194	37.83206875	-122.2635431167
469652	37.8321828982	-122.2636772988
102912	37.8320900333	-122.2632070167
865721	37.8401282	-122.2623037167
534375	37.8400382163	-122.2620016336
165106	37.8368608305	-122.2672855854
38936	37.833623651	-122.2632302702
281124	37.8342909167	-122.2632648833
689690	37.8344869841	-122.2636762683
316570	37.8345303333	-122.2635720667
366524	37.8385791833	-122.26160255
23293	37.8346921833	-122.2629167167
2388693	37.834814117	-122.263024435
158656	37.8378571167	-122.2651451
172187	37.8350147833	-122.2633697833
501108	37.8382493333	-122.2644326667
249870	37.8350894187	-122.2629757206
195051	37.8352737833	-122.2630027833
85530	37.8353017431	-122.2629725933
1337255	37.835429383	-122.263874217
346847	37.8355220509	-122.262929678
99769	37.8358689498	-122.2623444055
867871	37.8357752891	-122.2625796191
23770	37.8357917833	-122.2627612167
340924	37.83636003	-122.26196986
346869	37.8360304511	-122.2623932362
521737	37.8375145167	-122.2645820833
147999	37.8380128833	-122.263058
132175	37.8367167857	-122.2621035576
13536	37.83709645	-122.2621893833
900775	37.83713674	-122.26222991
346903	37.8364186833	-122.2623825333
326765	37.8360118333	-122.2629264833
23760	37.8365154833	-122.26236065
348421	37.8365559167	-122.2626929167
85452	37.8369558333	-122.2637642
538648	37.8367090167	-122.2633820667
147331	37.83709808	-122.2633051872
160730	37.8365388477	-122.2622537613
215842	37.8351813333	-122.2631956
818503	37.8398215771	-122.2593891621
36721	37.8393453	-122.2592812
584431	37.8448419333	-122.2562320667
55435	37.8555459167	-122.2600355
838535	37.8583542353	-122.2589921951
9125	37.8572445598	-122.253151685
205776	37.8582132869	-122.2448735502
30974	37.85823835	-122.24338355
394598	37.8583598125	-122.242665157
73722	37.8442142167	-122.2279951167
724834	37.8542111333	-122.2291834833
65892	37.8622422033	-122.2094357014
19390	37.8685811	-122.20255275
598073	37.8788561833	-122.18273835
2241180	37.879611574	-122.182279999
1029676	37.8904434333	-122.1520865667
791498	37.8932619095	-122.1179133654
398618	37.89324385	-122.1175664167
511644	37.895296	-122.10492945
170519	37.8961088167	-122.1030434667
230661	37.8941555973	-122.0749604702
454218	37.8946339601	-122.0625847578
3051603	37.868008	-122.2640183167
549865	37.8677686167	-122.2661520167
820054	37.8670843667	-122.2658594333
1009218	37.8647081667	-122.2672901167
917146	37.8656895333	-122.2671935
74187	37.8652997663	-122.267438561
492401	37.8655265333	-122.26748585
854215	37.8697634415	-122.2660088539
411465	37.8694757909	-122.2659072795
1459424	37.86964685	-122.2661264333
388280	37.8693983975	-122.2672825725
63365	37.8696598333	-122.2668041
275045	37.86928045	-122.26758122
197263	37.86937135	-122.26766258
39542	37.8699673861	-122.2678042573
184248	37.8693974534	-122.2677725272
9120	37.869831197	-122.2674129903
440953	37.8693343167	-122.2682214167
428188	37.870017524	-122.2692918777
171059	37.8655930167	-122.2746330667
391329	37.86643034	-122.27210837
39839	37.8705894077	-122.2679689306
452550	37.8705494142	-122.2677401345
244196	37.8646158833	-122.2631817167
548118	37.8710055767	-122.2677078711
184395	37.8710169066	-122.2675216198
147752	37.8709491523	-122.2684657574
1488677	37.87127995	-122.267935907
936699	37.8712570667	-122.2677630186
247723	37.871291374	-122.2675113912
915736	37.87173146	-122.2679907
9071	37.8718042333	-122.2677469167
502970	37.871728592	-122.2685441756
475585	37.8717475167	-122.2681364833
469112	37.8722784167	-122.2669313167
9132	37.8724157667	-122.2668242333
16223	37.8735033333	-122.2685652
1450146	37.872279533	-122.2672695
1370894	37.872216567	-122.2689768
1314955	37.872144154	-122.267761154
403820	37.8741017333	-122.2689119667
1370924	37.8740149731	-122.2684121132
468486	37.8722896446	-122.2673456556
1015340	37.8727325	-122.271746
148079	37.872111556	-122.2689982453
487816	37.8721286573	-122.2690370657
68225	37.8721856589	-122.2692704201
132863	37.8723635109	-122.2676074505
716947	37.8723236167	-122.26823875
382286	37.8724833347	-122.2682780874
293509	37.8730074056	-122.2684553584
9138	37.8734009722	-122.2663521767
165319	37.8733760118	-122.2687929869
9133	37.8737439664	-122.268717885
9134	37.8749211443	-122.2688519955
20875	37.8750154833	-122.2687351
907965	37.8751540369	-122.2689378262
570058	37.87621372	-122.27106761
144532	37.87596705	-122.2689313667
50808	37.8763235333	-122.2700329833
411229	37.8769657833	-122.2688501833
434712	37.8771484149	-122.2692060471
637779	37.8713333	-122.27234959
215986	37.8744186382	-122.268623172
516830	37.8780227908	-122.2692114115
9122	37.8779105833	-122.2692006826
156452	37.8782493223	-122.2693240643
167237	37.8784868037	-122.2692254628
162394	37.8818567958	-122.2694098949
1803384	37.881511017	-122.269848417
268086	37.8797826333	-122.266817
925027	37.8815859167	-122.26899325
63276	37.8811474389	-122.2696273844
53293	37.8785903833	-122.2689599667
220987	37.8809422418	-122.2700536251
158610	37.8804172149	-122.2686052322
9135	37.8793311595	-122.2693374753
397867	37.8799735	-122.2686526167
126568	37.87985085	-122.2687125167
150430	37.8797799797	-122.2688144445
30951	37.879760301	-122.2693251539
132856	37.8796974139	-122.2690665722
202936	37.87992175	-122.2690880667
166451	37.8797482236	-122.2690451145
633164	37.8797435667	-122.26924895
9136	37.8795957944	-122.2690866888
487088	37.8807814167	-122.2691311333
2571229	37.8803155964	-122.2698390484
9139	37.8802711382	-122.268294096
10356	37.8798858331	-122.2694715858
166437	37.8797736284	-122.2690880299
166443	37.8798075016	-122.2690343857
56698	37.8780724	-122.2694502
15705	37.8785484167	-122.26869315
53258	37.8757638667	-122.2683303167
514049	37.8804732719	-122.2670532646
432965	37.8743010852	-122.2663155599
9137	37.8766657042	-122.2676879168
857879	37.88074886	-122.268
10415	37.88044095	-122.2680258667
184546	37.8801418833	-122.26671115
188816	37.8776795634	-122.2667516685
507860	37.88116265	-122.2689007833
85162	37.8697356925	-122.2672578108
397707	37.8805249041	-122.2693197134
135306	37.87110945	-122.26906895
590969	37.8806035333	-122.2690202333
10357	37.8799938034	-122.2694420815
9171	37.87039875	-122.2677898333
45497	37.8709986167	-122.2684200333
251589	37.8796550724	-122.2695171833
377249	37.8717318833	-122.26904675
315799	37.8806797288	-122.2683906555
135135	37.8791216167	-122.2696130667
10414	37.8801941833	-122.2687554333
651809	37.880441	-122.2684732333
2926876	37.873712	-122.26997
325856	37.8706357877	-122.2673070431
45483	37.8714977167	-122.2683563167
397810	37.8801862667	-122.2684548667
581469	37.8794348965	-122.2690451145
440150	37.8717295833	-122.26832385
786267	37.87117522	-122.26767832
705595	37.8729817549	-122.2692704201
1029572	37.87210685	-122.26862585
238320	37.8799152333	-122.2683048167
468684	37.8714161667	-122.26751025
352244	37.8769486833	-122.26960155
872301	37.8727022754	-122.2683316469
293223	37.8731898615	-122.2684727165
408845	37.8777995833	-122.26893855
314769	37.8770263	-122.2689159
494275	37.8762779333	-122.2689781167
1407058	37.873216617	-122.268232883
788314	37.8730325692	-122.2680044174
481113	37.8722881	-122.2670517833
147865	37.8724949833	-122.2664373167
591788	37.8691547701	-122.2678869872
608353	37.8696702778	-122.2681438923
34344	37.8696618083	-122.2680902481
83505	37.8718084715	-122.2693359478
83696	37.8758563121	-122.2557244316
930915	37.8756934404	-122.2604995966
963938	37.8757631667	-122.26012945
23789	37.8709660909	-122.2508597374
1346929	37.88113755	-122.261360567
1014592	37.8702954	-122.26785117
162650	37.8722732589	-122.2670889703
27963	37.8757156392	-122.2602139924
1324332	37.8755646944	-122.2597754002
1412866	37.875116266	-122.260367072
1412855	37.875116266	-122.260367072
905364	37.8743984333	-122.2605586667
825289	37.8724227948	-122.2609555721
200807	37.87411779	-122.26560384
303093	37.8763544811	-122.2625353932
9131	37.8729563477	-122.2519111633
1020919	37.8735401633	-122.2612596979
37590	37.878735	-122.264986
908342	37.8749888949	-122.2689056396
1251808	37.876426215	-122.2557802875
34603	37.8694125833	-122.2600395
114280	37.8702581833	-122.2725957
9129	37.8702673709	-122.2725749016
885960	37.8705923258	-122.2724385467
872692	37.8784949485	-122.2671051622
254163	37.8645483833	-122.26777685
165964	37.8644027333	-122.2670416
36392	37.868159733	-122.2701427792
28962	37.87185825	-122.2706050833
9172	37.8747332	-122.2654080333
465175	37.8657951	-122.2617415
465160	37.8657951	-122.2617415
1251170	37.86928435	-122.2665612
205961	37.8693407174	-122.2660914166
19905	37.8717452617	-122.2622215748
1249825	37.8676714625	-122.2642600536
914709	37.868700093	-122.2590372896
632638	37.8710589796	-122.2631483616
34607	37.8695879667	-122.2590853667
206667	37.8707098333	-122.2598275167
717698	37.8680017789	-122.2639167309
15426	37.8703558333	-122.2595286333
575723	37.8695262971	-122.2593033314
617993	37.8678774834	-122.2634124756
15429	37.8692468045	-122.2594106197
1024790	37.8705765024	-122.2603225708
34582	37.8697453667	-122.2596439167
12306	37.8688323333	-122.2599363167
122898	37.8686427938	-122.2601260009
15430	37.86928295	-122.26012945
1315969	37.867914133	-122.270183083
34589	37.8699895	-122.2606450333
34606	37.8695481333	-122.2608957167
34596	37.8697706833	-122.2614742333
396183	37.8684845464	-122.2623288631
15431	37.8690181279	-122.2610092163
18616	37.8684167898	-122.2604620457
214951	37.8685025167	-122.2608607667
566669	37.86741665	-122.2627171667
1397826	37.867740056	-122.26006573
1504116	37.8675689697	-122.2617492676
30182	37.8693230298	-122.2617280483
1116873	37.86725995	-122.2612013667
556594	37.8639587167	-122.26198205
880993	37.86230272	-122.25861972
872827	37.8647444718	-122.2614217518
92584	37.8651221667	-122.26101915
749755	37.8615088	-122.2592244333
448419	37.86473685	-122.25848175
811401	37.8644237167	-122.2587761
1600305	37.864892303	-122.257843882
348570	37.86434304	-122.25575488
1519342	37.8640580177	-122.2583699226
2237278	37.8638241	-122.25907855
513991	37.8567942663	-122.2595451893
734040	37.8664772292	-122.2518360615
886411	37.8516256833	-122.2524540167
32319	37.85163815	-122.2523226
811210	37.8522116167	-122.2525292333
464635	37.8579707667	-122.2438139333
2688958	37.859854	-122.256396
405680	37.8651273333	-122.2590826667
35238	37.8672593667	-122.25082105
733079	37.86249865	-122.2542544833
120121	37.8643201833	-122.2425370333
1232213	37.858326633	-122.243793333
1544387	37.858749655	-122.241917725
34600	37.8693462833	-122.2603872167
34611	37.8688242167	-122.259001
302903	37.8683861224	-122.2682281327
184386	37.8695849628	-122.2659678767
739568	37.871279454	-122.2577154636
44115	37.8680754333	-122.2659553333
983421	37.8675211333	-122.2597909167
422986	37.8686877	-122.2682181
36414	37.8663373	-122.2674541667
994783	37.8663808107	-122.2672373056
49483	37.8680899	-122.2673060333
126677	37.8670808333	-122.2662188667
18526	37.8677658167	-122.2598089
738527	37.8686118946	-122.2600729529
1020853	37.8685694933	-122.2593140602
459042	37.8680003667	-122.25784
1128142	37.8679388667	-122.2575868667
150054	37.86891655	-122.2568927167
1226066	37.86990833	-122.2526437
899612	37.868558	-122.252595
1424393	37.867816173	-122.25289517
885628	37.867787	-122.252393
12995	37.8679740333	-122.25733995
15377	37.8694546167	-122.2519540667
839460	37.868764042	-122.2578442097
397596	37.8687951167	-122.25785445
409924	37.8690194612	-122.2567700512
1226496	37.86947089	-122.25480407
60394	37.870954	-122.25920935
934730	37.87297815	-122.25499343
2204841	37.8715360165	-122.2551673651
34568	37.8719868667	-122.2580188167
992676	37.87149524	-122.25305718
754782	37.8701276262	-122.2580265999
15425	37.8714823667	-122.258327
111955	37.8753721133	-122.2598138839
666951	37.8728377807	-122.2558057308
688742	37.8731341978	-122.255923748
657333	37.8734976295	-122.2591482504
541527	37.8732890492	-122.2576177327
1892949	37.874607403	-122.25882138
874544	37.8802317381	-122.2667115927
1664004	37.873121033	-122.266425083
1209529	37.8758781167	-122.2500658035
15428	37.8695940833	-122.2590780167
599846	37.8761400273	-122.2601476662
218379	37.8747941116	-122.2582519054
881133	37.8740501333	-122.2582299667
515288	37.8758294215	-122.2586944699
508103	37.875010067	-122.2575652599
508095	37.8751561541	-122.2574928403
1412860	37.875116266	-122.260367072
354524	37.8754843667	-122.259927
1256969	37.8723381035	-122.2528445721
549854	37.8724058565	-122.2591531277
929761	37.8752589226	-122.2597914934
86814	37.8770020833	-122.2580961333
33700	37.8752032667	-122.2596735333
15419	37.8717537309	-122.2559022903
15420	37.8716194	-122.25640265
9576	37.8720831833	-122.2578549333
15422	37.8733491833	-122.2592926
511251	37.8735564629	-122.2563306093
934894	37.8742456459	-122.2571203919
15421	37.8738427	-122.25667475
718274	37.8739556904	-122.2565460205
649229	37.8749389648	-122.256439209
1556809	37.875741764	-122.25811669
669074	37.8755054917	-122.2601240873
672506	37.8757202625	-122.2600060701
42165	37.8737354974	-122.2541642189
442389	37.8764103667	-122.2592025333
60440	37.8708837833	-122.25888515
15423	37.8725874333	-122.2596573667
186561	37.8735024242	-122.2591648186
1508701	37.871909476	-122.258084531
15424	37.87214755	-122.2580695
1055616	37.8719246667	-122.2468378
656552	37.8711354765	-122.2486066818
9574	37.8720831833	-122.2506666167
723050	37.8716817426	-122.254716754
1199612	37.8693993	-122.25486612
428174	37.8696702778	-122.2520399094
34549	37.8718606	-122.2532790667
15418	37.8716325667	-122.2532200667
34576	37.8714274333	-122.2579609333
34571	37.8718750667	-122.2581657833
980682	37.8729654	-122.256772
15356	37.86969065	-122.2525548833
167541	37.8682518	-122.2552072
34536	37.87013335	-122.2541080667
466705	37.8689673461	-122.2547750128
463775	37.8689334327	-122.255795002
86651	37.8692019595	-122.254570702
1760906	37.867729817	-122.254272783
9578	37.8690435364	-122.2548079491
113627	37.8691375933	-122.254571276
683574	37.8684851667	-122.2580691667
1014732	37.8691871893	-122.2546904397
892964	37.8696702778	-122.2569027543
59252	37.868780981	-122.255859375
839534	37.8688148592	-122.2575464845
150017	37.8688656764	-122.2573640943
30330	37.8681035667	-122.25644565
834091	37.86871565	-122.25891215
462929	37.8686512296	-122.25910498
18617	37.8687597	-122.2584698667
91675	37.8686031333	-122.2585115667
2964499	37.86792755	-122.2588197333
18619	37.8683066333	-122.2580909667
459537	37.8680213833	-122.25789005
57134	37.8681077667	-122.2579921333
72863	37.86841365	-122.2592227667
133765	37.8680949448	-122.258015871
723686	37.8684337289	-122.2589707375
161382	37.8680549	-122.2581252833
61137	37.8680540333	-122.2581402667
1470007	37.86827881	-122.259146703
476057	37.8679738247	-122.2581828285
1079099	37.8681073667	-122.2583377167
627682	37.8681896082	-122.2590886742
206750	37.8679509667	-122.2582655667
935777	37.868080123	-122.2583726048
18618	37.8681834833	-122.2589959833
848177	37.86811852	-122.25917643
562908	37.8677293175	-122.2595368547
411381	37.86786065	-122.2581591
184651	37.8679048	-122.2582998667
637755	37.8678631389	-122.2582422579
31655	37.8678415082	-122.258285692
788055	37.8678683833	-122.2585742167
808992	37.8680017789	-122.2565889359
459485	37.8678538	-122.2585851667
2272981	37.8677777	-122.2590379
855645	37.8677467768	-122.2590160454
22871	37.8677109014	-122.2590011067
1128230	37.8674652833	-122.2591490833
976271	37.86767905	-122.25902944
62343	37.8674274326	-122.2589014058
18614	37.8673804333	-122.259032
287160	37.8673559833	-122.2588306
918360	37.86731469	-122.25877445
749803	37.8672933	-122.2589251
957627	37.8673019693	-122.2588655667
1333163	37.8672528667	-122.2586621333
1450332	37.8672356	-122.25846362
868778	37.867007	-122.2586615
440572	37.8669180369	-122.2590421638
360321	37.8668419252	-122.2588325472
788031	37.8667962	-122.25895025
1064715	37.8662359715	-122.2591799498
293497	37.8667089344	-122.2588053248
114173	37.8667059137	-122.2586381435
725760	37.8663391167	-122.2589192333
178037	37.8663671216	-122.2588741779
1218868	37.866197725	-122.2588419914
195333	37.86581145	-122.25869435
195155	37.86637775	-122.2589105333
116092	37.8660604429	-122.258498536
10352	37.86590128	-122.258477211
149983	37.8656842391	-122.2584986687
1156873	37.86563234	-122.25847142
520612	37.8650839833	-122.2589690667
422305	37.8634938833	-122.2588167833
239755	37.864901828	-122.2587776184
439193	37.8651962833	-122.2586421
32410	37.8655478167	-122.2583407333
1062082	37.8665237427	-122.2547302246
44783	37.8669345974	-122.2548830509
10386	37.8678083668	-122.256770786
750723	37.8678072667	-122.2580770333
433300	37.8671642833	-122.2567139833
797393	37.86815094	-122.25338345
62631	37.8671415	-122.2583955167
23598	37.8663123	-122.2582716667
326786	37.8656715667	-122.25785485
415622	37.8651804167	-122.2581903333
238219	37.8647446632	-122.2588151693
74304	37.8644919167	-122.2589812333
617798	37.86392995	-122.2586587833
607692	37.8639277728	-122.2589063644
41012	37.8639101833	-122.2584241167
149888	37.8637414303	-122.2584664822
939717	37.8500528996	-122.2520262024
1194550	37.8584458667	-122.24396495
166687	37.8497735298	-122.2522620265
178020	37.8617424542	-122.2587025166
133377	37.8502473667	-122.2518903833
321215	37.8503828362	-122.2525119781
321254	37.8504760244	-122.252522707
297506	37.8508102833	-122.25275185
561159	37.85132065	-122.25241665
346476	37.8553809449	-122.2594642639
23793	37.8618222333	-122.2535551667
791574	37.8546804	-122.248145
33460	37.8556189	-122.25788675
791581	37.8548766667	-122.2484004667
13058	37.8654439053	-122.2568678856
197049	37.8480700373	-122.2520184517
15394	37.8494668	-122.2521471833
197416	37.8492052663	-122.2525978088
15395	37.8586721333	-122.2438216167
88606	37.862492236	-122.2587640097
669040	37.8497349333	-122.2521783333
40183	37.8529737544	-122.2603988191
1036080	37.86188811	-122.25872707
1200485	37.8588068167	-122.2449586833
534503	37.850229082	-122.2519657852
18612	37.8502070491	-122.2525012493
203075	37.85053664	-122.25084143
18391	37.8504905582	-122.2525033523
533812	37.8507222	-122.2528552167
325006	37.8510664667	-122.2525825167
109365	37.8513167174	-122.2524362604
205799	37.8582132869	-122.2448735502
496958	37.8516093667	-122.2524347833
1268493	37.851629617	-122.252238467
540963	37.8544333667	-122.2482063667
18524	37.8643207333	-122.2493645
72273	37.8540005	-122.2477459
533823	37.8503450667	-122.2526190167
206999	37.85824787	-122.25001227
68066	37.8587608298	-122.2529250383
711249	37.8584135305	-122.2525334358
1193578	37.8584297	-122.2528934
441494	37.8582949401	-122.2530269623
917832	37.8580255167	-122.2531359
865453	37.8579942279	-122.2528338432
1086762	37.8578952333	-122.2530662
1168375	37.85760873	-122.25248008
1087174	37.8575979	-122.2530563833
585096	37.8559569764	-122.2526729107
201674	37.8574110833	-122.2529757
966100	37.85735988	-122.25312864
942493	37.8572881222	-122.253112793
109960	37.8562687333	-122.2525065167
366447	37.8564016333	-122.2523707833
338692	37.8570165667	-122.25351125
203028	37.8562587333	-122.2527939667
378302	37.8571513801	-122.253241539
243046	37.8563709333	-122.25311465
20933	37.8564252833	-122.2528446167
203549	37.856442	-122.2530567167
356541	37.85666055	-122.2533169333
663219	37.85674565	-122.2527558
238120	37.8564244509	-122.2529625893
43622	37.8564588667	-122.2530280333
20941	37.8568336333	-122.2529910333
158595	37.8569179333	-122.2532743
1086831	37.8573040667	-122.25313905
72655	37.8650267936	-122.2580848262
274329	37.8576549333	-122.25313295
301648	37.8584478833	-122.2528015167
57224	37.8574384167	-122.2533043
471730	37.8579250833	-122.2530901333
87616	37.8578834667	-122.2532413333
237786	37.8578299284	-122.2533112764
803690	37.8579800333	-122.2532992167
383990	37.8562807294	-122.2574559446
68245	37.8585787096	-122.253370285
658437	37.8582241979	-122.2531730812
711259	37.8583372938	-122.2533166409
37060	37.8611490167	-122.2561392333
35075	37.8620225167	-122.2534468833
378311	37.8580069341	-122.2532737255
104318	37.8596143188	-122.259157189
384167	37.8515711667	-122.25993145
732059	37.8585161167	-122.2592404333
382589	37.8544102873	-122.259871305
303968	37.8505099109	-122.2606766224
683398	37.8474350667	-122.2606581
43691	37.8520422087	-122.2606789219
398844	37.8400112667	-122.2599940167
414746	37.8398630833	-122.2598274
250070	37.8384171833	-122.2615876833
206061	37.8400458463	-122.261883173
857406	37.8379904333	-122.2627624667
475608	37.8376265588	-122.262298646
1088778	37.820424	-122.268903
649709	37.80853676	-122.27505546
1211644	37.80873417	-122.27600842
49534	37.7986870833	-122.2799934
702694	37.7902663833	-122.2657657333
33176	37.7964659833	-122.2629358833
138677	37.7929315833	-122.2659189667
612311	37.7883517231	-122.2508418532
956600	37.7884809833	-122.24621265
513499	37.7844924927	-122.2425231934
482534	37.7839404384	-122.2397031282
1393179	37.781035156	-122.2394979
128555	37.7800731167	-122.2391118833
359377	37.7756411	-122.2386212
1123237	37.7741333667	-122.22871515
348388	37.7743441667	-122.2298587167
737018	37.7744697662	-122.2302533871
1097186	37.7711141833	-122.2196534167
142971	37.7747544833	-122.2240783167
116272	37.7694636333	-122.22304755
215787	37.77124041	-122.22178357
215783	37.77124041	-122.22178357
589790	37.7695443783	-122.2165381908
125205	37.7676306667	-122.2191210833
786416	37.759774	-122.214162
1273116	37.76062065	-122.2117849
1155932	37.7521214833	-122.1984076833
96564	37.7468003333	-122.20328085
316851	37.7412567	-122.1941946333
899291	37.7394607333	-122.1931503
452077	37.73828205	-122.19755835
224122	37.73636035	-122.19641705
768178	37.7302381833	-122.1927842833
176724	37.7277385077	-122.2024190426
640452	37.7868705523	-122.4549742274
166197	37.7826583333	-122.4063205667
26645	37.7855207387	-122.3969757557
102499	37.77985	-122.4944372333
1582288	37.778430867	-122.3893941
10677	37.7783555476	-122.3894011974
36365	37.784282779	-122.4091100693
260236	37.7854578538	-122.4128821943
1088373	37.7606275833	-122.5040394667
42783	37.8734475518	-122.4557214975
84898	37.69842287	-122.4819520238
32140	37.7818407155	-122.4100327492
992976	37.7602741324	-122.5104010105
152880	37.786591218	-122.403858304
36076	37.76396755	-122.46632515
104960	37.7528167	-122.5055401667
422825	37.7837146673	-122.3985099792
63176	37.7711144167	-122.4865754167
107225	37.7651470833	-122.4662586833
170040	37.7082019	-122.3997329
1364814	37.61467	-122.3851
55485	37.7874355361	-122.3991628813
44705	37.7021771324	-122.46910737
879598	37.7902877066	-122.3895693678
89485	37.7899020612	-122.3899242939
10191	37.8007900667	-122.4100112833
125844	37.7914265	-122.4041966
25818	37.77960855	-122.39513925
1127338	37.7777365104	-122.3888969421
17313	37.7766187	-122.3900647833
566246	37.78751957	-122.39843881
70354	37.7871813085	-122.3988299297
10344	37.7700023476	-122.4469506741
41989	37.7703331833	-122.4458891333
10377	37.8196620833	-122.4785041667
10555	37.8326611755	-122.4799190462
37083	37.7360349667	-122.5033271
10024	37.76041745	-122.5090599
104802	37.7874562167	-122.4035245667
854358	37.7874543	-122.40356796
255599	37.7870642762	-122.4042386763
70280	37.7873112281	-122.4001086978
55449	37.7867671567	-122.4030697346
33770	37.78722805	-122.3994559167
9625	37.769873014	-122.4668392539
9623	37.7709861237	-122.4689340591
48239	37.7721530833	-122.460066
147859	37.7692332	-122.45766845
139612	37.7697248667	-122.4486152167
74104	37.7664063648	-122.4530124664
10341	37.7688288667	-122.4984169
39823	37.7643453808	-122.4381744862
956665	37.7555131333	-122.5105211333
26522	37.7870512014	-122.4012672901
21197	37.7870308167	-122.40119985
53896	37.7861691088	-122.4021115454
1092619	37.78834305	-122.39529325
1136304	37.7832313449	-122.4033164978
1104681	37.7821200551	-122.4042146406
17212	37.8964499833	-122.51560235
125583	37.787185076	-122.4047335837
191196	37.7875205497	-122.4004535816
935489	37.7879291296	-122.3999159719
1065260	37.7869672374	-122.3999931933
1085662	37.7573095982	-122.4992212098
74202	37.76480785	-122.5050722833
999649	37.7858683812	-122.4031555653
45548	37.7873052265	-122.4032949785
18449	37.7893447162	-122.4014818668
65487	37.7875345124	-122.4004969651
693413	37.7858663054	-122.4024005482
22787	37.7861592167	-122.40450745
17428	37.7601953667	-122.5081014167
628515	37.7864774473	-122.4049837477
537362	37.7607299713	-122.4992572065
382725	37.7647580833	-122.50869605
915936	37.7529225333	-122.5045489333
662586	37.75988355	-122.51093095
1058681	37.7838079397	-122.402973175
1008313	37.7665562833	-122.4971256667
187850	37.7647256667	-122.5001455167
18126	37.7603501667	-122.5049837667
192704	37.7794153515	-122.4235334158
33509	37.7824051	-122.4210211
86709	37.76493425	-122.4318415167
62836	37.7841512508	-122.4178530281
397330	37.7854757333	-122.4165920667
1374493	37.779314998	-122.391906788
27884	37.7784672	-122.3932231667
23445	37.7954141	-122.2764857833
59187	37.78362605	-122.4175163167
25172	37.6006216167	-122.3821467
34620	37.7802773	-122.3913110167
5140915	37.768030913	-122.39257534
13156	37.7976770905	-122.4007907547
61782	37.8001429775	-122.4377219527
101267	37.8122746	-122.3627126
10204	37.7707386	-122.4162769167
147571	37.77217395	-122.4187013167
612390	37.7748562564	-122.4208220869
125669	37.8031799634	-122.4030116053
1523662	37.8066646012	-122.4285936356
24859	37.8077738333	-122.4207563167
11582	37.80662655	-122.40516185
54231	37.8065395833	-122.40457455
40678	37.8028028833	-122.4016686167
407349	37.7982574333	-122.3964394833
122530	37.7976787752	-122.3957526684
750149	37.7747583383	-122.3958645122
15023	37.7824215609	-122.3925822973
16200	37.8004933213	-122.2742164135
82851	37.7616153667	-122.4195474167
17384	37.75902125	-122.4145796167
34055	37.7486019785	-122.3866948485
329191	37.7627594782	-122.4082749948
68842	37.7720367	-122.2357187333
701617	37.7649377167	-122.4122497333
76824	37.7731587	-122.2348441333
215584	37.7688843206	-122.2337985722
38112	37.8265767205	-122.2519954685
503233	37.7916932695	-122.4035525322
206481	37.7643505833	-122.2430120333
53610	37.7682808802	-122.424393842
56612	37.80861275	-122.26986
35705	37.8124280833	-122.2685821333
77119	37.8133514833	-122.268121
68442	37.7952588667	-122.2531805667
39063	37.7819139667	-122.2381435833
497081	37.7764432286	-122.2264421126
32800	37.7625822667	-122.3960954167
24385	37.7625560167	-122.3960515167
211141	37.7569830429	-122.2497975826
37354	37.7574580545	-122.2507631779
321432	37.7574092333	-122.2493629333
68726	37.7926589201	-122.2569535809
15024	37.85361885	-122.2901058167
51736	37.76424725	-122.38684365
11559	37.7565550667	-122.4211692667
33110	37.7664966	-122.4222543
24858	37.7648357333	-122.4241167667
40895	37.7200160906	-122.1821522713
50722	37.7628871	-122.2453970167
39011	37.8310564523	-122.2919726372
153668	37.7798479997	-122.4188411236
166554	37.7855531833	-122.4140959167
16668	37.7681641167	-122.2326509333
139924	37.8276414005	-122.2868657112
109937	37.77620325	-122.22434505
57209	37.829889354	-122.2794021084
321639	37.7773544667	-122.2750437167
20755	37.785537697	-122.4216413498
305945	37.7829901	-122.2726867
45900	37.7650239004	-122.2418367863
298252	37.7172731833	-122.1785944167
63357	37.7547737333	-122.25047015
179887	37.8013580097	-122.2662985325
56461	37.850699807	-122.2908506741
18589	37.8113181511	-122.2670710087
203080	37.7636950167	-122.2432645167
32810	37.7569505	-122.4206716
54094	37.7957446283	-122.2733547067
25227	37.8272301833	-122.2570721833
36242	37.7842234243	-122.4032306671
25496	37.8115301	-122.26602405
38995	37.8408779667	-122.2937478333
107502	37.6705126333	-122.4676191333
21076	37.7700235498	-122.4221536517
83439	37.5798762167	-122.3466724333
120600	37.5775774	-122.3463891667
111559	37.5913267478	-122.3475358823
18368	37.7809503598	-122.3960959911
48110	37.7805748705	-122.3968270739
117017	37.7806567833	-122.3935437833
105177	37.8269149	-122.25149325
67347	37.7739817667	-122.4112717833
37779	37.8127478333	-122.2613778167
97057	37.7657108951	-122.241332531
74391	37.8022057336	-122.2732400894
26820	37.7822369638	-122.4072367386
67246	37.77469505	-122.2629146167
25631	37.7770411473	-122.4228215218
18206	37.687951	-122.4721
113558	37.7856987997	-122.3994648457
30723	37.7811360667	-122.3944507833
68729	37.7822801	-122.3875685333
83792	37.7997443333	-122.4406256667
729761	37.7900815	-122.4021061
187311	37.7948896822	-122.3958892856
106397	37.791171385	-122.3998467069
83796	37.78081095	-122.4023374167
12808	37.7842569333	-122.4021577833
390367	37.7921934932	-122.4020290375
4540874	37.772083229	-122.403995893
175252	37.7660851473	-122.4018127134
29825	37.7666218333	-122.3994067
1589472	37.7639659	-122.5102592
17216	37.7773888296	-122.3951518536
567080	37.776520783	-122.3957698807
3034289	37.7805613	-122.394293683
33014	37.7811538706	-122.3913967609
1020326	37.7714120667	-122.4130650167
63205	37.7999182302	-122.441065225
16165	37.786564024	-122.4147896621
31341	37.7866060562	-122.4045181274
1247431	37.7829176076	-122.4078333378
306649	37.7755477385	-122.3975812344
1519787	37.781609388	-122.401887801
10570	37.8057830213	-122.4205470085
123999	37.7914050034	-122.4120283127
26086	37.79054421	-122.40400296
407345	37.797665	-122.395829
22191	37.7526823521	-122.4120497704
17402	37.7527671808	-122.4083375931
344275	37.7792713741	-122.4192380905
203824	37.7781236333	-122.4058743167
36934	37.7775614177	-122.4071595391
32074	37.7814657086	-122.3987731615
10360	37.8066646012	-122.4285936356
887099	37.7840929167	-122.3948877833
328467	37.6180557408	-122.3868155479
11490	37.8066802	-122.4319624833
360195	37.76845335	-122.4185514333
24104	37.7643876667	-122.4326708
19469	37.7893183833	-122.3966682333
21203	37.7813357833	-122.3944219333
69886	37.780697925	-122.3934962638
200249	37.7648961167	-122.4194852167
11119	37.7651426407	-122.4195706844
29923	37.7670339782	-122.421952486
3782344	37.869831197	-122.2674129903
10387	37.776222	-122.432911
9152	37.7792713741	-122.4192380905
214353	37.7007179833	-122.4837067333
10833	37.7015723809	-122.4854832888
5860288	37.7018272877	-122.4845713377
5288891	37.69995647	-122.48592942
9822	37.5384700167	-122.3635768833
523976	37.5314503676	-122.3589205742
126113	37.5605488333	-122.3817900833
965332	37.5669558	-122.39206218
386744	37.66082785	-122.4776817333
127406	37.6601103089	-122.4774707581
226229	37.68396215	-122.4843618833
165076	37.6827981333	-122.4885832667
304069	37.6826961833	-122.4878946667
36253	37.6826011167	-122.4873168833
304063	37.6827662833	-122.48775735
94555	37.6187169167	-122.43997045
520347	37.5492558447	-122.3700249195
304381	37.5576254164	-122.3823094368
5714424	37.682450983	-122.487680317
5705226	37.699994029	-122.483419828
86804	37.6971666004	-122.4850165844
21273	37.7002268833	-122.4823568333
10029	37.6816999833	-122.4877524333
814479	37.68608275	-122.48368745
78799	37.7940546167	-122.4333037167
758936	37.797132	-122.433307
53367	37.7945885853	-122.433963418
172364	37.794694561	-122.4339795113
238735	37.7946449667	-122.43269965
53372	37.7947284732	-122.432488203
5651756	37.795399483	-122.43298252
633032	37.6956629167	-122.49137935
404244	37.69721155	-122.4838734
1006313	37.73095425	-122.4830809
62582	37.7282420167	-122.4828720333
5550565	37.7239283168	-122.4768841267
976820	37.68735349	-122.48662495
239283	37.6826324463	-122.4880599976
3533003	37.689007563	-122.494957954
77581	37.6898228333	-122.4720785333
766447	37.7010114667	-122.48356505
614000	37.638975568	-122.4649000168
632886	37.6300033657	-122.4664878845
1582936	37.76751615	-122.508583533
16133	37.78093625	-122.5116961667
1040193	37.6361600333	-122.4919701833
739740	37.6367945393	-122.4920041859
10242	37.6367676167	-122.4902200667
5429912	37.632416028	-122.48814703
15748	37.7275518214	-122.476927042
383335	37.6348315817	-122.4882566929
383264	37.633144	-122.4878989833
411210	37.63310495	-122.4880200167
719067	37.63295775	-122.4879247833
1594689	37.665332013	-122.484557067
4654335	37.699252367	-122.4821305275
813795	37.7065789236	-122.4588302497
3237348	37.7055506333	-122.4618311
1391842	37.707339473	-122.463069245
743806	37.7014625072	-122.4828869104
32721	37.73421355	-122.4337848167
10456	37.7340796251	-122.4341136105
819702	37.73402295	-122.4340840667
154566	37.73412525	-122.4339183833
4644053	37.7340855619	-122.4340009689
254691	37.6116902549	-122.4356746674
1303195	37.6817005	-122.488671733
695445	37.58050075	-122.3940922
353726	37.57972375	-122.3921801167
520504	37.5494574667	-122.3674882667
523948	37.54520875	-122.3625586833
1237400	37.6147059	-122.388730833
1430668	37.614870178	-122.387545278
358757	37.6152018243	-122.3880391862
416062	37.6140213774	-122.3873828708
150714	37.6141838226	-122.389690876
353642	37.6717374833	-122.46492585
4419548	37.770585457	-122.490860759
17412	37.6820000833	-122.4874514833
794617	37.6822141333	-122.4872523833
9855	37.7770407353	-122.4635133133
763741	37.7754782504	-122.4612665409
1329205	37.7769107667	-122.4590812667
281142	37.7770784833	-122.4605705667
10798	37.7736612239	-122.4393307856
534595	37.7299529167	-122.4787014333
184330	37.7278403364	-122.4770450592
446928	37.7295913	-122.4777697667
1787396	37.783178955	-122.464356095
9867	37.78285145	-122.4646854333
35244	37.7832213833	-122.46450145
9672	37.7831089333	-122.4628400667
315236	37.77851223	-122.46094024
21295	37.7717273167	-122.4710699667
1383100	37.7600859534	-122.4198133318
1139775	37.7167468	-122.4407765167
633015	37.7142389029	-122.4364754387
525251	37.5310419743	-122.3640167713
446527	37.6803899803	-122.4926877022
1397341	37.788834235	-122.400945456
107209	37.7889813	-122.3987058833
376440	37.8282722316	-122.2675923935
1315998	37.82886928	-122.26676577
27317	37.8286649667	-122.2670889833
382950	37.8293701314	-122.2658747435
27119	37.7057939667	-122.4692198833
3113434	37.705245	-122.470016
238567	37.5790698667	-122.3978792333
520311	37.5551962667	-122.37065235
520375	37.5550993337	-122.3782324791
1457575	37.728270067	-122.476871078
2698283	37.703192855	-122.472656005
35809	37.7043441539	-122.4755179344
891427	37.6976798167	-122.4762499667
266218	37.6139788167	-122.4880102167
739485	37.7279988728	-122.4783669299
1137465	37.7627558333	-122.4198751833
86433	37.76211765	-122.4193023833
496130	37.7597935667	-122.42364275
1530623	37.7634102857	-122.4838390946
1080754	37.76244615	-122.4643764833
808315	37.76162635	-122.4649904833
1340215	37.76946955	-122.45298588
41970	37.7693329333	-122.4527760667
962600	37.77029669	-122.44620156
557160	37.770270063	-122.4448718245
116084	37.7700349167	-122.4462632833
1123830	37.7702968	-122.4457252833
1123842	37.76964765	-122.4454560833
361696	37.7703683723	-122.4448413608
45012	37.7629801333	-122.4351195
157138	37.7448928114	-122.4528677977
511634	37.7438789667	-122.4538072333
120593	37.6049338703	-122.396462493
216352	37.7725295833	-122.4407258167
994691	37.7722292833	-122.4391795167
965213	37.7633615163	-122.4851346016
629677	37.7649929	-122.4847273
55697	37.74505165	-122.45222755
511648	37.7438783833	-122.4538467667
231583	37.7442307667	-122.45326695
725873	37.7451653	-122.4532626
717710	37.7009351857	-122.4832784399
886502	37.758872458	-122.4125438291
17381	37.7591791667	-122.4121939333
866354	37.7763896811	-122.4417483743
14522	37.7765536167	-122.44166135
972782	37.7731770667	-122.4381414333
475956	37.7631339667	-122.4780521
875199	37.7651787833	-122.4782072
1595158	37.699528717	-122.484078283
85340	37.6193976333	-122.4542999167
416792	37.62273019	-122.44569092
90643	37.70153075	-122.48235785
651965	37.7352488167	-122.4714859167
2094873	37.700733453	-122.482955588
1155765	37.7063128167	-122.4602865667
1478586	37.705479033	-122.4622846
2241350	37.709798769	-122.450206376
2204225	37.751283184	-122.41387981
17393	37.7525708333	-122.4142331333
579522	37.7060044167	-122.4615729333
656729	37.6436819	-122.4619842833
126232	37.6605063	-122.4769707333
491804	37.7160649833	-122.4412509833
628477	37.7163485093	-122.4409374517
820868	37.717861	-122.43487355
641102	37.7155172825	-122.434194088
628924	37.71207767	-122.43419158
237790	37.61923165	-122.4382849667
1663815	37.6185661554	-122.4412375689
524621	37.5637829157	-122.3761296272
1393279	37.6596666667	-122.4777733
1176905	37.7605764667	-122.50874835
964998	37.7538116	-122.418334
39080	37.7540881167	-122.4186772333
792740	37.7529609203	-122.4087882042
821357	37.7112259597	-122.4680023712
1263013	37.6150631905	-122.4351757765
17153	37.7758196	-122.4090319833
705105	37.7760853715	-122.4084232688
34882	37.7761885333	-122.4084777
1099426	37.6503701333	-122.4695455333
22533	37.581402118	-122.410107851
335373	37.7908962959	-122.4037992954
17727	37.79024265	-122.4042506167
17726	37.7902095351	-122.4047005177
1568935	37.8007900667	-122.4100112833
10185	37.798704571	-122.407296896
1274317	37.7978824167	-122.4061253333
1187554	37.7970002843	-122.4053654874
10457	37.73314475	-122.4339151333
1381400	37.706159833	-122.468977633
1101580	37.5800733667	-122.3459149667
1210005	37.57960695	-122.3464671167
10139	37.80551075	-122.4568963
10141	37.8050494167	-122.4599003667
13303	37.7898573833	-122.4853706333
1517184	37.7557170371	-122.4723994732
1517260	37.8068447304	-122.4260348082
253229	37.7925278833	-122.40391015
326948	37.798017237	-122.4064374104
162641	37.7951374492	-122.4048661705
20274	37.7668728347	-122.4559950829
101747	37.7542671167	-122.4771466833
220922	37.7544601035	-122.4773228549
1187336	37.5658905	-122.3229455333
337175	37.5658116833	-122.3228732833
260864	37.56584435	-122.3231856833
12439	37.5660645833	-122.3227429333
1105392	37.7280100506	-122.4770772457
934936	37.7253624651	-122.482881546
175886	37.53335011	-122.3503763
147780	37.8278447827	-122.4818515778
1346195	37.934687534	-122.43857899
42979	37.9353215149	-122.4477553368
446806	37.6973754333	-122.4832505667
1451791	37.69718685	-122.483696967
22528	37.588943427	-122.4131374061
793003	37.5782847333	-122.3474407167
94835	37.5783752167	-122.3472459667
140543	37.7606897493	-122.4352133274
111525	37.56428255	-122.3236056667
935643	37.5318547931	-122.3299645737
201202	37.7384438333	-122.5006694667
243458	37.7666852	-122.4949822667
15267	37.7685436209	-122.5056266785
325807	37.7605761	-122.5041762333
43178	37.7882150163	-122.4337194199
99464	37.7873528335	-122.4335416624
240092	37.78689098	-122.43218636
1007606	37.78767815	-122.43356365
1164065	37.7740391387	-122.4585485458
645638	37.7710481	-122.47510205
1419367	37.771970817	-122.474544
1132468	37.7823749238	-122.4066102505
68639	37.781692299	-122.4047255951
1356597	37.7820103059	-122.4075436592
45396	37.7879616905	-122.3935430752
44442	37.6005143333	-122.2107891333
1297633	37.7162897587	-122.4401164055
534262	37.71355116	-122.44059926
1191761	37.7140930833	-122.4361213667
1331606	37.682524726	-122.487075321
628565	37.6720681841	-122.4567461014
572811	37.67008355	-122.4507782333
11150	37.6663255667	-122.4950695
107484	37.7010783351	-122.4832866941
560639	37.7554646816	-122.4182403088
50631	37.7528429	-122.4083375833
17666	37.7529029064	-122.4083912373
11017	37.7524781167	-122.4182510333
1056753	37.7518300833	-122.41769115
562468	37.7524598	-122.41690335
17873	37.7139224505	-122.4504590034
144223	37.7032934504	-122.4629795551
106360	37.7346931167	-122.5017166167
20908	37.7328806817	-122.5029659271
60723	37.7344184963	-122.4337980911
18455	37.7339904736	-122.4341255581
1352343	37.7053158152	-122.4621534348
1323139	37.694945083	-122.46516015
1352253	37.693992916	-122.464726056
1035163	37.7432245016	-122.47597754
1267194	37.7430033	-122.4756323
1102273	37.74290448	-122.47552651
336068	37.5912303246	-122.3906672001
356317	37.59234911	-122.40336024
757695	37.5896778167	-122.4015638
468276	37.7577535167	-122.3875757667
23985	37.7581288833	-122.38825095
1346494	37.75805907	-122.388291407
40788	37.7581000833	-122.3883258
53486	37.7895346891	-122.3887160422
339929	37.7894040668	-122.3894119263
529430	37.78971653	-122.39067576
226739	37.71077811	-122.45875889
678011	37.7020586837	-122.4629954337
892217	37.7045426	-122.4615307167
1344800	37.665996055	-122.493981655
469240	37.6971366833	-122.4849509167
757564	37.69974696	-122.48680365
19840	37.7783519	-122.3967289333
953014	37.7786896	-122.39623895
342306	37.6728069935	-122.4689769745
336180	37.6515548167	-122.4690960167
38768	37.7846024333	-122.4074267
38717	37.7845541144	-122.4067282677
378196	37.7896661167	-122.4000666167
717794	37.7888614306	-122.3994219303
834180	37.7898010289	-122.3996134838
482300	37.7023270167	-122.4707740333
72418	37.7426443047	-122.4851809795
983188	37.7426987886	-122.4871784449
186639	37.5972642333	-122.3859760833
276423	37.57484608	-122.35767936
262348	37.66050365	-122.4777322
524695	37.6599134833	-122.4775763167
1279484	37.59189325	-122.38510513
864008	37.7346618833	-122.50468535
441325	37.86822015	-122.2678512667
428073	37.8680012	-122.2677814
18111	37.8682304587	-122.2676128149
85219	37.8684748142	-122.2678638232
162408	37.8839060331	-122.269667387
314249	37.7861108683	-122.4055260451
56361	37.7861091856	-122.4055281361
227427	37.7896378586	-122.4037929812
21609	37.7650724333	-122.41906535
395247	37.7649708912	-122.4189028144
15801	37.7215860978	-122.4474549294
214369	37.700473	-122.48280205
1096439	37.6998258047	-122.4825704098
608065	37.7013766667	-122.4848341833
608332	37.7655587333	-122.47691825
871621	37.7665124833	-122.4762329167
1268339	37.7931600176	-122.4833643436
1048587	37.7816235	-122.4940484
244377	37.7817643997	-122.4919474125
440675	37.7813723833	-122.4927715833
202979	37.7816469833	-122.4930364167
180140	37.7814695333	-122.49293835
24813	37.8104643667	-122.4766109333
952740	37.8324392	-122.4819943333
10383	37.8323650333	-122.4788904167
17209	37.8326513333	-122.4798823833
175463	37.83742825	-122.4810855833
267204	37.9296489167	-122.3967819667
180633	37.9324528785	-122.4033486843
956904	37.9952606833	-122.28528315
151248	37.9956331868	-122.2858661875
265968	37.9955621	-122.2863993
151304	37.9954839167	-122.2864491667
260460	37.9974287872	-122.2877213359
779920	37.9988400167	-122.2862309167
909434	38.0055784381	-122.2909761012
76952	37.7853732667	-122.4005968167
58289	37.7854104	-122.3994687
1168344	37.78514832	-122.4003635
50847	37.7876246673	-122.3993239664
352284	37.7865399483	-122.4017118865
1256350	37.784740967	-122.404134133
260652	37.6492996667	-122.490204
242009	37.6480019667	-122.4905691
10238	37.6331412667	-122.477324
900753	37.6611099243	-122.478805542
702146	37.66052436	-122.47984594
269839	37.6135376599	-122.3850078165
133063	37.6133560422	-122.3849487305
94675	37.613278391	-122.3848313251
221767	37.6131969	-122.3849857
58277	37.6130372	-122.3853062667
94664	37.6125435	-122.3856312
244613	37.6128508228	-122.3842914855
241912	37.6126339667	-122.3842287667
244599	37.6127917069	-122.3841111693
59997	37.612816628	-122.3842072925
300257	37.6129191756	-122.3841100896
293974	37.6821477	-122.4874217833
800561	37.6822529253	-122.4870616729
1163584	37.6835884333	-122.4874245667
104495	37.6017491667	-122.3915586167
19465	37.6016643833	-122.3913682333
18620	37.5374909248	-122.2979700565
1154887	37.54648075	-122.3021314167
1155247	37.54445862	-122.30193227
711474	37.5674861167	-122.3237105667
880890	37.5680265313	-122.3242235184
28516	37.5677118828	-122.3244380951
48104	37.6006922333	-122.3868310833
10239	37.6131319833	-122.48794555
549176	37.6091846333	-122.49484755
490855	37.6086509167	-122.4948850167
456793	37.6098918833	-122.4945116
71804	37.6135069167	-122.4871151333
97068	37.7708569128	-122.4145186493
35873	37.7737818167	-122.41504235
32708	37.7630482135	-122.4102531522
284838	37.7630739167	-122.4097111333
16932	37.7630942667	-122.4084580667
17696	37.763099645	-122.4109768867
262380	37.6609495	-122.4776365167
142298	37.7662244	-122.476473
232443	37.77946175	-122.4012776833
234866	37.7809806097	-122.3993509272
53164	37.7394995833	-122.39026155
447203	37.7394678	-122.3896727
9870	37.7830231167	-122.4604797333
9583	37.7830445667	-122.46513605
1086611	37.7659818833	-122.4992595833
87881	37.76479066	-122.4217298627
61598	37.7595786	-122.4215290167
119653	37.760261661	-122.4213180839
34091	37.7594428916	-122.4215018749
309831	37.7527544565	-122.4117332697
135203	37.7529657667	-122.4117815
773800	37.7522753833	-122.4182146167
950299	37.7522245	-122.41878134
19086	37.7238095104	-122.4456954002
72454	37.763064658	-122.4837291241
188589	37.7639107167	-122.4775910333
807499	37.7721224667	-122.4667402833
479150	37.6982710833	-122.4813543333
395920	37.7346031453	-122.4339687824
18852	37.763251122	-122.4193478942
832797	37.7639633417	-122.4194687605
325896	37.80802375	-122.31010293
169326	37.8696872166	-122.2725319862
801433	37.868493016	-122.2671675682
678301	37.8689842498	-122.2677361965
534345	37.8397925033	-122.2696995735
972511	37.8008061167	-122.28186155
27318	37.80458895	-122.2945486667
491432	37.7888275157	-122.4030482769
54633	37.7017847035	-122.4823803226
48331	37.7843252336	-122.4178364918
32408	37.7913096	-122.4205575667
60046	37.7969483067	-122.4220280607
24665	37.7963564167	-122.4219402167
68832	37.7960994667	-122.4219965167
34094	37.7960125644	-122.4217097997
90795	37.7880168336	-122.4218342887
215798	37.78731785	-122.4217487167
52292	37.7850883031	-122.4208983779
572778	37.77916	-122.42007
473168	37.7785927667	-122.4163131
469157	37.7778382703	-122.4162340164
19396	37.7790746	-122.4145193667
464567	37.7859268188	-122.4076385498
548348	37.6981714833	-122.4962859333
688109	37.7714825667	-122.4777259
688293	37.7713639333	-122.4772847333
645630	37.7708575333	-122.4743432167
718987	37.7695044167	-122.4677812
44720	37.7699397667	-122.4683839
16152	37.77016455	-122.4695010333
584321	37.6973932167	-122.4844518833
622669	37.69933599	-122.4808852
95335	37.6997803667	-122.4897086167
43543	37.6699663583	-122.470972538
1001129	37.7526585615	-122.4082407332
34135	37.792897192	-122.4210834503
814349	37.7884404	-122.4252555
300279	37.78337264	-122.43974244
237084	37.7823292667	-122.4399142833
868110	37.7733065833	-122.4727539
291258	37.77074185	-122.4987669333
712156	37.7716751099	-122.5042266846
163727	37.7672432	-122.5108812333
316184	37.7301581833	-122.4759260833
637591	37.70181565	-122.4841693667
814720	37.7818177014	-122.4925638514
557147	37.781921093	-122.4926819181
941989	37.7698157679	-122.4859499931
10003	37.7694511333	-122.5105619333
63291	37.6890929012	-122.472871542
86606	37.6478952167	-122.4526001167
682171	37.6618130178	-122.4713440652
953740	37.76590508	-122.46610337
36352	37.7657829868	-122.4663215876
67383	37.7644344368	-122.4666756392
57220	37.7645327635	-122.4664583431
525022	37.7604756371	-122.5056289664
524999	37.7604777869	-122.505678678
42054	37.7600447667	-122.50599385
691869	37.6790196333	-122.4839088
54622	37.68040205	-122.47997845
753621	37.7359390259	-122.5053100586
632454	37.78050685	-122.4798991333
21969	37.7799068833	-122.479932
403398	37.7832495667	-122.4602221333
101757	37.7832569333	-122.4604139
435061	37.7830059955	-122.4605899385
834038	37.711758154	-122.4525618553
511798	37.72493615	-122.4484253333
210483	37.7669508667	-122.4164999667
892177	37.76660633	-122.41736698
44569	37.7671792333	-122.4176533167
607318	37.6978483703	-122.4830197233
53537	37.6985328027	-122.4835872047
723535	37.7276084095	-122.475601495
525468	37.72792345	-122.47657561
241332	37.7277131856	-122.4757364624
111587	37.7275895325	-122.4755050566
521649	37.76627175	-122.4757614667
115937	37.76592505	-122.4660730833
27585	37.7731498	-122.44034505
84675	37.7696108	-122.5107486
14817	37.76335715	-122.5096821667
760786	37.7649503333	-122.4051200333
590906	37.7709763	-122.40623337
508038	37.776752824	-122.4032306671
206144	37.7819106801	-122.3967319118
90280	37.7839821076	-122.3944192389
160105	37.7881666312	-122.3888029064
407269	37.7888910833	-122.38776815
407241	37.78246735	-122.38804595
389709	37.79464507	-122.38237464
213791	37.90667855	-122.3155484167
133494	37.6993676167	-122.4816877667
18510	37.6995723667	-122.4825568167
315471	37.70013165	-122.4825754667
43635	37.7000359053	-122.4824094772
81149	37.8038841982	-122.448592186
354631	37.8021090333	-122.4502309667
9150	37.8029008599	-122.4484419823
203208	37.80102715	-122.4487944667
233005	37.8006361333	-122.4385807667
53515	37.8005433	-122.4385070667
20139	37.8006736167	-122.4383276
550075	37.79981885	-122.4362725
88316	37.7983203833	-122.4470623333
88320	37.7983351333	-122.4470947167
442630	37.7895566826	-122.4594497681
359704	37.7870825833	-122.45939185
807700	37.7868533134	-122.4595302343
254604	37.7857859692	-122.4589061257
163849	37.7845222167	-122.4592692333
186918	37.7832128167	-122.4593668833
415720	37.7832706833	-122.4596799
87537	37.7825994167	-122.46134885
659095	37.78078466	-122.4616369
19467	37.5932465833	-122.3894796167
612259	37.5966752	-122.3852413167
58183	37.5968468154	-122.3860003329
194025	37.5672394667	-122.3628839833
11088	37.7358162333	-122.5029873833
166816	37.73226284	-122.4792453
246363	37.7317980167	-122.4734391
655563	37.7300969	-122.4698507333
532931	37.7001351167	-122.4829847
120035	37.7826516667	-122.4650562
448308	37.7829277833	-122.4649699167
284760	37.7829363247	-122.4649803176
367580	37.7773331402	-122.4616418474
575276	37.7771544333	-122.4628958
806609	37.7771759	-122.4640631667
74247	37.7773315333	-122.4637199333
22198	37.7766609167	-122.4635481833
492636	37.7771418167	-122.4631618833
72636	37.7772611333	-122.4635382833
704039	37.7724182	-122.5103711
242130	37.6932178667	-122.4650833167
87399	37.7710709314	-122.4941682816
384161	37.7651886603	-122.4185836045
685357	37.7663795167	-122.4187049667
541368	37.7664043	-122.4176231333
336710	37.7540424833	-122.4186577
360529	37.75402355	-122.4186912
36944	37.7535778669	-122.4186735371
389999	37.7537645167	-122.4184717167
30657	37.753574021	-122.4185818191
154357	37.7545449167	-122.4185864833
52300	37.75536515	-122.41964055
616118	37.5781243726	-122.3470766721
659897	37.5795695833	-122.3475733667
205444	37.5802930333	-122.3466302167
319293	37.5795647667	-122.34660325
335096	37.5801695833	-122.3475112333
171153	37.5800602167	-122.3471048167
280207	37.7865299167	-122.4301208167
183875	37.6132816833	-122.4867596833
51852	37.6134304068	-122.487384975
747896	37.6121444167	-122.4894442167
584692	37.7764582455	-122.4618255064
563011	37.776354264	-122.4425563339
136140	37.7765667667	-122.4413024667
430507	37.7774527667	-122.4419057333
242841	37.7775097333	-122.4414830333
411139	37.777411747	-122.4415416848
223090	37.7771993333	-122.4414314333
31098	37.7358949667	-122.5030553333
63209	37.7355066333	-122.5030088833
275078	37.78712975	-122.40624547
320998	37.78704577	-122.40625864
614594	37.78655265	-122.4055476833
519077	37.78676497	-122.4060983
681317	37.78674942	-122.40608108
682063	37.78693002	-122.40604424
51542	37.7870413667	-122.40578735
331688	37.7900536779	-122.406991193
38126	37.7902498167	-122.4073827
22719	37.7885914833	-122.4092794667
351407	37.7900145278	-122.4086380005
353599	37.7892853655	-122.4089813232
152594	37.7896246223	-122.4086535007
384350	37.79000294	-122.40805566
326913	37.7901840994	-122.4085521698
16005	37.7895756333	-122.4075550167
551770	37.78936678	-122.40881299
179000	37.7890649197	-122.4087667465
188750	37.7894634174	-122.4083375931
680659	37.7889985509	-122.4083759281
129658	37.7890182868	-122.4083214998
97132	37.7892777042	-122.4082822875
153353	37.789255073	-122.4084872536
85656	37.7887802124	-122.4084483568
126394	37.7889411532	-122.4085080597
414787	37.7892136619	-122.4085441775
24329	37.788725771	-122.4083697796
288046	37.7894210242	-122.4088096619
40476	37.7863177703	-122.4084341526
309718	37.7862312667	-122.40858365
678340	37.7864767994	-122.4084879579
48031	37.7864166299	-122.4091055627
83235	37.7861651479	-122.4086916447
280917	37.7866654091	-122.4068892002
188615	37.7863347284	-122.4062347412
469618	37.7528321695	-122.4253089176
19087	37.7264264667	-122.4429658667
614819	37.7291634	-122.44444358
326502	37.55528998	-122.38024228
269882	37.6833444	-122.4732615833
403421	37.700559681	-122.4830643925
533076	37.6986100413	-122.4823103101
11376	37.78396725	-122.4073719833
659789	37.7470384667	-122.4054220333
326072	37.7279057333	-122.4768734667
326112	37.72856259	-122.47731888
533066	37.6986100413	-122.4823103101
405074	37.7038190167	-122.4759092833
71396	37.7012634539	-122.4833983131
591477	37.78716582	-122.40603774
611276	37.7863950783	-122.4060430447
286140	37.78528555	-122.4065145333
517425	37.7009951301	-122.4833204295
359646	37.7724632667	-122.4672613167
38762	37.7753016	-122.4582098667
492948	37.7832907005	-122.4596643448
68293	37.7899359167	-122.4622355667
11557	37.7905869333	-122.4599432833
276615	37.7802820667	-122.48570715
185790	37.76805915	-122.5109849
120893	37.7545443189	-122.4209064245
491576	37.75344665	-122.4209202833
539523	37.7537108963	-122.4208425464
238065	37.7539945139	-122.4210108971
19109	37.7539359667	-122.4209198833
146833	37.8084753167	-122.4706163333
73594	37.80815415	-122.4704858
191289	37.7684958	-122.4180799333
215665	37.7772001167	-122.4642604167
1250936	37.7724448022	-122.4060094357
771475	37.7719274835	-122.4039709568
30232	37.7859157735	-122.412870104
25099	37.7577846233	-122.4243758619
23006	37.7779718299	-122.3930999637
116316	37.6185232833	-122.3886062
123268	37.6201802811	-122.3888003826
110601	37.5915958817	-122.3479449749
111282	37.591006168	-122.3479799785
31081	37.7850822833	-122.4325565833
52721	37.8002178057	-122.441945672
1096681	37.7882178167	-122.4335303667
52720	37.8000694507	-122.442111969
19112	37.75604555	-122.4211683167
137907	37.6157866648	-122.3909461498
102105	37.7878818167	-122.4915452333
33173	37.7646676783	-122.4229609966
329344	37.7696970351	-122.4595355988
397046	37.7948853167	-122.3927070667
606261	37.7985095861	-122.3966217041
33236	37.7842007289	-122.4331321578
22356	37.6278281232	-122.4270486832
21261	37.7909047743	-122.3958277702
25401	37.77640555	-122.426436
380748	37.7787959833	-122.4217897
49475	37.77666045	-122.42653945
48325	37.7890055688	-122.3983168602
140170	37.7874875	-122.4525622
330045	37.6202645752	-122.388097533
28594	37.7895482039	-122.3949158192
23438	37.7735302833	-122.42579775
53171	37.8003746378	-122.4405133724
9416	37.8059291833	-122.4225854833
23993	37.7736858333	-122.4220224333
380802	37.7854359476	-122.4039494991
42036	37.8703471833	-122.2665364333
38228	37.79901435	-122.4090385833
9157	37.8028607333	-122.40486145
9161	37.8005003833	-122.4074578167
10187	37.8000101086	-122.4075114727
10186	37.7988266833	-122.4080157167
10194	37.7986791382	-122.407849431
10193	37.8006505833	-122.4108695833
10192	37.8011870333	-122.4102902333
9060	37.8023625614	-122.4058270454
128937	37.7858175068	-122.3997116089
41612	37.7785348	-122.39298265
33191	37.7647768775	-122.4222582579
378605	37.78693234	-122.41027963
106905	37.7863347284	-122.3993897438
16947	37.776422099	-122.3943257332
148867	37.7838466333	-122.3940084333
54719	37.7874907699	-122.3989918242
24158	37.7613111167	-122.4259584667
52260	37.7845032391	-122.4038958549
391745	37.78743416	-122.4141671
70811	37.7826035667	-122.4078403333
101686	37.7841895073	-122.4061489105
40897	37.7846520781	-122.4063852157
783624	37.7693096167	-122.4176581833
1977852	37.758089678	-122.42533768
26709	37.7866139403	-122.3995528653
15114	37.7860549204	-122.405269146
584194	37.786599697	-122.4017822742
832409	37.78744226	-122.40350329
68766	37.7832822211	-122.4069750309
28532	37.7646557667	-122.4252144333
1407228	37.7835507	-122.392014417
67045	37.7831318403	-122.3925507739
162029	37.78368075	-122.4050760269
167076	37.7857098167	-122.4298277
1383051	37.7828729	-122.407886967
398479	37.7830123	-122.4078851167
11450	37.7580678333	-122.3888325667
56355	37.7776229167	-122.3924006
275678	37.7830278398	-122.4075651169
114390	37.7880373938	-122.4406269953
41710	37.78666545	-122.4029331167
60936	37.7846456354	-122.4064252763
88386	37.783816419	-122.4057090282
38709	37.7826547457	-122.4099683762
1121707	37.78191506	-122.40970832
1097277	37.78514832	-122.4003635
30302	37.7839436084	-122.4046576023
92667	37.7846510388	-122.4064253888
38990	37.7771513882	-122.3940896988
219113	37.7899975706	-122.4004948139
1007870	37.76936197	-122.41112947
49466	37.7835366015	-122.4092173576
20813	37.7825003496	-122.4326252381
172502	37.78604573	-122.41159313
30970	37.7674440833	-122.4294269833
28978	37.7832652624	-122.4060738087
16202	37.8079106624	-122.2701179981
20283	37.7821720028	-122.4106044787
344201	37.7796105662	-122.4206972122
597230	37.6320444667	-122.3978307667
13412	37.6330769	-122.39999055
59684	37.636287	-122.40095575
129905	37.6144122106	-122.3901523093
263241	37.783878337	-122.4328820438
306081	37.7839298646	-122.4328331784
72165	37.78404985	-122.43333545
395740	37.7840222339	-122.4329161067
1332799	37.7842007289	-122.4331321578
36288	37.7671717167	-122.4290604
54757	37.7713909153	-122.4133446397
443475	37.7703162482	-122.4153311746
175776	37.7829767476	-122.4600116397
181571	37.7919104333	-122.4093781167
25865	37.7922528415	-122.4106550217
99578	37.8013585	-122.4184878
10385	37.8021204333	-122.4188947667
574150	37.7962171167	-122.3945321167
383140	37.79658776	-122.39473611
452739	37.7966232927	-122.3948782682
375863	37.797114	-122.3949
407335	37.7967514167	-122.3952523167
19764	37.7970768553	-122.3954415321
574112	37.7971705667	-122.3954814833
19850	37.7980789914	-122.3961086833
170845	37.7776008303	-122.3907959461
11112	37.77790545	-122.39157915
264049	37.7109965795	-122.2107001573
274940	37.71091771	-122.21147352
268849	37.71099215	-122.21143388
237387	37.7114543415	-122.2117808999
333658	37.7201454833	-122.1924327333
194434	37.7334406989	-122.1986424923
195723	37.7350573529	-122.1984159966
449419	37.7356041088	-122.1972510353
144782	37.9843023333	-122.31755
23427	37.7882338167	-122.3875991667
14557	37.7616405333	-122.4242806333
26068	37.7784091	-122.4119202
16628	37.7928921104	-122.3932834719
1050769	37.8088389167	-122.4102428167
42127	37.7657843667	-122.4501155833
28770	37.7947311527	-122.4181823788
19864	37.7956085	-122.4195287
1167457	37.7943506307	-122.3978540575
23957	37.7824478	-122.39273595
845165	37.80192775	-122.4251866167
203605	37.806969761	-122.4190235138
1174575	37.7821282667	-122.3927146
35669	37.78310735	-122.3887151
41506	37.78203535	-122.4209733167
129236	37.6092441705	-122.390586672
122922	37.7822731701	-122.4081981182
38074	37.7847478833	-122.4028084
32289	37.7827666667	-122.3881248
1046372	37.7682831	-122.39282775
30666	37.7703246205	-122.4452126026
220019	37.7810006	-122.40706165
67281	37.7669661283	-122.4065351486
99367	37.7973572667	-122.44823725
13448	37.7970349667	-122.4371123167
1431077	37.7680941238	-122.3931884766
833630	37.7974649167	-122.4308066667
48993	37.5783372636	-122.3489396892
16934	37.8374909444	-122.4787793418
415846	37.7898512167	-122.40192315
22095	37.7933211167	-122.42302645
26221	37.7653570333	-122.4500239167
24756	37.6145297465	-122.3896990253
166799	37.5973129272	-122.3720397949
14793	37.7735173667	-122.4372839833
18590	37.6116732569	-122.3899483681
159593	37.6117072529	-122.390409708
93608	37.6138319745	-122.3884034157
209586	37.7718289	-122.43202475
76545	37.7871247	-122.4468527833
52373	37.7931159746	-122.3918410907
46551	37.7774328628	-122.4188896874
120829	37.7874539494	-122.4472242594
10688	37.7846813026	-122.5005626678
50689	37.5339693333	-122.3266228167
226119	37.5645206833	-122.3215948833
58504	37.7736405578	-122.4214589596
129785	37.5624766667	-122.31912935
215078	37.58265	-122.37861895
212921	37.5335436833	-122.3283406
43627	37.7870581073	-122.4110745852
83494	37.7657037159	-122.4502634202
132543	37.5337179167	-122.32711925
10397	37.7708446087	-122.4253514708
24879	37.7734181	-122.4388601667
42746	37.76676215	-122.4288889
600768	37.7435414	-122.4121678
28928	37.8022396423	-122.2616153955
51795	37.8246583971	-122.2549796104
203666	37.7866668701	-122.4209060669
1043029	37.7635057041	-122.4659246206
161692	37.7628218667	-122.4286147167
33516	37.7802809657	-122.4193462353
9436	37.7429942789	-122.414689064
22312	37.7650832705	-122.4389791489
30226	37.811936907	-122.2663414478
27398	37.7648395492	-122.4234918825
166663	37.75965585	-122.4349438167
73661	37.8639355667	-122.4909781333
1009242	37.8636904333	-122.4899702667
119639	37.8691648	-122.4998567167
16976	37.7505000814	-122.4182949289
40077	37.7880847333	-122.3982718667
46059	37.76587745	-122.45031235
31541	37.7794851167	-122.42033985
79025	37.771530838	-122.4304123877
17444	37.7608082	-122.4339337
38794	37.7688508667	-122.4291332
784709	37.7525468	-122.41456125
369526	37.7890087188	-122.4007788919
19578	37.7615074333	-122.4247361167
44655	37.7669500446	-122.2405577869
35196	37.7619705131	-122.4348914623
658667	37.7675864564	-122.4293874599
32057	37.9718326833	-122.5241842167
174528	37.7636117244	-122.4657475948
38197	37.7593543231	-122.4348877033
16375	37.7788813013	-122.3938429356
33181	37.7648846167	-122.42260265
53438	37.767845944	-122.4284134311
42736	37.7664851667	-122.4288030667
44585	37.7670825	-122.4289572
239321	37.78320135	-122.4114819833
44660	37.77683035	-122.4380633667
14498	37.8081607667	-122.2698497667
145122	37.8074931167	-122.27294305
92185	37.7878164208	-122.4074819684
119703	37.7461137167	-122.4088188667
72854	37.7462186333	-122.4084191167
44486	37.7513759784	-122.4343550205
47161	37.7815128167	-122.4676265667
49331	37.7498066441	-122.4204068505
81154	37.76187185	-122.4238939667
14998	37.7659535333	-122.40668535
17392	37.7523533667	-122.41487485
58476	37.7618010638	-122.4216667825
57276	37.7612219009	-122.4350578864
17375	37.7556642667	-122.4094543167
47932	37.7673564667	-122.4289272
27286	37.7670254969	-122.4107837677
22218	37.7691881781	-122.4519824982
37558	37.7697309587	-122.4493861198
33180	37.7516238	-122.4308108
15909	37.7594765667	-122.42114205
15031	37.7626919667	-122.3960423333
17442	37.75671195	-122.41872295
17475	37.7765811016	-122.4247473478
33198	37.7907800667	-122.3891674333
77346	37.7939993574	-122.3959887028
1242618	37.5686813362	-122.3243844509
319728	37.5363449238	-122.3000331514
175415	37.5336492833	-122.33711215
54263	37.7643547167	-122.4659606333
46945	37.7886325048	-122.4066531658
994202	37.7833416	-122.39075
928524	37.7786796333	-122.39496015
226436	37.5802285833	-122.3437942833
158463	37.7836761578	-122.4030380599
38666	37.5549570333	-122.2928337167
39954	37.7786184249	-122.3965358734
568741	37.5892956	-122.33909985
22478	37.79990635	-122.4000537833
32380	37.7761422535	-122.3940145969
231211	37.5848612667	-122.3656323167
316810	37.9060978698	-122.5495354571
67750	37.7824125833	-122.3930002167
370676	37.794875	-122.4061868
22458	37.7677184667	-122.41091875
158033	37.7871222	-122.4110765
206829	37.5629418	-122.2817483888
53971	37.7821468072	-122.388402607
223631	37.5339756167	-122.3265206
2564488	37.553711007	-122.313220934
292159	37.5542062537	-122.3020792007
2371871	37.792381819	-122.393747304
427934	37.7954625667	-122.4026609167
90079	37.7818995082	-122.3920643317
10076	37.7442383667	-122.4224781833
32870	37.7770878167	-122.40837105
105085	37.7765153806	-122.4249941111
18446	37.7513158645	-122.4318983585
20955	37.7868446758	-122.3939963363
32233	37.7643567455	-122.4312322518
42112	37.7768090048	-122.4242927134
270605	37.8010826238	-122.4250752855
153630	37.7938806635	-122.4025145173
36789	37.7825967	-122.3884880833
711601	37.5443645908	-122.2925429892
52200	37.7818793332	-122.4044567667
27948	37.7859863193	-122.4014166929
36077	37.54854175	-122.3110417833
1429124	37.787596362	-122.400829672
944664	37.6191712	-122.39941489
86551	37.7993499249	-122.4189417064
55691	37.7794492667	-122.3948575833
57833	37.7792840938	-122.3979949951
54264	37.7950845504	-122.4016427994
166712	37.5630004993	-122.2763621807
51835	37.78197025	-122.3884433167
21725	37.8040304263	-122.4028578401
264760	37.6185486396	-122.384455204
248708	37.7855249783	-122.4000388384
91388	37.7935867026	-122.3965836552
329118	37.7835135954	-122.3995058475
86445	37.7931515393	-122.3929524422
54259	37.8034892658	-122.4021656953
243417	37.793450372	-122.3971296795
89995	37.7930778321	-122.3998406542
179100	37.6743355415	-122.3848414421
111938	37.7755023	-122.4152433
161585	37.7865382244	-122.4082839489
51880	37.7862033036	-122.4093621969
160876	37.7943523515	-122.396328708
16000	37.785102377	-122.4004902459
39828	37.5786982834	-122.3470652103
102685	37.5791834577	-122.3462033561
115556	37.6348804358	-122.4110412598
111567	37.6115627696	-122.3903560638
81100	37.7846473858	-122.4067175388
10481	37.8038926752	-122.4208688736
95710	37.7680941238	-122.3931884766
33563	37.76751245	-122.3935669333
32917	37.7673923411	-122.3908771622
64921	37.612633639	-122.3840475082
31985	37.5635820667	-122.32450205
21557	37.7646295116	-122.394631505
4491500	37.7724713087	-122.413315773
231659	37.7642436023	-122.4018895626
48310	37.7625581824	-122.3970274823
29177	37.76865705	-122.4155683
152928	37.84311914	-122.29119318
38862	37.8434157333	-122.2904062167
456260	37.5636157075	-122.3245145799
58469	37.7626650667	-122.39608225
30218	37.762634505	-122.3965384769
187064	37.5655172667	-122.3227155333
10374	37.8326897743	-122.2828772664
25834	37.7994105	-122.4100558667
40042	37.7871402585	-122.4081042037
736534	37.7935709842	-122.4041715769
17838	37.7801971436	-122.483039856
65973	37.6171452333	-122.3864945667
41874	37.7880898629	-122.4011063576
482614	37.9058328167	-122.5494334833
58401	37.8687399781	-122.2935910726
981385	37.8735157833	-122.3009081167
117220	37.7595107484	-122.421233654
17686	37.756988083	-122.4166420424
501252	37.7855532397	-122.4081419437
184596	37.7855532397	-122.4081419437
144307	37.7920660333	-122.4121701333
50595	37.7713793667	-122.4143394333
85706	37.7884374933	-122.4140238762
27365	37.7873267661	-122.4075973034
27981	37.7695454667	-122.4511944167
126241	37.79461635	-122.41146645
23813	37.7872366052	-122.4103991365
95506	37.8273480667	-122.1723017167
111917	37.7908708604	-122.4201822281
9062	37.798467198	-122.4495148659
49164	37.70669375	-122.42066095
49385	37.7426422637	-122.4848353497
92737	37.7954732826	-122.40299312
138976	37.7960796572	-122.4061850245
138706	37.7614107118	-122.4241733551
129693	37.7957175833	-122.4036358418
45554	37.7970683775	-122.3998188972
57022	37.7873483	-122.4335759
140434	37.7643032167	-122.4625920167
29778	37.8003534167	-122.4385633167
235804	37.8004505205	-122.43780182
120851	37.75787013	-122.41106867
80525	37.7927327833	-122.40956945
26064	37.7613213167	-122.43070955
4598467	37.772436001	-122.404114064
57105	37.7876320058	-122.4214375019
202082	37.7916593559	-122.4106121063
113651	37.7881152994	-122.406578064
42207	37.7845965105	-122.4330997467
66121	37.7868980751	-122.411439705
1100761	37.7784804167	-122.3954739333
10136	37.80576825	-122.4519824833
564445	37.7584057	-122.4197586
31578	37.8002552833	-122.4330813167
18762	37.761835	-122.422918
122888	37.7763264	-122.4239661833
54591	37.7860486118	-122.3973618489
1570867	37.759621903	-122.421457478
203602	37.7934737113	-122.3996257782
32757	37.7755740792	-122.3934030533
35080	37.7816955167	-122.4017693667
1473933	37.791670575	-122.402582448
111729	37.7686718833	-122.4151149333
15198	37.781628727	-122.3939502239
38204	37.7789776902	-122.3976320927
102662	37.79867278	-122.435682714
1000920	37.7897146452	-122.403203899
12282	37.7763605	-122.4232935833
1513186	37.754750119	-122.420636665
78587	37.7566691942	-122.4209654331
4897232	37.7763351774	-122.423787117
481443	37.7766902167	-122.4235775667
86457	37.7763989167	-122.4266069167
1419107	37.75423413	-122.41874098
18398	37.7550999309	-122.4183046818
24852	37.8091757	-122.41599555
120648	37.7390141365	-122.4137278722
39133	37.7599211333	-122.42150165
557253	37.7861222	-122.4180781
17884	37.7554418833	-122.41859805
31965	37.7525140167	-122.41354955
760480	37.8045424667	-122.4141560333
225549	37.7581837538	-122.4211984003
132695	37.775917467	-122.4232127895
112752	37.6133917701	-122.384946883
55159	37.7722195776	-122.4224505397
110014	37.7647835634	-122.4239973561
44855	37.7515880536	-122.429022789
15907	37.7596465333	-122.4215313
238488	37.759211314	-122.4214405765
11121	37.7650415833	-122.3964500333
67270	37.7563887667	-122.41935355
49364	37.7553544083	-122.419667244
179172	37.7539038755	-122.418680191
43667	37.7558972905	-122.4209654331
409512	37.7520167667	-122.4185514333
15028	37.7624344667	-122.3975443833
43235	37.7484485751	-122.4183553387
35840	37.7555135333	-122.4211461
45629	37.7520639333	-122.4206202667
33158	37.7649125833	-122.4236704167
63332	37.7733344833	-122.42141225
35172	37.7749714438	-122.4227104861
196010	37.6177158088	-122.3880386353
59552	37.7451234	-122.4203160167
34813	37.7537670833	-122.4164330333
32405	37.7561341972	-122.4210881354
151435	37.6147826672	-122.389392476
19477	37.7617194167	-122.4193929833
85330	37.7893701522	-122.4340438843
33498	37.7549149167	-122.4234159167
94174	37.7508963667	-122.4185641333
35729	37.7553443517	-122.421183878
90058	37.7698551667	-122.38623845
24274	37.7856462575	-122.4149903441
75811	37.7523949667	-122.4186091
75469	37.7568720667	-122.4208996333
32615	37.7554646816	-122.4196887016
28848	37.7692882333	-122.4273210167
51425	37.7728819	-122.4221283667
50182	37.77664675	-122.4234847833
45674	37.755888808	-122.4188625813
15037	37.7820866214	-122.4006128311
942800	37.8081627167	-122.4313395
46594	37.8074020685	-122.4204826355
89964	37.7867671567	-122.4030697346
104612	37.7970546333	-122.4084099
262876	37.7865721403	-122.4031341076
326247	37.7868633625	-122.4014377125
21196	37.7860374667	-122.4024125
424733	37.7940948	-122.402664
51764	37.78962025	-122.4040994
94376	37.7899111735	-122.4038601768
25014	37.7896923407	-122.4036812782
21200	37.7809375167	-122.39555155
243972	37.7897609628	-122.4034896665
33117	37.7649000667	-122.4210535167
16019	37.78588245	-122.4038454
77110	37.7855207387	-122.4018788338
21188	37.78045006	-122.3967933655
10382	37.7914988833	-122.3900985667
75794	37.756694516	-122.3877951562
449198	37.8015187958	-122.423081965
33255	37.7852734167	-122.4189848167
505199	37.8080144999	-122.4081471562
151410	37.7871275117	-122.4107730389
64627	37.7892238951	-122.4099120498
9127	37.8083207137	-122.4157217145
166570	37.8005883667	-122.4390192
871913	37.774228	-122.443419
66097	37.7750527852	-122.4496984418
610042	37.77555325	-122.4467467667
431533	37.78807855	-122.4057714167
607668	37.7871269167	-122.41101975
97058	37.8073739833	-122.43444815
166051	37.7867925936	-122.4096035957
131596	37.7837234478	-122.4069462835
42981	37.7863918167	-122.4134402667
70650	37.7885849252	-122.3982979542
316005	37.7869114066	-122.412650355
1240921	37.788589595	-122.408394065
104138	37.7771005078	-122.4222099781
43258	37.7767146635	-122.4249726534
9074	37.784698261	-122.4076884985
20473	37.7981553167	-122.4062794
33867	37.74767825	-122.4264130333
76915	37.7958051775	-122.4032628536
611316	37.8186130786	-122.3698374005
42212	37.7566352333	-122.41913055
120799	37.7815501667	-122.40456485
40633	37.7571615333	-122.3883568667
16887	37.7995614167	-122.4006181167
1570334	37.78372788	-122.3941214
1485891	37.79849585	-122.396900283
113456	37.8608956333	-122.2897367
33142	37.781272585	-122.399969101
919174	37.81303072	-122.24707684
1365668	37.789965961	-122.391460744
34701	37.8034984938	-122.4034130573
893779	37.7638110422	-122.4332928658
29268	37.8438254814	-122.2518467903
14193	37.7748370167	-122.4376273
88186	37.8701968834	-122.3007515897
25102	37.7969327329	-122.4002158642
862045	37.8707900167	-122.2591128833
712425	37.7896753835	-122.4010419846
65867	37.7627289333	-122.4322929667
505920	37.5435646333	-122.3079870167
72861	37.84067425	-122.2512041667
372989	37.8392078727	-122.251278162
72802	37.869204457	-122.2683906555
55791	37.8001881347	-122.4399769306
17071	37.7872153167	-122.4337242833
356584	37.8420419667	-122.25114605
9579	37.8462146627	-122.2520506382
139378	37.9903142	-122.3080225667
4816066	37.7606303756	-122.4216520786
27586	37.7829702333	-122.4192669833
931279	37.8716389833	-122.2731525833
1176892	37.8710049391	-122.2685730457
471523	37.7925638466	-122.4026952885
19384	37.8846765993	-122.1395373344
202331	37.7665671	-122.46714155
19873	37.7709691333	-122.41279375
61750	37.8027410789	-122.4136436878
355638	37.8911083667	-122.28635175
117038	37.78576505	-122.4111161833
107497	37.7887958278	-122.406958927
400220	37.7714016804	-122.4373805523
376443	37.7824215609	-122.3925822973
38719	37.7841653	-122.4077217667
40606	37.7720024	-122.4312092833
91482	37.6969485667	-122.0744538833
43663	37.7489722	-122.4203533833
31433	37.7610120833	-122.4334310667
58394	37.7756685841	-122.4092436156
19386	37.7764575167	-122.4180327167
13694	37.7668654833	-122.4290227833
15988	37.61566805	-122.3932706
16016	37.78659375	-122.4002099333
18065	37.7608441833	-122.4359442167
16699	37.7882289961	-122.4018047402
55026	37.7869395333	-122.4033724167
50376	37.787057684	-122.4029491516
32863	37.789247307	-122.4024802946
46695	37.7876574423	-122.4032306671
21965	37.7871730859	-122.4035981297
64608	37.7881237782	-122.4029624462
40601	37.7891718978	-122.4029954525
78711	37.7872967	-122.4037943667
64553	37.7875866	-122.4020173
14704	37.7875828667	-122.4041318833
59842	37.7885731535	-122.4027049541
38914	37.7888660482	-122.4022244308
75905	37.7880008354	-122.4010419846
38389	37.7891073132	-122.4021792412
68647	37.7884288	-122.4037476167
78901	37.7894316225	-122.4017769098
39401	37.7879512915	-122.4026928429
67820	37.7866314932	-122.3999583721
75822	37.7814095169	-122.3959664151
68127	37.7804149279	-122.3968296059
50613	37.7808504596	-122.3964924946
55013	37.77942505	-122.3936489167
39899	37.7794247312	-122.3944562778
21217	37.7799522833	-122.3942427167
56747	37.7803618667	-122.39482205
27306	37.7809825989	-122.3953166709
19452	37.7817309333	-122.3961121667
22487	37.78242611	-122.39536869
21201	37.7810586	-122.3955969167
34840	37.7807763208	-122.3952917278
32308	37.7840008435	-122.3945939541
18232	37.7790593782	-122.4158799648
22594	37.8098207333	-122.2645274833
5851281	37.8095127103	-122.2639167309
5821069	37.787843977	-122.4086272717
135795	37.7708159333	-122.4411726167
31914	37.7641110667	-122.4643532167
549660	37.7636982117	-122.4739599632
280877	37.768560583	-122.4768304825
43228	37.8548735833	-122.4789140833
1319110	37.855003033	-122.47898375
1519091	37.855573083	-122.479453183
475497	37.8554397167	-122.4786548
151188	37.8560274167	-122.4795639667
1491905	37.857018883	-122.481145235
158548	37.7278253	-122.4760874
5692915	37.768722155	-122.510681198
90699	37.63544925	-122.4191351833
310178	37.6366316382	-122.4172878545
1208296	37.7805094177	-122.4132728577
936523	37.7787749486	-122.4167620421
1122344	37.78	-122.42
47112	37.7833246179	-122.4232506752
681503	37.7793674833	-122.42110575
1079818	37.7806366	-122.4217560333
518824	37.7841622	-122.4377961833
497624	37.7816286833	-122.4362825333
333815	37.7827698667	-122.4543235167
53893	37.7782120861	-122.4504519374
505737	37.7749466	-122.4523381167
4185903	37.7763372974	-122.4499976635
44744	37.77002445	-122.4672852667
645817	37.7689527167	-122.4673182167
2266890	37.770112716	-122.468804584
348233	37.76317615	-122.4638866167
3315099	37.7635396306	-122.4592351913
740622	37.7568233	-122.4211478167
5651630	37.756483381	-122.421035605
309508	37.7524475333	-122.41888635
61562	37.75908325	-122.4214511667
76606	37.7518793667	-122.4194999833
31458	37.76144325	-122.4269923667
664231	37.7543825167	-122.4257913833
999822	37.7527356	-122.41174935
27979	37.7554648333	-122.42070195
32335	37.7562777167	-122.421134
443209	37.7523251496	-122.4208962831
176106	37.7550405527	-122.4203109741
894236	37.76192146	-122.4263975
692957	37.7595294	-122.4147469167
17379	37.7590554833	-122.41157525
51439	37.7614565667	-122.42415555
123857	37.7572544785	-122.4189054966
235503	37.75593445	-122.4210179
70556	37.7606209	-122.4216849833
733242	37.763131698	-122.4111399873
1959833	37.768311458	-122.407868103
83464	37.76625725	-122.4175104333
37337	37.7625333167	-122.4216387
45967	37.7616577299	-122.4194029051
86504	37.7639211667	-122.4217424833
37007	37.7634328531	-122.4194902423
27986	37.760537074	-122.4104833603
61574	37.76204145	-122.4193895167
88194	37.77474475	-122.4102592167
150840	37.7746277833	-122.4095212
323915	37.77487045	-122.40719145
107063	37.7718008667	-122.4137041667
287723	37.7853935521	-122.4079835415
2289460	37.791484179	-122.389583532
463687	37.7948167053	-122.3944127577
85956	37.7955561717	-122.39448464
83478	37.7931031056	-122.392126957
928342	37.7977550745	-122.3960101604
53545	37.79010665	-122.3894655333
15398	37.79010415	-122.3884248667
5639034	37.789784521	-122.388447219
10350	37.7871644333	-122.3871588667
33155	37.7877777333	-122.3874881167
2016710	37.78727012	-122.389674
1473203	37.7894581	-122.38967195
316924	37.7376279659	-122.2407692671
361773	37.7572799255	-122.2513532639
3781456	37.769383667	-122.252417483
847404	37.7643270667	-122.2485382333
566535	37.7638619317	-122.2432529926
120737	37.7646748578	-122.2451987275
758405	37.7640781833	-122.2349018167
18180	37.766779541	-122.2424912453
848473	37.7642690469	-122.247287035
390859	37.7635950577	-122.2383411794
20119	37.7622443333	-122.2446107167
182287	37.8763331667	-122.2508918
143811	37.8785803	-122.24708055
107736	37.81828405	-122.1806282333
41566	37.8106815167	-122.2448322667
10580	37.80971645	-122.1988677833
1163941	37.8102930667	-122.1896701667
5110053	37.808972747	-122.265247662
4719433	37.812041	-122.266842
525564	37.787884	-122.4031812333
86750	37.78510681	-122.4004165917
162149	37.7844438846	-122.4034130573
120756	37.7831858833	-122.3981536833
1922411	37.785860469	-122.411818541
355954	37.7854489653	-122.4086035683
1027546	37.7636659296	-122.4572993783
2355113	37.788186566	-122.39932778
156805	37.7898173112	-122.4020315038
617272	37.7860040462	-122.4103975296
120833	37.7865382244	-122.4077260494
105065	37.7853511565	-122.4076294899
203431	37.7873415436	-122.4085650111
40958	37.7860888366	-122.408144474
1048160	37.785834465	-122.411352396
106844	37.7638118721	-122.4579612519
253670	37.788046181	-122.3995747609
47786	37.6142490606	-122.3896858389
633724	37.7869499686	-122.4098179785
629036	37.7910828224	-122.405333519
132191	37.79528	-122.3938106667
34811	37.7844688236	-122.4063330672
26788	37.7875641404	-122.3990953318
162142	37.7843336545	-122.4030804634
107487	37.7862006055	-122.4103159358
24758	37.6136365027	-122.3885965347
47799	37.6145984863	-122.390424224
316623	37.7835705188	-122.4070501328
491293	37.7832345	-122.4068925333
532937	37.7837984887	-122.4014505689
102576	37.7994562	-122.4020105
64636	37.7861991097	-122.4079561568
349069	37.7860294833	-122.4080908298
170815	37.7851333618	-122.4093856812
92651	37.7846510388	-122.4064253888
144781	37.7943590298	-122.4068095222
525465	37.7963352369	-122.4055875626
516546	37.78898108	-122.39020317
29835	37.7831635099	-122.4076187611
48126	37.7808355465	-122.4085439944
132941	37.7950930284	-122.3983490467
26800	37.7519909949	-122.4209466577
149355	37.7947994405	-122.4001574802
10143	37.80710935	-122.4456310167
1297850	37.66304171	-122.40021151
70366	37.8026819167	-122.4019096667
39928	37.7865636613	-122.39767313
33631	37.78329315	-122.4075285833
1174839	37.7448380667	-122.2063925
197721	37.7868723167	-122.3973153333
433886	37.5781235667	-122.3478143667
3526892	37.577844253	-122.348466351
203466	37.79184716	-122.41025298
33217	37.7913445	-122.4214580333
227138	37.8988051667	-122.5147415
122835	37.8729435667	-122.4564763667
112048	37.6160716137	-122.3904141162
1023925	37.79425185	-122.39698642
797492	37.7945523167	-122.3990751833
27752	37.7740331167	-122.4085883167
20294	37.7908857667	-122.38902575
76620	37.7912909045	-122.3926908313
25026	37.7880729053	-122.401996851
107204	37.7907879822	-122.4342482601
27814	37.7933011713	-122.3935660167
59396	37.7940859833	-122.4016876167
91452	37.7946624417	-122.3968354024
25321	37.6362201	-122.4214467333
154672	37.7917673833	-122.4345242333
608268	37.7893786309	-122.4340438843
1086060	37.7888169	-122.4338866833
873673	37.7869170467	-122.4029782855
38754	37.78538485	-122.4032986
144839	37.78886567	-122.4357122183
153544	37.8374793723	-122.4787831306
46025	37.8379172833	-122.4801128667
319032	37.7926186305	-122.392316077
57602	37.5938741968	-122.3652613163
37972	37.7647778167	-122.4499079333
156949	37.7910065161	-122.3926305771
45894	37.779944	-122.3900411
29054	37.6204182258	-122.3885965347
144835	37.7884459721	-122.4356478453
83597	37.7974252356	-122.437236993
37197	37.7444337833	-122.4243004167
461382	37.7875302593	-122.4074149132
207363	37.6460307	-122.4058555
92632	37.7759149229	-122.4459343517
9169	37.7643013	-122.42629765
916533	37.7504173908	-122.4123609066
10171	37.7958440667	-122.4036169
658740	37.6439401667	-122.4038333667
56464	37.7819793167	-122.4462026167
74009	37.79998525	-122.4402760833
651325	37.7921722973	-122.4343818426
105259	37.7923625667	-122.4344083667
226617	37.7895898167	-122.4227045333
744283	37.7907382833	-122.4030416
105261	37.7926563	-122.43274975
356463	37.6199400671	-122.3878876248
215840	37.78150575	-122.4562487333
175912	37.7864364764	-122.451145649
42062	37.7925664	-122.4347045
202932	37.7951612333	-122.4007166833
130999	37.6202516646	-122.3878777027
126713	37.6209790925	-122.3903131485
612115	37.78311315	-122.40785165
12386	37.7827870833	-122.4066638833
116744	37.8002915667	-122.4390824167
367123	37.8006266333	-122.4367930333
63321	37.8005676097	-122.4381814238
52264	37.7873945972	-122.4073934555
66565	37.7845286768	-122.408670187
20963	37.79369193	-122.4129135
59961	37.8007191667	-122.4364745833
33205	37.7697309587	-122.4203646183
85685	37.7862930333	-122.4532955333
17970	37.76492395	-122.4226958167
111753	37.7650566667	-122.4233250167
52915	37.7926705889	-122.4210981189
221670	37.7925537333	-122.4014624833
72748	37.7886409835	-122.4346125126
37478	37.7714519667	-122.4077319833
399829	37.8709237444	-122.2695171833
57994	37.7954668725	-122.4613682485
107582	37.7923145061	-122.4344929708
33300	37.7905995482	-122.4340331554
53821	37.7880157783	-122.3997615633
241829	37.8060503294	-122.4239976694
319683	37.7974934333	-122.4323439333
353556	37.79919469	-122.43937277
264954	37.7793368	-122.4208269333
46948	37.7975219374	-122.432590127
21384	37.787793104	-122.4108803272
28105	37.7984177512	-122.4305585388
184370	37.5950736	-122.3701355833
29951	37.7995937833	-122.4362972
236118	37.7999725184	-122.4350619845
72366	37.7884088333	-122.4342215833
31455	37.7966529651	-122.4051189423
262020	37.7861087333	-122.4526515833
261979	37.78619105	-122.4519878667
13450	37.7861559333	-122.4516820833
75645	37.75335975	-122.4474129833
24860	37.8074386167	-122.4210273333
29316	37.8077835143	-122.4184548855
10353	37.8085792	-122.4101400333
61662	37.7989081333	-122.4359439333
215730	37.786928353	-122.4201296968
25817	37.8045793088	-122.4328422546
160195	37.751392	-122.4344295167
197542	37.7887639253	-122.4339687824
102688	37.7975219374	-122.4357229471
16211	37.7650719833	-122.4666248333
71951	37.7639166167	-122.4660510333
83513	37.7977072167	-122.4007286333
123807	37.7510621059	-122.438185215
10362	37.8052425333	-122.4338936667
16108	37.7989741	-122.4597242
48296	37.80062684	-122.4313670397
137009	37.6374426333	-122.4168328
65809	37.7918238833	-122.4397134
42071	37.7951566134	-122.3952376842
119821	37.789883	-122.4071002
116263	37.8045718667	-122.40347755
20304	37.7134641341	-122.3863649368
68761	37.8037889268	-122.4152961109
19893	37.780102392	-122.4165666103
91771	37.6485505333	-122.40701035
75721	37.7912141746	-122.3960344531
67349	37.7948556438	-122.3957473039
53302	37.7927933333	-122.4331372976
50378	37.7816717682	-122.4047724126
255374	37.7866230142	-122.4041211605
34318	37.7816647651	-122.394207716
24872	37.79940525	-122.4493802
632116	37.7827856131	-122.3883811939
469198	37.79199615	-122.4006478667
171872	37.6383375745	-122.4223324697
1176093	37.78683185	-122.3991107833
210087	37.7872684917	-122.3991782271
35890	37.7986016833	-122.4355383
169544	37.804045261	-122.2740769386
53288	37.800086	-122.44041555
703062	37.5441908783	-122.2713323078
77223	37.7826442224	-122.3889400581
17767	37.7898445548	-122.3999722293
68703	37.7773672333	-122.395179
468260	37.5615486833	-122.2852531833
25158	37.60060715	-122.38208745
118149	37.6210640719	-122.389755249
82619	37.5660762333	-122.3240920667
101783	37.7767943797	-122.3948050219
209421	37.7715678667	-122.4302660167
34621	37.7712066235	-122.4302458763
18058	37.769586783	-122.4327027798
45471	37.7715110333	-122.4351862833
72430	37.7720912399	-122.430905586
83843	37.7721881	-122.4313001167
55642	37.5525306366	-122.3091387749
11524	37.7763457776	-122.4346876144
70031	37.7772913091	-122.4232023954
658317	37.7757619333	-122.4243115167
53528	37.776542941	-122.424916327
88665	37.7767570641	-122.4248063564
74259	37.7853891028	-122.4063737974
631335	37.5545919852	-122.2997821159
697388	37.7629108	-122.4194421667
36763	37.7635013	-122.4241416
117236	37.772269789	-122.4304568944
102704	37.7686793176	-122.4223843217
41642	37.7756380833	-122.43794705
42095	37.7776345	-122.4383003167
161808	37.7432806	-122.4212846833
25945	37.7254642971	-122.4593397975
63663	37.7423930667	-122.42464905
10769	37.7268791167	-122.4414253167
111265	37.7851900529	-122.4051725864
25214	37.7339199167	-122.4340679667
42185	37.7388145188	-122.4146783282
590394	37.7324821667	-122.4198377667
38848	37.7827332	-122.4447870333
652279	37.7391386775	-122.4178581613
40033	37.6831634167	-122.4677850667
114329	37.7783132208	-122.4028582947
40360	37.7429385167	-122.4267354333
560191	37.72462924	-122.4591379255
179287	37.7645839333	-122.4058933
601772	37.7767443439	-122.3878777027
38792	37.76872335	-122.42923395
103854	37.7713380749	-122.4238085747
583256	37.6923835833	-122.4721582333
153800	37.7442455167	-122.4217685667
10543	37.7620375	-122.4182724833
52372	37.7618716333	-122.41741875
332380	37.73566905	-122.4245544833
534812	37.7332072167	-122.4339695833
226453	37.7221338	-122.4471165
57195	37.7358289667	-122.4247599667
244549	37.7611524333	-122.49076595
34011	37.7607344246	-122.4898065947
22520	37.7571442079	-122.5099182129
521789	37.7390348944	-122.4158083837
81218	37.7331289167	-122.4305701833
451707	37.733291626	-122.4267578125
68747	37.7376746311	-122.469599247
32837	37.738139	-122.4695014167
183210	37.7389358833	-122.4680322
31628	37.7370667713	-122.4293323691
26426	37.742816	-122.421277
43689	37.7353901235	-122.4249681936
211348	37.7881470949	-122.4081364274
409595	37.727645874	-122.4763717651
85817	37.7378109167	-122.4689679167
243361	37.7660254599	-122.4072712245
382580	37.76626753	-122.40608477
292708	37.7662316333	-122.4065729
53135	37.6845518333	-122.4661343333
182610	37.7318558167	-122.44081615
342221	37.7765813986	-122.4253850103
411046	37.7768197167	-122.4253263167
341218	37.77711395	-122.4248129167
238103	37.7767114	-122.4252139667
404474	37.7767409167	-122.4250736333
341299	37.7766681324	-122.4247948238
144064	37.7252738672	-122.4622332813
169940	37.75182056	-122.43536227
122617	37.751248597	-122.4334126367
63091	37.7345241333	-122.4323826167
11062	37.7247118833	-122.4601793167
22790	37.7851561363	-122.4037778378
236975	37.7302643	-122.4292527167
299443	37.7366487468	-122.4269281024
388873	37.734529	-122.4333920333
131997	37.7334072213	-122.4339136379
107496	37.7335544	-122.4283767
23811	37.7618418833	-122.4216006667
382596	37.7856197667	-122.4010475
231748	37.7856197667	-122.4010475
231597	37.7857759667	-122.4012567167
99786	37.7834178908	-122.4051189423
186282	37.7822998006	-122.3924743943
186975	37.78169268	-122.39272665
21777	37.7822739333	-122.3927251
364177	37.7650439	-122.4214022667
35993	37.7833246179	-122.4022650719
176236	37.7854783432	-122.405987978
90380	37.775158546	-122.3979949951
119896	37.7280609	-122.44222766
254465	37.7244593207	-122.4587383706
353603	37.72477195	-122.4599461
23297	37.754151995	-122.1974086761
154029	37.7609968167	-122.4160838
248374	37.7619424322	-122.4161067153
276482	37.6131605691	-122.3850560188
133347	37.6207751415	-122.3867833614
230989	37.6207751415	-122.3867511749
284642	37.6183274167	-122.3845102167
262082	37.6187675041	-122.3864208562
116331	37.6180982322	-122.3877167702
325152	37.6208091333	-122.3867297173
258740	37.615257392	-122.3851590165
241071	37.612157699	-122.385635376
174128	37.6121891833	-122.3860275
244620	37.6145906158	-122.3855110489
244632	37.6145906158	-122.3855110489
186428	37.6123616736	-122.3854959011
120776	37.6128043504	-122.3841687289
213850	37.6139849522	-122.3854207993
228048	37.6124466629	-122.3836398125
132740	37.6136224215	-122.3850543792
126160	37.7881562593	-122.4100357289
110033	37.7881256564	-122.410133176
12691	37.7887124122	-122.4120930243
243625	37.7880041977	-122.4110290907
207029	37.7880972764	-122.4105347546
32118	37.7880794667	-122.41062525
233324	37.788132257	-122.4120175838
31102	37.7882169333	-122.4115493
117096	37.7884244902	-122.4101810615
171068	37.7884162	-122.4114432
162419	37.7886831477	-122.411672106
35970	37.7886748985	-122.4115669727
50814	37.7891869167	-122.41079095
200716	37.7304497261	-122.4044309811
138684	37.7338478207	-122.4341605324
197745	37.7316061833	-122.44482305
166097	37.7316160833	-122.4490733833
170858	37.7314978833	-122.4514076833
154759	37.7313448552	-122.4526557326
233096	37.7247764833	-122.4593533667
154636	37.72360455	-122.4554120833
76646	37.7235804865	-122.4548420101
111484	37.7233218285	-122.4537993079
183796	37.7223854833	-122.4491375167
70559	37.7336528255	-122.4266195297
32423	37.7335945	-122.4259184333
148125	37.7616154654	-122.4497303772
24990	37.785842944	-122.4078226089
143298	37.8067663212	-122.4185943604
203592	37.8069508667	-122.4188109333
22845	37.8058784859	-122.4194311676
72883	37.8059318401	-122.4195945532
119813	37.8054831833	-122.4191469833
51704	37.8077919908	-122.4183046818
53449	37.8066222177	-122.4190878868
22868	37.8067696167	-122.4194813167
22866	37.8067934667	-122.4201070333
24862	37.8071050167	-122.4209346167
74001	37.8064752833	-122.4210497
88151	37.8061764167	-122.4229760167
131965	37.8060034173	-122.4223065376
138037	37.8060826667	-122.4224719
88232	37.80593825	-122.4225808167
170834	37.6869421333	-122.4701158333
170842	37.68704255	-122.4701351667
195705	37.6880401144	-122.4715733528
179177	37.7542250833	-122.4186632833
194668	37.7248969049	-122.4609612827
189773	37.7246756167	-122.4595837333
170844	37.6874967347	-122.4700069427
170828	37.68628425	-122.4702530333
138505	37.75789325	-122.4208991333
123101	37.7560375333	-122.4209805667
120390	37.7572326003	-122.4212050469
63245	37.7570875119	-122.4211875381
81300	37.7570284918	-122.4212173826
165013	37.7440313167	-122.4219075833
165009	37.7440218833	-122.4216245167
34756	37.7439835667	-122.4219283667
164826	37.7422169667	-122.4223197667
34727	37.7438257045	-122.4211585522
165002	37.7437491	-122.4210203167
164820	37.7422209833	-122.4222279833
161885	37.743578	-122.42106415
164982	37.7422809667	-122.4219404667
161883	37.7436332552	-122.4213470898
37025	37.7435211514	-122.4211808929
164814	37.7424416667	-122.4220268833
161817	37.7434015	-122.42123925
164995	37.7433190833	-122.4211709833
161812	37.7433561167	-122.4212801167
164983	37.7427025167	-122.4216557833
164994	37.74305895	-122.4213405333
180246	37.7879200716	-122.4013566281
164900	37.7880729053	-122.401996851
172584	37.7854294074	-122.4162644061
78424	37.7850894167	-122.4079104146
136081	37.78460949	-122.40697407
73828	37.7847703341	-122.4075651169
73701	37.7854953014	-122.4060952663
60904	37.7848593656	-122.4065029621
116595	37.7848414236	-122.4069165532
88518	37.7848580441	-122.4068401241
88368	37.7857829333	-122.4071453333
46975	37.7856288472	-122.4072432518
148334	37.78512769	-122.40713095
43631	37.7849695949	-122.4070286751
41005	37.7848593656	-122.4071896076
151476	37.6133475433	-122.3887789249
129959	37.6139594559	-122.3891973495
43687	37.7569421833	-122.4208134796
48150	37.7570688833	-122.4207731667
165932	37.7340545167	-122.43392575
35177	37.75503945	-122.4192765833
49438	37.7553649674	-122.4208191146
166661	37.7541504074	-122.4204376188
10458	37.7340685919	-122.4209654331
126308	37.72518015	-122.46220595
128348	37.6831100572	-122.4720489586
36972	37.745128874	-122.4201793891
90137	37.7158886	-122.4731204833
107384	37.730314397	-122.4758662922
150631	37.7562450723	-122.4735474586
66135	37.7429720333	-122.4755669333
123252	37.7348113344	-122.4277862236
33133	37.764421079	-122.4229049733
129932	37.7640866935	-122.4216413498
33132	37.7645525167	-122.4216640167
59353	37.7655158232	-122.419860363
33122	37.7646787833	-122.4217717
33114	37.76500105	-122.4215745333
33118	37.7649415833	-122.4214763167
33115	37.7649168667	-122.4213350667
126432	37.7650008167	-122.4213290167
17398	37.7526873018	-122.4095429911
17400	37.7527112667	-122.4093208333
17395	37.7510694667	-122.4107340333
17667	37.7528160833	-122.4100407833
123699	37.7526353798	-122.4128272217
108967	37.7525593667	-122.41213455
74038	37.7767146635	-122.4236020446
46724	37.7764445833	-122.4258832667
41469	37.7771188167	-122.42461395
120618	37.7766341024	-122.4256432056
86515	37.7767435667	-122.4247519667
36183	37.7762991367	-122.4246561527
86499	37.7765069004	-122.4250799417
78745	37.7764008986	-122.4244576693
78794	37.77640785	-122.42512905
44464	37.7635447833	-122.4800535
72375	37.7634887409	-122.4810361862
67372	37.76305255	-122.4807380833
129920	37.7634143167	-122.48007315
80216	37.7635494833	-122.47927575
36209	37.7634612422	-122.4796423619
80207	37.7635499833	-122.48002655
42794	37.7707016833	-122.4105918833
50888	37.7671569558	-122.4287438393
111717	37.7672219667	-122.4290778
40178	37.7673053769	-122.429548502
63363	37.7663447404	-122.4290205212
117122	37.7343751333	-122.4334349
61108	37.7862588171	-122.4053023468
70420	37.7859817336	-122.4058700117
94054	37.7903009983	-122.4017113501
29351	37.7977928757	-122.4480014408
40167	37.8005939206	-122.4548225357
72073	37.7973537167	-122.4581779667
24830	37.7912538	-122.4525353667
23926	37.7700370333	-122.4490116333
42961	37.7345965795	-122.4339580959
36826	37.7615709167	-122.4238493
98470	37.5791319239	-122.3440504074
59356	37.5664325	-122.3207270333
18906	37.5782567	-122.3473687833
27603	37.5797101072	-122.3452627659
9437	37.7435195333	-122.4181652
44824	37.7656711667	-122.2413675333
94218	37.7657026167	-122.2411441833
14610	37.7656531333	-122.2416973
58311	37.762899	-122.2440150667
66009	37.7629847833	-122.2454012167
22544	37.7586015333	-122.25063865
15397	37.7578747167	-122.2516322
19145	37.77367265	-122.2760254667
85173	37.7750414167	-122.4010798833
60814	37.7556726	-122.3919333
77143	37.7640754587	-122.4647471448
74753	37.7637434833	-122.4663549167
41977	37.7690849667	-122.45174075
86519	37.7692901833	-122.4512706667
59837	37.76948115	-122.4507451
41962	37.7697082667	-122.450328
91268	37.77017905	-122.4463854667
31981	37.7697884167	-122.4455089667
61517	37.7702422667	-122.44611
44779	37.7700795167	-122.4459442333
53009	37.77035235	-122.4460387167
41987	37.7701624333	-122.4456210167
54758	37.7691028333	-122.4361533
42189	37.7720801353	-122.4370479584
45838	37.7718904667	-122.43729785
53518	37.7734120667	-122.43856495
53198	37.7726220167	-122.4374562167
53252	37.7727259245	-122.437356477
44378	37.7727518604	-122.4373570879
75110	37.7770836333	-122.4381744833
53583	37.7770792123	-122.4314785817
53835	37.7760760896	-122.4312815222
52838	37.7830363192	-122.4313509464
53333	37.7850119907	-122.433244586
27970	37.7856781833	-122.4306726
86753	37.7852570667	-122.4324462333
72573	37.7848282333	-122.4318330167
53038	37.7848678448	-122.4317908287
47015	37.78519655	-122.4312009333
72642	37.7851437833	-122.4305125833
68856	37.78580965	-122.4302329
48246	37.7852494069	-122.4310612679
77100	37.7837691427	-122.4319518249
85025	37.7834867833	-122.4326378167
85091	37.7839563	-122.4405097
58706	37.78093145	-122.4516818167
63242	37.7810097172	-122.459846735
20899	37.7241552333	-122.4571827667
15620	37.7544671681	-122.4060856092
36099	37.7585206871	-122.4197106069
39588	37.7589073167	-122.4153400167
17385	37.75869495	-122.41588465
47111	37.7589335	-122.41713955
44562	37.7589199667	-122.4170644333
36459	37.7756928026	-122.3942506313
18197	37.7687484	-122.4745249167
10342	37.7705669333	-122.4770879667
77481	37.7833129667	-122.460664
51569	37.7832327	-122.4606667167
64605	37.78289415	-122.4615271833
25878	37.783061171	-122.4615912676
38089	37.7830954	-122.46322705
28721	37.7830436375	-122.4626483924
70832	37.7757195	-122.49454205
60485	37.7758659477	-122.4951886152
77476	37.77568715	-122.4979206667
30828	37.7755939	-122.4975749
85293	37.7626592	-122.46605355
88650	37.7414671464	-122.4431848526
77552	37.7845800055	-122.4095725864
58009	37.7845241305	-122.4087839137
28399	37.7833315	-122.4088760833
38707	37.78113915	-122.4119668667
57859	37.7804529026	-122.4079645709
48114	37.7799338	-122.4073827
48767	37.77779995	-122.4050250167
47076	37.7517322644	-122.4206864834
63035	37.7531561902	-122.4973750878
78484	37.7390888833	-122.4177425
39052	37.7792077754	-122.3956131935
61883	37.7451503068	-122.4201534455
55668	37.7608424243	-122.4329763651
31440	37.7610120833	-122.4334310667
29128	37.76054475	-122.4348572
72909	37.7614723667	-122.4349524333
55844	37.7609819167	-122.4359907333
45574	37.7608747167	-122.4343878667
42177	37.7608084965	-122.4343013763
40994	37.7607067132	-122.4354600906
42042	37.7611647371	-122.4344730377
35216	37.7625671667	-122.4350157167
68564	37.7624190333	-122.4355914167
72929	37.7611647371	-122.4348914623
31811	37.7610968819	-122.4349880219
16083	37.7623988431	-122.4352937937
54581	37.76119415	-122.4350130833
45656	37.7612701	-122.43484765
75232	37.7614631215	-122.4350651607
68728	37.7616866833	-122.43489025
46023	37.7616730016	-122.4350815416
79310	37.7616884925	-122.4349236488
52347	37.7643307397	-122.4308616535
72035	37.7643048862	-122.430884511
11451	37.7494740333	-122.4023294333
11452	37.7481222	-122.408638
63404	37.7463939	-122.4190224667
43239	37.7464683236	-122.4193027772
61886	37.74580995	-122.4197584333
45717	37.7449374833	-122.4204138
72910	37.7451197656	-122.4201159887
54689	37.7451035536	-122.420200809
29218	37.7431300225	-122.4220275879
44438	37.7409530766	-122.4227905156
44834	37.702255249	-122.4709777832
55833	37.69445805	-122.4717385833
77583	37.6907974167	-122.4721583
63316	37.7678311333	-122.4199089167
52390	37.755973633	-122.4187338352
15113	37.7651383999	-122.4042753875
21148	37.7866528333	-122.3986671833
64295	37.7899255	-122.4015803333
26638	37.7926752157	-122.4045236146
49472	37.7975948333	-122.40643325
52461	37.7980941818	-122.406835556
36182	37.79887495	-122.4071285167
75545	37.7979587224	-122.4069753902
39698	37.7985858846	-122.4079084396
52463	37.7979760167	-122.4070273333
52460	37.7979585391	-122.4071896076
50616	37.7986670468	-122.4078949351
42215	37.7987204845	-122.4071886264
11096	37.7982795167	-122.4072861667
22413	37.7989075686	-122.4085815758
57197	37.7997864667	-122.4093051833
24502	37.8003698684	-122.410578008
38785	37.8035991	-122.4142610167
11443	37.8037834167	-122.4221348667
53464	37.8041215538	-122.4245381355
44154	37.8017511179	-122.4246222422
48294	37.8007052556	-122.4309539795
43297	37.8002262831	-122.4342852831
52425	37.7996504708	-122.4359454768
63326	37.7995014333	-122.4375219167
36656	37.79963805	-122.4389389667
52753	37.7988826002	-122.4424445629
52746	37.7991475238	-122.4428495765
35779	37.7986692619	-122.4457952262
16824	37.783827637	-122.4829094926
75557	37.7841072167	-122.4817182167
75778	37.7824240831	-122.4828800135
40143	37.7820934833	-122.4835751333
34074	37.78235	-122.48419
40146	37.7818894728	-122.4847684801
43166	37.7817926333	-122.4847474667
61772	37.78001435	-122.4851786
29320	37.7721526833	-122.4526437333
66091	37.767915328	-122.4533129448
20900	37.7361728432	-122.4800169468
53193	37.7339965483	-122.4897344954
68125	37.7345805815	-122.4333659385
55437	37.7626469333	-122.4660405
35240	37.7830007667	-122.4637491833
26303	37.7830748	-122.4635874
25904	37.7830900167	-122.4637403
26307	37.7830223667	-122.4637469833
47170	37.7828464667	-122.4662319167
47172	37.7828207167	-122.4660395667
49367	37.7825946723	-122.4630813365
45862	37.7811949	-122.4613952667
47167	37.7829050667	-122.4668305667
47162	37.78274115	-122.4679226
52835	37.7826907746	-122.470655775
54606	37.7825114373	-122.472199281
47156	37.7809247167	-122.4712359833
53185	37.7638508833	-122.4771847833
72778	37.7612070702	-122.4103635146
49210	37.7608088167	-122.4126717667
17382	37.7590033667	-122.4126632
25258	37.7827387167	-122.3926699833
22149	37.78248935	-122.3929546667
28586	37.7643101167	-122.4670732167
57256	37.7637543333	-122.4664063833
42092	37.764415248	-122.4664308326
61064	37.7638844	-122.4660823833
63259	37.764106	-122.46495905
57982	37.7641590167	-122.4656098833
57739	37.7641881	-122.4651593833
28591	37.7641766833	-122.4654035667
61079	37.7643876333	-122.4657670333
58368	37.76531705	-122.46645975
39042	37.7642266392	-122.4658870697
44449	37.766336966	-122.453317404
69508	37.7600090694	-122.4215984344
63317	37.7590350734	-122.4211586779
43552	37.7596923833	-122.4210160333
38163	37.760640061	-122.4215278179
39992	37.7599341167	-122.4214663833
30247	37.7602288227	-122.4214969641
62929	37.7346132	-122.4329638167
63085	37.7344865167	-122.433427
43123	37.7344572167	-122.43358655
55747	37.7342554667	-122.43403275
49350	37.7487434833	-122.4226489167
64691	37.7552939144	-122.4232050536
51463	37.7675847167	-122.4241242333
56667	37.7682607667	-122.4275488333
65013	37.7667187	-122.4295427167
57609	37.7667116909	-122.4302351475
55131	37.7648997141	-122.4321615074
10378	37.8154035397	-122.3715054989
52125	37.8510054886	-122.2922594787
9130	37.8705167667	-122.2660517667
37318	37.8684345156	-122.2688948161
49524	37.8666073663	-122.2677525373
62869	37.8659513106	-122.2675034782
63362	37.8701374055	-122.2677923501
34937	37.8705836996	-122.2674473695
59136	37.8657008259	-122.2674939546
59368	37.8647752406	-122.2673796742
25862	37.8621651	-122.2667880167
20952	37.85933635	-122.2668751667
50050	37.8588679167	-122.2667671667
18527	37.85737155	-122.2670210167
59587	37.7757055229	-122.3994219303
63295	37.6886938628	-122.4715894461
42068	37.7663225958	-122.447898084
57184	37.7375736866	-122.4696428278
45691	37.7616202833	-122.4208231167
31131	37.7825759167	-122.4103954333
59366	37.7819137573	-122.4098510742
47049	37.7818448333	-122.4097073333
43141	37.7838082099	-122.3989239109
35124	37.7785741227	-122.3968689204
38813	37.7280053915	-122.4783840841
35073	37.7266593333	-122.4758670667
34104	37.7267999167	-122.4770122333
19865	37.72794405	-122.47721895
16809	37.7687449167	-122.4108963333
25893	37.7686793176	-122.4130046368
51806	37.7690884	-122.41581685
15827	37.7707516167	-122.4170234
16593	37.7895866167	-122.4210410167
33216	37.7911078667	-122.42233
20142	37.7943141466	-122.4236372468
42514	37.79733635	-122.4242313
57886	37.79747155	-122.4235699833
27969	37.7976232167	-122.42229625
40394	37.7967766695	-122.4218444229
42152	37.7949693667	-122.4227349333
53388	37.7954745377	-122.423593998
51617	37.7942913327	-122.4230433981
33215	37.7911078667	-122.42233
34371	37.78960734	-122.4222580597
57156	37.788459922	-122.4223008786
49353	37.7875814833	-122.4222519167
33214	37.7875595	-122.4219919167
53101	37.7865207167	-122.42194175
27987	37.7865636613	-122.4212765694
33211	37.7817831167	-122.4205890167
33209	37.7808385833	-122.4203055
15285	37.7786014651	-122.420348525
17419	37.75701005	-122.4084650667
17688	37.7574158333	-122.41049625
50560	37.7562449667	-122.4115068333
11117	37.7561044667	-122.41215705
30535	37.77510235	-122.43783785
12856	37.7743985826	-122.4376802582
47596	37.7749142221	-122.4377133536
49478	37.7757073667	-122.4376495
18950	37.76364695	-122.4756973833
15025	37.7650415833	-122.39973305
32362	37.7860128735	-122.4188142036
44599	37.78571765	-122.4185425167
24876	37.7828298	-122.4209522
33227	37.7828157167	-122.4206729
33811	37.7844373987	-122.4210116117
33077	37.7844372333	-122.4209162667
31537	37.7777873903	-122.4202466011
46360	37.7746183607	-122.4195089458
24838	37.7721251167	-122.41904965
45719	37.7625892833	-122.4192435
35037	37.7623987333	-122.4192866667
18853	37.7624596	-122.4192393667
17513	37.7252686667	-122.4629838167
35832	37.7785845	-122.396863
21950	37.7820701924	-122.401086241
40847	37.7812556258	-122.4024260044
37909	37.7807228274	-122.4019982608
34100	37.77988745	-122.4039546667
47795	37.7809019833	-122.4058075163
12383	37.7830874833	-122.4067282667
34818	37.7833920461	-122.4066318944
40944	37.7837655432	-122.4048614502
17662	37.7849102407	-122.4050652981
38757	37.7853081862	-122.4051788206
38759	37.7853257191	-122.4056124687
22791	37.7853087608	-122.4038287997
49100	37.7845270647	-122.4039511912
41336	37.7751715333	-122.3979685
17389	37.7546407833	-122.4154362667
42038	37.7527469	-122.4130287333
31918	37.7522473333	-122.4168181
15566	37.753302709	-122.4164150335
37059	37.7523504667	-122.416397
17391	37.7533143167	-122.4160899
35182	37.7524159833	-122.41630785
40092	37.7524568448	-122.4153969522
27949	37.7524630631	-122.4152351725
16816	37.7212914667	-122.43729055
49161	37.7140837092	-122.4303638935
29272	37.7736149721	-122.3968559743
40128	37.7779061101	-122.3910748959
42172	37.779384842	-122.3902984319
21215	37.7813234625	-122.396696806
16580	37.7797805333	-122.3893295333
41380	37.793032	-122.3961502
31945	37.79327255	-122.3968971667
48379	37.7956186629	-122.397839427
9109	37.795750071	-122.3976194859
16132	37.8018726667	-122.3994325667
34446	37.8040516333	-122.4028873333
22383	37.8040136726	-122.403228317
25192	37.8027066	-122.4033498
13213	37.8020238833	-122.4037671
25193	37.8022565967	-122.4023938179
22361	37.8001987315	-122.4017380178
31338	37.7996801331	-122.4025178348
35203	37.8001033333	-122.4070018
12343	37.8017034583	-122.4061542749
25202	37.8007701	-122.4101788167
24086	37.8014340167	-122.409458
44758	37.8003956167	-122.4097489
30243	37.8003237733	-122.4090886116
22644	37.80109875	-122.4091607333
25201	37.80044735	-122.4092029833
36142	37.7999531644	-122.4095536434
35198	37.7997553	-122.4089816
34652	37.7947920585	-122.3930704594
23943	37.7848097167	-122.3883344333
39205	37.7656800214	-122.426569409
45464	37.7695558	-122.4290939333
38803	37.7692194167	-122.4276977667
17069	37.7694226667	-122.42815735
38778	37.7693062333	-122.4276438167
38788	37.7687074667	-122.4286856333
40069	37.76823665	-122.4291329833
44885	37.7677633833	-122.42913955
41518	37.7670066694	-122.4290749888
40165	37.7661708252	-122.429113583
31464	37.760852	-122.4283582
33147	37.7485920833	-122.4250681667
18870	37.7331094128	-122.4344404122
47117	37.7480208675	-122.459127903
45868	37.7810291167	-122.4633307167
45859	37.7812823667	-122.46058555
45857	37.7814796833	-122.4598921833
11440	37.78087735	-122.45706795
46056	37.78198735	-122.4492614833
33123	37.7822070836	-122.4500094612
9141	37.7850628657	-122.4298703671
45586	37.7875714667	-122.42869515
45593	37.7858733833	-122.4299489167
44888	37.7863374706	-122.4294953136
44439	37.7840792768	-122.4233150482
47109	37.7844269261	-122.4254071712
45897	37.7854750167	-122.4292033
27150	37.78566185	-122.4285801167
33030	37.7868237333	-122.4332285333
43175	37.7855216167	-122.43316175
23589	37.7856990833	-122.4330414333
47017	37.7850739333	-122.4319113333
47018	37.785247	-122.4322306667
43473	37.78526125	-122.4306456167
16838	37.7852846833	-122.4327201667
24846	37.7831585667	-122.4326596667
38852	37.78246255	-122.4470427
46906	37.7820218667	-122.4517800333
28596	37.7809825333	-122.4550768167
45863	37.7812376	-122.4618595833
45866	37.7812878333	-122.4621458167
17799	37.7805263771	-122.4637305737
45871	37.7811247	-122.4637053667
27375	37.7809527715	-122.4638282881
38211	37.7808096791	-122.4643812422
45702	37.7633559315	-122.4811835606
41037	37.7632543833	-122.4842219167
27173	37.761385	-122.47370405
28412	37.7640840047	-122.3936653214
45538	37.7659059665	-122.4042338133
42086	37.76800285	-122.4083232667
23544	37.7657699	-122.4018472167
27202	37.7647247326	-122.4026565631
32780	37.7660902314	-122.4027509234
25095	37.7656756	-122.40380942
16931	37.7647172833	-122.4035716167
15116	37.7631603735	-122.4009588211
15171	37.7648913833	-122.3978233333
41023	37.7389744121	-122.4156125676
40904	37.7333739833	-122.4341988
36214	37.7407730466	-122.4662577823
36266	37.7409750637	-122.4657583237
40967	37.740225	-122.4663212333
40963	37.74031765	-122.46651895
40969	37.7401723333	-122.4666988833
40975	37.7401447167	-122.46671165
38763	37.7850967823	-122.4069857597
38878	37.7850628657	-122.4063742161
40351	37.7888479029	-122.4007481899
17766	37.7898445548	-122.3999722293
27214	37.7908678667	-122.39998895
27724	37.7906629407	-122.4000910908
34548	37.7932715451	-122.3946454962
39549	37.7939236866	-122.3951601714
25543	37.793769918	-122.3964616367
21182	37.7935011833	-122.39683555
24831	37.7713024667	-122.4049971167
36088	37.7769374333	-122.4046095333
22788	37.7856078	-122.4041913667
9140	37.7845696311	-122.4064631118
27658	37.7861015552	-122.407886982
21194	37.78641205	-122.4058326333
20764	37.7762297833	-122.4244872167
25625	37.7766977033	-122.4250906706
11629	37.7756845833	-122.4228858833
33170	37.7647733	-122.4238679167
28401	37.7530145446	-122.4236169419
32027	37.7796177333	-122.3980131667
17653	37.7848932823	-122.4049580097
31614	37.7847915321	-122.4040138721
32231	37.77548915	-122.4152561333
34860	37.7755444968	-122.4197644964
30297	37.7763223333	-122.4205770833
18737	37.7747598367	-122.4225614061
26971	37.7724023991	-122.4463927746
35047	37.7720086	-122.4479615
20254	37.7680241546	-122.4580791593
9677	37.7657045896	-122.4643273757
26665	37.76500815	-122.4661090667
21556	37.7625430328	-122.4664878845
18942	37.7475465667	-122.4592453333
15125	37.7605354667	-122.3880600833
15126	37.7608144167	-122.3882102833
15127	37.7608036833	-122.3884677833
29260	37.7439614465	-122.4221456051
32422	37.7509557833	-122.4209526167
19110	37.7537184833	-122.4196408833
21187	37.7900858	-122.4024677167
19853	37.7893530167	-122.4008618
10534	37.784316696	-122.4083912373
9668	37.723885886	-122.4792981148
10939	37.7437663	-122.43927955
24345	37.7667776426	-122.4298323102
13189	37.7742791167	-122.4375414833
15288	37.7601814167	-122.4206542833
18112	37.8065490723	-122.2703933716
22738	37.80054225	-122.2701480167
23030	37.7932371333	-122.2736798167
23035	37.7937727167	-122.27480265
20282	37.7968525833	-122.2792482333
23444	37.7948818333	-122.2771462333
22624	37.7958233167	-122.2764868833
22620	37.7961610833	-122.2767283
23442	37.8039350602	-122.2713196278
23441	37.80761345	-122.2690437333
16208	37.8094788048	-122.2681760788
18609	37.8422233167	-122.2514370167
21245	37.7444315049	-122.4289401822
21216	37.7796105662	-122.3903560638
21206	37.7814778333	-122.3924510833
15247	37.7773582833	-122.3931241
21202	37.78143015	-122.39408975
15197	37.7774119333	-122.3944544667
13225	37.77838825	-122.39355325
17931	37.7786438646	-122.393682003
21207	37.77949465	-122.3936319667
15894	37.7220204167	-122.4367846167
17002	37.7640015333	-122.3935313
16973	37.723175	-122.453907
22202	37.7452509837	-122.4508237839
17403	37.7529402667	-122.4083775833
14728	37.7521988269	-122.4202921987
17755	37.7847356729	-122.4070885095
9681	37.7082645833	-122.48419045
11400	37.7417278167	-122.5053262667
20905	37.736181328	-122.4887502193
20904	37.736175	-122.487644
20896	37.7280828149	-122.4523961998
20895	37.7276504326	-122.4492274426
19863	37.7276527134	-122.475858769
11814	37.7634966333	-122.4829459167
18949	37.7643642	-122.47142215
12970	37.7639257833	-122.4689984167
19943	37.7678089333	-122.46431665
19476	37.7466258843	-122.4189789119
19096	37.73701283	-122.4201929569
19090	37.7405678203	-122.4345266819
19091	37.7413950311	-122.4329710007
19085	37.7282825773	-122.4317845872
19084	37.720544	-122.417352
19083	37.718454537	-122.4179935455
17316	37.7784353667	-122.3877088167
16891	37.7240505333	-122.45654865
13136	37.7923464667	-122.4007630333
10649	37.76130795	-122.4190449667
14427	37.7526068667	-122.41844415
18060	37.7719919741	-122.4313929638
14861	37.7832313449	-122.4038314819
12424	37.8066372833	-122.4206542833
14517	37.8024744833	-122.4021148667
10540	37.76462315	-122.4172854333
13794	37.7565307179	-122.4210587721
11097	37.7980542167	-122.4066209667
11128	37.77712225	-122.39061355
11125	37.7766595428	-122.3874592781
11124	37.77600645	-122.38756655
11123	37.7573919167	-122.3990035
11120	37.7656939324	-122.4104404449
11118	37.7690219833	-122.42234945
11116	37.7520382333	-122.4123501667
11113	37.7508340405	-122.4183067841
10035	37.72447585	-122.4686765667
10391	37.785168855	-122.4068140984
10567	37.7361166333	-122.41018295
9862	37.7829158167	-122.4625182
233636	37.7661027	-122.4030438611
2784894	37.757434073	-122.413163328
1371298	37.75881063	-122.41543281
166220	37.7527701667	-122.40912205
52256	37.7703643667	-122.5119157833
107557	37.7756994481	-122.4379300824
123137	37.7585008984	-122.4196411293
903275	37.7985262871	-122.4495095015
495955	37.7989228686	-122.4507674575
10132	37.79877305	-122.4503517
43600	37.7973557492	-122.4060384838
954544	37.7976207167	-122.4063602167
19108	37.7551816167	-122.4228495167
929762	37.7468342833	-122.4272564833
347809	37.7588576247	-122.4212551117
172785	37.7586116415	-122.4167382717
17388	37.7555353	-122.4153856833
1469106	37.7816069126	-122.456086278
114389	37.8089187833	-122.41820645
10359	37.8106713167	-122.4245595833
10361	37.8061115667	-122.42934465
1309296	37.8029043	-122.405958967
231627	37.7613704229	-122.4304711819
179957	37.7714540774	-122.4021480139
16120	37.7804161412	-122.5135016441
783209	37.8422945738	-122.4856120348
36184	37.7604562638	-122.4165591232
231823	37.7899220667	-122.4055967333
35572	37.7576955592	-122.389433384
98312	37.7755310997	-122.4158718374
17797	37.76644029	-122.4093997478
27961	37.7719417976	-122.4316174612
16555	37.7529224167	-122.4075517833
325271	37.77546054	-122.41945493
85770	37.7588977039	-122.4211896662
262131	37.6421074833	-122.4264659333
31859	37.6643753333	-122.44376685
211587	37.7646931228	-122.4198429286
33202	37.7652375333	-122.4196905833
1262341	37.78993421	-122.39058548
879522	37.7872919789	-122.3945077535
123406	37.7865342607	-122.4098548792
17795	37.7938849864	-122.4044018766
36947	37.7423293833	-122.4265967167
22385	37.892991427	-122.5729608536
693229	37.7992556124	-122.4503517151
92179	37.7467865217	-122.4270808697
123342	37.7886070686	-122.4069964886
33124	37.7643523333	-122.421823
530868	37.7589187667	-122.4145985167
811845	37.7764961	-122.4380312
17378	37.7573797667	-122.4095996
25504	37.7626215167	-122.4005662667
420554	37.7643122667	-122.4021144667
942661	37.8079651333	-122.4316068667
1116348	37.7605397167	-122.42180495
74871	37.772037732	-122.4298596382
1463680	37.731576	-122.4762645
697593	37.7747984288	-122.4377730262
117187	37.7598279778	-122.4191093445
800703	37.7587355363	-122.4157949991
54814	37.77035295	-122.4222669333
61920	37.7723678321	-122.4373431485
262452	37.6705763197	-122.4694997386
61191	37.7511225667	-122.4299983
105157	37.7870620266	-122.4218339327
1358763	37.78784072	-122.40117222
651496	37.6575318333	-122.3969589833
226148	37.6303994167	-122.4180882
643883	37.6241789667	-122.4110139167
229036	37.8591774007	-122.4850741001
635974	37.6533672333	-122.4331575667
75217	37.7618076006	-122.4216853386
1330267	37.78235429	-122.42474323
1324443	37.78148645	-122.39886969
232650	37.7836334871	-122.3993445904
482662	37.6546121032	-122.4078437763
335575	37.809167	-122.4123544
299621	37.8735902349	-122.4558444103
151275	37.8726215	-122.4553709167
41823	37.66479945	-122.44582745
422414	37.8068483833	-122.4062366333
689526	37.6556549667	-122.4321754833
998124	37.7814994577	-122.3916791473
375634	37.7834461167	-122.3939263833
18444	37.7844623	-122.3950593333
780183	37.782073229	-122.4012657336
57126	37.6569506976	-122.4055051804
788283	37.6550127167	-122.4086672
68154	37.7868180304	-122.406899929
162011	37.7831526167	-122.40278515
120104	37.7609301833	-122.4257359167
213715	37.7843367	-122.3883123667
181801	37.7870130333	-122.4124250667
40971	37.787793104	-122.408670187
270290	37.7858260333	-122.4084010167
61213	37.7828774839	-122.4065103563
55861	37.78597565	-122.4013761167
37345	37.7867078039	-122.4016320705
118473	37.784214945	-122.4048829079
48697	37.78690282	-122.4009561539
2757328	37.784219	-122.40189
38807	37.7696613	-122.4262247167
360036	37.7994459607	-122.4393989016
1334135	37.79772865	-122.43142014
2014084	37.585101367	-122.36578505
347599	37.7978642702	-122.4294420379
62757	37.7973247261	-122.4271007332
1352055	37.797975469	-122.428604484
1599435	37.7921176833	-122.4044904
39150	37.7513614315	-122.4328342151
27748	37.7914389171	-122.4037617445
943053	37.75615155	-122.42199319
11463	37.6739645	-122.4642777333
981601	37.78444176	-122.40187281
83416	37.7940332699	-122.3905277252
123987	37.8000269966	-122.4050327407
26443	37.8001960647	-122.4123466013
683326	37.7616566856	-122.4240231514
117225	37.7992644667	-122.4074597333
1421948	37.7779459	-122.388885317
236463	37.7981900667	-122.4223371833
50047	37.7849548	-122.39603255
191100	37.7910992727	-122.390527706
569861	37.7839944841	-122.4023938179
147974	37.7744553167	-122.3892789
114402	37.7987791892	-122.4224568601
140161	37.76941985	-122.4511244667
112107	37.7998961818	-122.4094487379
25042	37.7624771167	-122.3970680167
511464	37.7834348495	-122.4016749859
151406	37.8027551893	-122.4137225327
36396	37.8020933	-122.4128455
469555	37.7803852	-122.47894005
211056	37.7960917978	-122.2781155352
3046821	37.795062911	-122.277859414
75836	37.79526685	-122.2796059833
225903	37.79443165	-122.2774703
9094	37.7955762732	-122.3953449726
389117	37.7958984346	-122.3935854435
323369	37.6186846111	-122.3847448826
33169	37.7554294333	-122.4196567667
144843	37.9254823667	-122.3171766833
376269	37.9140067	-122.3096246167
69894	37.8357762514	-122.2922730446
35102	37.8333929667	-122.29214485
1059818	37.78529575	-122.4016340833
17957	37.7845678502	-122.4010776621
248827	37.7845117184	-122.4022395909
248858	37.7842387333	-122.4025880833
41010	37.7812198833	-122.46085125
370739	37.7784053672	-122.3909582198
316191	37.9169146833	-122.3129213667
171080	37.8589387142	-122.2915005684
135374	37.6180325108	-122.3864568419
517969	37.76469361	-122.42969346
166338	37.7642970667	-122.4316951833
119309	37.6150812825	-122.3835968971
108743	37.6175203471	-122.390280962
125277	37.6171821042	-122.3940717944
123481	37.6156992413	-122.3907426935
123487	37.6156992413	-122.3907426935
66128	37.6148773153	-122.3832321167
106362	37.6147328382	-122.3827385902
33793	37.7847236986	-122.3951625824
43438	37.7624594	-122.4128143833
49523	37.787411376	-122.4151378076
111240	37.7878776333	-122.39725865
219718	37.784973688	-122.3958779443
62768	37.7769923868	-122.4096518755
2017431	37.77579285	-122.409026121
97683	37.78461355	-122.3952268333
31407	37.7815050922	-122.3940478699
96084	37.7857310667	-122.3967678167
40074	37.7753992758	-122.4095860551
399888	37.7644573114	-122.4218370568
4089460	37.7832737417	-122.4024689198
161962	37.7805201167	-122.4001753833
304687	37.7786746667	-122.3968291167
803542	37.7888211	-122.39426612
1060559	37.7852371	-122.3957013
188705	37.7740454991	-122.4135088921
54210	37.7787569667	-122.3979405833
68275	37.8076817956	-122.412661314
599415	37.8029008599	-122.4484419823
56540	37.7628430333	-122.4216305333
139257	37.7878843132	-122.4032013742
18621	37.7948217317	-122.3996686935
33764	37.7816439949	-122.3892156344
34084	37.7880244087	-122.4336299144
43389	37.7628260959	-122.4102351228
23045	37.78831745	-122.4336761167
11546	37.86984085	-122.3004698667
446916	37.8688723833	-122.29912625
11547	37.86943315	-122.3003840333
88351	37.6371149446	-122.4159014225
21559	37.7623352299	-122.4146461487
27313	37.8446255167	-122.25121965
125136	37.8932416667	-122.1250793667
194938	37.8786049966	-122.1836274862
9946	37.8279041024	-122.2502374649
15742	37.8308987667	-122.2858713833
9380	37.8349373864	-122.2922515869
37771	37.7870893565	-122.4072861671
61928	37.77124025	-122.4131341333
68637	37.7748250943	-122.3979398364
98504	37.7819387	-122.3932963333
117039	37.781980757	-122.3922771035
117079	37.781128244	-122.3929974029
116988	37.7809931149	-122.3931115346
116912	37.7811914454	-122.3956339048
729338	37.7571028144	-122.4188970123
119418	37.7516869453	-122.4296083379
161697	37.7628996167	-122.4284039833
407770	37.7514668333	-122.4274999
355989	37.7676438	-122.4219708
292455	37.7665048667	-122.4222196167
113422	37.7668564	-122.4216377167
86429	37.7670799133	-122.422100083
360993	37.7688119333	-122.4268720167
161699	37.7630695167	-122.4284448167
161695	37.7628102167	-122.4284618833
161690	37.7628218667	-122.4286147167
161705	37.7625363667	-122.4286718333
161688	37.7628218667	-122.4286147167
321017	37.76228165	-122.4229362167
428752	37.76072382	-122.42311984
111084	37.7616899258	-122.4217214734
325507	37.7614955304	-122.4192488194
161070	37.7677475667	-122.4285101667
44726	37.7616434667	-122.42295015
170948	37.76125764	-122.42299062
78490	37.7634972225	-122.4218559265
547296	37.5990484667	-122.3762659833
547250	37.6003562805	-122.3819799934
384113	37.6004933833	-122.3816970333
40995	37.7784258881	-122.3921848418
435544	37.7772887167	-122.3940057333
72773	37.7771898667	-122.3926745667
466659	37.7816592333	-122.3964909833
422175	37.7810140833	-122.3958543667
191199	37.7815439217	-122.3961097011
405734	37.7872283094	-122.4101680988
184364	37.78702425	-122.40997564
398547	37.7871444802	-122.4097451051
19113	37.7872403827	-122.4104324186
305961	37.78714883	-122.41007655
167219	37.7872961413	-122.409994083
20147	37.7874198638	-122.4098061987
120993	37.7871444695	-122.4105450511
40108	37.7870342435	-122.4102687836
270248	37.78698498	-122.41008114
53328	37.7872061246	-122.4106030927
162536	37.7890337864	-122.4096495194
504598	37.7889970901	-122.4106657505
48909	37.788335748	-122.408670187
74307	37.7880839369	-122.4101086228
41061	37.7873947193	-122.40997435
20146	37.7874369917	-122.4100649357
132306	37.7823597833	-122.3929612333
214974	37.78187221	-122.39254683
529170	37.78210885	-122.3926331333
149629	37.7795257683	-122.3916757107
492578	37.7796026622	-122.3917722012
378198	37.7798649333	-122.3945738167
476259	37.77669471	-122.39419692
465927	37.768110246	-122.3963716486
335188	37.7669159467	-122.3982373593
449621	37.7767697843	-122.3930811882
91459	37.7763584407	-122.3935156712
41018	37.7759387289	-122.3937571049
266827	37.7764257833	-122.3933785833
371908	37.7763996	-122.39400175
266024	37.7758210167	-122.3944315833
70908	37.7751161445	-122.393424511
166964	37.7753431833	-122.39261315
506408	37.7855933462	-122.3934580983
90558	37.7857459	-122.3932671
33772	37.7785675455	-122.3925447464
497486	37.7791010333	-122.39194755
303397	37.7773549095	-122.395516634
114417	37.7786524667	-122.3975258667
374683	37.7813200366	-122.4005264886
144038	37.8105987348	-122.4124038219
255257	37.79425406	-122.40732777
182280	37.79040712	-122.40404152
57814	37.7903724567	-122.4039724458
98510	37.7903762057	-122.4039764404
17728	37.7901102333	-122.4039506
112011	37.7723769573	-122.404614687
356666	37.78527875	-122.4045729667
50153	37.7850722	-122.3960911667
116307	37.7846000667	-122.3961432
27983	37.7848221058	-122.3958149095
179308	37.784074016	-122.3946572133
25191	37.7841725487	-122.3944330215
94589	37.784236	-122.3949185333
178432	37.7843251753	-122.3942935467
41620	37.7820866214	-122.3937785625
347111	37.773886491	-122.3927164078
129044	37.7761432167	-122.3916616667
111384	37.7760566582	-122.391653754
49338	37.78702815	-122.4243209833
232928	37.7873304711	-122.4237383078
328722	37.7867113333	-122.42973315
256091	37.7860034	-122.4334796667
214635	37.7862752333	-122.4331551667
81234	37.7868011333	-122.4332420167
53339	37.7873691605	-122.4336308241
181981	37.78787035	-122.4340658833
22271	37.7893520333	-122.4340008833
26090	37.7905762167	-122.4341375333
27932	37.7899996	-122.4342164
182453	37.7903992167	-122.4343275167
54644	37.790192578	-122.4339258671
238557	37.79016635	-122.4339037167
195151	37.7897400983	-122.4340300393
190188	37.7901517962	-122.4341330237
253015	37.7899093628	-122.4342651367
238618	37.7900798833	-122.4342032667
144822	37.7899678956	-122.4338829517
28152	37.7898580167	-122.43416405
22264	37.7899297419	-122.4341511726
102095	37.7883312333	-122.43376695
237713	37.7888912667	-122.4344687667
286069	37.78881305	-122.4335933833
321293	37.7889546965	-122.4345052242
167264	37.79236515	-122.4015108
164282	37.7911604169	-122.4026557031
101802	37.7906433669	-122.4041836661
363946	37.7914464887	-122.4023389331
248843	37.7918882723	-122.4020075798
150620	37.7916423991	-122.4024260044
22712	37.79089715	-122.4027069
150639	37.7918034885	-122.4024260044
260656	37.76185475	-122.4351675333
347613	37.7798035	-122.4017400833
76941	37.7831515	-122.40165145
243186	37.7830587667	-122.4009644167
267299	37.7817016667	-122.40192915
161988	37.7821124167	-122.40146385
172697	37.7818984667	-122.3988797167
58914	37.7823096329	-122.4006682272
115214	37.7813573809	-122.4013638496
161979	37.7815739333	-122.4007492167
75317	37.781579898	-122.400544147
74919	37.7810798756	-122.400352597
161983	37.78165005	-122.4007749833
298585	37.777270256	-122.3928418343
104741	37.7857857	-122.3973012833
50152	37.7846310167	-122.3968909833
107189	37.7858673833	-122.3969294833
47636	37.7853872667	-122.3962812
91996	37.7854652763	-122.3963356522
96090	37.7856798	-122.3966043
96100	37.7851409833	-122.3969717167
116193	37.7856826833	-122.3968924833
107185	37.7856648834	-122.396696806
133503	37.7853364708	-122.3969500502
96093	37.7853366833	-122.3967123333
302435	37.7797117167	-122.3940299
302451	37.7800419833	-122.3944994167
305379	37.7796131667	-122.3948539833
106741	37.7791156	-122.3959239
177992	37.7869581833	-122.4002476833
116228	37.78663885	-122.3996228333
116230	37.7867178833	-122.39996185
116235	37.7867178833	-122.39996185
228886	37.786785	-122.4002273667
86658	37.7867720133	-122.4002853341
223557	37.7849526365	-122.3997974396
76882	37.78511295	-122.3998262833
162134	37.78549802	-122.40100586
206658	37.78470987	-122.40015739
98493	37.781803	-122.3935952
132290	37.7829823333	-122.3932597167
128349	37.7830140644	-122.3931058104
98500	37.7819387	-122.3932963333
200966	37.7819325	-122.3932669833
89746	37.782564357	-122.3929839374
132299	37.7822986086	-122.3930811882
161246	37.7824684833	-122.39293235
183393	37.7821927337	-122.3923494528
111903	37.7821957771	-122.3923605847
83048	37.7868011569	-122.4030045363
242098	37.7857500298	-122.4062142833
230385	37.7832308206	-122.4029166674
162159	37.7838080833	-122.4037589167
178531	37.7843198	-122.4053580167
162126	37.7850967823	-122.403434515
74027	37.7853004833	-122.4044937833
76858	37.78520585	-122.4040686667
162033	37.7836722707	-122.4050867558
94446	37.7847533758	-122.4042016268
162036	37.7845369667	-122.4043283167
105161	37.7842997375	-122.4033915997
113597	37.7838333776	-122.4049043655
73524	37.7843930092	-122.404614687
88315	37.7657219	-122.3997692667
104542	37.7707401809	-122.3992824554
170203	37.7653631578	-122.3966431618
94569	37.7661681368	-122.3950660944
27916	37.7677503825	-122.3939002925
104853	37.7671388	-122.4001245333
149512	37.7657795	-122.3978657833
83054	37.76814025	-122.3976812667
104845	37.7667556	-122.3995597333
170547	37.7777487833	-122.3967188833
204865	37.7781308	-122.3962416
221255	37.77860525	-122.3962003167
288074	37.7784229687	-122.3966596635
32832	37.7755053	-122.3950217667
223017	37.7767613042	-122.3948299885
162629	37.7765544974	-122.3957130588
126880	37.779317885	-122.3973075321
203224	37.7873325978	-122.4067702417
74853	37.7859531718	-122.4052530527
162122	37.7845209929	-122.4032658256
228638	37.7850331886	-122.4044162035
162025	37.7836213948	-122.4051940441
79995	37.78720875	-122.4007028833
151063	37.7875641748	-122.4013531208
39712	37.7873337	-122.40091545
260164	37.7870911694	-122.401017064
68121	37.7870723987	-122.4011278152
19514	37.7870380167	-122.4013566333
150519	37.7868510333	-122.4014738885
86290	37.7866187747	-122.4018546939
96858	37.7860759	-122.4016196
182732	37.78472787	-122.40028333
443858	37.7600394167	-122.4234351667
564095	37.78018504	-122.39574301
572664	37.7821544574	-122.4040138721
43338	37.7690993833	-122.4265309167
161006	37.7696946833	-122.4254022
309461	37.536484	-122.29704797
337203	37.7860126366	-122.4015038274
166259	37.7643677833	-122.4111013167
570212	37.78442585	-122.40023541
360922	37.78478777	-122.40029656
464772	37.7631007667	-122.4267992333
325615	37.76469361	-122.42969346
383273	37.76469361	-122.42969346
65659	37.7702228833	-122.4158695667
512101	37.7881280833	-122.4044393167
113684	37.78850825	-122.4050362667
340352	37.7884775167	-122.4034764667
458635	37.7889124167	-122.4039317167
464798	37.7882360343	-122.4037234183
308408	37.7859174616	-122.4065093548
472009	37.7856583746	-122.4057753922
512855	37.7858279676	-122.4061704483
35011	37.7826828929	-122.4034981629
162010	37.7828582518	-122.4023938179
162180	37.7829553333	-122.4011273
491357	37.7820951009	-122.4015033245
76928	37.7825546	-122.4008232833
568576	37.7619685833	-122.4194010333
144859	37.7620697667	-122.4193792167
33190	37.764871234	-122.4224245548
367425	37.7645215167	-122.4218502333
59891	37.7636244469	-122.4217164516
52160	37.7629713667	-122.4212633333
150737	37.76303875	-122.4220677667
154516	37.7631133655	-122.4218226578
221859	37.7619512656	-122.4237823947
298628	37.7614446392	-122.4216735363
174904	37.7625977833	-122.4231266667
27369	37.7604352902	-122.4194204807
165178	37.7632214667	-122.4221101167
387603	37.7667611333	-122.4128793
179435	37.766559028	-122.4118566513
56725	37.7650834667	-122.4125638833
174825	37.7660044833	-122.4081754667
165239	37.7660678167	-122.40767415
348379	37.7659158529	-122.4075489828
345579	37.5984478	-122.3747892
416175	37.6008650167	-122.37580125
336905	37.60343807	-122.38081377
169515	37.5999228333	-122.3829772167
53598	37.7785253353	-122.3923249279
330438	37.7787715306	-122.3925387436
301858	37.7793160852	-122.3932999707
537250	37.7795382167	-122.3937362167
128899	37.7801594718	-122.3943550699
358012	37.7801592405	-122.3943405117
25628	37.7805151833	-122.3904248667
55286	37.7798776789	-122.3906564713
529098	37.7806037664	-122.3946583271
191468	37.7810268	-122.39516795
415069	37.77978724	-122.39590883
287455	37.77975368	-122.39626353
356594	37.77935153	-122.39665067
497848	37.77913075	-122.3955366167
190811	37.7794579299	-122.3939287663
461573	37.7848372395	-122.394587527
497498	37.7792068333	-122.3922729667
378304	37.77890616	-122.39264768
96626	37.7789217667	-122.3922325167
410285	37.7776994667	-122.3928272333
415656	37.7807704667	-122.3959206167
422378	37.7809203703	-122.3934568138
391188	37.7806790112	-122.3946905136
340399	37.7805131667	-122.3945425167
162611	37.77957171	-122.39367139
47030	37.7775558671	-122.3955107339
161997	37.78252615	-122.4018503
61721	37.7934482768	-122.4071574211
377439	37.7807934	-122.3883074167
358605	37.7795297667	-122.3887530833
351037	37.7803454425	-122.3891719309
21214	37.7792271	-122.39021275
241745	37.7789746667	-122.3910419667
135336	37.7771344281	-122.3952698708
235394	37.7778425333	-122.3960274667
305033	37.77950555	-122.3970380333
390689	37.7813658605	-122.3942184448
434384	37.7806332333	-122.3966833167
376575	37.7814718333	-122.3963868667
285561	37.7808987191	-122.3964655496
415666	37.7807704667	-122.3959206167
344454	37.7788558616	-122.3924803734
56356	37.778313148	-122.3920083046
170323	37.7773718696	-122.3923194408
35889	37.7775584302	-122.3927593231
69535	37.7773783679	-122.3926704945
81162	37.7832455438	-122.4028976447
162004	37.7831644667	-122.4021539667
94100	37.7643201333	-122.4017660667
293056	37.7641107603	-122.393804097
375049	37.7648752928	-122.4020344019
54127	37.770738356	-122.4013288783
191989	37.7635565939	-122.3987352848
336719	37.76387915	-122.3986798167
233983	37.7662760333	-122.4014382
228319	37.7650085298	-122.3984560559
101558	37.765843	-122.3988759167
338828	37.76678651	-122.39919996
299427	37.76907675	-122.3983914333
92642	37.7846510388	-122.4064253888
215459	37.7846611084	-122.4065192612
360962	37.7846527883	-122.4066159794
86013	37.7846530819	-122.4066161403
366528	37.7846550349	-122.4066171461
123698	37.7846643442	-122.4066638947
94585	37.7845728167	-122.3954617
132350	37.7805571	-122.3904553
113116	37.7792232615	-122.3921784358
34436	37.7775315833	-122.395782
299633	37.7776827333	-122.3960762667
187329	37.7797778333	-122.3950473667
186318	37.7810757763	-122.3954868549
326440	37.7808389167	-122.3952497
246668	37.7773616234	-122.395172365
342194	37.7780417897	-122.3969221115
46887	37.7876203667	-122.4153254167
38797	37.7884981167	-122.4158458167
142790	37.7886713333	-122.4223473
113658	37.7857920696	-122.4286687374
341002	37.78670436	-122.43173205
65992	37.78692295	-122.4339196
65605	37.7872568333	-122.4334880667
186450	37.7892127958	-122.4304383301
287037	37.7893696167	-122.4255594167
46937	37.78879527	-122.4243965531
270593	37.7892458333	-122.4237227333
63181	37.78886567	-122.4217969179
176370	37.7899317167	-122.4207121
72614	37.7892514508	-122.4203109741
130191	37.789705076	-122.4210043119
211375	37.7897345587	-122.4205326991
192632	37.7874624283	-122.4201178551
306032	37.7878863712	-122.4178647995
200656	37.7901196333	-122.4184728
294130	37.78976422	-122.41894221
34060	37.7906739167	-122.4175219833
319344	37.7900574167	-122.4174364667
102069	37.7898192303	-122.4139023561
140527	37.7909824946	-122.4106550818
348451	37.79155766	-122.40430814
335220	37.7915785459	-122.4042957152
70069	37.7911591285	-122.404282093
27784	37.7904417667	-122.40368365
34916	37.7914426833	-122.40370505
22713	37.79089715	-122.4027069
285285	37.7908156	-122.40241785
165585	37.7908575391	-122.4023967859
248577	37.7908868333	-122.4020110167
160896	37.7921284809	-122.4000593007
94013	37.7911416701	-122.4006713411
150817	37.7924436	-122.4008747167
70706	37.7825105951	-122.4011278152
92657	37.7846510388	-122.4064253888
221908	37.7788066833	-122.3929309833
60276	37.7788110265	-122.3927623467
66732	37.7790678581	-122.3933172226
178833	37.778830422	-122.3926842213
192951	37.7789321804	-122.3940896988
325298	37.7782113887	-122.396299839
305408	37.7777014833	-122.3956522167
302395	37.7788295167	-122.39287625
254765	37.7781435492	-122.3969864845
139852	37.7809833682	-122.3953383167
69628	37.7786896876	-122.3930150518
37392	37.793336793	-122.4094687405
33177	37.7648243333	-122.4229407333
36107	37.7688171344	-122.4133586884
75907	37.7717674167	-122.4121252667
102850	37.7721417534	-122.4105612562
210782	37.7732184833	-122.4102272333
102924	37.7774411333	-122.4039120167
188472	37.77953615	-122.40203145
236772	37.7832027724	-122.399694822
136329	37.7785246506	-122.3937881145
174080	37.7801222333	-122.3963183167
96302	37.7815730662	-122.3961240853
183972	37.7808570838	-122.39564538
99704	37.7776348333	-122.3929410667
91963	37.7941498083	-122.4021723751
33156	37.7940481067	-122.4024233222
227143	37.79391008	-122.40251624
191948	37.7941943542	-122.3998510838
92655	37.7846510388	-122.4064253888
40918	37.7846503694	-122.4064237548
165107	37.7846390526	-122.4064045539
45729	37.7846474313	-122.4064289206
197226	37.78463	-122.4064184
162480	37.7845795521	-122.4064385891
139363	37.78454262	-122.40652668
129532	37.7844947599	-122.4073398113
83734	37.7820770094	-122.4100687182
194380	37.7815926889	-122.4109098315
38671	37.7776018912	-122.4174164203
183025	37.7777704304	-122.4162340164
231395	37.77581489	-122.41912335
83377	37.77234735	-122.42306915
50816	37.77035925	-122.4259029333
161126	37.7667198667	-122.43010865
166531	37.7654138667	-122.4313468833
270423	37.7611004	-122.4342297833
260620	37.7616441	-122.4351460333
166729	37.7616708667	-122.4350254833
260613	37.7613492182	-122.4351516366
166596	37.7613810667	-122.4350776167
147913	37.76092618	-122.43528902
172412	37.7607071333	-122.43552445
231434	37.760732159	-122.435503006
125565	37.7604922302	-122.4349745832
166722	37.7613558667	-122.4349540167
139360	37.7605095333	-122.4349035
166701	37.7601263833	-122.4348416667
98514	37.7615364622	-122.4350860675
39331	37.7605625199	-122.435106039
147176	37.7609939333	-122.4344986333
166704	37.7603799833	-122.4348201833
90800	37.7609626059	-122.4338259755
219695	37.7610001167	-122.4338186
166714	37.7608690167	-122.4350836667
166612	37.7608913833	-122.4346497167
140605	37.7609345833	-122.4337013667
99655	37.7608496552	-122.4347433704
131015	37.7608403038	-122.4347640574
226303	37.76066725	-122.4347011667
166709	37.7607336333	-122.4349485833
166614	37.76092745	-122.4344066833
68772	37.7638910833	-122.43352845
101611	37.7643224	-122.4334118
99627	37.7649051599	-122.4324989319
249241	37.7675466591	-122.4288171076
179112	37.77106615	-122.4202289667
122889	37.7707454667	-122.4190791667
104303	37.7704773333	-122.4207097167
162234	37.7696249333	-122.4145780833
226889	37.7681529	-122.4098729833
266763	37.76949381	-122.40736311
125833	37.7693086333	-122.4080240167
34678	37.7699090578	-122.4032092094
75441	37.7698192624	-122.4040114592
262535	37.7754828833	-122.39741545
104515	37.7734576833	-122.3951941667
184803	37.7747006087	-122.3955488205
53541	37.7747684515	-122.3954200745
70042	37.777814683	-122.3968423536
162299	37.7790381786	-122.3971527815
157760	37.7788731061	-122.3971870287
186902	37.78029304	-122.39628028
162454	37.780335	-122.39633715
99718	37.7784882075	-122.3935833498
61250	37.76866755	-122.3904407167
54200	37.7687387	-122.3903222667
34089	37.7630438229	-122.3888299444
111831	37.7604197391	-122.3885910107
98483	37.78109615	-122.3942872667
117023	37.7812506333	-122.3934694
116987	37.7809931149	-122.3931115346
182908	37.781460309	-122.3927110825
226393	37.7816960333	-122.3920062167
89905	37.7825105951	-122.3910319805
75395	37.7818576746	-122.3923516273
82949	37.7820487833	-122.3909434833
81046	37.7811784573	-122.3911762761
63875	37.7814409237	-122.3914825901
217862	37.7808844599	-122.3904916238
230939	37.7806535722	-122.3896050453
180366	37.7796019	-122.3900099333
254403	37.7797203865	-122.3900842722
128341	37.7795723879	-122.3901391287
111318	37.7792968136	-122.3907959461
169968	37.7775838703	-122.3933601379
99355	37.7765836412	-122.3956738078
149667	37.7837873478	-122.3988406419
236418	37.7780417897	-122.3938965797
40775	37.7791020333	-122.3935485
113538	37.779970151	-122.3902354637
39175	37.7731276473	-122.395477924
114443	37.7730515167	-122.3968063333
132285	37.7830444667	-122.3935027667
132283	37.7830444667	-122.3935027667
196613	37.7824003622	-122.391718626
134539	37.7725195833	-122.4106550167
37807	37.7760461902	-122.4047271256
90372	37.7762933117	-122.3989823685
5636612	37.819799378	-122.373298919
539604	37.78690282	-122.3907208443
96978	37.7871571879	-122.3974478245
1853510	37.770658585	-122.490678179
201048	37.7447781848	-122.4204105321
1219324	37.771667833	-122.414073917
1452697	37.77569624	-122.4123563
617949	37.7570270333	-122.3934982667
94668	37.7827067	-122.4109708667
48314	37.7625276	-122.39717585
129633	37.7852663652	-122.408541441
197682	37.7818469	-122.4083655333
216424	37.7808021042	-122.4084222844
112865	37.7795749667	-122.4111201333
40968	37.7789237006	-122.4109876156
82754	37.7791758919	-122.4113517748
151140	37.7791865758	-122.4119210243
162431	37.7770850719	-122.4125246448
99504	37.7772666967	-122.4128899918
114436	37.7766805667	-122.4143265833
36385	37.7758545	-122.4151066667
101887	37.7760192908	-122.4212095141
107352	37.7759789333	-122.4227688833
195896	37.7779015	-122.4232607333
86686	37.7904968262	-122.4224090576
36975	37.79038035	-122.42319845
39806	37.7891703037	-122.433859587
52730	37.799988915	-122.4417418242
22949	37.7998662	-122.4410638333
43726	37.7999918167	-122.4395256167
25851	37.8003046143	-122.4406935947
658655	37.7844862807	-122.4034452438
77367	37.7858249721	-122.4086944093
123378	37.7850119907	-122.430267334
109833	37.5825101167	-122.3518992
23784	37.77608585	-122.4260314167
88067	37.7862014771	-122.4103164673
36251	37.8015826575	-122.2742754221
83067	37.6183276854	-122.385764122
96182	37.6264384333	-122.4246078833
46658	37.6169854	-122.3897266333
13267	37.5874364333	-122.3290085667
61692	37.5601088833	-122.2814538167
1528891	37.588413017	-122.321581717
72288	37.5376270444	-122.3011565208
122360	37.5816984833	-122.3429779833
923047	37.5785348167	-122.3471206167
697107	37.5893837214	-122.3774009943
867996	37.5797468833	-122.33516475
210480	37.5790553993	-122.335896492
241849	37.575901	-122.3361216333
58352	37.6424923922	-122.4030546806
160038	37.5883123167	-122.3773236833
19480	37.5996801843	-122.3865795135
474828	37.5913309333	-122.3784571
1110338	37.5395022	-122.31315183
158313	37.6022175	-122.3936852667
388360	37.7820917167	-122.4008966667
505555	37.7819772667	-122.4004520167
86181	37.5943039	-122.3852294667
82864	37.7909662957	-122.4040117041
170693	37.5778757333	-122.3483136833
334810	37.7878778924	-122.4033486843
724998	37.5963516235	-122.380241394
538018	37.7869140246	-122.4046738391
129110	37.5475851333	-122.3095700167
58554	37.5589979685	-122.2827689959
112054	37.6160161653	-122.3904706006
965738	37.61549246	-122.39034283
48678	37.7867756356	-122.4041640759
612274	37.5956869333	-122.38605725
192501	37.8737863113	-122.2840547562
90010	37.7859446928	-122.4049580097
43049	37.5953023167	-122.3853949833
210866	37.5966545167	-122.3869562833
432879	37.5947922167	-122.3860681
112086	37.6159824713	-122.390505672
130709	37.6145413182	-122.3897066913
803017	37.6181237271	-122.3926734924
112084	37.6159824713	-122.390505672
125291	37.6160987935	-122.3918499182
61616	37.5607794391	-122.2800325134
242896	37.5609993	-122.2804122333
61704	37.5618357167	-122.2810470667
101996	37.5608687333	-122.2803681167
61685	37.55951395	-122.2825445333
594816	37.55957603	-122.28233802
61688	37.5596590833	-122.2822835167
13521	37.5597882167	-122.2819089833
13522	37.5601637333	-122.2811794167
696059	37.7863383293	-122.4028712511
857052	37.7286623833	-122.4405890167
827260	37.6360699165	-122.4175858498
123493	37.6147109736	-122.3905371922
195632	37.61657765	-122.4071051333
247695	37.62221193	-122.39963221
346391	37.7865127874	-122.4005806446
188515	37.7871895472	-122.4040116218
259851	37.6084583167	-122.40013675
561688	37.6144195596	-122.3901003005
391197	37.6139424584	-122.3919224739
191226	37.7871147933	-122.4043571949
348956	37.787411555	-122.4035458267
39662	37.7870498294	-122.403734164
683572	37.5951292	-122.38593735
490086	37.5955627333	-122.385794
390943	37.59528065	-122.3858335667
678109	37.6180387443	-122.3920512199
125286	37.6160987935	-122.3918499182
221823	37.6212267167	-122.3992879
335916	37.6047632393	-122.3971045017
37809	37.7869791304	-122.4040138721
334770	37.7891651167	-122.4020319333
178095	37.7876134316	-122.4033687081
291623	37.78712975	-122.40624547
280902	37.7871859	-122.4062991
131777	37.7874963438	-122.4063849449
433425	37.7880426	-122.408234
247007	37.7880882741	-122.4088043037
26358	37.788522281	-122.4074470997
585447	37.7883022511	-122.4089344496
52302	37.7884345	-122.4087036
170174	37.7874396665	-122.4088138943
579096	37.788353449	-122.4075100383
279302	37.7884883659	-122.4082946777
514225	37.78827482	-122.40829271
82620	37.7884798872	-122.4076509476
225674	37.7876404846	-122.4083697796
388592	37.7885195667	-122.4071127
511214	37.7879076	-122.4076189333
138229	37.7880813841	-122.4069643021
561759	37.7874539494	-122.4069321156
287664	37.7881407358	-122.4059557915
566115	37.7880325	-122.4068820667
237914	37.7874950313	-122.4071071921
508083	37.78784078	-122.40715092
369349	37.7877759833	-122.40825175
249449	37.7872165403	-122.4073505402
188340	37.7861651479	-122.4064171314
164379	37.7497064667	-122.4273876167
164397	37.7490644667	-122.4273217833
66807	37.7886240261	-122.3991322517
188317	37.60352785	-122.3959179667
5384286	37.790359926	-122.402302218
47927	37.7710984939	-122.4239051342
44409	37.7600489667	-122.4234033667
195766	37.8707283833	-122.2728619667
541537	37.8290513833	-122.2823638333
33716	37.7628677333	-122.411484
267166	37.8695286833	-122.3195763333
1491303	37.8059186497	-122.4315547943
581712	37.7608925667	-122.4371480833
170060	37.7698751342	-122.4248063564
155148	37.7776093103	-122.3975336552
43746	37.7607572	-122.4195954833
244259	37.7999265167	-122.2500959833
2572651	37.79368355	-122.274715133
37328	37.8346916565	-122.292444706
766192	37.8688157667	-122.2675766333
38438	37.8100000167	-122.2443199333
42175	37.7767333255	-122.438746002
538933	37.8059186497	-122.4228000641
417355	37.797889417	-122.2445709349
139865	37.7551886013	-122.4226106566
81029	37.7997931315	-122.408898523
78602	37.79796885	-122.4069604941
500130	37.7513987905	-122.4324934017
10707	37.7470579947	-122.4120819569
29945	37.8589688167	-122.4846316167
9901	37.80759215	-122.4747061667
10373	37.8085684667	-122.47172355
10355	37.80919075	-122.4695348667
28559	37.785045656	-122.4642737675
144796	37.7615367091	-122.4773456284
570767	37.7700362711	-122.422606945
24829	37.8007568833	-122.4367637333
201445	37.7714769598	-122.4370959759
1297887	37.78723019	-122.38972544
1275012	37.925400733	-122.51828195
259860	37.85874845	-122.5751948167
658713	37.9193848167	-122.5077888333
1267393	37.795470733	-122.395162033
557390	37.7704963575	-122.4250718951
69905	37.7677061122	-122.4283120036
1247500	37.8701862404	-122.2835701881
286777	37.8704748703	-122.2679400444
233567	37.7649833691	-122.4204971995
485347	37.8136171833	-122.2469165333
391308	37.7551848336	-122.4231869651
1021133	37.784645216	-122.4067242381
390991	37.7555685333	-122.42138975
705413	37.8700259934	-122.2683691978
419713	37.7680548987	-122.4248787761
47851	37.8795269833	-122.2960493
13626	37.7638614167	-122.2431564167
119999	37.78202555	-122.3880174333
316119	37.7661637333	-122.4312041
95590	37.7752518292	-122.4188625813
33103	37.7678645833	-122.4198896333
556571	37.88099075	-122.2959154167
73827	37.79227545	-122.4055468833
529739	37.7898449558	-122.4049472809
184425	37.783897499	-122.4072925795
78704	37.798179292	-122.4072493774
524468	37.8056897767	-122.422413826
206717	37.7858259859	-122.4080693722
157951	37.6176308255	-122.3915576935
97613	37.6281201833	-122.4011492667
12954	37.7549350167	-122.4465537
97097	37.7642657667	-122.4649233833
47077	37.72184625	-122.1531283
17768	37.7896260359	-122.397713704
275140	37.8098517635	-122.3664951324
147443	37.8098026167	-122.3661905
439678	37.8749712167	-122.2675176167
127841	37.8914437	-122.2799397667
45839	37.8988228167	-122.3247221167
272555	37.9037241833	-122.3198903667
182088	37.752338	-122.4109957667
801832	37.7567271333	-122.408502
3727805	37.78060685	-122.3963457
143974	37.7901280795	-122.4039143069
123139	37.5669009667	-122.3232940167
399887	37.7649473833	-122.4223630167
378789	37.8063985833	-122.4319003167
396386	37.7849356782	-122.4313938618
663665	37.7962693305	-122.4060135951
230724	37.7913202191	-122.4038314819
244050	37.8585111667	-122.4856566333
49249	37.7807854396	-122.4690945398
34523	37.7705495	-122.4893583
399353	37.7986443	-122.4082088333
973016	37.8006802011	-122.4075145829
125610	37.78496	-122.4312761
539596	37.7656886583	-122.449841214
239970	37.7999846763	-122.4376916885
956231	37.7712446167	-122.40655855
549009	37.7878503833	-122.4196263333
13262	37.5861167833	-122.3165202
475221	37.8113351034	-122.2656333447
174756	37.77965283	-122.39628571
10023	37.7783989833	-122.51425265
45599	37.7788429989	-122.5134835393
17725	37.7910578667	-122.4039022333
138438	37.7991030167	-122.4071681499
411590	37.78767997	-122.41294729
169021	37.7902519279	-122.4050223827
24368	37.76304375	-122.4263025833
19838	37.79659595	-122.4051245333
594890	37.7922887	-122.4041688667
47019	37.7794789	-122.4115351
47026	37.7880898834	-122.3977789068
140178	37.7863030984	-122.4103862554
27627	37.787639814	-122.4139433518
52451	37.7981620031	-122.405333519
60059	37.7864776556	-122.4147599191
410222	37.7874955568	-122.4224719901
51514	37.7969326	-122.4359689167
28291	37.7969563333	-122.43521565
15688	37.7969376	-122.43553465
278590	37.7855547167	-122.4349699667
33993	37.7953853667	-122.4183417667
117082	37.8001817923	-122.4110260171
123697	37.7703717546	-122.4066944426
278847	37.7887143667	-122.41344625
120205	37.78769254	-122.4058861649
122952	37.7851202136	-122.4313920457
15040	37.79535055	-122.4065566
39183	37.7601497812	-122.3972822737
175721	37.7886705568	-122.4206681692
94816	37.5357243167	-122.2985166667
49181	37.5361041922	-122.2973746061
221306	37.7981067564	-122.4037430571
29245	37.7970959303	-122.4035136402
502076	37.7602307117	-122.3885931162
21150	37.7865721403	-122.3975980282
49423	37.7634124333	-122.42006225
257074	37.6152285167	-122.3834173833
29602	37.7517633333	-122.4290769167
310180	37.7440834793	-122.4267206058
44273	37.7514803333	-122.4319410167
10301	37.7755343833	-122.4092817167
27946	37.789069159	-122.4069964886
48864	37.7896421738	-122.409080809
491298	37.7997227975	-122.4095367359
281727	37.8000148882	-122.4411718862
117254	37.8000992673	-122.4412459358
482975	37.76947405	-122.4521305
337129	37.7645451837	-122.4309996958
81317	37.79957965	-122.40735445
34638	37.7717462	-122.4141464833
98464	37.5495748333	-122.2647029167
407456	37.8089118667	-122.41295305
2838818	37.790139448	-122.403886994
4450661	37.785413317	-122.392899567
29826	37.8012478049	-122.4583768845
578161	37.7864534344	-122.3899698257
496700	37.6206249352	-122.3878283209
41953	37.7700465	-122.4474103333
342165	37.5637535613	-122.3249061473
664268	37.787733752	-122.3918473721
22717	37.7909038	-122.4048314167
172197	37.7656271167	-122.4664403167
9641	37.7675089253	-122.4679684639
490281	37.5567600333	-122.2760526333
24256	37.5566558191	-122.2757667303
443743	37.7980178828	-122.4056258798
278854	37.7897072833	-122.40241785
487457	37.7851807	-122.4294679
229616	37.7848053399	-122.4289779755
395916	37.78016722	-122.42850714
382325	37.7786744167	-122.2770496667
17001	37.7575598423	-122.3925232887
122049	37.6190245387	-122.3840689659
187673	37.6128461112	-122.3835432529
129671	37.6126591357	-122.3834896088
33116	37.7095428675	-122.4013209343
121573	37.6145883608	-122.3823308945
123700	37.80659025	-122.41222006
72871	37.8085529833	-122.4146857167
9421	37.8107671997	-122.4112558365
24817	37.8106432833	-122.4106442833
33483	37.6244121843	-122.408670187
53497	37.8005908529	-122.438059322
53489	37.80027265	-122.4356438
48165	37.7973099939	-122.4328637123
53345	37.8810993667	-122.5250873333
53190	37.89934365	-122.5740050167
26439	37.7658048333	-122.4353600667
26427	37.787731	-122.4336635167
68349	37.793727236	-122.3931370154
506394	37.7942025284	-122.3968513591
677627	37.78229375	-122.4000227667
136064	37.9324870667	-122.5357973833
811492	37.8734746167	-122.4558771333
94656	37.793414364	-122.3971903324
407409	37.8060801667	-122.4042544833
251966	37.7946606488	-122.4017179012
26607	37.7903058167	-122.4058680167
252633	37.6183758325	-122.3868614164
409290	37.7848614304	-122.4288280987
399717	37.7837042957	-122.4327792414
120415	37.8002416833	-122.407545
80826	37.6207581455	-122.3903775215
53828	37.7903337469	-122.3996765257
210921	37.7713677575	-122.4237763882
49162	37.7969157773	-122.4005699158
126263	37.7977489345	-122.3998876347
109511	37.7847891167	-122.5004334167
143111	37.7631953333	-122.4415833833
64119	37.7979692167	-122.4056296167
44587	37.7680744319	-122.4246271714
49352	37.7976563555	-122.4000584579
111883	37.79074805	-122.41987505
384463	37.7478710167	-122.42295525
54785	37.7721649417	-122.4227571487
148077	37.8841007923	-122.3127436638
294999	37.74906125	-122.4224903
390178	37.7426685667	-122.4271052333
411337	37.7481473667	-122.4292918167
38871	37.7515045167	-122.4294163667
117157	37.751825106	-122.4270309839
10026	37.7144443833	-122.5025153
33991	37.7422731833	-122.4265482333
458587	37.7861095	-122.4038094667
156702	37.7863938667	-122.40393605
1218108	37.786493067	-122.4043632
694154	37.7872450126	-122.4037848498
777443	37.7873065913	-122.4040993259
453588	37.785049087	-122.3994500935
932166	37.785796373	-122.402607623
174293	37.7784015333	-122.40629035
678213	37.7869598219	-122.4046848762
69849	37.7863061833	-122.4045544167
213861	37.5505486	-122.3128138
1029842	37.5451254241	-122.2913212827
85915	37.7956610526	-122.3925447464
729577	37.7847474287	-122.4041582892
1069996	37.751968503	-122.4188089371
75952	37.7866060562	-122.4044215679
342216	37.7871276869	-122.4041019393
459338	37.7865551823	-122.4044752121
486341	37.7528169167	-122.5047366667
360872	37.5781581667	-122.3226356167
612310	37.5942000167	-122.3843735833
696809	37.5956366201	-122.3854721132
612317	37.5943875667	-122.3844133167
63161	37.5965042833	-122.3767321167
276563	37.5943842577	-122.3841226101
1005660	37.5986553	-122.3840731667
731641	37.5951610277	-122.3839946732
612247	37.5950521114	-122.3837016904
612250	37.5950521114	-122.3837016904
612031	37.5954039167	-122.3838412333
252037	37.59551475	-122.3837446
789994	37.595625	-122.3836805556
206568	37.5953711	-122.3831121
226531	37.5979834833	-122.3831233333
599686	37.5970451833	-122.3794877333
663616	37.7717748313	-122.3957419395
49374	37.7868858621	-122.4001407623
689052	37.7839629128	-122.4018633708
461232	37.540436	-122.295716
189780	37.7870755514	-122.4029532979
389523	37.784488413	-122.4018006594
500288	37.7852202253	-122.4034879767
41862	37.7868053167	-122.4031858667
117252	37.7879791446	-122.4035495867
376006	37.7873338453	-122.403975785
197375	37.7879772667	-122.4027216333
325674	37.7877854066	-122.4033517758
490266	37.78716337	-122.40319937
231020	37.7897262854	-122.4031245134
377521	37.7909654754	-122.4031986615
326917	37.7908732657	-122.4031577812
632209	37.79057825	-122.4027734833
187494	37.7892201	-122.4030025667
666258	37.7905834888	-122.4027700758
491333	37.7893471498	-122.4037545953
502227	37.7876320058	-122.4025332928
178966	37.7880925254	-122.4033322124
562421	37.8141830323	-122.24581182
683421	37.7571399667	-122.5020164251
49263	37.7972124997	-122.2650647163
388752	37.8039171076	-122.2761743035
281180	37.8047234162	-122.2779017687
506649	37.8035961	-122.2816973667
182752	37.8010875833	-122.2900516167
519037	37.8049828667	-122.29074835
44506	37.8059016961	-122.3241913319
165288	37.7400809667	-122.4035810667
129694	37.7361564167	-122.4044615167
199633	37.7627348833	-122.4073290667
524828	37.79798126	-122.27706807
126062	37.7882000874	-122.4031555653
468931	37.78580835	-122.40565255
266902	37.8050576667	-122.2943877
226430	37.7989044189	-122.2817306519
48109	37.8101994833	-122.2465857167
458499	37.8104627333	-122.2452948833
592222	37.8100280762	-122.246131897
297135	37.8108781	-122.2440168833
469796	37.8107322333	-122.2440826667
388796	37.8106637667	-122.24387355
547377	37.8107349333	-122.2438217833
487700	37.8106885	-122.2443627167
480114	37.8109595833	-122.2437598333
38452	37.8110816833	-122.2433137667
504249	37.8114876738	-122.2416248918
38450	37.8110490333	-122.2432307167
323716	37.8108773903	-122.242770195
38441	37.8110814833	-122.2429950333
544358	37.8113181511	-122.2431135178
227207	37.81154955	-122.2424229667
121759	37.78532356	-122.4032799
345927	37.7894210242	-122.4028980732
530773	37.7881939167	-122.40279515
106392	37.7878768162	-122.4043623816
486369	37.7862101762	-122.401719404
618056	37.7846328755	-122.4042043084
417372	37.7902912456	-122.3984554187
528616	37.7731278333	-122.4414624333
543858	37.78460597	-122.4021058
39137	37.7836213948	-122.3975872993
30382	37.7982191167	-122.4113483
80708	37.7869452147	-122.4027693272
202178	37.78723531	-122.40318524
425645	37.7873764083	-122.4003601151
321519	37.7862341667	-122.4532927167
501874	37.7864323333	-122.45271725
140289	37.7864458375	-122.4533836573
562629	37.786377122	-122.4017954383
360555	37.7633681	-122.4827042
55819	37.7603531167	-122.5040854667
319847	37.7534662667	-122.4973295667
456301	37.7855207387	-122.4018788338
269634	37.7146863047	-122.5005841255
307955	37.7940541167	-122.40369145
740611	37.8089235	-122.41014065
370786	37.8087082	-122.4106509
74836	37.79779	-122.4309325333
86712	37.8006591172	-122.4368894159
617403	37.80210673	-122.4309836
645853	37.7699175387	-122.4615097046
20072	37.5650585771	-122.3227214813
61860	37.7988277439	-122.435875397
1089239	37.7649037667	-122.423232
34182	37.7646030144	-122.4230611038
1350110	37.779941277	-122.4132299423
266034	37.8005599686	-122.4383239996
43734	37.77193563	-122.4316277651
52389	37.7916678343	-122.4278104305
109841	37.7723192295	-122.4305259458
176270	37.7972415113	-122.406058809
18807	37.8800022716	-122.5233829021
858318	37.79777574	-122.40679085
99609	37.80015085	-122.4093603667
50862	37.8001999833	-122.4358034
92647	37.7972887947	-122.4220879432
43749	37.7718723029	-122.4315374168
161151	37.76800135	-122.4290965
965380	37.765579375	-122.4287481125
612613	37.800398469	-122.4307715893
428156	37.7977991646	-122.4269621927
74293	37.7648812167	-122.4235066833
37784	37.7962663167	-122.4219202333
210127	37.78374195	-122.48150825
607449	37.8071683645	-122.4287545681
600390	37.8041911125	-122.4321395159
38846	37.7756400833	-122.4459736833
232491	37.7979061411	-122.4290854576
473187	37.7955600993	-122.4014298077
90011	37.7952426	-122.4024074167
893947	37.7944406506	-122.4021882636
33184	37.7648846167	-122.42260265
1042434	37.7651059167	-122.4259610333
4888436	37.770360033	-122.4919892
1381629	37.754610088	-122.420966171
2448890	37.755644247	-122.418499233
574605	37.7820536345	-122.4012044092
166738	37.76182165	-122.4350057
30787	37.7996045088	-122.4082024998
31518	37.7791017775	-122.4143135548
90130	37.560938843	-122.2725193987
114605	37.7918034885	-122.406835556
1157962	37.7925902333	-122.4039357
162479	37.7922006031	-122.4038123006
1129101	37.6138900579	-122.3859461117
116016	37.5372523682	-122.3279562625
116371	37.5778203663	-122.349114418
759899	37.5803403667	-122.34370505
175651	37.5812930333	-122.3488709
88643	37.5985413763	-122.3875517657
629687	37.5872855948	-122.3632335663
154049	37.5801252167	-122.3439255833
153944	37.5363964667	-122.32812185
261064	37.7921341448	-122.392179966
184325	37.5649508	-122.3229594
81141	37.7289943851	-122.2110128403
267699	37.9056473333	-122.558455
143132	37.9057570167	-122.5584950833
153964	37.5373063467	-122.3283321882
153967	37.5368599	-122.3280170167
207507	37.798286438	-122.4415817261
140292	37.79914365	-122.4413762833
117263	37.7990204833	-122.4413240167
120574	37.78694194	-122.4114075655
197010	37.7873035642	-122.4095467061
153957	37.5373063467	-122.3283321882
153953	37.5373063467	-122.3283321882
153951	37.5373063467	-122.3283321882
143785	37.7736108298	-122.4210860016
53430	37.7737272833	-122.4210286333
1023482	37.7936258482	-122.3942048301
5819700	37.7937715	-122.39603266
5235403	37.772046448	-122.47416404
849451	37.7860583	-122.41052275
48792	37.6194239517	-122.3841977119
642110	37.7489098833	-122.4204864
710048	37.73625105	-122.4242880333
688154	37.7455294833	-122.4223884333
37078	37.8447171	-122.2727819833
249696	37.7852918026	-122.4079084396
52793	37.7485341994	-122.4270491511
88486	37.78521755	-122.42932455
260128	37.7946947833	-122.3947373
120106	37.7903894333	-122.3891798333
188475	37.7560958862	-122.4179992676
59539	37.7501035143	-122.4203646183
132042	37.7510734167	-122.4205659667
15349	37.7866923667	-122.5073003667
92227	37.7779319797	-122.4227584974
4058593	37.784403	-122.399595
187672	37.6291812	-122.40319997
22706	37.7904443167	-122.4059872
372769	37.7933524805	-122.4061158831
117402	37.8904235167	-122.2976965167
29667	37.9446774167	-122.5089660667
225823	37.89157895	-122.2790271333
127856	37.8913646833	-122.2789169167
30897	37.7650202	-122.4317964667
33185	37.7648846167	-122.42260265
35637	37.7656186188	-122.4095216221
24992	37.8790842333	-122.2958876333
591775	37.75260812	-122.40333533
259946	37.79495475	-122.39540985
1402602	37.752870752	-122.407314021
907104	37.7808316449	-122.4087238312
380794	37.80060428	-122.44335919
413209	37.7994336403	-122.4011707306
386395	37.7826062833	-122.40647605
131376	37.8004602833	-122.4398091333
579701	37.7893102127	-122.4071555503
52229	37.8006233833	-122.4379149833
347844	37.7724855833	-122.4163579167
22397	37.7986932169	-122.4083785765
525383	37.7629319697	-122.459815176
317016	37.8007698833	-122.4077153667
244225	37.7870045672	-122.4353206158
688142	37.6910108407	-122.0737773513
340543	37.8310775667	-122.28740215
346140	37.7901111833	-122.4460443833
209524	37.79998496	-122.4508310841
48283	37.7741232112	-122.4172605899
582463	37.7864412182	-122.3956217894
581947	37.7894437744	-122.4053192563
61839	37.7864609667	-122.4143254667
76502	37.7895194705	-122.4037702353
319264	37.7854681333	-122.44097915
183328	37.73991735	-122.4665997833
564931	37.7926227488	-122.4092225392
116296	37.876716516	-122.3033291101
543865	37.7734206167	-122.4134373167
74320	37.7814976772	-122.4323203778
129161	37.79873585	-122.44836527
499945	37.9065369964	-122.5480592251
40493	37.9065369964	-122.5480592251
499765	37.8415590765	-122.293587327
87435	37.8415590765	-122.293587327
157043	37.9712108667	-122.52581995
518938	37.7802295833	-122.4074008667
352147	37.7735759333	-122.4177891167
501452	37.7689802	-122.4029717833
457435	37.794765	-122.4048358833
128868	37.8001522833	-122.40139875
47951	37.7994951022	-122.4097444117
474842	37.7792176007	-122.4335449417
231287	37.6007374667	-122.3778045167
241466	37.6035102333	-122.3771462667
28534	37.7663962037	-122.4304267065
150319	37.7944741313	-122.3995935917
129882	37.7993134481	-122.44102809
383857	37.7803057667	-122.43232515
417196	37.77946805	-122.43697494
232635	37.5794867109	-122.3451970754
85196	37.7781753167	-122.4385768667
397559	37.7887088135	-122.4057412148
213009	37.77930134	-122.43498718
16381	37.7975304151	-122.3990088701
214435	37.799153882	-122.4009883404
66756	37.7989290667	-122.4011192333
88032	37.7234880167	-122.4020139
123702	37.77718359	-122.43784683
48333	37.7833909167	-122.43927185
399661	37.778730907	-122.4381178207
18421	37.7799398167	-122.4387800667
317006	37.7976273997	-122.4053972365
140227	37.7965121667	-122.4051160167
162654	37.7964240634	-122.4040514231
161057	37.779852395	-122.4319975245
376683	37.7935751333	-122.44648075
160881	37.7957073833	-122.40176395
366318	37.7963126727	-122.4018796747
178513	37.7964503759	-122.4026067496
116661	37.7964530837	-122.4021859844
565891	37.870846	-122.3147569667
657498	37.8766771333	-122.5034895167
505213	37.8083447667	-122.4084139667
710057	37.80785501	-122.4087238312
407420	37.8071757667	-122.4062919167
407399	37.8052625	-122.4033508667
407391	37.8038325833	-122.4016102833
60774	37.8608056333	-122.2994160667
80962	37.5484294333	-122.3114098167
563981	37.62010651	-122.38482803
11863	37.8027749	-122.4587631167
213941	37.5447933833	-122.2848064167
69668	37.6192879816	-122.3843371868
247130	37.6178815539	-122.3852186987
13628	37.7644193167	-122.2434353667
9954	37.8323650333	-122.4799203833
54636	37.7639801167	-122.4218766333
491691	37.7980617458	-122.4037251477
512492	37.7473040162	-122.4209225178
489728	37.7566338667	-122.4242957333
140386	37.8684655	-122.2668403667
165733	37.8904344211	-122.2983777523
1327960	37.84181904	-122.288659815
5305317	37.8082412466	-122.4093031883
930531	37.7790508984	-122.4175214767
42565	37.7970779779	-122.4057768104
583189	37.7858141161	-122.4206083898
349192	37.7883030165	-122.4202923721
33189	37.75152285	-122.4311248833
41091	37.79887095	-122.2565827167
78601	37.774333109	-122.4240019491
983735	37.787981025	-122.396786325
28343	37.7944979187	-122.4040257101
104736	37.7643962699	-122.4662572145
1049133	37.7990623604	-122.2639693452
345922	37.8090210802	-122.2549420595
262134	37.868633106	-122.2678675515
129772	37.8140606833	-122.2642600333
138723	37.805848188	-122.2677121237
219592	37.8265365	-122.2522524333
1409086	37.8704240542	-122.2666096687
74144	37.8527454	-122.2700615
59055	37.8687555724	-122.29185462
56606	37.8095648	-122.2703173167
637528	37.8642710333	-122.2677963833
203069	37.7554733861	-122.4212385642
60840	37.87848285	-122.30080525
64142	37.7733453167	-122.4184585333
561523	37.8708797254	-122.267829073
331805	37.7730474167	-122.4195855833
26731	37.7487340333	-122.1454910833
209622	37.7717846833	-122.4316496167
94703	37.7712130446	-122.4303444548
335204	37.8574566833	-122.2910273167
72269	37.8700959167	-122.3013454833
1122245	37.80514245	-122.4303463333
259028	37.7951314167	-122.39326725
1088009	37.7629531667	-122.41121635
733502	37.7792120153	-122.3979198933
584756	37.8169358	-122.2675213667
475653	37.8716449833	-122.2723090667
480544	37.7713106943	-122.4367200507
22785	37.8041045167	-122.4684297333
113226	37.773064597	-122.4375045523
101261	37.7820272649	-122.4819052219
59184	37.78374145	-122.4175557667
464436	37.7772347	-122.3975792667
329231	37.7541168333	-122.4204050833
43957	37.7597304167	-122.4046904167
59507	37.7523255333	-122.4192128
46827	37.9790310915	-122.5484454632
476000	37.7552441349	-122.4234008789
669161	37.7890225262	-122.4084448814
1243106	37.7653377136	-122.4372786283
48838	37.7882559929	-122.4090853064
299762	37.7547201585	-122.4231466287
162400	37.7435457357	-122.4267697334
139977	37.7490695333	-122.4270564333
31129	37.7883290333	-122.41213225
99567	37.7554218226	-122.4210459201
41920	37.79551055	-122.4217760667
573581	37.6135168833	-122.3853709
48815	37.7823169	-122.3884082889
105378	37.7621231079	-122.4414367676
107449	37.7602062867	-122.4099518583
2823159	37.7855207387	-122.4018788338
714949	37.7817828833	-122.4049845167
151238	37.8561602805	-122.4776029587
52771	37.9283824382	-122.5144457817
58196	37.8326787167	-122.2806115167
53440	37.806011894	-122.4168133736
245756	37.6183616784	-122.3853564262
27993	37.7630977833	-122.4241205
1456916	37.7777391672	-122.391525507
1553970	37.793977739	-122.392224496
512468	37.7972122833	-122.2762518
359414	37.7945644667	-122.3917718833
1328875	37.7631325115	-122.4244952202
33160	37.7649125833	-122.4236704167
1056894	37.78599113	-122.41938585
749630	37.7875197011	-122.3991398423
64069	37.8700152167	-122.3010822
414235	37.7864111667	-122.3984482667
384413	37.7763604883	-122.4182883325
1172500	37.7748278138	-122.4232292175
518821	37.7820154667	-122.4174992
1414891	37.77646458	-122.40850687
710542	37.7975734397	-122.4078535362
85569	37.7776919333	-122.42405865
447532	37.77711361	-122.43859183
265575	37.6553452833	-122.4115877667
67205	37.7870661584	-122.4118764944
161284	37.7907240077	-122.4040372642
99663	37.7877666558	-122.4200734536
97135	37.7875048227	-122.4199140072
60080	37.7877132584	-122.4198318671
39196	37.78436735	-122.39019375
77495	37.7602348517	-122.4215359326
443802	37.7884629296	-122.4203431606
240080	37.78982645	-122.41884464
123542	37.5537809738	-122.2568142414
180616	37.5538216667	-122.2570964833
49811	37.7970327231	-122.3990034104
361371	37.7700990833	-122.4462801
287900	37.7825655878	-122.4175717979
180336	37.7983327305	-122.4188448448
306676	37.7516841833	-122.4183583167
19461	37.7601765167	-122.41884655
17962	37.7653114833	-122.4190746167
117229	37.7872910333	-122.4122024333
188583	37.784876324	-122.4078333378
98632	37.7573690689	-122.4189922737
63352	37.7977542	-122.4054546333
61894	37.7768054	-122.4098365667
30815	37.7754834833	-122.4095811667
590940	37.7858281	-122.4296872
50574	37.7831241167	-122.4478435833
273659	37.7860994667	-122.4297792667
1335613	37.620949931	-122.389938782
931181	37.6171549175	-122.3891973495
1567303	37.781433342	-122.391538727
1592967	37.7806281332	-122.3907530308
349480	37.7874653	-122.4116970879
1380942	37.808844333	-122.412279867
105337	37.7862167214	-122.4172439153
1123423	37.80894151	-122.47235727
66108	37.7868980751	-122.411439705
38238	37.7866632	-122.4125341667
33995	37.763595	-122.4186717333
183111	37.7885094082	-122.4002581597
47139	37.7806620518	-122.4747812748
764524	37.7801870167	-122.4786098833
170987	37.78008845	-122.48091465
52934	37.7798294833	-122.4820322833
650050	37.7797738667	-122.4815136667
599860	37.7804936833	-122.4788251667
411284	37.7848771	-122.4702293167
51471	37.7868165667	-122.46685455
808188	37.8025126333	-122.4742630167
1350553	37.8527122736	-122.4870657921
1224409	37.8560332155	-122.5057125092
37265	37.8889107167	-122.5173895333
390984	37.8982267667	-122.5150310833
386720	37.9032042333	-122.5182508833
179130	38.013491	-122.544127
1271064	37.60136073	-122.38223761
1100900	37.78427265	-122.4084359
353706	37.7894364313	-122.4052058218
77514	37.7898279986	-122.4107944965
366954	37.7901234931	-122.4093652101
64635	37.7896457082	-122.4141311646
355813	37.78844065	-122.4164243
52966	37.7877125549	-122.411481142
232983	37.7902519279	-122.4090349674
81304	37.7933148434	-122.3993947776
328487	37.61635029	-122.38852679
631706	37.61624491	-122.38797897
1949943	37.784434673	-122.406138455
132324	37.5340428333	-122.3274427667
636819	37.5367507701	-122.3257684708
1015559	37.7327219667	-122.4994383833
197626	37.7325398833	-122.4989336667
493330	37.7776404	-122.4347212667
34983	37.765286825	-122.4170386791
783932	37.7892955333	-122.3891941
2442304	37.789153788	-122.389625176
246619	37.7878957107	-122.3905137907
194822	37.78892825	-122.39002595
379263	37.7878780651	-122.3900131966
608310	37.7897976484	-122.3913463145
427063	37.7580849667	-122.3941995833
501725	37.7576958167	-122.3905486167
52201	37.7963975	-122.4069128
771450	37.8009149333	-122.4027338167
353666	37.8031299167	-122.4023195
34709	37.8013827833	-122.40218605
182836	37.8016452802	-122.401727544
1933419	37.802862757	-122.401947614
504889	37.8717636477	-122.2714917422
983271	37.8361314167	-122.2923591833
1502237	37.8361684084	-122.2926002741
608201	37.8366659463	-122.2923159599
421784	37.8367760983	-122.2923374176
49302	37.8373502	-122.2930176
1497286	37.8366312	-122.292564746
375429	37.8357169381	-122.2922623158
182932	37.8292254667	-122.2855798333
1023288	37.7889896	-122.39472055
1574679	37.793597767	-122.391881917
1484015	37.781998	-122.392427
21186	37.7903973254	-122.402375957
9113	37.7946797244	-122.4054139853
1102165	37.7957712658	-122.4068194628
293048	37.7954533	-122.4070804
1102162	37.7949743362	-122.4081015587
731207	37.7944910874	-122.4070608616
430615	37.7857790667	-122.4063322833
1278428	37.7852197299	-122.4054689705
803491	37.785563729	-122.4067382813
1008815	37.78586	-122.405804
1261041	37.785742967	-122.406303133
1102156	37.7937280567	-122.406771183
566659	37.7936856659	-122.406116724
9162	37.7936008841	-122.4063527584
1102170	37.7926004524	-122.4063205719
599963	37.7927106701	-122.4056553841
1041413	37.7779106964	-122.4145209536
1668280	37.787980985	-122.399570163
52801	37.5524239333	-122.3140414167
356850	37.7993068036	-122.4106574722
42158	37.7988741226	-122.4090564251
25869	37.78690282	-122.4106872082
94040	37.7715089375	-122.435043072
647931	37.6147325667	-122.3822774833
259992	37.8069410833	-122.4687972833
144051	37.8015794274	-122.4120285877
976901	37.7960910167	-122.39862705
48132	37.7984841532	-122.408670187
32990	37.7918941521	-122.4106112441
102529	37.7990691065	-122.4193158746
422716	37.7981716082	-122.40725138
404308	37.80255079	-122.41259014
353657	37.79075944	-122.4042223
37839	37.8025751333	-122.4142699667
51770	37.80054835	-122.40914085
47033	37.7873664802	-122.3994742144
391020	37.7818340005	-122.4217505708
1383741	37.768266831	-122.421593062
3011226	37.871845833	-122.2714391
560507	37.77076365	-122.4774224667
21149	37.7685348833	-122.4736954833
873292	37.7718620384	-122.4334862029
111416	37.7719776333	-122.4338156
502879	37.7575887966	-122.4122933705
291555	37.7643747	-122.4336180667
1415195	37.831440569	-122.253596857
1146055	37.79611664	-122.43038988
188696	37.8948598579	-122.3004062993
1001242	37.7949118464	-122.2757249634
109844	37.7670084333	-122.4070249333
949860	37.7940812833	-122.2709314667
59279	37.8457487833	-122.2524491
795249	37.8801369	-122.2668396333
280274	37.7956386346	-122.2753590286
337086	37.7970009833	-122.2758841167
116053	37.5645295285	-122.3237862094
422344	37.7948662401	-122.2761478792
659833	37.7832885852	-122.4326942124
30596	37.7954406258	-122.2704613209
52998	37.7933465383	-122.2745811939
44823	37.7974800088	-122.4060474684
167508	37.8013413558	-122.4246084876
54783	37.7871619333	-122.3977505333
270878	37.6193474685	-122.3840260506
579971	37.7955275833	-122.2547469667
259346	37.791352657	-122.3972018708
514243	37.8396164833	-122.19617275
188670	37.7913020325	-122.4151453626
64661	37.7905126433	-122.4128571153
221528	37.8987220333	-122.2987817333
215316	37.79985425	-122.2502986167
61760	37.8132133833	-122.2686140667
22628	37.78763755	-122.3980044833
400264	37.7972368324	-122.2756290525
111047	37.8705986167	-122.3008171333
307818	37.8803033707	-122.2688438685
140142	37.8796548	-122.29984605
58472	37.79404145	-122.2754345833
25857	37.7918374021	-122.4132084846
81189	37.80909045	-122.2552409667
61201	37.8643095333	-122.2988495167
233157	37.8314208833	-122.2534429833
61739	37.7682193167	-122.4035444833
192646	37.7979593833	-122.2548879167
169883	37.7967090735	-122.2781773898
79867	37.7946509833	-122.2766418333
60038	37.7936826	-122.2746617167
39377	37.8304683667	-122.2472234667
64655	37.8622877167	-122.2814069833
59981	37.8207048843	-122.2607570887
30995	37.824615858	-122.2547758008
36007	37.7585878918	-122.4196751897
365618	37.74330915	-122.4287202
239362	37.7869626335	-122.4131164417
3718815	37.780540586	-122.408189265
365233	37.78085415	-122.4654213667
732771	37.7885138833	-122.4200159833
160454	37.751633	-122.4297297667
659768	37.7796489	-122.4071359634
160476	37.7516418333	-122.4280849833
164443	37.74715505	-122.4271311833
186751	37.7551309667	-122.4230522167
221530	37.6206561698	-122.3899269104
13669	37.761461603	-122.2451198101
39486	37.7632985186	-122.4151657921
138957	37.76472395	-122.43245375
12935	37.8091692833	-122.4305462833
260639	37.76185475	-122.4351675333
381956	37.7594534833	-122.4347812333
1226280	37.7689956	-122.42661455
35190	37.7646731	-122.4328787833
166523	37.7652556	-122.4320374833
326944	37.7965780224	-122.4053193221
25096	37.7806504	-122.4061246
147210	37.7939476954	-122.3934331071
399044	37.7859277347	-122.4008274078
985975	37.7843333833	-122.4009682
629241	37.8055711015	-122.4233043194
55556	37.7698297833	-122.4491204667
195232	37.7910385132	-122.4036178589
893465	37.7644322167	-122.43309695
480893	37.7535927167	-122.3908455667
87569	37.7391537512	-122.417658266
785574	37.7906611755	-122.396575101
55192	37.7691935	-122.4314169
24788	37.7648612333	-122.4231970167
231578	37.7901123759	-122.4030282893
285131	37.7920408829	-122.3978233337
360908	37.79686235	-122.43598525
425110	37.787891	-122.3991792
340561	37.7912201185	-122.3960360966
383854	37.7898110414	-122.3979413509
36731	37.7909065167	-122.3140254333
64642	37.7955667157	-122.401379096
18396	37.7603843983	-122.4146461487
352532	37.7754830333	-122.4225536
90190	37.7507159287	-122.4183688961
87472	37.75954385	-122.43529135
28353	37.7758196	-122.4090319833
367293	37.8062128333	-122.4389737833
147262	37.7999811667	-122.4408724
175704	37.7891242706	-122.4334108829
46953	37.7975229971	-122.4328704178
239632	37.8005578736	-122.436217238
459748	37.7618500667	-122.3966785
127533	37.578597	-122.3235819667
544346	37.7998781167	-122.43968725
326721	37.8003837333	-122.440013
404872	37.8001066	-122.4430294667
411221	37.8006760333	-122.4387051
475599	37.7979694	-122.4226839
57243	37.7985391	-122.42256855
75886	37.7581559167	-122.3885924333
40171	37.8003181766	-122.410530651
325103	37.8058847426	-122.416062355
383152	37.78233245	-122.4001324
372830	37.7992892673	-122.4410061206
70824	37.7977921833	-122.4341407667
61470	37.8064950674	-122.4393975735
226738	37.7633008049	-122.4078966785
52269	37.7974009667	-122.43023725
224840	37.6409602333	-122.42082365
36367	37.7943713167	-122.4212560667
214228	37.7625303102	-122.3969972134
797115	37.7702628456	-122.4307814039
40057	37.7988090743	-122.435824074
30005	37.7977632333	-122.4276927
52873	37.7967111833	-122.4370181833
475987	37.77692478	-122.41390395
89017	37.7987553667	-122.4313269667
17966	37.7651452333	-122.4183573833
172642	37.8028864829	-122.4277347997
99765	37.799597272	-122.4092475262
111990	37.8006464667	-122.4326172667
1346803	37.7624115657	-122.397351265
1375196	37.763538683	-122.4206632
17413	37.7581422333	-122.4040159667
17414	37.7589509284	-122.4049043655
243897	37.8078330833	-122.4292755167
3926641	37.78353852	-122.40310668
120154	37.7875087167	-122.4048915333
61240	37.7645677833	-122.4102112167
1104499	37.8311834833	-122.2924578
43463	37.751295238	-122.4346201311
758740	37.7303106	-122.4664160667
58525	37.7797651667	-122.4875405833
143815	37.76748335	-122.40797197
323811	37.79328	-122.39571046
370653	37.792396973	-122.3932206631
442649	37.64078485	-122.42185521
106716	37.793642442	-122.3968473535
63268	37.7526783691	-122.4083019145
33948	37.55338985	-122.3004206667
17415	37.7587839	-122.40416795
1066015	37.8066152	-122.4129457
595660	37.7183439	-122.5040490333
730584	37.7143293667	-122.5025108167
153513	37.65828985	-122.40411615
511409	37.7954745377	-122.3959565163
819804	37.5899426667	-122.4123133667
180405	37.7846937917	-122.4308354075
520399	37.784833928	-122.4318122864
520593	37.7849017615	-122.4315977097
577166	37.7511020734	-122.4204891825
21136	37.7681311167	-122.47642785
461785	37.7942533229	-122.4014485384
153663	37.7939535717	-122.3962790998
491360	37.7943215257	-122.3948085308
490250	37.7942814103	-122.3950882761
487796	37.7658908833	-122.40856945
487616	37.6360180728	-122.41970328
487278	37.6358573922	-122.419677131
135918	37.7942537009	-122.3948407173
129934	37.7949446631	-122.3949372768
31094	37.8403262167	-122.2920822333
442426	37.783007649	-122.4628903854
143284	37.7942252	-122.3954703833
104585	37.76389435	-122.3999400833
214420	37.7931669593	-122.3936384176
143996	37.7616109167	-122.4123319667
190320	37.7938157962	-122.4008447811
215567	37.793511398	-122.4033772463
785836	37.7869097	-122.398064
175244	37.7890319146	-122.4096457701
238952	37.8083090585	-122.4161481857
649925	37.8050417497	-122.4124658338
966839	37.80688911	-122.42089706
830557	37.8062726599	-122.4051229543
165621	37.8073445608	-122.4121921771
443543	37.8100276	-122.4104351
19666	37.9544101833	-122.5480575
922502	37.93347815	-122.5513801333
378287	37.7890225262	-122.4116957188
696822	37.7888626	-122.4125946833
282014	37.7968582622	-122.3995292788
19710	37.9367849333	-122.5343354833
24327	37.8352636128	-122.4763906002
88877	37.7460232333	-122.4269669667
44412	37.7462984667	-122.4268076
1088717	37.5777607863	-122.3475367586
3801135	37.835483198	-122.188451451
4845782	37.868152234	-122.267746698
5773917	37.869701795	-122.266671903
99595	37.8115042333	-122.2119481833
5721192	37.8116314778	-122.2125834667
1377144	37.778139059	-122.396932952
480462	37.7814960966	-122.4047455957
3415770	37.7845032391	-122.4038207531
157547	37.8290090333	-122.28335435
5559376	37.8289006	-122.2824155
175126	37.8276936983	-122.2827415428
5540640	37.8735529333	-122.2713647
40147	37.8711482518	-122.2705938601
186617	37.8711947614	-122.2733366489
771268	37.8276159777	-122.2111523151
36240	37.7760233228	-122.4261180236
5252552	37.84678017	-122.244278072
125810	37.7670728687	-122.4294543467
4542522	37.76936223	-122.42954018
492863	37.8718192333	-122.2705545667
678308	37.8677985074	-122.2675001621
5088896	37.8233259916	-122.2070860863
5088636	37.823435981	-122.207074441
15539	37.9891715167	-122.3107787333
658444	37.8656245333	-122.3178131167
4503957	37.827801675	-122.21038885
3414104	37.8071254492	-122.4042123556
4002248	37.8066051006	-122.4052584171
57537	37.65434925	-122.38361535
38188	37.8439358833	-122.2518252
3609110	37.8126776218	-122.2695493698
9552	37.8325478398	-122.2411608696
206022	37.8261109833	-122.20990095
760244	37.8075419322	-122.2216075659
3195614	37.8271132708	-122.2100257874
319477	37.82672955	-122.20950205
190094	37.8129027167	-122.2468140667
594964	37.8403471167	-122.2510695167
60085	37.7883648527	-122.4203336334
98438	37.7907298664	-122.4191290092
72089	37.8345645544	-122.2488749027
2389553	37.82744	-122.280896
48251	37.7522954333	-122.4190285667
342056	37.8704316795	-122.2677374315
227103	37.7829439983	-122.4068028357
1918812	37.778018117	-122.4201017618
735565	37.8264780167	-122.20923525
448297	37.8261852264	-122.2091084719
1234182	37.7717471123	-122.4089920521
1730331	37.7745905833	-122.4253039167
287793	37.7492364	-122.3965752
23764	37.8287262167	-122.2495165833
216061	37.7643708333	-122.4215334667
449122	37.8648309011	-122.2674581422
1459404	37.827137733	-122.210531983
39993	37.8836256	-122.3067572
1458160	37.822945118	-122.2073543072
1450523	37.8703397512	-122.2670763731
48121	37.8131035	-122.2468713667
287694	37.8128507597	-122.2468596806
1054374	37.7772869833	-122.3984074833
1310602	37.8232347965	-122.2560417652
219800	37.86995214	-122.27153617
83714	37.8473963167	-122.25168905
77195	37.7863142833	-122.4198177667
469231	37.8701090813	-122.2706115246
69381	37.7695402	-122.42963545
88001	37.8984776829	-122.3067998886
269637	37.9003111305	-122.3074578198
378566	37.8986385392	-122.3077440262
1016040	37.8999210333	-122.30714365
9118	37.8717283233	-122.2652792931
422580	37.7906937699	-122.3899084037
442931	37.8254932165	-122.2091460228
1193375	37.8476268053	-122.2522222996
5819304	37.775841032	-122.422714398
116232	37.7736218833	-122.4259523333
292452	37.7745417833	-122.4374778
1158329	37.7577616687	-122.3882840149
64220	37.5445408217	-122.2916884047
746365	37.7669723	-122.39088201
857873	37.7638733	-122.4204363333
188349	37.7644195167	-122.4071808833
61915	37.7974566833	-122.4090840333
265204	37.861891	-122.4945888667
365712	37.7755526556	-122.4261022881
126590	37.7927370786	-122.3924407626
79799	37.7658798667	-122.4019434333
139571	37.7723919	-122.4367989833
78207	37.7886325048	-122.4076616764
221702	37.7979232833	-122.40346945
88240	37.79359475	-122.4465483333
23716	37.7623910167	-122.39754325
123533	37.7767019434	-122.4232023954
206343	37.7715893833	-122.4302643167
162341	37.7719114833	-122.4304061333
348912	37.7797063667	-122.4199704167
38496	37.7599707667	-122.3978918333
86811	37.7654500923	-122.3865714669
306402	37.7543474333	-122.4196408667
304260	37.7739943667	-122.4231219667
22859	37.7733382	-122.4223983667
63160	37.800114308	-122.4398333436
147812	37.8002644333	-122.4402339333
215881	37.7999700667	-122.4422101333
210815	37.7777204161	-122.4383506724
151407	37.7748931667	-122.4225937833
22460	37.7591390333	-122.3883943
153137	37.7600225	-122.3966137833
61829	37.9337944333	-122.5357070667
116589	37.7725835167	-122.4374107
38888	37.7714339333	-122.4075015333
102624	37.8003658833	-122.4381727
74232	37.7978113404	-122.4219516681
659534	37.78766489	-122.41283619
25804	37.80847345	-122.4402319
290979	37.80708742	-122.40989142
172304	37.798743	-122.43150156
32076	37.8059621833	-122.40479535
144846	37.8058932194	-122.4128222466
132104	37.8006281454	-122.4015151434
125462	37.7867622612	-122.3982319054
184515	37.76411165	-122.4079241667
17804	37.7886180074	-122.4137011504
4444347	37.804769083	-122.4687347
34990	37.7768121848	-122.4225318432
88580	37.7916457167	-122.4208105667
1524620	37.78810393	-122.40718418
1570174	37.7789675037	-122.3906844634
99788	37.7855546552	-122.4211156368
60973	37.7720490333	-122.4313695833
94293	37.8000395864	-122.4376814625
162565	37.771787913	-122.4304004651
60047	37.7873735961	-122.42015697
180398	37.7713481167	-122.4075310667
1077734	37.7854031466	-122.4050459404
1073361	37.7850111648	-122.4048779514
1010178	37.7790862167	-122.40960605
802581	37.77816295	-122.3918151833
156618	37.7835281222	-122.3928880692
856150	37.7839529	-122.4018782
468707	37.7837795833	-122.3880770833
210244	37.6711425389	-122.4702242017
421634	37.8369231833	-122.2948843
1232887	37.834373224	-122.292669057
92301	37.8427049833	-122.2920218333
1018960	37.8519204261	-122.2900468111
826173	37.8514949	-122.28672765
378807	37.8527465833	-122.28685105
285056	37.8583203523	-122.2931420803
1543173	37.8535088117	-122.2949123383
766014	37.8589093862	-122.2888563191
171078	37.8586337693	-122.291457653
786196	37.8578750642	-122.288596601
1074800	37.8508567	-122.2924809833
1345156	37.851300017	-122.288134033
994536	37.8676309045	-122.2680338943
1268419	37.5729927	-122.3023641
12130	37.5708818333	-122.2908139167
10328	37.5749588	-122.3024439667
1110215	37.55366045	-122.2467089667
11672	37.5562477	-122.24628925
1149271	37.779742485	-122.3913118055
331862	37.782217004	-122.3884203635
1858788	37.8019175086	-122.4473704398
1857700	37.8060799	-122.451085733
1855860	37.8068553262	-122.4216091633
407597	37.8074830167	-122.4219715833
1854900	37.805838083	-122.422656567
213975	37.7836023163	-122.3897954822
1363662	37.7593326243	-122.4348700047
683599	37.7893626386	-122.422038774
935661	37.7879271667	-122.40523945
663753	37.7878524938	-122.4052317604
993599	37.7889207817	-122.4051082134
787125	37.7878361	-122.4050940167
1419569	37.763751671	-122.2454845905
1049046	37.7637601526	-122.2433817387
993524	37.75754735	-122.2524778833
101991	37.7563977564	-122.2516214848
486450	37.7568741167	-122.251323
574125	37.7609747833	-122.2456590333
574088	37.7608539	-122.2457917167
361595	37.7560453333	-122.25097935
432398	37.5691788141	-122.3296898603
544112	37.7179419994	-122.4686390162
934953	37.7245647766	-122.4784612656
899943	37.7223658667	-122.4793780833
606905	37.7225904833	-122.4783191
981818	37.7238689136	-122.4775385857
857368	37.72786146	-122.4770345
612703	37.7634503	-122.4761319167
956168	37.7654470522	-122.4663927772
486494	37.7659148472	-122.4658082478
10004	37.770406	-122.50933885
1060960	37.7699601333	-122.5104391667
524419	37.56283466	-122.3377230763
131094	37.7350025333	-122.5072093333
677551	37.8922477559	-122.1164722551
608084	37.8915917333	-122.12529995
779519	37.8907798167	-122.1255092833
236227	37.8905781333	-122.1243852
834549	37.5416935026	-122.2899341583
291570	37.5421784002	-122.2918868065
495934	37.5366975	-122.29696297
304509	37.537091072	-122.2981202602
759593	37.5369108616	-122.2988742909
185799	37.5442885078	-122.3059710833
73350	37.55837465	-122.27222865
23538	37.6038362667	-122.3944024333
464114	37.6022653182	-122.3967772722
14930	37.6037871833	-122.3955488167
360977	37.5988101333	-122.3873728333
371516	37.6025064333	-122.394274
342202	37.6024285667	-122.3940108167
599554	37.60193805	-122.3930570333
129437	37.6019515991	-122.3929977417
215628	37.6008807333	-122.3905850333
25978	37.6062761167	-122.3969660833
254622	37.6053556667	-122.3964405833
493027	37.6015973	-122.39058387
11315	37.5468385167	-122.2676610833
510808	37.55117887	-122.27239459
13393	37.5438237167	-122.2706866167
111823	37.5454044667	-122.2855237167
378587	37.5445570667	-122.29138025
11321	37.5528963837	-122.2651827335
485954	37.55201195	-122.2630414667
74278	37.5453050833	-122.27127325
98524	37.5442059667	-122.27071055
73714	37.545291878	-122.2706437111
214210	37.5570688	-122.2762893
284164	37.5606899667	-122.2737997667
225374	37.8666930564	-122.2675900835
705547	37.8605311838	-122.2673606873
702069	37.8551098698	-122.2662341595
356278	37.853000532	-122.2659873962
468115	37.8635335743	-122.2705106384
581510	37.8514078997	-122.2700107098
11366	37.56709455	-122.2596144667
693673	37.5599387908	-122.2697424889
693664	37.5595220485	-122.2700643539
192539	37.8584239333	-122.2674520833
642256	37.8606254833	-122.26543535
172207	37.8546225667	-122.2708242167
132657	37.8588086	-122.2678831167
452865	37.8556210667	-122.2663883333
546397	37.5584418446	-122.2776403775
61697	37.5613968	-122.2803456667
61713	37.5596245	-122.2839288333
32635	37.5603475667	-122.2834355333
61706	37.5616903333	-122.2818922333
17543	37.561095451	-122.2824990749
61709	37.56081615	-122.2824995333
54978	37.5574297969	-122.2745060921
214222	37.5568768167	-122.2754650667
11338	37.5559473	-122.2746562833
504934	37.5559841667	-122.2769426667
13401	37.56050705	-122.2687125167
30991	37.5435299293	-122.270577997
65309	37.5437826667	-122.2712480333
65301	37.5439358249	-122.2714147284
388490	37.54402706	-122.2706843
505889	37.5441974738	-122.2713319261
191609	37.5442178167	-122.2712375833
574122	37.5453634202	-122.271354926
583212	37.5454717667	-122.2704804333
74279	37.5453050833	-122.27127325
319403	37.5446769833	-122.27028875
11337	37.5433409167	-122.2599363167
90055	37.5453258	-122.2705419667
172110	37.5501754167	-122.26420635
452542	37.5495960895	-122.2647428513
172112	37.5499458333	-122.2641902
82691	37.5496307167	-122.2644861167
172105	37.55036445	-122.2644035667
513772	37.55002255	-122.2650242667
34420	37.6015419333	-122.3928482833
302974	37.6001253167	-122.3909291
102715	37.5590354	-122.2835271833
179245	37.60282735	-122.3946163333
417497	37.60357645	-122.39467205
11815	37.5589728333	-122.2704076667
79921	37.5609306705	-122.2739575803
80975	37.5486749167	-122.3113460167
518061	37.5485962667	-122.3113782
537167	37.5598282267	-122.2713732719
109860	37.6057848	-122.3950112167
469255	37.6055962151	-122.3955488205
502921	37.6035177667	-122.3950060167
191662	37.6043792368	-122.3946923371
411552	37.6053526884	-122.3966572643
120755	37.6051309776	-122.3967164637
247663	37.6014413928	-122.3907709748
469326	37.7660383629	-122.4020165332
340326	37.77240405	-122.40754815
236444	37.7637022756	-122.4736271471
52420	37.7992725675	-122.4085092545
1038666	37.8362449167	-122.2948015833
966249	37.8359271762	-122.295485589
32841	37.7782792283	-122.3935854435
55171	37.7814881944	-122.4323406852
55365	37.9283629833	-122.3208986167
1034165	37.7889943126	-122.4084941748
795172	37.7890573333	-122.40890445
1251056	37.78900104	-122.408315
1519633	37.780715	-122.398347
1519616	37.784244	-122.397721
211212	37.7870778833	-122.4047865
592352	37.7843251753	-122.4046576023
1242594	37.78652	-122.401452
1218378	37.784649453	-122.397372191
221050	37.7838787192	-122.4072149756
164845	37.7844483159	-122.4073856963
238259	37.7839257572	-122.4069998329
678147	37.7845844	-122.40668714
1421271	37.7844184469	-122.4062240124
221346	37.7843768512	-122.4063930262
766979	37.7845837462	-122.4064242916
1364659	37.793660633	-122.3973602
636555	37.7875458646	-122.4077834756
718407	37.7865851272	-122.4080585554
275098	37.7865799303	-122.4080531313
261168	37.7896910063	-122.4032954314
1790711	37.788832904	-122.404612075
572915	37.7837740225	-122.408798933
389360	37.7893611	-122.4025151
572907	37.783375494	-122.408605814
833480	37.7874829031	-122.4047542547
382094	37.7879455543	-122.4040708367
632221	37.7838058472	-122.4077917712
711979	37.7846910878	-122.4067946846
780502	37.783835649	-122.407267895
892638	37.7838893839	-122.4072199452
925100	37.7840694172	-122.4069811444
1408307	37.78452843	-122.40652728
353621	37.7844913726	-122.4063907857
479324	37.7773936	-122.3932563167
1150137	37.7758963279	-122.3943042755
321436	37.7838821707	-122.4072265481
957013	37.5377619414	-122.299599876
2234217	37.7877825054	-122.4076160789
844657	37.7839916833	-122.3986537167
507173	37.7555314	-122.418359
803614	37.7977538	-122.4067497167
164857	37.7889462178	-122.4070715904
1600245	37.782304514	-122.410292118
1049370	37.8058887	-122.4225194167
1502883	37.786203158	-122.406488425
947957	37.7781939216	-122.3949986594
848152	37.7784634795	-122.3954634686
1457612	37.769784733	-122.450462367
1431886	37.78586506	-122.41793525
31526	37.7783216279	-122.417371273
1000917	37.8067	-122.41533
54054	37.80540225	-122.4146609667
925424	37.8102681667	-122.4109247667
109707	37.8097835613	-122.4103263606
197622	37.7323088167	-122.5014095667
197632	37.7342121167	-122.5023709833
106158	37.7324286	-122.50197745
197636	37.7334610333	-122.5024320333
1392576	37.73348701	-122.50347274
749440	37.78454273	-122.40669536
405570	37.7846456404	-122.4064219172
236960	37.7872724825	-122.4097389767
1286843	37.7897177766	-122.4040782452
152687	37.7860506809	-122.4053817987
1262812	37.7760065705	-122.3884677887
770104	37.7793768333	-122.3951692333
1252166	37.762090917	-122.434164317
99719	37.7620796333	-122.4341118
542681	37.7901395167	-122.4057535
1225466	37.78732728	-122.40333902
370842	37.78446137	-122.40654754
611183	37.7870884866	-122.4008246542
372327	37.7824452667	-122.3979784333
1145103	37.78491592	-122.40048056
144828	37.7821349616	-122.4041413995
207151	37.78320345	-122.43238105
117238	37.7922605225	-122.4235779243
426701	37.78303445	-122.4190485
172374	37.7989492602	-122.4223474608
221720	37.7984883231	-122.4076956771
478740	37.7963348667	-122.4215619333
63964	37.7903061706	-122.4222562142
502448	37.783104895	-122.4210218811
216050	37.79754995	-122.4067068
197502	37.7925834958	-122.4209225178
983167	37.61343105	-122.38526905
716241	37.79682865	-122.4029919833
153742	37.5446070942	-122.306394875
52316	37.8060202333	-122.4230994833
68792	37.5490356333	-122.3101596667
68085	37.7715149333	-122.4167449333
18336	37.7785390833	-122.4152473
1761339	37.781150983	-122.396010667
25332	37.6193474685	-122.3839724064
54539	37.7654128167	-122.4036875333
10166	37.7953229939	-122.3923784494
117016	37.7893192802	-122.4040997028
167105	37.6685863393	-122.4676680565
1530152	37.784213063	-122.393960333
371359	37.8339338	-122.2920761
15018	37.8336494135	-122.2922194004
1233123	37.854154417	-122.269041433
187003	37.8480446215	-122.2919726372
16435	37.8914975	-122.1234027167
336837	37.7771389	-122.4076412167
378355	37.8484003833	-122.2605895333
341805	37.8687942833	-122.2672226
337232	37.785916498	-122.4130390958
250015	37.69904155	-122.1906887667
37888	37.8982490971	-122.3203825951
99502	37.8342256147	-122.2920048237
2110049	37.759930461	-122.429052536
31615	37.7491861167	-122.4271250333
20047	37.7765355184	-122.4079426477
30829	37.7862851667	-122.4400050167
520051	37.7817063667	-122.4096183833
325650	37.7700701006	-122.4466513225
102673	37.7832313449	-122.396235466
22643	37.78752385	-122.4138170833
211230	37.7861481849	-122.4130512137
162905	37.77101705	-122.4152466833
9177	37.7930331167	-122.44389295
1663781	37.785321728	-122.395206297
1194268	37.752199167	-122.4185729
435408	37.781756742	-122.4063756831
109320	37.7657817667	-122.4105390833
44620	37.7660867333	-122.41026245
147661	37.7448192833	-122.4038867
110784	37.74578975	-122.3852305667
227150	37.7756172667	-122.4132336833
712301	37.8793572	-122.2742904
101541	37.7709780662	-122.408532276
117459	37.7781226667	-122.4057502
4660793	37.753199509	-122.388114776
2321117	37.7478432655	-122.3896050453
82935	37.76638945	-122.4090911333
61318	37.6759163	-122.4675939333
190876	37.77957314	-122.40807884
3546855	37.783997102	-122.40725435
624407	37.7796578667	-122.4031736333
254458	37.7740430667	-122.4111056167
505604	37.7642416667	-122.4018146
143664	37.7577671167	-122.3886369833
871868	37.7568420093	-122.3894941711
4058833	37.74562735	-122.382607967
342576	37.6424921667	-122.4053294
1398342	37.60941582	-122.39068663
326469	37.583678	-122.3494084
342062	37.5779571333	-122.3226312833
1087523	37.55370135	-122.3033596333
287588	37.551718	-122.2910157833
629215	37.5377070833	-122.2906728833
507543	37.77420205	-122.41324735
3687375	37.748572817	-122.386643883
646750	37.7573997667	-122.3870616667
3686837	37.701274648	-122.482524485
1599036	37.787144763	-122.398556065
3367667	37.80103566	-122.28607059
473025	37.7949222167	-122.3991772167
82816	37.7950252043	-122.3988479376
582440	37.7289388	-122.3923350333
2252426	37.7543619416	-122.3837149143
73607	37.7539249167	-122.3830000667
819640	37.78793475	-122.3972102667
1105331	37.7867910935	-122.3972345745
150462	37.7882886	-122.40019245
249999	37.7718129944	-122.4133506417
209543	37.6779299833	-122.46502635
120231	37.6771483833	-122.46708835
611071	37.6771554333	-122.4675295167
53353	37.6767747667	-122.4646131833
452707	37.7859722383	-122.3961691984
758174	37.7759845	-122.41318145
220227	37.7847576153	-122.3951733112
568307	37.8059864638	-122.4050921202
116625	37.8368777769	-122.294241786
1554333	37.841056598	-122.293694423
40638	37.8415934167	-122.2934347333
33746	37.8051948167	-122.4119163833
1135521	37.7847576153	-122.3951733112
77512	37.7760129307	-122.4085280299
1351737	37.80798925	-122.418294167
590593	37.8606484333	-122.48815865
1074670	37.80922265	-122.4149977167
39657	37.7634488667	-122.4662541167
39703	37.8057852167	-122.4136755
147864	37.7468137	-122.3883299833
964428	37.7485905167	-122.3866161833
37842	37.8051896443	-122.4103009701
259904	37.7824258006	-122.4109125137
80583	37.7762275	-122.41181085
90638	37.805497989	-122.4121034145
310472	37.7743496667	-122.3871935667
47798	37.8058703333	-122.4127383833
47797	37.8061814289	-122.4128544331
1441505	37.760148779	-122.434869421
293609	37.7599626464	-122.43495034
766594	37.808834599	-122.3923301697
126009	37.8051884535	-122.4056983472
74193	37.7815184928	-122.4209976196
1427181	37.781329817	-122.4212012
50189	37.7951393462	-122.3979401087
497037	37.7808382	-122.4200448
705562	37.7896510291	-122.4339927126
368966	37.7912404333	-122.4341936333
41801	37.7911714112	-122.4343560253
62752	37.7904723702	-122.4280840158
697530	37.77692715	-122.4193015333
872318	37.77107763	-122.40563106
971609	37.7397451	-122.3755094
880771	37.7954805167	-122.3953760667
1174109	37.780785	-122.411412
111994	37.7776835251	-122.4161492259
23021	37.7944694016	-122.4055847578
45861	37.7655523333	-122.4030917833
1219689	37.777798573	-122.405525771
750232	37.7486872389	-122.3874730443
227551	37.77393566	-122.4137911353
1303752	37.763661017	-122.399714433
1315549	37.7403653	-122.4662801
1262664	37.72818825	-122.4766480923
1256656	37.7757562333	-122.4031153833
38068	37.7604600312	-122.3898277717
196142	37.7412941833	-122.3998459833
1174486	37.6761102676	-122.3875129223
1047748	37.64999675	-122.4076125
1056857	37.62772735	-122.4104271833
391183	37.6215212	-122.3995447
639935	37.642252	-122.4068847
846162	37.7757903252	-122.4118888378
1262025	37.805141183	-122.40206515
83646	37.7954054333	-122.3992773167
1135977	37.8050371	-122.4160094
878787	37.804046513	-122.4031625093
1286713	37.805414217	-122.412299917
154089	37.8055456711	-122.4132621288
585155	37.8033962265	-122.414733889
132997	37.8085803057	-122.4099522829
481098	37.8024381833	-122.4129269167
334702	37.7844672191	-122.3997500465
1051268	37.8051197443	-122.4096407369
1242595	37.78563243	-122.41601163
748975	37.7381014824	-122.3807913065
575468	37.7817924117	-122.4077011961
1269883	37.748483767	-122.386309817
821104	37.7525211774	-122.4128222466
592307	37.7498717709	-122.4182618653
683785	37.7554541476	-122.4194187358
1219826	37.7855555556	-122.4075
1080456	37.786717	-122.405013
215963	37.7881916086	-122.3994648457
641762	37.7744612	-122.4139734667
249730	37.7717728667	-122.4331168667
521309	37.7717693	-122.430918
167051	37.7721310191	-122.4313509464
75026	37.7825604833	-122.3876438667
771988	37.8057159721	-122.4129807761
1140477	37.8044012704	-122.4030305427
1005885	37.77370131	-122.41207671
201248	37.7579243	-122.4031556667
1158907	37.7632244167	-122.4046723833
975240	37.783369	-122.40251547
670162	37.7987154864	-122.4010520943
225670	37.8048874833	-122.4025490167
813291	37.7731908	-122.4175501667
612295	37.5948543167	-122.3852789333
65553	37.8055897	-122.4135480333
143903	37.8034371167	-122.406535
527057	37.8044334717	-122.4051757816
863902	37.8064701333	-122.4075519667
1144668	37.8055921167	-122.4053752167
76983	37.8054367029	-122.4066045315
45477	37.80603505	-122.41491685
330421	37.8060907854	-122.417363898
132129	37.8071138638	-122.4179318547
220814	37.7904045419	-122.4056553841
1088692	37.8068575167	-122.4147971833
1088443	37.8049159	-122.41469389
42831	37.8054247833	-122.41508905
749282	37.7712957	-122.4144409667
39123	37.7709872167	-122.4132742667
22744	37.8047887	-122.41311945
962282	37.741661349	-122.3840657916
383770	37.7785717855	-122.4152308702
946225	37.7889599997	-122.39480141
502809	37.7426464349	-122.3878669739
785990	37.7933804512	-122.3964715004
443907	37.79586857	-122.39470225
341861	37.7974194141	-122.3996346527
573703	37.7971926467	-122.3993304074
219074	37.7952541103	-122.3969972134
976936	37.7948217317	-122.3972976208
633714	37.7709853	-122.41430312
596742	37.7747600833	-122.4017825
787312	37.8065777884	-122.4062218952
31577	37.80437805	-122.4160055667
55247	37.8067620829	-122.4058753252
435398	37.7818314952	-122.4063836924
53402	37.7737364667	-122.4115499
1099925	37.8061995287	-122.4054152011
195215	37.8008917574	-122.4020397663
391467	37.7576117	-122.3934681667
440291	37.7953049782	-122.3936069012
210639	37.8043165238	-122.4054729939
1084912	37.74893295	-122.41819393
144794	37.7750080064	-122.4130597441
117594	37.77735735	-122.4044335
370276	37.7944285564	-122.3975417411
237450	37.7485307833	-122.3873977167
955888	37.75018365	-122.3900811167
55237	37.750226163	-122.3878683125
524326	37.7418582333	-122.3873306667
914882	37.8051424204	-122.4322383618
43102	37.7456444813	-122.3870744345
358606	37.7593575167	-122.38892595
688121	37.7588337667	-122.3878430167
685811	37.7571947239	-122.3871621845
530765	37.7578434333	-122.3881277833
658310	37.7757121667	-122.4089095
990983	37.77367681	-122.41181945
689789	37.79019695	-122.42106389
1015753	37.79470747	-122.42329645
285704	37.8082184667	-122.4094106167
255394	37.77078557	-122.44796669
453122	37.8052747	-122.4171597
116967	37.8041181667	-122.4153132333
439041	37.8054930333	-122.4150946833
1029497	37.8056077833	-122.4058650667
225893	37.8055283	-122.4078917833
530213	37.7505742833	-122.3885116167
37989	37.7419556	-122.38749755
165209	37.75009525	-122.388697
220877	37.7947365833	-122.3980858667
368953	37.79427772	-122.39812135
153561	37.794515	-122.397825
832090	37.7942473424	-122.3984858394
183525	37.79439747	-122.3979842
724456	37.7944703138	-122.3982013622
692985	37.77323907	-122.41435182
340661	37.7739881798	-122.4111714337
988672	37.7904117038	-122.4013602289
844507	37.75229115	-122.3872824833
514080	37.7825163667	-122.4179552333
522167	37.7850950455	-122.4193186308
24663	37.7965396	-122.4219464833
391319	37.79613965	-122.4218816333
464509	37.7962943667	-122.4222196833
78570	37.8041065848	-122.4049489022
591755	37.7953019667	-122.3945273833
355268	37.7537698667	-122.3897627
370710	37.80849505	-122.4101590833
37863	37.80894065	-122.4116736833
510075	37.7732865	-122.3897195333
378365	37.8048884167	-122.4029998667
617871	37.7988327833	-122.4224131167
79182	37.7986529722	-122.4079267962
520702	37.7745905704	-122.4138373235
496327	37.7951015846	-122.3979825471
72378	37.807063004	-122.4131655693
221576	37.7640491398	-122.3887350583
407237	37.781856	-122.3880434
302121	37.7941059822	-122.3952621476
320910	37.7950506383	-122.3941111565
303006	37.8075969333	-122.410285
49957	37.8059795167	-122.4097659333
427922	37.8048484333	-122.41193325
209384	37.8069459667	-122.4088823333
456829	37.80775147	-122.40980333
415394	37.806586352	-122.4059505579
32442	37.7920004	-122.4209856833
422559	37.7924921054	-122.3912008842
400244	37.7452406135	-122.417808838
384102	37.7711000062	-122.4172749047
79304	37.77160715	-122.4141580667
211357	37.7705281606	-122.4438393116
206325	37.770127	-122.4465851
35667	37.7662741818	-122.4500999185
161522	37.7657511667	-122.4501353667
151420	37.7643114546	-122.4530875683
234074	37.773886491	-122.4360609055
87805	37.7641757499	-122.4217057228
354539	37.7642775285	-122.4219954014
225936	37.7647031833	-122.4251794
17386	37.7573834167	-122.4161100667
15034	37.7610035809	-122.3910212517
306434	37.8403598	-122.24984842
126423	37.7513335633	-122.3879420757
210618	37.7668052	-122.4287141833
70430	37.7874086554	-122.4200938829
49271	37.8086735467	-122.409453392
220039	37.8051660256	-122.4059575608
218070	37.7577590885	-122.3869934519
68879	37.7783203247	-122.4089432806
187271	37.8057787969	-122.4129821799
36267	37.7880671833	-122.4405782167
75499	37.8053423039	-122.4122762213
114528	37.7899630167	-122.4205417167
96847	37.7784403469	-122.3853886127
92126	37.8034401132	-122.4132542827
83457	37.7809334005	-122.3880641162
79082	37.7980231813	-122.398699075
50858	37.7774131055	-122.4096111645
49073	37.7719215	-122.4301378667
760305	37.7710416333	-122.3859806333
4504015	37.762616157	-122.395668746
2735212	37.773138563	-122.422875756
367034	37.7724907167	-122.4221042833
4495283	37.772690718	-122.403428719
4017875	37.775683898	-122.422781523
1259324	37.779851117	-122.398079917
814752	37.7885972183	-122.4120673689
5177567	37.77937042	-122.410260557
75394	37.7426787667	-122.4278109833
1351384	37.76084733	-122.42582237
4468034	37.7817893	-122.3985958
1473467	37.762792711	-122.419581374
1388903	37.76034533	-122.41932755
40164	37.77118495	-122.2393261167
512084	37.7842449039	-122.4063368964
1499060	37.766304276	-122.428424916
650750	37.77976453	-122.40226507
1110988	37.7570209189	-122.4149056534
336875	37.7952668775	-122.2743725545
20350	37.7904893273	-122.4054193497
147370	37.7723520333	-122.4019152
464157	37.7825873333	-122.4178875
49400	37.7580857438	-122.3879098892
60042	37.7698472667	-122.46671435
102773	37.7998397	-122.4079218167
59920	37.78662515	-122.4300898167
390603	37.77687382	-122.40906977
88113	37.7998140167	-122.40945685
22251	37.8812405333	-122.2955731333
22462	37.7596451833	-122.3874514333
917816	37.6673083191	-122.4658446169
65834	37.7738271279	-122.4534416199
1036343	37.6188174167	-122.3849293
1467347	37.61822015	-122.38600754
1861044	37.80775309	-122.427738547
1199653	37.7428531	-122.42232859
70753	37.8914602833	-122.2784029167
111041	37.8708132833	-122.3011303833
814544	37.6765240463	-122.467917118
590986	37.79778261	-122.4220062576
175456	37.79123884	-122.40402698
1314942	37.7771657	-122.165977483
46326	37.7900902949	-122.4013547816
1246327	37.78972505	-122.4022387
1099174	37.8023833036	-122.4248921871
76939	37.790877902	-122.4040999544
254042	37.7819255107	-122.4413716793
220251	37.789752976	-122.4011269121
111365	37.7909075167	-122.4027352333
166534	37.7651804667	-122.4315453333
981548	37.7894295028	-122.4028337002
30811	37.7859446928	-122.4399018288
405654	37.7996707044	-122.4076851299
182685	37.7861504804	-122.4567342737
611275	37.7987742333	-122.4238709667
129890	37.6799586667	-122.4521649833
317415	37.6840524	-122.46408224
284228	37.78911	-122.4023133
93961	37.7895276949	-122.4029845002
578329	37.7909508685	-122.400127652
48155	37.7976024757	-122.4307206273
86683	37.7974498767	-122.4222958088
104406	37.7754409167	-122.4985082
399284	37.77005725	-122.4460565667
239732	37.8000270635	-122.4090027809
58308	37.789997097	-122.4023949985
151454	37.796913375	-122.4220199407
119833	37.772400426	-122.4373164845
92526	37.7879495597	-122.4000632473
39584	37.7915966293	-122.4042987842
4131460	37.790520573	-122.404907069
172747	37.7856880167	-122.4282629833
4887882	37.769400202	-122.434284114
244204	37.7831136	-122.4610562833
299859	37.77241027	-122.43478572
328494	37.7699389333	-122.5112482833
68838	37.7890424667	-122.44057835
4028113	37.792450168	-122.407119552
3798053	37.746601273	-122.413489724
384519	37.7752888536	-122.4104268228
87423	37.7744946986	-122.5112384289
561277	37.7971122292	-122.4057842918
750397	37.7962036389	-122.4068462849
1279212	37.74652005	-122.413944133
197685	37.7765720581	-122.4229544147
533847	37.7661519254	-122.4103975296
158357	37.6677285915	-122.4672281742
79241	37.7909518333	-122.4200257833
226887	37.7908369464	-122.4208581448
1005683	37.77060975	-122.41280045
162231	37.7697753	-122.4134931667
170213	37.7458929833	-122.4194678833
917701	37.7390545538	-122.4163283225
461419	37.7886280333	-122.4054962
422921	37.7678015251	-122.4294519424
664066	37.783883604	-122.4072274565
92645	37.7846510388	-122.4064253888
304925	37.7847173	-122.4063296167
72964	37.7527926293	-122.4239909649
68428	37.7838722	-122.3937626333
514074	37.7828156833	-122.4183598167
421218	37.7753443833	-122.4151494833
109962	37.7733392218	-122.418427726
70736	37.7966639789	-122.4081973319
22220	37.7695511333	-122.4470652333
51701	37.7441784667	-122.4312815167
132249	37.8081137167	-122.4276700833
62767	37.8081013842	-122.4270781875
112098	37.790939	-122.4172603167
94725	37.8307340167	-122.2783738667
217763	37.8395214913	-122.29077166
143423	37.8800530811	-122.2970527411
491611	37.84216675	-122.2902104167
740722	37.82621285	-122.2528835833
440520	37.8258278844	-122.2525119781
79928	37.8398734333	-122.2893849333
57142	37.8409215396	-122.2877839705
151066	37.8572592993	-122.479915834
861625	37.8425673	-122.2904615833
178886	37.8432201915	-122.2885302056
1217132	37.839383	-122.287469
772055	37.8396316894	-122.2887171772
262008	37.8397275	-122.2512155167
88303	37.8469636023	-122.2915649684
267329	37.7886821333	-122.4049780833
743609	37.8275455	-122.2569622167
255051	37.7936372667	-122.2748165667
2260368	37.794934284	-122.273402716
255035	37.79393535	-122.2745272833
67818	37.83818815	-122.2869772833
68082	37.8401427167	-122.2914660833
239090	37.8411227327	-122.2898590565
1116380	37.7819457	-122.39439795
1024665	37.7823358	-122.3941194
1297727	37.78150675	-122.393677167
98490	37.7815415667	-122.3936818
771015	37.7830181156	-122.3938556742
618373	37.7826037993	-122.3943083072
1303406	37.83836019	-122.29011601
77935	37.8381684	-122.2881795833
547912	37.8395035333	-122.2884045833
382099	37.7936310159	-122.3991737689
1251996	37.828478	-122.245182
1207605	37.8062068591	-122.4320697784
1181768	37.797059	-122.275831
787472	37.8380449522	-122.2513318062
354885	37.8259324957	-122.2528767618
681513	37.8390497333	-122.2956040667
70356	37.8490743667	-122.2918302167
347670	37.89610546	-122.10707551
98359	37.8417376832	-122.289963332
17705	37.891391192	-122.1194650233
30484	37.8910978	-122.1188169833
19383	37.890690549	-122.1200081706
40952	37.7653137167	-122.4499921833
19388	37.8788370667	-122.1818187833
52779	37.7729185629	-122.4392390514
126764	37.7861218479	-122.4400946859
153632	37.7862702833	-122.3981988833
39140	37.7984980173	-122.4188965356
501134	37.7871215806	-122.3987533762
1693049	37.774777683	-122.415438933
611299	37.5671607333	-122.3253582333
977551	37.73999035	-122.46708387
1045829	38.0283235333	-122.5524914667
1431430	37.801984583	-122.401212633
16172	37.6224493667	-122.4112486667
1298308	37.7820208	-122.43341624
1140448	37.6253387667	-122.4114351667
1048311	37.74901109	-122.40990835
16212	37.8090721333	-122.2598309833
693234	37.7362802	-122.48101317
648679	37.7136417167	-122.4768695833
78560	37.56336265	-122.3236933833
118455	37.5630249167	-122.3241159
329350	37.5651902213	-122.3270253958
785062	37.5628294	-122.3242439
137622	37.5627886695	-122.3240764035
38578	37.56296895	-122.32398475
123241	37.5626164833	-122.3238149833
37712	37.5440456518	-122.291790247
267098	37.5856248333	-122.3729725
78254	37.5762834551	-122.3478537798
73888	37.5760432833	-122.3472152333
129339	37.5856287116	-122.3652209152
106803	37.8102247204	-122.2659337521
83176	37.5788864167	-122.3474837
154778	37.5788770203	-122.3464590489
281200	37.5882946667	-122.3604858167
52242	37.7973533434	-122.4037082599
96318	37.5638975	-122.3225694333
153912	37.5337891833	-122.3282405667
116385	37.53383395	-122.3263032333
22329	37.56203255	-122.3288550333
202546	37.57960815	-122.3461044667
133016	37.5649990467	-122.3231613636
83051	37.5646936	-122.3240197167
170132	37.5635183167	-122.3231834333
129499	37.5634803	-122.3234509167
202084	37.5647771333	-122.3235583167
192268	37.5774721833	-122.3463118167
38177	37.5642253833	-122.3250242833
153936	37.53374365	-122.3282654667
174359	37.555565	-122.2937921
116503	37.558781	-122.2662418833
25404	37.77553535	-122.4261152667
96950	37.7704315496	-122.4217835231
162267	37.76997635	-122.4216630333
162247	37.770476	-122.4183272167
162246	37.77039355	-122.4180752833
17416	37.7620942333	-122.4057557667
153939	37.534004	-122.3276831167
153934	37.53381915	-122.3283569833
153931	37.5339965167	-122.3283618667
153926	37.5338527333	-122.3283197333
120642	37.5766669431	-122.3514283616
135732	37.5777686	-122.3559409333
148548	37.7973231	-122.42646366
35613	37.8027741167	-122.4672254833
25969	37.57858425	-122.3561192333
148137	37.58881365	-122.36125745
68258	37.6466832305	-122.4063799683
98533	37.6605244719	-122.404335411
55660	37.74997945	-122.4035271833
17411	37.75675855	-122.4036222833
72289	37.7711560333	-122.41827485
123744	37.7729723989	-122.4218593436
12820	37.7807271333	-122.4240016833
140314	37.799298	-122.4389791489
52736	37.799236538	-122.4425035715
147711	37.8077411315	-122.4756503105
129548	37.5629741333	-122.3245436333
109094	37.563728587	-122.3230510686
128463	37.5764930247	-122.3470330002
117058	37.796263126	-122.4047566561
113706	37.5639346	-122.3254141333
45481	37.56363365	-122.3245947333
116919	37.56423325	-122.3244229167
32779	37.5645573659	-122.3222615868
32955	37.5646655619	-122.3223167384
36078	37.5648994667	-122.3224811833
47817	37.5651521247	-122.3215949535
11799	37.5642728667	-122.3217988
96224	37.56450565	-122.3212865667
86253	37.5642157667	-122.3210104
116884	37.5540478333	-122.3066715333
14791	37.5617408667	-122.2691416667
52031	37.5615256833	-122.2722358
58328	37.5721463167	-122.28447595
408764	37.5623299129	-122.3254514213
663631	37.57185745	-122.2847096333
58343	37.5721674	-122.2794754833
1518516	37.717046417	-122.49650345
116862	37.8089017167	-122.2506010167
70668	37.7886409735	-122.4129819983
360174	37.80622245	-122.4496685667
618191	37.7603312833	-122.4186778
360613	37.80369615	-122.4735194167
183276	37.7834287033	-122.3932435613
89863	37.7834190283	-122.3928193625
156815	37.5518835913	-122.2899714061
122696	37.7986978333	-122.477736
119583	37.7973397219	-122.4060189626
72161	37.5867506167	-122.3641034667
217751	37.58583785	-122.36482005
3558072	37.591758417	-122.37469525
5236746	37.811089233	-122.45119805
658193	37.8674285333	-122.4350182833
171614	37.586387241	-122.3649640977
1289955	37.5778552667	-122.3404053667
915130	37.5864974833	-122.3645316833
846334	37.5862434333	-122.36518565
78260	37.5790625833	-122.3466172167
24938	37.7705016667	-122.4034463333
86546	37.7782076667	-122.4219065667
19472	37.58712045	-122.36378085
92614	37.7967574512	-122.4032036143
19471	37.5866796	-122.3643312333
201253	37.7868322	-122.4505581667
3863030	37.78873279	-122.46143224
1315226	37.5777019167	-122.3483258
255865	37.5787751	-122.34579255
399386	37.5370583493	-122.2999299995
1242449	37.538035233	-122.30134955
43058	37.5784655667	-122.3476866833
71241	37.7894156725	-122.407082154
217731	37.7898152333	-122.4080689833
70617	37.7910465333	-122.4385221333
1065570	37.786432	-122.452352
467257	37.5783081	-122.34328061
50158	37.5778272776	-122.350479214
303030	37.5941806667	-122.38437985
1582011	37.582838217	-122.359209933
1774571	37.600672467	-122.389309867
507785	37.7829186146	-122.3938710246
1564134	37.58388475	-122.371306297
1511751	37.583132467	-122.3531229
83293	37.5772494667	-122.3490013
1479308	37.7987390345	-122.4223047209
25320	37.6390760167	-122.4213042833
912065	37.5368705	-122.3011082833
417275	37.53632014	-122.29637265
1381966	37.7403549	-122.407411317
236099	37.7795789667	-122.2757894167
22750	37.7723969333	-122.3010220667
1374982	37.567220367	-122.3189567
25318	37.6390426833	-122.4199822
1344725	37.855227983	-122.2692517
236106	37.6360016	-122.4207648
1328777	37.5864777	-122.364330933
1298156	37.589121133	-122.3496536
1292191	37.59265226	-122.38528764
1274196	37.56385248	-122.34091717
158418	37.8596256131	-122.4858082382
854669	37.7777661904	-122.3910909891
119291	37.7804228667	-122.3879746167
1088320	37.8348506333	-122.4767035833
1065437	37.5768461587	-122.3513217819
486278	37.86051775	-122.5359991
73460	37.7405189333	-122.46592425
666430	37.7697113333	-122.4582308833
757511	37.5945300333	-122.3753320833
33226	37.7919339667	-122.4211817667
33223	37.7919339667	-122.4211817667
562547	37.8001118379	-122.4102687836
152509	37.7757995833	-122.4004535167
279528	37.78655965	-122.4511715333
404903	37.8729585167	-122.5099515
192628	37.8724905477	-122.5094890594
360960	37.7337006	-122.4480371
273465	37.7888699094	-122.4050223827
153400	37.78844325	-122.4030825333
260702	37.7890055688	-122.4034667015
273381	37.7861589	-122.4064578
262537	37.7886664198	-122.4420797825
231955	37.7973895333	-122.43300765
53487	37.7973714575	-122.43401438
79174	37.7972603478	-122.4355634209
207418	37.7851052614	-122.4648249149
200830	37.7929491333	-122.4122878167
195388	37.5860072833	-122.3646370333
89480	37.7871379	-122.387507
160325	37.7933191791	-122.3998516431
992808	37.7937272501	-122.397544704
77535	37.7695945333	-122.4514415667
575465	37.78792745	-122.4001875333
106888	37.6211660471	-122.390152216
113518	37.6175373438	-122.3882102966
619526	37.8378500254	-122.2945678346
221934	37.7653092833	-122.46009725
99752	37.78888025	-122.4336504667
242587	37.7903610268	-122.3902792688
723789	37.8612681129	-122.2981417179
51828	37.7836267293	-122.4866890321
130849	37.613109576	-122.3894655704
226615	37.7667159315	-122.4168992043
179119	37.7666863667	-122.41985035
184015	37.7760583167	-122.4381185167
184021	37.7760282	-122.43810685
192175	37.77512055	-122.43791045
120939	37.7597754833	-122.3942855
167218	37.7996031903	-122.4084877968
36298	37.7783470677	-122.4101829529
12694	37.7785864	-122.4099930833
232978	37.567779915	-122.3245453835
88690	37.7980407785	-122.4328696797
864819	37.76430469	-122.42647552
562619	37.791653217	-122.4127837679
681243	37.7928587289	-122.3943647841
529350	37.7907057565	-122.396917603
116321	37.6187787154	-122.3884497539
161003	37.7695375833	-122.4261439333
205207	37.7740437131	-122.4218978746
834401	37.76472625	-122.3889178333
75783	37.7514874415	-122.4307361076
171397	37.7730646167	-122.42164835
43682	37.9860922258	-122.5838720798
39139	37.7975848326	-122.431829438
487044	37.7960894994	-122.4061272427
52369	37.7997526667	-122.4074363833
225529	37.8048844772	-122.4079835415
480669	37.78755655	-122.40918915
305874	37.76326575	-122.41535995
211335	37.76382929	-122.41953259
42792	37.765098983	-122.419128424
49072	37.8234804165	-122.3709583282
150160	37.614860318	-122.3822879791
46030	37.7755687333	-122.4469308667
321978	37.7861524294	-122.4112719297
19495	37.6211490513	-122.3901414871
360719	37.7894313506	-122.4339705286
348215	37.7860414713	-122.4325303857
15268	37.8585970333	-122.4830317333
15264	37.830056528	-122.4046897888
462599	37.7712857745	-122.4300701533
161035	37.7702099167	-122.4258078167
132996	37.7845848749	-122.4095057698
304072	37.7841051333	-122.4132528167
179041	37.7846168667	-122.41264445
104662	37.7849097833	-122.41135985
113133	37.7828594	-122.40990285
172572	37.7598602579	-122.4100196361
79283	37.7660393833	-122.4287043
302790	37.7664109667	-122.4278853833
151389	37.7663182197	-122.427785562
316461	37.77916	-122.42007
112049	37.6160716137	-122.3904141162
207574	37.6178517818	-122.3910212517
302649	37.6209448	-122.3908988833
125353	37.6162710801	-122.3916864395
170399	37.61864212	-122.3928773403
107663	37.6186931093	-122.3932850361
137889	37.6184126678	-122.3933923244
256060	37.6183871731	-122.3934674263
1088019	37.7646749	-122.4329164167
3717892	37.78376752	-122.40184277
802790	37.9381933333	-122.5335930333
717825	37.8571402509	-122.4801692917
351733	37.9283576	-122.5158262
646618	37.7941609833	-122.4129649833
956476	37.7635574341	-122.4145050049
810081	37.8927980333	-122.12008485
562345	37.8970994233	-122.1013213787
428388	37.8925623	-122.11744255
994198	37.7915079106	-122.4136945668
63213	37.8756533167	-122.0699408667
490956	37.7371655539	-122.2150790691
194473	37.73696375	-122.2152431
407446	37.8083196	-122.41035295
1339551	37.787759	-122.431518
779065	37.786182106	-122.4403309822
42103	37.7730560979	-122.4031677706
529893	37.7894634174	-122.4029409885
411261	37.7879307846	-122.4336368922
321304	37.7887681646	-122.4340653419
319894	37.7891396201	-122.4372477134
493052	37.7921999833	-122.4340397333
443199	37.8027346667	-122.444228
336323	37.78775674	-122.43374204
335255	37.79119598	-122.40441429
65667	37.78844475	-122.40027215
237604	37.7990107333	-122.4354303667
261228	37.7856037667	-122.4287021833
140343	37.79923575	-122.4341994167
129871	37.7999282262	-122.4376858469
314067	37.8000497667	-122.4404811833
281417	37.8000957369	-122.434279636
308115	37.8003937119	-122.4373483658
102472	37.8008211833	-122.43719745
39166	37.79930015	-122.4360543667
278581	37.7877282333	-122.41637355
183336	37.74021115	-122.46633455
116243	37.6182596993	-122.3873305321
45433	37.8708579735	-122.2727269657
361807	37.7858364262	-122.4203316313
98737	37.5864722833	-122.3647434667
281046	37.9041243743	-122.2915542126
221486	37.7908115109	-122.3957419395
154866	37.7552795586	-122.4213523412
21635	37.7432191333	-122.4285936333
232489	37.7513311167	-122.4384137833
62395	37.8004666829	-122.4390009024
663958	37.8059918333	-122.4491235833
554305	37.7870078333	-122.43299975
57167	37.7724938	-122.5094545
47149	37.78034435	-122.4763789333
47146	37.7802526667	-122.4773800333
326463	37.7903613167	-122.3962564833
306571	37.7900139	-122.40836882
95599	37.8271767167	-122.21046585
1097094	37.6150602167	-122.3834779167
1349885	37.616052767	-122.38378055
1097112	37.6154692167	-122.3836068167
160443	37.7516167333	-122.4299050667
160623	37.7516149833	-122.4300116333
160629	37.7515733333	-122.4301198667
160640	37.7515406167	-122.4302836167
160438	37.7515157167	-122.4300797167
160626	37.7515821333	-122.4300923
1191528	37.7514250654	-122.4300973663
510329	37.7791042667	-122.4219472
1497204	37.788451583	-122.426644467
407534	37.8083785833	-122.4148717167
407624	37.8063116	-122.4237279
144581	37.8019923493	-122.4126726832
2215313	37.806679217	-122.430609067
5345811	37.7879287654	-122.3874485493
1188011	37.78805458	-122.43367445
140175	37.7841873	-122.42962655
1034676	37.77928894	-122.43670076
461430	37.7866795803	-122.4368438884
3643552	37.7823494854	-122.4291086197
3936353	37.7827	-122.428952
144281	37.78358325	-122.42736475
1297251	37.78378409	-122.4268192
892955	37.79453963	-122.39531147
1128812	37.7946603167	-122.3922919333
407305	37.7943376333	-122.39286785
1231138	37.7946063	-122.3927578
1508193	37.795881067	-122.3936295
75267	37.7848663167	-122.4270338833
745795	37.6185626101	-122.3859465766
532415	37.6186132865	-122.3865476291
1149310	37.80601334	-122.42274314
72586	37.80795115	-122.4191919167
407498	37.8091457167	-122.4158482333
1219551	37.79119884	-122.410715303
1237387	37.6151790166	-122.3856085539
238641	37.79169625	-122.4342801
4831324	37.788618207	-122.4437910318
4829804	37.78822124	-122.4463176727
4294732	37.792643167	-122.401752327
2832645	37.7951947644	-122.4035954475
3553289	37.7959030867	-122.4217808247
765660	37.7918199054	-122.4344865908
3998088	37.7918046713	-122.434194088
604344	37.7983437687	-122.4188156433
1537385	37.7897862667	-122.4342448333
623093	37.7891289026	-122.4339379949
31544	37.79797695	-122.42197745
79955	37.7922443632	-122.406181097
1538105	37.7976411581	-122.4289423227
654643	37.7966084667	-122.4218911667
233202	37.7996272667	-122.4083951333
225444	37.8016247667	-122.41123685
15280	37.7930760333	-122.4127364
2227775	37.7983117104	-122.4263995886
650400	37.7977367667	-122.4299347167
1538030	37.7974051237	-122.4316191673
2222569	37.8005701303	-122.4391508102
502036	37.7977301667	-122.4357002833
319068	37.7873688655	-122.452870078
221723	37.7953049782	-122.4131011963
1934645	37.76786294	-122.39314847
422953	37.79004436	-122.4079259
86608	37.7904015167	-122.4073414
1345313	37.7934730053	-122.4214214087
1123550	37.79754704	-122.43408143
206725	37.7972850167	-122.4334499833
211260	37.80058401	-122.44074654
605847	37.79827105	-122.4277061
742961	37.6535750667	-122.09112855
4556665	37.797472313	-122.255936545
254602	37.9814158859	-122.3265838623
521339	37.9781854765	-122.3274645654
308170	37.79789405	-122.2560143667
863127	37.6511713	-122.1063998833
441791	37.8089977701	-122.4101561308
453973	37.6735550333	-122.0820625
497785	37.6535125	-122.1063444333
880012	37.7106559667	-122.1632924167
874777	37.6507263184	-122.1075363159
930758	37.6518018113	-122.1052399626
561152	37.6657024167	-122.117417
773515	37.6991954991	-122.1291947365
1083836	37.77743835	-122.2773865333
578370	37.7836181475	-122.2741422207
1015555	37.6880053149	-122.1348828563
1030663	37.6877441406	-122.1370162964
4110119	37.80003499	-122.25412237
316027	37.6670486868	-122.1188526099
3999376	37.824980967	-122.265582217
1266660	37.8729736667	-122.2930943833
396421	37.6447604833	-122.10468
310350	37.95366155	-122.3343402
975592	37.8236382569	-122.2574568176
1180602	37.823364	-122.253741
812129	37.8108859	-122.4110627167
399282	37.80073958	-122.41103446
25838	37.7986063333	-122.4087132
611168	37.8007847071	-122.4076509476
610760	37.8011709452	-122.4095875025
242022	37.8020016667	-122.4121373833
821253	37.7701992167	-122.4670296667
3865914	37.76919636	-122.468056747
406957	37.8077241784	-122.4130904675
1232084	37.83963179	-122.46511483
1504236	37.800399644	-122.416182123
10991	37.8102636333	-122.4762940333
2444344	37.7696764469	-122.4497455359
507879	37.7701566667	-122.4467516
218708	37.7264183667	-122.4759591333
281179	37.7294947434	-122.4763711865
612667	37.7284712966	-122.4786976537
372835	37.72867333	-122.47740387
724223	37.72867649	-122.47682815
326145	37.7275674833	-122.4777323
738695	37.7273926614	-122.4774764314
326152	37.7274959833	-122.4771679833
578629	37.7278357333	-122.4770184833
452459	37.5630541167	-122.27872525
832324	37.6196980476	-122.387856245
175039	37.6199636909	-122.3878565878
394120	37.6199820859	-122.387883395
605565	37.619998233	-122.3878868814
1154684	37.6203360578	-122.3877260033
348483	37.6200103201	-122.3881673813
209264	37.620894113	-122.3886394501
478198	37.6212668167	-122.3903919167
4775852	38.01001042	-122.28965777
99577	37.7848807355	-122.4179147942
37765	37.8449846	-122.2912835667
3046373	37.841232034	-122.293693281
49448	37.5659950167	-122.3236410667
1114706	37.847595608	-122.2880244255
23399	37.75782605	-122.3905651833
1025000	37.7769262374	-122.4230146414
464513	37.7769456637	-122.4382363254
92322	37.8182936884	-122.3691129684
534910	37.78507149	-122.40716117
1346503	37.756562383	-122.419198967
947494	37.6191712	-122.39941489
587877	37.6205796879	-122.3870193958
112042	37.6183198207	-122.3885484966
1007475	37.6187741856	-122.3864209477
579410	37.6182863749	-122.386765678
329556	37.6177162938	-122.3880667425
1097103	37.6152101667	-122.3834782333
1097096	37.6152924	-122.3834358
1097111	37.6154692167	-122.3836068167
725632	37.7843276553	-122.4311163113
656563	37.78425775	-122.4309440667
1329126	37.7814698167	-122.45110585
374901	37.7924848246	-122.39833877
1329030	37.797214	-122.401991
114021	37.7942112333	-122.4072884333
32984	37.7921926167	-122.4118702333
1328740	37.7931651833	-122.3959821333
1327682	37.7859446928	-122.4244737625
1086317	37.766355477	-122.4219739437
11344	37.7755665667	-122.4583983333
1310634	37.7756178167	-122.4584484833
1310476	37.7961657667	-122.4778074
821309	37.7715519	-122.4589645333
1310330	37.7723095167	-122.4646677333
1310323	37.7724236167	-122.4655506
818621	37.77300535	-122.4672507167
1310081	37.7723181	-122.4663241
821200	37.7717037333	-122.4660703667
821271	37.771236	-122.46596115
697080	37.7810191167	-122.4195733667
1100981	37.8561503333	-122.4795020667
129027	37.8600343667	-122.4853039333
533716	37.7882265927	-122.423957706
1291998	37.8066137411	-122.414034605
554667	37.8235174333	-122.4538322
1291560	37.80897725	-122.411507
1291354	37.8091928333	-122.4102727
1291229	37.80552655	-122.4128446833
1290117	37.7869416	-122.4235472167
923921	37.9961489167	-122.5349086833
526543	37.764376061	-122.4216843992
1269566	37.858914533	-122.484665133
3020537	37.6520580876	-122.402254343
612770	37.6593399048	-122.3970413208
494352	37.6517745	-122.41742675
143199	37.6522399	-122.4022025833
4422013	37.648030302	-122.401426255
135989	37.6560235513	-122.401656456
1666474	37.587751296	-122.3578711
1172644	37.5910071711	-122.3480865351
5499222	37.6361888636	-122.3864507675
108687	37.8367032667	-122.2948357833
767406	37.7677658667	-122.4066811167
106645	37.6381418892	-122.4200795226
326813	37.800401569	-122.4401039636
966291	37.8364391	-122.2948940167
377796	37.8356830447	-122.2944295406
603082	37.7724861833	-122.41470535
336794	37.7692859167	-122.4132122333
83263	37.9315811833	-122.32983295
886148	37.8735793167	-122.5055891667
1570346	37.869282215	-122.503450414
1073990	37.85635405	-122.4798098833
725367	37.8555418953	-122.4795126915
2338216	37.8559471	-122.4795394
646710	37.7430450583	-122.4744839256
506807	37.7298531214	-122.4748772742
668602	37.6651738667	-122.0984752
640532	37.7684938667	-122.2611065333
41904	37.76772185	-122.2725045833
44238	37.7661010375	-122.2726821899
1233160	37.7673284667	-122.2421530833
223257	37.7692899498	-122.2336506844
35871	37.7667924002	-122.2410963564
709380	37.7671376667	-122.2414545833
582110	37.7663196	-122.2395786667
223413	37.7685460895	-122.2338697145
421339	37.7687043333	-122.2342801667
473785	37.7670391	-122.2404844833
560352	37.7684571	-122.2342885167
473777	37.7671257167	-122.2404633
446458	37.7700245833	-122.2341207333
473768	37.7670560167	-122.2402668
297200	37.7691641438	-122.2413495453
1599928	37.767606627	-122.240443426
702608	37.7676164667	-122.2404320333
473684	37.7675698	-122.2397406167
520836	37.7672349167	-122.23750565
390535	37.7679554167	-122.2400882333
129014	37.7678502167	-122.2397520333
377540	37.7677294354	-122.2394549847
2579837	37.76792931	-122.23957777
128988	37.7677269	-122.2390627
207312	37.7680647667	-122.2395418333
207365	37.7679135833	-122.2392110667
176537	37.7685546167	-122.23978655
801507	37.7710121447	-122.2382520661
760974	37.771007002	-122.2382559829
1296988	37.7693247667	-122.2394924833
324901	37.7687711667	-122.2389128333
821794	37.76938785	-122.2389444833
199854	37.7694835333	-122.2380452333
1172480	37.77022535	-122.2377570167
1625916	37.759165522	-122.253944588
1093264	37.7558756	-122.2550918167
640444	37.7711687667	-122.26240925
315197	37.7658707667	-122.25448105
610582	37.7708750833	-122.2629999833
611851	37.75795365	-122.2553877833
22630	37.7624966667	-122.2543455667
1401251	37.770010828	-122.261567116
1141313	37.76816272	-122.25792682
611860	37.75686475	-122.2569076167
547435	37.7682851333	-122.2736460333
1233706	37.765060483	-122.255889583
249639	37.75799675	-122.25923815
567121	37.7589256667	-122.2585040167
577708	37.76439645	-122.2714808333
404272	37.7641080167	-122.2714591
551764	37.7646770833	-122.2603687167
44295	37.7626443667	-122.2720567667
703036	37.7610977333	-122.2613705667
1547286	37.75986051	-122.26428222
11391	37.7859306333	-122.2787761667
225925	37.79437705	-122.2760838
383188	37.7832095	-122.28908318
937505	37.7782041293	-122.2814379803
1602613	37.791237167	-122.27054305
970947	37.7935106667	-122.2743767833
285354	37.77798515	-122.2768060833
228439	37.7939559333	-122.2761994
1551549	37.778053355	-122.27692785
43489	37.79343985	-122.27499265
210927	37.7939098333	-122.2771446167
710420	37.7937331667	-122.2762594
192560	37.7922294939	-122.2734664412
1255450	37.778764733	-122.276576583
321616	37.7796166728	-122.2749466548
344013	37.7795039667	-122.2753435833
479224	37.7793810333	-122.2759224333
625390	37.792422408	-122.2758150101
139084	37.779693434	-122.2760162184
473570	37.7857616833	-122.2704974833
398821	37.7839300272	-122.2712979739
568941	37.78096544	-122.27413791
268729	37.78096348	-122.27430957
441960	37.7834133333	-122.2719446167
838279	37.7855811853	-122.271228643
1006408	37.7833378	-122.272216
629630	37.7916625833	-122.27818995
529474	37.7839562	-122.2725691333
501275	37.7835284667	-122.2731964667
735922	37.79053172	-122.2753000259
1007191	37.7835740667	-122.2731347667
594533	37.78368335	-122.2732085333
144342	37.7833952333	-122.27364185
1200263	37.7836984148	-122.274282546
132084	37.7836408667	-122.2725656333
480554	37.7809085167	-122.2809802
996709	37.7844531667	-122.2754573167
611810	37.77108255	-122.2694144333
293774	37.7132290667	-122.16052895
54123	37.7116866946	-122.1625784783
433464	37.7830932	-122.2745894167
1172295	37.77155387	-122.27337127
427791	37.77391451	-122.27538788
46601	37.77128325	-122.27522765
772535	37.7718126667	-122.2760193333
963931	37.77295245	-122.2767883833
915744	37.7735251833	-122.2764655667
135518	37.7724647	-122.27675315
475764	37.7714031653	-122.2765403914
420760	37.773765564	-122.2767410278
980929	37.7751245833	-122.2723505
215508	37.7714436333	-122.27667955
363931	37.77384225	-122.2767865667
348719	37.7729721069	-122.2770996094
561197	37.7700047833	-122.2734429833
40574	37.7728747333	-122.2772347
51565	37.7742539833	-122.2767206167
426216	37.7717713333	-122.2771053667
1242028	37.774615508	-122.276512535
506905	37.7738200667	-122.2771627667
135544	37.7746262167	-122.2766487667
1241933	37.774609091	-122.276679993
136089	37.7753630333	-122.2736958167
658443	37.77419795	-122.27705825
265748	37.7748340817	-122.2766648949
1161671	37.7711372167	-122.2772632
1154658	37.7715303167	-122.2775221
439050	37.7714920044	-122.2772521973
265795	37.7749570833	-122.2767268167
18481	37.77433496	-122.26989704
748574	37.7712845833	-122.2779885
171850	37.7758712769	-122.2766494751
602596	37.7751492667	-122.2701272833
440723	37.7761771607	-122.2765260501
657185	37.77392505	-122.2691416667
491436	37.7766051167	-122.2764194167
30675	37.77658065	-122.2770816167
624211	37.7771872212	-122.2766262106
625339	37.7709585086	-122.2795725325
559171	37.7691124167	-122.2781798833
1464711	37.773420968	-122.268184384
1456521	37.775596983	-122.276498217
1381812	37.771081933	-122.2772956
1543323	37.77125304	-122.27076619
1408696	37.772148132	-122.276809692
1536599	37.7729809284	-122.2768878937
1204471	37.7651402167	-122.2418857333
982583	37.550470233	-122.2639918327
472159	37.54428505	-122.2808790167
1279215	37.549289367	-122.2644539
831714	37.55010622	-122.26837402
11302	37.5486944373	-122.2750961781
194369	37.54703775	-122.2753538667
1075037	37.5459907597	-122.2720410643
176479	37.5452957153	-122.268989563
924184	37.5439086	-122.2704879333
947780	37.5440168381	-122.2707617283
985958	37.7603759766	-122.2530822754
466722	37.7599429333	-122.2530230833
1209989	37.7597702	-122.253333467
1127826	37.7597413833	-122.2529527167
725820	37.7590959667	-122.2529140167
603768	37.7593286167	-122.25165805
978246	37.7586713	-122.2502587
659376	37.7582643167	-122.2526077167
526381	37.7576024667	-122.2534502333
1018678	37.7578656333	-122.2495098667
703662	37.7580580226	-122.250337947
521085	37.7580656559	-122.2506100044
40105	37.7578397581	-122.251149416
758752	37.7577125238	-122.251803875
1162655	37.7576144667	-122.2527060333
228889	37.7571017961	-122.2533595562
487477	37.7537316853	-122.2487576378
212859	37.75668705	-122.2537166333
526395	37.7573976833	-122.2525449
290722	37.75701705	-122.2529167333
993537	37.75726235	-122.2524967167
607744	37.75740755	-122.2513398667
489976	37.7569384667	-122.2494757833
518161	37.7568049127	-122.2525763512
1123474	37.7570770833	-122.2515664
521042	37.7566563	-122.2508826333
237101	37.7563627	-122.25008995
420392	37.7554764	-122.2524172833
566653	37.7561934962	-122.2499669428
299777	37.7561670093	-122.2499766994
560617	37.7564571335	-122.2510206699
475093	37.7563298968	-122.2502803802
200287	37.75479015	-122.2498969167
102031	37.7561602476	-122.2501194477
1049123	37.7563587833	-122.25125585
521130	37.7562719667	-122.2512430833
978288	37.7552186871	-122.2501516342
628541	37.7552095167	-122.2509000167
1381418	37.756040483	-122.2515772
1204446	37.7658455167	-122.2414088
341164	37.765835	-122.2411539167
1242891	37.76690906	-122.23274844
395479	37.7686501167	-122.2319058667
604144	37.7659314106	-122.2409033775
107301	37.7686096167	-122.2320735833
1204422	37.7662139	-122.2412055167
1243581	37.772978317	-122.2356492
1230202	37.7683569	-122.232697967
1463996	37.7662700415	-122.2407102585
749231	37.7690674167	-122.2327271833
22633	37.7684189333	-122.2329079667
487064	37.76914755	-122.2328164667
371518	37.7683926804	-122.2334015594
61305	37.8695867744	-122.2922231106
756972	37.8651229833	-122.2471565167
308022	37.8487523037	-122.2523149792
421291	37.8489342	-122.2523466833
74943	37.8490220665	-122.2523877041
1275171	37.8491503	-122.2520399094
916133	37.84913795	-122.2522224667
737215	37.7613216	-122.2070925
978114	37.73553901	-122.23654133
74136	37.7275463833	-122.2468478167
132209	37.7279506507	-122.2463321686
132196	37.7250993986	-122.2335219383
81431	37.7296878796	-122.2432587978
1033878	37.7244898167	-122.23498
1364694	37.729132	-122.241972
1397169	37.73028194	-122.23753899
721027	37.72775352	-122.2415792942
224522	37.7267499167	-122.2408745167
887731	37.96136927	-122.5057674
822030	37.9489882667	-122.50922715
544136	37.9479296833	-122.5078098
1086235	37.96042519	-122.50532788
92241	37.95930595	-122.50608005
558520	37.9611253833	-122.5027865333
230762	37.961835017	-122.4987406296
918138	37.9613287597	-122.50035882
555382	37.9598149333	-122.5042900167
127418	37.95647853	-122.5088846
730446	37.9611954833	-122.5019144
680476	37.9564067294	-122.506177035
1331261	37.958794	-122.499459
336714	37.958771	-122.499588
153810	37.958142	-122.497761
236018	37.953207772	-122.503695488
1007869	37.95612215	-122.50058829
210107	37.9559644789	-122.500829848
1008976	37.9561254333	-122.5003377667
119520	37.9534764833	-122.5003824333
194563	37.9502890727	-122.4897480011
510611	37.9499022	-122.4916201333
202863	37.9526476667	-122.49249075
235780	37.9497317667	-122.4937733167
397197	37.9505458356	-122.4951006528
846647	37.7258885954	-122.1859073639
788141	37.7207586657	-122.1830803156
307703	37.7219275833	-122.1679043167
383640	37.7181786167	-122.1815701
439307	37.71444975	-122.16930465
548672	37.7142734833	-122.17904595
956548	37.7180861167	-122.1800094333
319817	37.7156285833	-122.1785874833
255057	37.7163676	-122.1786339333
519241	37.7150520167	-122.17823885
561142	37.7156057	-122.1782449167
519541	37.7167310384	-122.1780977661
340411	37.7167456634	-122.1780771365
964990	37.7086683167	-122.17170125
1203748	37.709683617	-122.171488483
625332	37.7090548162	-122.1695976431
1162880	37.7118515171	-122.1613168716
206057	37.7112782	-122.16567438
156578	37.7115384	-122.1631187833
1242521	37.71037739	-122.16639465
395330	37.711341863	-122.1639099057
422341	37.711501045	-122.1626403992
757848	37.71021604	-122.16559261
1097090	37.70558303	-122.15928536
292779	37.7102801333	-122.1649940833
948658	37.7108160288	-122.1632909775
880017	37.7105516667	-122.1629725167
196883	37.7100910167	-122.1641543833
1431637	37.71031637	-122.163124944
1419713	37.709487123	-122.160356698
1419738	37.709572491	-122.160487136
983406	37.701554	-122.146526
1333988	37.7015644312	-122.143920064
1038695	37.6916710667	-122.1470038
1229627	37.69206598	-122.14747525
136134	37.6919150167	-122.1463896167
878983	37.6909861819	-122.1524548531
725089	37.6941937208	-122.1476858854
1333731	37.687090717	-122.128738583
916867	37.6860558667	-122.1259310333
267755	37.68552911	-122.12790852
1375475	37.68343765	-122.1288705167
326962	37.6730427	-122.1223556167
365744	37.6763745	-122.11024575
267962	37.6734693682	-122.1109127998
1042965	37.6691590805	-122.1065735795
378845	37.6661837	-122.1100197
1245890	37.6657963	-122.10889704
442539	37.6667519359	-122.1065461636
1302688	37.669503524	-122.1064281464
1338980	37.66667026	-122.10784173
1210120	37.654428989	-122.105593236
1352582	37.657659881	-122.096910149
75256	37.6516844092	-122.1012247551
260597	37.654331	-122.1047095
519527	37.7734849	-122.2811790667
1010081	37.7681381833	-122.2785481833
98207	37.7669291456	-122.2542129003
507223	37.7710190333	-122.2520781
1242810	37.7610544724	-122.2456562519
1204459	37.7656597	-122.24163525
292275	37.7670509406	-122.2428023815
1129048	37.7656853167	-122.2431564167
726320	37.7669090094	-122.2438683088
292283	37.7663215518	-122.2436070442
640462	37.7708858833	-122.2605563167
1228594	37.770397	-122.273435283
62640	37.7644043058	-122.2433520136
573915	37.7643714	-122.2429284833
800242	37.7644295333	-122.2425534833
716444	37.7644946833	-122.2429589
513107	37.76461185	-122.2421980833
203065	37.7645895833	-122.2426487333
475540	37.7646442833	-122.24276635
887481	37.7647197167	-122.2421693667
1115444	37.7650450178	-122.2415816859
203061	37.76468495	-122.2426049167
24996	37.7649115333	-122.2421984833
749512	37.7657112833	-122.2414765
743472	37.7647512333	-122.2425101833
233295	37.765755497	-122.241523231
1101859	37.7653499133	-122.2417698826
716391	37.7652456	-122.2419053
1048955	37.7652768748	-122.2419170885
166452	37.7649809	-122.2421577667
1015798	37.7653955947	-122.2419097064
706117	37.7652944236	-122.2419681356
925380	37.7646667833	-122.2430386167
40149	37.7650154189	-122.2422981262
434847	37.765349972	-122.2420368845
211235	37.7650239004	-122.2422981262
99644	37.7655614	-122.2424653
547405	37.7652251167	-122.2432949333
86511	37.7655206	-122.2427369833
298648	37.7391284616	-122.4179301998
1100846	37.7391205792	-122.4179304856
316255	37.7387580167	-122.4173763
549641	37.7385464333	-122.4172144667
514234	37.73681116	-122.41960304
749825	37.7365843	-122.41949695
834556	37.7678030921	-122.2320678777
129907	37.6129226011	-122.3891222477
179220	37.6032839667	-122.3946574667
495164	37.60266385	-122.3937361167
630638	37.6028526167	-122.3931676333
287834	37.59902375	-122.3885584833
420585	37.5993326833	-122.3892636333
521580	37.6020743833	-122.3929205667
745086	37.6025985508	-122.3922829416
372400	37.6021558167	-122.3923449
811246	37.5997371	-122.3912252
324858	37.6016308333	-122.3922911667
19466	37.6016869667	-122.3922539333
192261	37.6016050833	-122.3921224333
652076	37.6001482	-122.3896102
745827	37.6011387667	-122.39225235
704795	37.6013195054	-122.3921038334
592491	37.6008946167	-122.3895951167
52192	37.6006933249	-122.3898655627
19464	37.6014255833	-122.3910513667
346057	37.6187731779	-122.3864207582
261875	37.618574253	-122.3859709254
779713	37.6148300171	-122.3889312744
488308	37.614982605	-122.3858184814
681416	37.61678987	-122.3888626
123408	37.61775105	-122.3870639
600431	37.7759873167	-122.2822739833
492504	37.7747699333	-122.2652986167
486865	37.7747107667	-122.2657859167
23584	37.7577227	-122.2512873
486999	37.7643346833	-122.2433450833
574031	37.7645836667	-122.24403915
315314	37.7647880333	-122.2442611333
495125	37.7726051833	-122.2550417833
565636	37.7724242833	-122.2549762333
244079	37.7742797	-122.2488118
442476	37.7671645333	-122.2536506333
600632	37.7675223167	-122.2483691167
410391	37.76930255	-122.2505334833
187268	37.7796227667	-122.4138104667
38699	37.7795673667	-122.4141221667
604640	37.77883762	-122.41208682
495078	37.7758419167	-122.4153021833
48220	37.7758610905	-122.413169506
579820	37.7758092569	-122.4141976838
70194	37.77585625	-122.4142169833
469150	37.778168989	-122.4156868458
469147	37.7783364678	-122.415523231
224140	37.7781956126	-122.4122355245
108735	37.7784543905	-122.4153690222
562403	37.776182056	-122.4148684074
38691	37.7781818833	-122.4153355667
51623	37.776260976	-122.4150216579
108604	37.77671902	-122.4153238664
276434	37.7785354813	-122.4141386857
476342	37.7766909833	-122.414483
154666	37.7788198618	-122.415923651
248651	37.7774052	-122.41355407
55260	37.7775233833	-122.4181578167
99255	37.7774577464	-122.4183579302
376356	37.7789156833	-122.41861025
38661	37.7783726833	-122.41835515
450952	37.7786942167	-122.4197555667
570841	37.77855592	-122.41992503
420313	37.7780873282	-122.416044325
398544	37.7795563833	-122.4161951667
31520	37.7788988833	-122.4149315333
448671	37.7766316702	-122.2912908977
361313	37.843503529	-122.2942364216
125592	37.8422042833	-122.2944560667
414753	37.8411161833	-122.2933118338
502906	37.8412336	-122.2935681167
365490	37.8450737333	-122.2909456
150716	37.8465450753	-122.2916293144
25841	37.8490873833	-122.2912797167
248776	37.86384625	-122.2974859
533313	37.8627623167	-122.2984690833
125627	37.8636172833	-122.2973216
156307	37.8566385667	-122.2928789333
200130	37.8551691675	-122.2922086716
186274	37.8547263333	-122.29177625
43298	37.85350565	-122.2916806167
336287	37.8511030167	-122.29088735
243073	37.8500101333	-122.2856646
289746	37.8493036833	-122.286336
86098	37.8481236833	-122.2852218
213961	37.8473882667	-122.2878753167
320052	37.84765583	-122.2900803
201513	37.8335053625	-122.2919297218
120056	37.8338527833	-122.2928958
151363	37.8336748342	-122.2930347919
207908	37.8347340238	-122.2938716412
157854	37.8337510964	-122.2925949097
157697	37.8337553331	-122.2926217318
549517	37.8337680435	-122.292112112
304560	37.8340730913	-122.2923696041
460641	37.8386516056	-122.2969259386
360848	37.8340646177	-122.292112112
325093	37.8341404	-122.2921577667
533616	37.8352339559	-122.2923803329
114289	37.8331918387	-122.2918760777
354582	37.83416035	-122.2921647333
184363	37.83404505	-122.2920826
188376	37.8337934642	-122.2919940948
66831	37.8337595699	-122.2920906544
61905	37.8385015333	-122.2955075167
10702	37.7920997	-122.4837183833
584088	37.8077693	-122.4174923
292108	37.8078728333	-122.4174515167
2373758	37.79790855	-122.4065965
2370697	37.7939496	-122.4061781
2365270	37.788439507	-122.422010505
834275	37.7947280198	-122.4097734817
247816	37.78906985	-122.4038451833
1208148	37.7892938442	-122.4004626274
108473	37.8291627333	-122.2824998
196899	37.7652367667	-122.4316919333
525409	37.7647547167	-122.4324086167
166463	37.7638935	-122.43377835
632874	37.76679255	-122.43357785
1376088	37.764363888	-122.433080808
166513	37.764572	-122.4329735833
1933779	37.764185917	-122.433877767
463459	37.7648877667	-122.4321495667
1041972	37.8026256297	-122.4131598584
406933	37.8070494	-122.4180193167
1444141	37.8002818	-122.42735195
406904	37.8065000667	-122.41921865
20269	37.80489575	-122.41579848
972234	37.8061298167	-122.4205925333
352608	37.7970263167	-122.4224119833
417417	37.79905465	-122.4245326667
560821	37.80283993	-122.41598731
458564	37.79887235	-122.4190458833
1518667	37.806096181	-122.415387037
1194386	37.8057202	-122.4139504
314501	37.8086518667	-122.41548205
715634	37.8068698836	-122.4095538611
890861	37.80534988	-122.27203887
69609	37.81261515	-122.2612021333
2157149	37.805975167	-122.270972667
947868	37.8081540394	-122.2641835845
351674	37.80675494	-122.27009475
1577353	37.80759115	-122.269380717
1074632	37.8138675333	-122.2648141167
291283	37.8102331966	-122.2655582428
1501093	37.812716702	-122.265027165
704812	37.8131399167	-122.2687434167
186791	37.8099026214	-122.2643136978
380835	37.8113177833	-122.2647146667
1354478	37.809464125	-122.26629114
286319	37.8154086649	-122.2688494676
1303978	37.808996	-122.26766
253059	37.8142508388	-122.2687447071
31912	37.8109089669	-122.2671376495
826853	37.8114920936	-122.2669323213
724009	37.82179552	-122.28732329
166485	37.7649054	-122.43327555
1171188	37.7665080946	-122.439475692
1236632	37.766091883	-122.438135783
578826	37.7718777333	-122.4318870833
1095673	37.7719358514	-122.4316329352
403971	37.7735785667	-122.4381115833
1859564	37.771654	-122.43204
1584269	37.77084589	-122.4322843552
628533	37.7714321369	-122.4354336592
53123	37.7714949683	-122.4343013763
219450	37.7719285409	-122.4371737669
321340	37.77191615	-122.4350554667
190050	37.76995385	-122.43489945
1287199	37.799423984	-122.402606824
1514424	37.799498945	-122.407498371
470764	37.79415839	-122.41063046
330028	37.7941131667	-122.4037253667
431242	37.79368466	-122.40482294
725554	37.79486358	-122.40629512
360285	37.7959015118	-122.407203713
96967	37.7955095667	-122.407227
497854	37.7955917333	-122.4132987
94394	37.7922274065	-122.4062561989
1375356	37.795903321	-122.407587168
106139	37.7933426	-122.4088326833
730672	37.7936897333	-122.4087746167
1135712	37.7925578955	-122.4068370632
507068	37.7925166833	-122.4067098
382029	37.7926343655	-122.4061381817
590950	37.7905005662	-122.4052241183
884867	37.79309689	-122.40287637
616884	37.7940533091	-122.4052950901
538563	37.7939246178	-122.4057641235
213527	37.7926428438	-122.4065566063
717038	37.7926759667	-122.4067876167
419271	37.7914954757	-122.4061096045
603732	37.79374688	-122.4046452
325952	37.7924843167	-122.4063556333
457278	37.7926748072	-122.4062439311
681762	37.7922358849	-122.4062240124
78632	37.7925665392	-122.4065244198
457387	37.7924139297	-122.4055480957
432433	37.7926343655	-122.4062240124
573906	37.7926428438	-122.4062025547
778769	37.7926428438	-122.4062025547
182690	37.7926343655	-122.4061703682
457815	37.7926428438	-122.4061918259
729755	37.7928612877	-122.404418826
457520	37.7921503052	-122.4052602863
93403	37.7922635213	-122.4058856125
566796	37.76971395	-122.4461791
989167	37.6102072667	-122.4005537833
237204	37.6527414167	-122.4155328
389913	37.5647177333	-122.31409685
1040655	37.558468	-122.325096
192683	37.5621931333	-122.31869525
948084	37.5632707167	-122.3178173667
1256044	37.563735967	-122.318099383
365408	37.56413918	-122.31989318
596182	37.5622862333	-122.32496585
382326	37.56486642	-122.3200286
56424	37.5623675446	-122.3254437295
125530	37.5624965333	-122.3259367667
1226138	37.56291103	-122.32566869
899299	37.5632923667	-122.3254627
109276	37.5639730343	-122.326796842
386882	37.5638587899	-122.3246799243
28367	37.5648524333	-122.3228141
982938	37.56620635	-122.32236755
415584	37.5656602833	-122.3232480833
663511	37.5656131	-122.3240387333
353857	37.5663700667	-122.3234030667
934244	37.5683504333	-122.32618015
266135	37.5675247938	-122.3244917393
491597	37.5668470333	-122.3263712
709982	37.5774637167	-122.3483312333
548407	37.5767894	-122.3470835
1149815	37.5767965833	-122.3460327833
410451	37.5670731167	-122.34481175
894150	37.5682943261	-122.3485280954
417366	37.5792031833	-122.3396820833
1716106	37.5785877472	-122.345367372
718468	37.57997626	-122.34890973
1548725	37.578355048	-122.348333834
537515	37.5803316833	-122.3436083667
1029205	37.5793599559	-122.3435016966
1370968	37.579771557	-122.343874374
618196	37.5900113583	-122.3428380489
730697	37.5891721833	-122.3393668
339681	37.5902173838	-122.341140767
520043	37.5777539667	-122.3559740167
106318	37.5907868663	-122.3480988746
563825	37.5904651994	-122.3504555225
652125	37.5927129167	-122.3619559167
258471	37.5898861	-122.3506087
1186783	37.5863420963	-122.360830307
25112	37.5903574333	-122.3595117333
1094976	37.59925824	-122.38675928
1286806	37.6291536692	-122.4221777916
153183	37.6289020167	-122.4219638167
422062	37.6264179833	-122.42511995
537742	37.626710844	-122.4247985236
180289	37.6265176667	-122.42699265
280262	37.6365881843	-122.4188840389
1477285	37.627938862	-122.425158618
1552914	37.628275	-122.425301
150756	37.6282891036	-122.4252978245
213167	37.6294087333	-122.4251138167
1040011	37.6434203667	-122.4498330667
762891	37.62895315	-122.4352868
1040499	37.6399009333	-122.4351858833
1029962	37.6337843974	-122.4404168129
606447	37.6650112867	-122.4759346247
622727	37.6711257	-122.4701203
1553404	37.67101	-122.468247
144211	37.66355655	-122.4683651667
65931	37.6705748683	-122.4695161602
591540	37.6705703735	-122.4694977294
745966	37.6638901234	-122.4676787853
144194	37.6642850833	-122.4690493333
57088	37.6652025333	-122.4669848667
43492	37.6683044535	-122.4664460995
144158	37.6656834	-122.4673018167
144150	37.6657019833	-122.468339
36022	37.6666755014	-122.4667668343
144068	37.66663045	-122.4690772333
1042204	37.6675470667	-122.4683502667
144091	37.6669612667	-122.4690346667
144104	37.6671669833	-122.4689450333
296680	37.6984391833	-122.47008445
170913	37.6910557333	-122.46536195
788399	37.7113573893	-122.4679124604
1331286	37.70089393	-122.46453225
899895	37.7346944525	-122.4323689957
353740	37.7622046667	-122.4142246
678113	37.7576176	-122.4212570167
179180	37.7544479667	-122.41864015
1163954	37.7584081833	-122.4212428
1308680	37.76213645	-122.4175796
309241	37.7546293167	-122.418868
678103	37.7578403833	-122.4211104
179187	37.7545998667	-122.4185956
845118	37.7605355484	-122.4118644517
18845	37.7547273667	-122.4185434167
1338141	37.757197117	-122.4206846
154362	37.7549234	-122.4186341333
1063394	37.7615974167	-122.4178051
589842	37.7568863333	-122.42039985
154365	37.7551185667	-122.4185986667
1489712	37.75549742	-122.41897044
746253	37.7586375833	-122.4202848833
941837	37.76045227	-122.41264224
603833	37.755400291	-122.4132490102
786244	37.7599367	-122.4191728167
154378	37.7560018167	-122.4188386333
18848	37.7565642167	-122.4191869667
733218	37.7584464833	-122.4196802833
404785	37.7555774399	-122.4176492853
885154	37.7570450333	-122.41255165
72024	37.7597230833	-122.4190086167
844006	37.7585298068	-122.4129062797
724841	37.7602075	-122.41464635
221609	37.7617932882	-122.4097063372
182467	37.7632604333	-122.4146898167
1056663	37.7628709667	-122.4147938833
965868	37.75723155	-122.41817475
122658	37.75819615	-122.4176405667
1592456	37.76089799	-122.40634489
872630	37.7591487626	-122.4020515059
32987	37.7706266397	-122.404333637
209822	37.7706061078	-122.4035375622
108938	37.7704799112	-122.4034338565
26755	37.7705763083	-122.4033411627
533531	37.7716263	-122.4017499667
457635	37.77295613	-122.39831334
579377	37.7712653333	-122.4017684333
689227	37.7691111667	-122.4028763
1485729	37.771524067	-122.398461233
619114	37.7661624	-122.4011021667
985629	37.7680944826	-122.3943545442
487596	37.7562453833	-122.3937982
595572	37.7576612887	-122.3935699789
988737	37.75743865	-122.39260601
207628	37.7618179321	-122.3916397095
1144667	37.758996366	-122.3873922493
774700	37.7637049333	-122.3894985667
92169	37.7625472737	-122.3904526234
994378	37.7597200758	-122.3890921969
741107	37.7596946833	-122.3879923667
501570	37.7629925637	-122.3885643482
34803	37.7606855167	-122.38806955
64189	37.76018775	-122.3886468667
44496	37.7617072167	-122.3909102667
432478	37.7611727833	-122.3881076167
1544155	37.755342496	-122.391492625
64576	37.7452594674	-122.3907744884
1392217	37.730946044	-122.391879559
692819	37.69577306	-122.39514207
469439	37.6858141667	-122.4067989667
296835	37.6768295	-122.3845836167
1114697	37.6759003667	-122.3846364167
547573	37.6757614167	-122.3842612
32648	37.6708589601	-122.3887744452
383263	37.6747439647	-122.3847194608
593476	37.6744051746	-122.381772995
533945	37.6743355415	-122.3849058151
680762	37.6747484899	-122.3858819479
1131786	37.6737155	-122.386982
1070246	37.6493670333	-122.4059451167
678274	37.6466129811	-122.4043571949
466012	37.6473945186	-122.4047327042
404735	37.6461214293	-122.4017155909
834002	37.6442797333	-122.3970731167
1060045	37.6469347367	-122.3953527877
496231	37.6468584667	-122.3937680333
1471990	37.6550480542	-122.381901741
648508	37.6501186833	-122.3878956667
225888	37.6495827333	-122.38758785
1355154	37.651268845	-122.383970199
857528	37.6568933	-122.3783120333
490541	37.6519104	-122.3838375
1039917	37.6556374667	-122.37881145
743307	37.6530015167	-122.3823817833
19690	37.6584986833	-122.3788908
506438	37.6548370435	-122.3861467184
791353	37.654016742	-122.3873228133
536764	37.6548994667	-122.3883319167
716436	37.6526452167	-122.39457325
78187	37.6574285333	-122.3887821167
79844	37.6572867355	-122.400095485
981756	37.7540712	-122.4797014
166175	37.7503601296	-122.395631969
1514040	37.7537427034	-122.3910427094
239883	37.7557312833	-122.3979167667
464751	37.7391281519	-122.4179306241
726102	37.7391958237	-122.4167704582
524443	37.7425870467	-122.405923605
659752	37.7399458	-122.4043418167
293259	37.7433076167	-122.4023591167
1238923	37.7395686534	-122.404988859
1781611	37.740423	-122.400691
1393273	37.73889065	-122.407316117
365593	37.7263609	-122.3865029
1267942	37.723851467	-122.388033233
162285	37.7722862833	-122.4295289333
162292	37.7723603333	-122.4296929167
571215	37.7728169167	-122.4306859
933578	37.8060523	-122.43190265
210000	37.8053564	-122.4255219
588899	37.8004889167	-122.4309772
834565	37.79955554	-122.42955112
1140626	37.79956475	-122.40250285
22476	37.8002437333	-122.4019237333
192412	37.8009070708	-122.4015562998
209932	37.8013000488	-122.4016571045
839142	37.801347281	-122.4016899134
1175081	37.803134	-122.401806
334950	37.8004843254	-122.4026581379
506065	37.8014368485	-122.4022118789
221536	37.79543381	-122.40601575
57651	37.7977866095	-122.4007000454
68034	37.7980980667	-122.4039756667
572834	37.793787591	-122.4014532821
230264	37.7981612333	-122.4030818333
778329	37.7973198667	-122.4006791
228761	37.7960852782	-122.4000695649
363781	37.7937922156	-122.4035535732
125439	37.7963816742	-122.4049901962
607495	37.7978322333	-122.40288495
537521	37.79790375	-122.40231385
111303	37.7976587167	-122.4022465333
770859	37.7967968763	-122.4010291978
1323156	37.797329117	-122.403526033
1106062	37.79388946	-122.40249884
693934	37.7941341014	-122.4030712022
548583	37.79391807	-122.40258973
57241	37.7943410848	-122.4022441568
150903	37.7973007167	-122.404164
1484900	37.797056867	-122.404336275
102548	37.7945334778	-122.4018895626
408491	37.7948471658	-122.4033486843
574372	37.7960086474	-122.4042284489
681310	37.796209718	-122.4041341739
907385	37.7968106333	-122.40246795
1436105	37.796527546	-122.401949852
48041	37.7950830972	-122.4030790851
1323137	37.79571384	-122.40339726
128342	37.7939868362	-122.4030249955
612355	37.7947216	-122.4016445
830550	37.79450953	-122.40292418
231427	37.7966551667	-122.4035391167
1212222	37.796531452	-122.403405952
591258	37.79624694	-122.40263921
533633	37.79620629	-122.40231835
533593	37.79617148	-122.40342992
533574	37.79617148	-122.40342992
677153	37.7962502532	-122.4018951205
348155	37.7954934809	-122.4016298584
526268	37.7955169275	-122.401471138
161543	37.7973214334	-122.4018164513
219509	37.7953879182	-122.4004728786
458888	37.79491499	-122.3993468285
1170192	37.7941880741	-122.3997269121
633178	37.79319351	-122.40076637
1047835	37.79433695	-122.3992342
355305	37.7969166782	-122.3988724197
1029247	37.79328144	-122.4000965184
146644	37.7950737816	-122.398719731
840184	37.79568755	-122.40236425
1092671	37.6187361334	-122.3842623084
561951	37.8018511833	-122.4790068833
175468	37.8359880845	-122.4777317047
274710	37.8549864167	-122.4786869167
607084	37.8536607833	-122.4789179167
561697	37.8535330167	-122.4789118667
968099	37.8287760667	-122.48605775
1041230	37.8094177167	-122.4101017333
99667	37.8055564	-122.4233842
215379	37.6179367648	-122.1525835991
369197	37.791664	-122.399755
1287361	37.797820659	-122.406982393
1558462	37.795621852	-122.402998951
294023	37.8947186257	-122.0648431778
1473804	37.779634479	-122.391655066
525402	37.7562009333	-122.23326345
335930	37.89671385	-122.0641043833
144786	37.8921061667	-122.12036655
2816170	37.7825021157	-122.4068677425
1534746	37.61686402	-122.38758277
2273179	37.617162	-122.385697
66137	37.7704301466	-122.4505494972
237263	37.8094533758	-122.4101185799
1041128	37.81037315	-122.4106133
886595	37.81087965	-122.4106778667
3425980	37.808596066	-122.414916087
760395	37.8082792171	-122.4152515636
702450	37.80820575	-122.47032225
176381	37.8010350154	-122.4244103116
1324397	37.7855800925	-122.4093675613
3790664	37.78680843	-122.41004103
683808	37.7864366256	-122.4098983525
205266	37.7949515138	-122.3935619311
116368	37.7635322833	-122.3909897833
209490	37.7610315	-122.4361913833
1033541	37.77938445	-122.39142655
142365	37.7658784333	-122.45007275
794409	37.7980322284	-122.4052515504
80970	37.7902074155	-122.4053952098
113435	37.7946401253	-122.4030760985
101091	37.5454118	-122.3046075
1121770	37.546836853	-122.294960022
53433	37.7860294833	-122.4082303047
987259	37.7874454705	-122.4083483219
183931	37.7698832167	-122.4477960167
42094	37.77022215	-122.44684585
1055843	37.7699339333	-122.4476051167
520617	37.7851096	-122.43032155
93395	37.7850906833	-122.43051625
200831	37.7856224879	-122.4300312996
464582	37.7867239113	-122.430092697
13464	37.7885646748	-122.3951196671
73710	37.8077334296	-122.4208142778
72877	37.8080759486	-122.4166947648
72788	37.8077558953	-122.4141098515
72561	37.5675584333	-122.31987485
39889	37.6659341	-122.4528153833
158142	37.6718304048	-122.4707365036
483408	37.79698485	-122.40624088
88672	37.8987507	-122.3010848
310093	37.6978610836	-122.4643323674
120664	37.6970342167	-122.46293185
704712	37.7009593378	-122.4832772366
67344	37.6466426167	-122.4525532667
244021	37.648726	-122.4527214333
1474061	37.648914958	-122.43017158
1473950	37.652507667	-122.43639823
771600	37.6555028833	-122.4118913333
226663	37.6715544099	-122.4699801207
167301	37.6400233	-122.4217778
59292	37.6373538667	-122.4173238667
441525	37.6375828	-122.42089165
1115766	37.6538314819	-122.4327926636
1407635	37.651316948	-122.468341291
82596	37.6389527333	-122.4192542833
377428	37.9642237592	-122.5232675672
591461	38.01468503	-122.53789913
179116	38.013491	-122.544127
131797	38.0134256	-122.5417006333
5391211	37.99714425	-122.5302845167
520749	37.9505659	-122.5361943833
497087	37.95345968	-122.54841095
1092555	37.9535663667	-122.53801625
221721	37.7772322195	-122.4382597027
370992	37.7750896624	-122.4527804942
1484210	37.770213593	-122.465848226
274715	37.8641683833	-122.4945520667
381537	37.9246188628	-122.5183508183
696893	37.9702789333	-122.5145064833
604523	37.9749801462	-122.5327062607
1457602	38.0005056667	-122.5411485
779798	37.7701805	-122.41425975
2487169	37.7674071512	-122.4149465561
856906	37.76941442	-122.41507232
635339	37.76923799	-122.41552466
234772	37.93238385	-122.5177825167
1530161	38.003779878	-122.545155767
237167	38.0040622833	-122.54486645
94678	38.00496405	-122.5445395
590092	38.0041418167	-122.5450024333
447457	38.0047903778	-122.5448191166
1201103	38.005364061	-122.5438086
492538	38.0090341057	-122.5433117151
1029294	38.0083007813	-122.5475387573
4847783	38.007634546	-122.546691661
72425	37.799641186	-122.4619478643
151042	37.8054815167	-122.4688555
702254	37.8052941167	-122.4671145333
76885	37.8020350667	-122.4778947
1421604	37.79771625	-122.458945
847243	37.7996442833	-122.4641232333
4296635	37.801015	-122.451094
316863	37.7807985636	-122.4698211471
2268814	37.773098406	-122.467049325
1122903	37.7716204167	-122.46747905
2733892	37.770744033	-122.4694109
74828	37.7630216667	-122.4758830667
3598879	37.7271991	-122.477172317
129860	37.6082999926	-122.4960791369
512200	37.608307572	-122.497805357
628991	37.5995781797	-122.4994254112
4424199	37.634104237	-122.492118232
1569753	37.651991	-122.4873
1251887	37.720496957	-122.44661048
565038	37.7268607167	-122.4509864667
62140	37.7598106	-122.4364308333
810572	37.75293915	-122.41456185
1016265	37.7542193398	-122.4164686459
395994	37.7636642271	-122.4164428547
443150	37.7634244	-122.41879955
31545	37.7804530333	-122.4179842833
852357	37.7849274355	-122.4211303844
469736	37.7858683812	-122.4203002453
662479	37.7854260167	-122.4231315667
467904	37.78615844	-122.42148894
916611	37.8006398	-122.42884785
120479	37.8001513833	-122.43934635
1255902	37.791434435	-122.398799415
300127	37.79035294	-122.40525835
434324	37.79955542	-122.40763455
555532	37.8093516594	-122.4101293087
126372	37.8098643667	-122.4104538667
837096	37.7833494667	-122.3917424667
165024	37.6501497667	-122.4077913167
1187953	37.654934683	-122.405365267
2739190	37.654005402	-122.3851418495
5333492	37.646028	-122.405987
1297531	37.54513525	-122.28817653
3551419	37.596459383	-122.386665333
348556	37.6265981484	-122.4255895615
757085	37.6308135986	-122.4265289307
25897	37.6314757	-122.4348040667
176300	37.6414617833	-122.4250093667
813166	37.6384025833	-122.4217470333
1301576	37.6429940156	-122.4261340499
2587066	37.639863	-122.422443
179117	37.6380204	-122.4215032
595518	37.7348467667	-122.4747177833
1218759	37.73773515	-122.4755617
448996	37.7486873569	-122.4760509831
353279	37.7788316833	-122.4468712333
783997	37.8011188667	-122.4093048333
490645	37.7955580667	-122.4025135833
433697	37.7920959922	-122.4024152756
104255	37.7895397253	-122.4051886797
1497993	37.78897725	-122.405100883
1319430	37.788450217	-122.405392683
4893338	37.7770158333	-122.4226232833
4893254	37.7770167	-122.4226225667
787882	37.776752	-122.4230922333
226583	37.76780115	-122.42911765
1051145	37.7675011333	-122.4540647167
1435444	37.766419022	-122.458729465
645902	37.76869385	-122.4590756333
1605450	37.766853617	-122.46023775
2265271	37.769984216	-122.467320156
1122921	37.7714402167	-122.4673615667
645548	37.7712811167	-122.4666684667
821208	37.7716996	-122.4669238667
2007281	37.773580867	-122.464513017
1564000	37.77133455	-122.464400083
1602705	37.770496333	-122.462453783
1602432	37.7727913	-122.463154067
1602645	37.770719383	-122.460508817
1602481	37.772701483	-122.462411817
1586874	37.77360165	-122.460274583
2624296	37.77322505	-122.46149615
2623548	37.772698167	-122.461288333
3312749	37.7725271	-122.459430217
971147	37.80674625	-122.47718
808540	37.8048455667	-122.4770913167
972398	37.86123675	-122.4874748167
4556825	37.832830367	-122.480050583
99208	37.7384769167	-122.4829991667
941743	37.72937835	-122.49060955
646736	37.6308457167	-122.4372919167
628784	37.6372593782	-122.418680191
33740	37.8116117833	-122.2476168
1250752	37.803529017	-122.233757317
438826	37.8099033333	-122.2445731
3564502	37.872233383	-122.26869105
616540	37.8710931302	-122.2692275047
1030325	37.8704775515	-122.2658877961
74174	37.8589683	-122.2668944167
86067	37.850484496	-122.2656977177
1599312	37.844064233	-122.265353533
3793719	37.8381720483	-122.2624495625
724371	37.8404123333	-122.2616181
2936372	37.790257439	-122.252697053
1019004	37.7880423833	-122.2461481167
315340	37.6882353905	-122.1316087246
3684546	37.5629239581	-122.2708904743
44014	37.5634980151	-122.2705042362
1181680	37.5638152667	-122.2707222333
40004	37.5633666333	-122.2719788333
44015	37.5635958169	-122.271105051
44009	37.5625667649	-122.2704720497
62951	37.5617360167	-122.2746984667
724969	37.55719175	-122.2750762
724961	37.5572104667	-122.27490685
99408	37.553908558	-122.2774887085
1440362	37.553584817	-122.2908775
3185110	37.697483152	-122.075864893
765698	37.533781	-122.3047987833
922158	37.5333112	-122.3103106833
453749	37.5319438399	-122.3128938675
502476	37.5336365667	-122.3261458667
948081	37.5325756	-122.3267865333
637570	37.5339174833	-122.3272224
1074864	37.53356025	-122.32726555
259983	37.5333289167	-122.3284798
750281	37.5323730833	-122.3272665667
821663	37.58342659	-122.40492254
1081223	37.63439208	-122.41965144
293684	37.6353331457	-122.4193898276
682658	37.626825451	-122.4154990911
1303877	37.632055	-122.415759
467666	37.6293235	-122.41587405
352574	37.6072125	-122.3926376
1507656	37.598298748	-122.386501532
111952	37.6017356167	-122.3760970833
342334	37.5963871333	-122.3758812167
308666	37.59648275	-122.3730751667
1030673	37.5964645915	-122.3708094324
466294	37.5893257333	-122.34378145
750088	37.5891807333	-122.34377495
1274522	37.5914329833	-122.3390040833
2042242	37.58855822	-122.33729392
360890	37.5781611333	-122.3226445
366188	37.5707548833	-122.3090457333
1086160	37.5444142315	-122.2852135361
1512937	37.545586	-122.288971
69802	37.54991025	-122.28615315
1351720	37.549962883	-122.287029833
893521	37.557862401	-122.2733795643
935343	37.5444298983	-122.290776372
238442	37.5445282	-122.2845794167
865255	37.5451791	-122.2848476833
1464335	37.546241431	-122.284403713
55750	37.5459899902	-122.2857437134
1556996	37.5415170193	-122.2830569744
873997	37.78818041	-122.40841513
468341	37.564419858	-122.326376195
335413	37.6451953	-122.4520215667
305987	37.6447262	-122.4513175
649851	37.7120733261	-122.4046629667
32592	37.9287027333	-122.3216434833
25104	37.6454236692	-122.4057197571
482567	37.5551376343	-122.3003463745
1553294	37.674084	-122.466357
117207	37.8962877667	-122.30134815
267421	37.6550081167	-122.4352752333
160041	37.7514800833	-122.43237305
641385	37.6431459188	-122.4632370472
330356	37.92475825	-122.36434075
442046	37.7422447094	-122.4055211227
1006292	37.9320833333	-122.3264583333
988453	37.685508728	-122.3998081684
35694	37.6752372833	-122.4715043833
534234	37.6519136827	-122.4679791927
184594	37.8907792667	-122.2913567167
856805	37.7258333333	-122.4011805556
320895	37.6490015	-122.4539009
852566	37.7074438334	-122.4551635981
611407	37.7039408684	-122.1274888515
607759	37.6436226748	-122.4636769295
444006	37.7029114656	-122.1259841323
457666	37.68995715	-122.4651203333
602864	37.7260100842	-122.4030321836
65454	37.9022024	-122.3035649
538060	37.90623205	-122.55039274
537786	37.90623205	-122.55039274
123374	37.90599965	-122.5483884333
535195	37.78780782	-122.40900403
40960	37.7866970667	-122.40822535
82285	37.7892484996	-122.3949819401
380900	37.79328005	-122.39540785
95852	37.7851555167	-122.3975485167
369443	37.7871088362	-122.3987089691
129764	37.7831157	-122.4074802249
329354	37.7871498583	-122.4107563812
194719	37.786588443	-122.4074328819
126460	37.7941390231	-122.3987631893
129581	37.79295736	-122.39579528
21151	37.7868512	-122.3980823167
402471	37.795312132	-122.3939333116
511281	37.7955762732	-122.3932206631
525312	37.85312122	-122.27619445
507813	37.7951627881	-122.3960749931
463672	37.7943655169	-122.3944116806
213962	37.7944074643	-122.3948478701
161421	37.794723751	-122.3950447261
481187	37.79455455	-122.39483895
333910	37.7775978747	-122.3911969857
345838	37.7937901	-122.39541929
56864	37.7937365348	-122.3951733112
260875	37.7937366545	-122.3968193051
18898	37.8035609167	-122.4216487167
467835	37.8083240726	-122.4149714912
516742	37.8064546833	-122.41512275
228474	37.7950609604	-122.3965526699
512907	37.6281268155	-122.4011468969
289691	37.6128546101	-122.3848843575
211454	37.8067787667	-122.29374605
867017	37.8068895667	-122.2937836833
258929	37.8071670532	-122.2986373901
259870	37.7924835845	-122.3984981751
1058859	37.7925313967	-122.4024093975
1356620	37.828180804	-122.279152401
4377672	37.78241165	-122.506551133
997285	37.7810817	-122.5055958
4949076	37.833980533	-122.292270567
2496811	37.814321767	-122.283929967
832066	37.80436158	-122.26478159
37773	37.7706358685	-122.40316778
269473	37.7994363403	-122.2526195498
457857	37.7718063699	-122.4048240791
3917872	37.771352312	-122.408769424
632929	37.7707898833	-122.4091372333
39559	37.7999677214	-122.2536385059
1337710	37.8044664	-122.262072467
3977513	37.807765009	-122.269039819
772176	37.7914900386	-122.3992103283
560381	37.7804258739	-122.4166155621
66829	37.7726878167	-122.41658245
119463	37.8669869833	-122.2674679667
506314	37.7782342167	-122.4093187333
1513307	37.777639594	-122.404739462
916028	37.7962238667	-122.2548235
976064	37.77285705	-122.4074974833
46314	37.7706751623	-122.4027436548
1075396	37.7629700484	-122.4344323212
1163839	37.7999493667	-122.2540907833
3493845	37.77254675	-122.439943083
529426	37.7749600856	-122.4533393884
511215	37.77677865	-122.4509038833
2146048	37.776794506	-122.449844485
1558563	37.7755740792	-122.4498045444
1586713	37.773596733	-122.455020817
704157	37.7675471333	-122.4670377667
1042208	37.7693079333	-122.46827985
1586792	37.773906833	-122.45783825
1586631	37.772105683	-122.455509483
1692815	37.76863405	-122.475792783
233347	37.76963945	-122.4491581167
3020999	37.76709465	-122.453375583
378890	37.7637590667	-122.4209415333
15905	37.75836745	-122.4213599333
238173	37.7586201237	-122.4213516712
1214822	37.771043667	-122.4131431
74255	37.7699847167	-122.4134762167
1559120	37.768394817	-122.416571933
950192	37.7826664667	-122.3981297
4237056	37.743876288	-122.250692038
1444573	37.74904545	-122.2359519
1256884	37.7443941227	-122.2259259224
3049553	37.74197037	-122.21671721
981607	37.7329994736	-122.2142583132
230942	37.7330440205	-122.2129654884
2158290	37.6971666004	-122.1516180038
389464	37.5786871833	-122.3470078333
85884	37.5784942165	-122.3469471931
72229	37.57922015	-122.3468742333
258844	37.57836095	-122.3475367833
154737	37.576925822	-122.3475322844
623748	37.5774136167	-122.3479389667
538661	37.576787418	-122.3471816327
433388	37.5771109	-122.3468846
1261163	37.57961265	-122.345450983
281345	37.5790459243	-122.3464091262
286521	37.5793041	-122.34557155
943238	37.5784902	-122.3472863167
3562138	37.577578467	-122.346565083
270563	37.5789668094	-122.3464393471
313229	37.5793390833	-122.3448227667
541487	37.5780459833	-122.3481742
4760695	37.576368657	-122.347084262
867003	37.57910096	-122.34566265
244476	37.5797457	-122.34945309
161153	37.5788390333	-122.3454272
1957549	37.57792925	-122.347006433
1041703	37.5787046667	-122.3457271167
274524	37.5789692667	-122.3455969
112112	37.5779722667	-122.34473285
4056865	37.57849925	-122.34222608
88081	37.5850903	-122.33148095
35747	37.5888337833	-122.3278065167
1056314	37.5719168	-122.3158154167
1193979	37.5523350037	-122.2896337509
693985	37.5519046823	-122.2898331915
351798	37.8088282417	-122.410030067
3610382	37.806404	-122.411844
1214495	37.807821506	-122.408243375
3138803	37.807446	-122.407845
2376021	37.799043635	-122.400990833
298293	37.79077575	-122.3889954833
603429	37.7876018611	-122.3879928828
120698	37.78318525	-122.4627597667
617148	38.01735145	-122.5672478333
179111	38.0131972853	-122.5592172146
1144276	38.0141190167	-122.5602431167
143875	38.0138478833	-122.5600437667
1422168	38.014079317	-122.5605154
143883	38.0138099167	-122.5600855667
143887	38.0138072667	-122.5600936
1287535	38.013044883	-122.559359817
873100	38.0132853985	-122.5598984957
929850	38.0127891833	-122.5603560667
1517218	37.8275757249	-122.4817684293
3172056	37.766207817	-122.486014517
1122918	37.7692518833	-122.4853729167
2824543	37.979960447	-122.329571517
218655	37.6724440891	-122.0805235789
893404	37.6931153667	-122.11078775
443842	37.8101221333	-122.41042195
172527	37.8111062472	-122.4103653431
1382710	37.8087351	-122.410221583
1038725	37.6539475833	-122.0908464167
96514	37.7884405313	-122.4151320738
533734	37.7886155	-122.4156769167
235775	37.7946253228	-122.406373872
417145	37.8081326833	-122.4181707
443662	37.7855886913	-122.4088764858
28569	37.78848175	-122.4148582167
77561	37.7675004441	-122.4245542288
176092	37.7634972225	-122.4229180813
230717	37.7891581853	-122.4006074667
569811	37.62962335	-122.4912541333
372935	37.631430834	-122.4942541122
382975	37.6333871857	-122.4949353933
1069641	37.6298828167	-122.4941323667
1886075	37.771444084	-122.4227249622
5055551	37.794626576	-122.403490308
5038843	37.768234605	-122.4193352
31492	37.7936567667	-122.3990491167
83016	37.7926343655	-122.406181097
4840192	37.755939703	-122.419039607
4839106	37.7632258098	-122.4196887016
4826016	37.766628229	-122.42192822
382644	37.79457955	-122.4039690833
4695475	37.796214695	-122.404229851
4550372	37.7954151919	-122.4034559727
1957566	37.761431203	-122.419335758
570791	37.768034756	-122.4223816395
4340269	37.796627467	-122.400742766
348484	37.7909026547	-122.4039307237
41696	37.7912148833	-122.4043571833
195399	37.791557615	-122.4043893814
3206892	37.981377268	-122.566552091
3195642	37.996080783	-122.596571692
72851	37.7646836667	-122.4247572833
2932158	37.78033742	-122.412532126
2932046	37.780504527	-122.412377445
2362598	37.79044905	-122.40619455
216360	37.7696482167	-122.42199215
149633	37.7757521642	-122.4190449715
88061	37.7664805761	-122.424428165
113578	37.7929056703	-122.4036705494
34659	37.77189715	-122.4302938667
949448	37.7906146881	-122.4047143244
238843	37.7646846413	-122.4236261845
681843	37.7929056703	-122.4052155018
1517073	37.787220019	-122.403983086
1506344	37.7791526565	-122.4066531658
409744	37.79284781	-122.40281599
935444	37.7922613199	-122.4062240124
1468563	37.797990511	-122.407098893
1464154	37.582965791	-122.3500998
91845	37.7922274065	-122.4061703682
88683	37.755550165	-122.4302237887
529757	37.7696868667	-122.44968925
94811	37.7910489085	-122.4161803722
522053	37.7919739333	-122.4702097333
471763	37.7810037	-122.47172855
67308	37.7812587833	-122.460899
663241	37.787892	-122.404
219234	37.7924563212	-122.4064064026
941072	37.7979914975	-122.4069821842
137135	37.6740562887	-122.4717559627
907321	37.7934609941	-122.4062481523
255975	37.7602624833	-122.42147075
847488	37.79179519	-122.4056729
239947	37.7966932167	-122.4217778167
83793	37.7908429266	-122.4174046347
413604	37.79266	-122.40189
360921	37.7865721025	-122.4080607773
395108	37.7654140463	-122.4195492268
148099	37.7718876428	-122.4304486691
192720	37.5945275833	-122.5035058667
556871	37.79317775	-122.4060383167
644928	37.79434696	-122.4049687386
569045	37.7901909	-122.4063548167
161146	37.76771695	-122.42918655
116149	37.7939464615	-122.4036948659
33187	37.7648846167	-122.42260265
33194	37.76485055	-122.4222600833
482990	37.78448241	-122.40656369
371569	37.7921803833	-122.4062877333
38781	37.7797762	-122.4150769333
367004	37.7798916833	-122.4159791
119471	37.7641708333	-122.4222928167
161109	37.7666308333	-122.4298603333
88740	37.6741363333	-122.4665187167
485738	37.7645319743	-122.4243664742
58497	37.7879645957	-122.4118069336
471513	37.775565599	-122.4184441566
109032	37.7926979527	-122.4048936367
453790	37.76497245	-122.4226627
270437	37.5851941231	-122.5138986111
221038	37.7942010799	-122.4044601532
262486	37.769097	-122.4248023333
125570	37.7921934932	-122.4062132835
121039	37.7670512482	-122.4243013298
348504	37.7923206682	-122.4051940441
165593	37.7900798125	-122.4054807373
339219	37.7807659276	-122.411878109
31478	37.77996995	-122.4137350333
38701	37.78009485	-122.4135717167
90399	37.7925403487	-122.4057745983
106721	37.7941604333	-122.4067329167
106739	37.7942183167	-122.4067004667
70459	37.7897516911	-122.4041640759
106801	37.7939614167	-122.4060468167
15115	37.7898144667	-122.4054193333
44162	37.7798198833	-122.41447405
146285	37.786294093	-122.4051956237
151206	37.7883654238	-122.4053496122
149607	37.7714271226	-122.4223065376
127670	37.7717489	-122.4223525167
117072	37.8413006596	-122.1064817905
64133	37.7905856855	-122.4047555404
65189	37.76454045	-122.3948065
93436	37.7807871267	-122.4118191004
92621	37.767958426	-122.4161803722
59045	37.86076255	-122.28957065
1371059	37.784539223	-122.40946799
557126	37.7843400779	-122.4107199585
2241678	37.784221267	-122.410632607
2144273	37.778315003	-122.411732907
40142	37.5659600313	-122.3238480091
366133	37.56666685	-122.3206559
190997	37.5659310333	-122.3195528333
63379	37.5672715667	-122.32078825
364347	37.5655241333	-122.3226707833
104245	37.565407483	-122.3225532865
1337258	37.56515765	-122.32238966
208710	37.5649476333	-122.3216615
139507	37.5662557333	-122.321199
175715	37.5648455784	-122.3222707097
1208598	37.5653243	-122.3226571
633283	37.56453901	-122.3201071
746050	37.5665299667	-122.3216073167
366148	37.5669547667	-122.3208960667
435138	37.565485676	-122.3224289613
473894	37.5654986	-122.3223259833
1435069	37.565525944	-122.322325025
881172	37.56524592	-122.32202982
1075339	37.5653070817	-122.3216421813
476162	37.7776865667	-122.4347897667
28871	37.7768733789	-122.4383596104
4287335	37.871415889	-122.258089402
4080546	37.78792816	-122.40724015
589206	37.7949009167	-122.3925584
75434	37.639732	-122.3971920333
603847	37.7820732593	-122.4012661027
21154	37.7896957	-122.39702585
27647	37.7863194833	-122.3981533
94582	37.78257545	-122.3877620167
935545	37.7788303667	-122.4094394333
4453265	37.77605106	-122.386860834
972997	37.79773867	-122.40679448
463127	37.79947815	-122.40918455
2237443	37.794467719	-122.389758715
1097091	37.6129155191	-122.3841096026
650137	37.7477035522	-122.4040374756
900280	37.7915931667	-122.3954904699
1148003	37.78720735	-122.39857435
592386	37.76874303	-122.40933907
642012	37.7667189167	-122.4312736833
774360	37.7709804833	-122.45190935
1150098	37.7840118167	-122.3918873
1386229	37.808273697	-122.415290198
955509	37.7886070686	-122.4137878418
2226673	37.7846781229	-122.4076147377
931092	37.7838820502	-122.407230884
105201	37.7838231239	-122.4072840497
1950111	37.78421683	-122.406261838
40954	37.7856224879	-122.4080264568
275076	37.7725084392	-122.4126497831
125848	37.7865467033	-122.406181097
169878	37.7862551689	-122.4065416951
435080	37.7844659331	-122.4064352439
1950051	37.784200619	-122.4060467
595338	37.784350613	-122.4066638947
739989	37.7883564987	-122.4071387999
415527	37.788246529	-122.4066276561
2006849	37.789386535	-122.407387102
1374829	37.7700237	-122.44682225
354606	37.7697652833	-122.4491182333
574778	37.7979089176	-122.4291028482
99777	37.7976702975	-122.4297094345
354646	37.7980193667	-122.4298468
1543389	37.797823115	-122.429516983
253069	37.7894864592	-122.4051221846
42025	37.7869452147	-122.4082732201
211366	37.7868328167	-122.4081635833
41819	37.6646038833	-122.4455021167
820178	37.6557488102	-122.4131762981
1001492	37.6146154818	-122.3894615333
1446504	37.78303915	-122.40703821
617430	37.7846013221	-122.4068789073
650838	37.7844354053	-122.406835556
144118	37.9730064063	-122.5286038774
4240680	37.778684124	-122.39265662
1246458	37.617024217	-122.384668783
1064004	37.6159814552	-122.3905034986
1058412	37.6181663558	-122.3868192499
934533	37.6187642926	-122.3864075313
1290319	37.61863185	-122.391616383
908562	37.6205363676	-122.3871817976
336727	37.7926682787	-122.4003982544
187025	37.7772700605	-122.3978340923
365325	37.7774398765	-122.3976409169
1320088	37.791584717	-122.204575533
1575981	37.793572434	-122.196747309
930907	37.7896899242	-122.1970834176
309443	37.9915427667	-122.3025425333
239741	37.8923593	-122.0611662667
1412815	37.897171255	-122.06346416
636630	37.89701235	-122.0641092
360278	37.89684595	-122.0641364833
502032	37.8977230167	-122.0654546833
579885	37.8962939333	-122.06432445
502056	37.89761585	-122.0658628
174486	37.8973975109	-122.0666289768
1464462	37.89676576	-122.07108914
555400	37.8974529833	-122.0674854333
942918	37.89682265	-122.06990905
1403828	37.89655077	-122.069787258
1474890	37.89587081	-122.072074763
1447018	38.038921	-122.251781
441910	37.89124	-122.3158057333
1256945	37.8768858884	-122.3083019257
707090	37.7710794667	-122.2134287
964237	37.80216165	-122.2770949
102534	37.81944335	-122.28957885
766100	37.8187147	-122.364584
215353	37.79788345	-122.38793247
624633	37.7928697833	-122.38734265
1439864	37.791962	-122.385802
94162	37.7840973333	-122.3938680333
934649	37.7836849897	-122.393502295
317284	37.70987433	-122.39609712
317287	37.6818423919	-122.4039989078
317282	37.70987433	-122.39609712
812513	37.5949094011	-122.3650660282
1392556	37.5944756433	-122.3672086
1318545	37.5538660299	-122.3004055023
530476	37.8968557	-122.0669127333
320296	38.0293405777	-122.5461924076
1084235	38.01989375	-122.5374579333
213131	38.0167422833	-122.5389777
287446	38.0169957167	-122.53955895
367137	38.0163078926	-122.5420939922
337242	38.0101837586	-122.5413188338
227373	38.0090424167	-122.5456643167
547475	37.9971540667	-122.5350463833
689583	37.9967569167	-122.53505135
23119	37.99700975	-122.53238285
466209	37.9954141	-122.5345386667
713052	37.9950497833	-122.5339575333
960412	37.9791798	-122.52860175
119026	37.9747378	-122.5249813
459555	37.9765163	-122.52390849
1210121	37.975708	-122.519555
639649	37.9666329167	-122.5159793333
555577	37.9673588	-122.5166483333
1309842	37.967325481	-122.518428488
518898	37.9675330167	-122.5170952833
31607	37.9609117333	-122.5102985333
492867	37.9602564708	-122.511441474
514468	37.9447421833	-122.5125113667
147156	37.9474514167	-122.5120331
416754	37.9446882294	-122.5137591362
316262	37.9466066	-122.5123326
400060	37.9275943333	-122.5163601
1212289	37.80640055	-122.41908305
1163443	37.8072673167	-122.4199373167
1033446	37.80687344	-122.41921806
406902	37.8066046	-122.4192495833
1161561	37.8066416167	-122.4192680667
1051042	37.8069756	-122.41945576
1174084	37.8065981833	-122.4196186333
1025624	37.806186676	-122.4199515581
74406	37.80150005	-122.4110816167
893569	37.8036509877	-122.4131071445
140558	37.8033748167	-122.4143996833
422106	37.8017716923	-122.4111375202
1225672	37.801187033	-122.411406033
158586	37.80245441	-122.41139137
1333284	37.801029682	-122.412033304
813170	37.8030468143	-122.4141910628
783429	37.8024347289	-122.4144572828
11446	37.8008759	-122.4126291167
554659	37.80148225	-122.4119025667
464307	37.8017376419	-122.4145756413
1420901	37.802556783	-122.41361095
47020	37.8014504833	-122.4123097833
650385	37.80172845	-122.41223645
610940	37.8015089035	-122.412430644
125672	37.8017921937	-122.4123927008
209247	37.8015751222	-122.4133861378
607533	37.8023045602	-122.4131252176
918471	37.802014	-122.413468
633212	37.8050364333	-122.4050887833
788281	37.802941	-122.401552
511142	37.804215227	-122.4045122713
210998	37.8035705486	-122.4039709568
210609	37.8044606318	-122.4039494991
407403	37.8056216833	-122.4036870333
430670	37.8012113833	-122.4065317667
570923	37.8028796609	-122.4038811045
694426	37.7883453369	-122.4035568237
431191	37.7919147778	-122.4028257209
599717	37.79074075	-122.4025732667
569226	37.7942954666	-122.4026507653
114218	37.7929155421	-122.4027871187
434207	37.7924629333	-122.4021553
482067	37.7935282919	-122.4035530849
695112	37.7924583981	-122.4026942063
224361	37.7928966646	-122.4027663585
329945	37.7934817419	-122.4032741136
681470	37.79388946	-122.40249884
330054	37.7941131667	-122.4037253667
830597	37.794077147	-122.4015160203
982399	37.7957378	-122.40345692
5021725	37.7813011408	-122.412661314
1323338	37.7766931057	-122.4178004265
785072	37.781486	-122.40193
2562562	37.783161263	-122.403751104
839573	37.7844165	-122.4084937833
664039	37.7838810096	-122.4072200185
1224669	37.78278541	-122.40644836
38786	37.7795254333	-122.4164630833
297056	37.7846579949	-122.4064356167
3371313	37.784716278	-122.406764995
326808	37.7837825018	-122.4088096619
1382107	37.672531	-122.083289
396714	37.7090674833	-122.13433555
1349618	37.7057594061	-122.1290123463
498146	37.668883127	-122.0811267427
269151	37.6728691167	-122.0850786167
298720	37.6708538031	-122.0839190483
948739	37.67922605	-122.0837510833
887892	37.6671996167	-122.1196223167
1361185	37.65314298	-122.11021298
4688122	37.7380639315	-122.2151863575
3685506	37.783166043	-122.402673499
348699	37.8000101086	-122.2706222534
102628	37.5632308667	-122.3239541
85802	37.5785968986	-122.3471237953
704431	37.5388563342	-122.3005144305
236665	37.5385819035	-122.3008955918
172185	37.5372751167	-122.3002224167
248947	37.53718942	-122.30011868
458648	37.7885646748	-122.4042606354
202781	37.7880813841	-122.4052289128
161353	37.786682367	-122.4051725864
238906	37.7883633333	-122.4087807
40962	37.7866970667	-122.40822535
188252	37.7868739192	-122.4080580909
105112	37.7831727333	-122.4617374167
5543865	37.7881729603	-122.4070125818
1573916	37.8329873	-122.48023319
659567	37.7998467167	-122.4085870667
482377	37.5509190833	-122.3130980833
210631	37.890654	-122.1275952
561965	37.76831135	-122.4573429
1387482	37.7922798	-122.43458165
721493	37.8698945	-122.3007273667
1040378	37.8952991667	-122.1041121333
1024363	37.89312875	-122.12468004
1015109	37.8911526667	-122.1200132833
935819	37.8906254667	-122.12626755
1195551	37.761151	-122.440222
132432	37.906482	-122.5471576
1491495	38.004672792	-122.542868591
1186341	37.8740285833	-122.45811775
336231	37.8737241333	-122.4565422
236816	37.99953329	-122.53737747
150465	37.9699356167	-122.5165241667
1457622	37.96860048	-122.516328935
119592	37.9292215333	-122.5144579333
284940	37.9247518555	-122.518029213
1538740	37.80070883	-122.40960359
146258	37.8015550667	-122.4092847667
712203	37.7639837667	-122.4218319667
954667	37.8017028833	-122.4109638667
500177	37.7871409209	-122.4107852966
454007	37.8001871495	-122.4110334367
612183	37.7965870988	-122.406709103
1252104	37.800709	-122.409248
1180568	37.7996437808	-122.4089506379
459498	37.80071741	-122.41100114
689128	37.8010088	-122.4076058167
891728	37.8007271833	-122.40976345
434624	37.7974472	-122.40671694
233283	37.79745465	-122.40678435
476268	37.79730391	-122.40677148
87866	37.7977972095	-122.4076786696
502968	37.7976764	-122.4068433
230211	37.7972537667	-122.4069396333
222826	37.8065297782	-122.4080151164
153386	37.8087922168	-122.4102687836
49386	37.8094147	-122.4103734
115814	37.79821515	-122.4068999167
78551	37.7979322698	-122.405928894
262786	37.7979275096	-122.4062650063
215980	37.7978809505	-122.4066410084
262397	37.79759955	-122.40660589
202536	37.7880048333	-122.4093564833
53167	37.7870938	-122.4085474833
207249	37.78700045	-122.4088735167
37834	37.7875324545	-122.4127021504
37402	37.786875687	-122.4133658228
36849	37.788417	-122.4163735833
129583	37.78662085	-122.41458272
116970	37.7886383673	-122.4127137609
147144	37.7886636333	-122.4134451333
38793	37.78861655	-122.4154903833
139070	37.787662176	-122.4137684939
97214	37.7884604088	-122.4151507496
118911	37.7884435691	-122.4151546054
56706	37.8068740333	-122.4120770333
205309	37.806312561	-122.4159037828
214661	37.80387305	-122.411463
192546	37.8000376935	-122.4098644179
86581	37.8000040694	-122.4097265343
102701	37.8000841285	-122.409139527
184528	37.7973758623	-122.4061101097
167013	37.8000999667	-122.40766165
51810	37.8006289402	-122.4076084402
33233	37.7922863333	-122.4139466167
110030	37.80729875	-122.4188127833
162488	37.80779045	-122.4193785667
1352440	37.87937957	-122.30085438
280972	37.9011190678	-122.2996866703
1495513	37.904278	-122.304125
64068	37.8700504167	-122.30105635
2947322	37.87326895	-122.2922548
232400	37.89625725	-122.53623455
113542	37.7849054833	-122.4318553333
487917	37.900407935	-122.2981953621
942348	37.9011984167	-122.2995105167
557102	37.5784850734	-122.349031033
111098	37.87948295	-122.3027719667
48053	37.90217725	-122.2986979833
947390	37.6586451562	-122.3979647823
17113	37.8813569667	-122.2818817
17112	37.8818239	-122.2814173667
939283	37.7334118833	-122.4337286667
518223	37.8988501917	-122.3074221611
874343	37.9110856333	-122.3076241
1575150	37.872955183	-122.273223083
202914	37.8986852167	-122.2995317833
57728	37.8825492776	-122.2966041579
129560	37.8814916167	-122.2967831333
689925	37.8848397667	-122.29718685
377478	37.8819481833	-122.2966029167
854857	37.6545833254	-122.3806510399
1302736	37.782601458	-122.407092436
302510	37.7622032833	-122.46619235
1274821	37.674818	-122.464203
1600689	37.7625739574	-122.5039958954
463930	37.7244436741	-122.4584788084
202782	37.7604979277	-122.5056535006
5389933	37.762517863	-122.500403608
192582	37.7623521934	-122.5015604496
176535	37.7626744997	-122.500436604
176468	37.7633954428	-122.4777638912
248605	37.7969309044	-122.4220243819
590532	37.6930807833	-122.4737004333
132659	37.6652275597	-122.4481626742
965641	37.7624934912	-122.5024777651
773007	37.7526926994	-122.5035452843
132364	37.6491997167	-122.49192
4114546	37.7634751797	-122.4797058105
359639	37.73338335	-122.4908469
53189	37.7336040364	-122.4897345901
1255835	37.7337546461	-122.4901235104
3042999	37.6929867268	-122.474309206
465277	37.7807197333	-122.4695336333
67649	37.7787147333	-122.4485583333
150338	37.6511622	-122.4309319
428301	37.7621995215	-122.4664020538
239203	37.7636626141	-122.4783700705
166636	37.7609834167	-122.4326058333
215142	37.5547783822	-122.3066654539
549761	37.7774402911	-122.4046126691
261119	37.7104252213	-122.2119436139
192587	37.74005293	-122.46732306
50321	37.9299545167	-122.5133514333
2518679	37.9138237238	-122.30946064
2570005	37.92460985	-122.318703467
2241109	37.683014078	-122.088797277
1593330	37.9078795	-122.305769583
4998136	37.9838767095	-122.318687439
4992825	37.9017032074	-122.303468585
297951	37.90418295	-122.3041590833
3668098	37.908095284	-122.306618117
2368361	37.914781641	-122.3031413555
1008133	37.9309257281	-122.5158277806
659059	37.92803788	-122.51484775
44695	37.926739242	-122.5156522891
105355	37.9843456333	-122.3192002333
4487608	37.9123324156	-122.3074167967
4296587	37.80315	-122.436749
1136420	37.7838748833	-122.4073405491
4425503	37.8986639375	-122.2981202602
656489	37.9789795333	-122.32323675
188047	37.9364638611	-122.3531913757
189927	37.9365203667	-122.3534418
3140027	37.899582	-122.298901
1538838	37.9850202799	-122.3213857412
1319623	37.985230968	-122.32065491
3135101	37.8714233637	-122.2758203745
3133147	37.8708976507	-122.2681975365
398349	37.8689799167	-122.3000332333
51789	37.899346945	-122.30085119
205974	37.990457	-122.307607
165916	37.8909170416	-122.2895479202
1552397	37.899883767	-122.301723667
2948746	38.0040337511	-122.2916615009
1030638	37.991136081	-122.3015132546
2731248	37.9328298569	-122.3244917393
834821	37.9107896	-122.3079819833
1328484	37.9302836	-122.51473045
1803339	37.929404121	-122.513993808
61726	37.9275446274	-122.5178146362
2269165	37.9252046302	-122.3848414421
575353	37.8977206	-122.3019194167
589017	37.8905275586	-122.2964465618
24965	37.7704773	-122.4037487333
4431721	37.579006676	-122.32086099
215067	37.6291907333	-122.3999623333
1397403	37.755686015	-122.418422481
964514	37.762216	-122.420299
1014559	37.6162599655	-122.3935244412
225749	37.7634811478	-122.4204997432
5700699	37.821189679	-122.374843783
50073	37.7903275	-122.3911552333
292255	37.8003492056	-122.4384212494
5249645	37.813459828	-122.266706275
335630	37.7911159125	-122.3919081423
86684	37.7822707667	-122.48255275
4816522	37.771304	-122.485315
255796	37.7751160667	-122.43806105
152657	37.78946535	-122.3895190833
4497683	37.803351931	-122.433566328
2218039	37.797750083	-122.435652467
252528	37.7914676	-122.3923523
4238520	37.785729493	-122.421675104
123864	37.7993796328	-122.4073521385
1503641	37.79926323	-122.40855252
29965	37.7979185833	-122.4355524333
126080	37.7890649197	-122.4015140533
1268446	37.7927416833	-122.3926196
102333	37.7865901167	-122.4064062667
87950	37.8965158167	-122.6408770333
2130523	37.788414394	-122.422197863
443599	37.7716748833	-122.4304424667
18174	37.780273118	-122.4775398564
1855060	37.767704798	-122.493941688
1786988	37.769482323	-122.483464143
1789181	37.769429016	-122.485889376
1795667	37.767653819	-122.493962769
1793909	37.768526611	-122.490967287
1783139	37.767851238	-122.49438724
1587499	37.79010798	-122.389544777
1577245	37.801487872	-122.424171711
405404	37.7815901143	-122.4079521702
1503321	37.799590153	-122.407910913
304477	37.80005555	-122.4377795167
916424	37.800598	-122.43996665
227388	37.7982601133	-122.4358735213
11874	37.8003072667	-122.4378848
50500	37.8006179245	-122.4378667526
404604	37.8049413167	-122.4290636667
1337713	37.79811203	-122.40437936
552801	37.7998107364	-122.409500108
46063	37.7975459167	-122.4312968333
48650	37.7972379329	-122.435041666
48160	37.7976724169	-122.4318042397
93488	37.8006863333	-122.4377889333
335706	37.8003870333	-122.43778245
83539	37.7970797833	-122.4349263833
102681	37.7978695234	-122.4360394478
1113829	37.7903202	-122.3911769
746249	37.792755181	-122.3924830556
712903	37.7856055297	-122.4286794662
114265	37.7697225833	-122.44872535
65958	37.7978176833	-122.432246
335619	37.8000355333	-122.44122245
578232	37.7905948211	-122.3966025911
59833	37.7999068545	-122.4353729082
209395	37.7718122	-122.4303332167
88767	37.7971768333	-122.43566965
462615	37.7900883667	-122.3937304167
208715	37.79076145	-122.39333905
206295	37.7973847833	-122.4349938833
522079	37.7860213898	-122.4187109381
124089	37.7635693163	-122.4343442917
2583078	37.78754799	-122.408427258
474276	37.71062099	-122.21223729
183152	37.787733752	-122.4058055878
740926	37.7670342196	-122.429496737
404563	37.8069513563	-122.4184477893
560780	37.7427737454	-122.4051140688
1407519	37.778896625	-122.392715895
100986	37.78189225	-122.44544355
100988	37.7818936333	-122.4453725833
191507	37.7984536167	-122.4495075833
202138	37.8044369333	-122.4335373167
5811152	37.8039384	-122.43345345
1170880	37.8007985066	-122.4497079849
4642562	37.800333267	-122.4617619
464431	37.7502398167	-122.4759224667
187598	37.7487418167	-122.4764716667
965099	37.7541201848	-122.4762243032
4599708	37.7984994	-122.446932183
182805	37.80138975	-122.42519445
608318	37.64021366	-122.42178994
187605	37.7444127	-122.4758898833
1537396	37.789745915	-122.40555209
191336	37.7859112333	-122.4568171667
286001	37.8003534013	-122.441001602
662332	37.7999055645	-122.4411426092
332322	37.75274765	-122.4762200333
475708	37.7997267889	-122.4377504645
79161	37.7998441	-122.4373071
501407	37.7996415167	-122.43715595
1210581	37.716476517	-122.472251427
1080553	37.7180966333	-122.4731229167
184576	37.7292404667	-122.4767124653
501949	37.7282375	-122.47689253
308669	37.7983015833	-122.4460116167
1445036	37.782180233	-122.482083517
1055974	37.8003599167	-122.4387569333
1431260	37.78576779	-122.40962016
981584	37.8055880551	-122.4281001091
1352008	37.805759767	-122.447994717
758951	37.7179562062	-122.4736456268
332103	37.7176974833	-122.4741220833
261338	37.8022354833	-122.4563694833
1338236	37.80001389	-122.44111096
172489	37.7997937674	-122.4411011586
44704	37.8260821183	-122.2529304028
349368	37.8923547833	-122.2996291667
56620	37.8082412466	-122.2685408592
74999	37.8437869167	-122.2517096333
42179	37.8708429833	-122.2928008167
733986	37.87117493	-122.27055877
39474	37.8435024	-122.25171265
114285	37.789134991	-122.4032395208
126033	37.7879499624	-122.4097323418
160332	37.7915595368	-122.3991030857
299957	37.77980887	-122.40692889
403919	37.7856558833	-122.4289987833
874618	37.7857681	-122.4177684
17068	37.7889358667	-122.4344831833
803752	37.7593767643	-122.4107193947
1531418	37.7906682	-122.40258455
1452482	37.979055717	-122.51783455
1181778	37.8007428167	-122.4388918667
233474	37.7890140475	-122.4062776566
242898	37.71066147	-122.40577709
144416	37.7864279974	-122.4071466923
825322	37.7853470241	-122.4088436934
396725	37.7883925372	-122.4025953313
329699	37.7935720333	-122.40130725
1064700	37.7946802667	-122.4054437667
1761663	37.793951077	-122.396232537
1729831	37.79906016	-122.44270843
335157	37.551476	-122.27738
78564	37.5636266833	-122.3234005167
1088676	37.5616535692	-122.2753637974
887460	37.5623093113	-122.2783441229
12127	37.5719439833	-122.2793984333
19891	37.5678628292	-122.2673660517
12123	37.5732529	-122.26240395
187792	37.5605847333	-122.2740689333
230376	37.7417241167	-122.4067713
319581	37.8687833604	-122.267839654
116222	37.7862607667	-122.3989744167
1576789	37.7870646247	-122.398673838
239149	37.76428854	-122.42665475
986339	37.55732119	-122.29970592
4553271	37.816214107	-122.308217126
1564553	37.61841398	-122.3857854
3662702	37.618363154	-122.386340058
219574	37.69519055	-122.0827973
846377	37.7766432167	-122.4078077
336586	37.6963561833	-122.0744728
122079	37.8040876459	-122.2570610046
206502	37.5903177333	-122.3197643167
965337	37.66799235	-122.0807163833
841597	37.7871475833	-122.42483005
259731	37.6941543667	-122.0716045167
609956	37.6973091387	-122.0871406468
584248	37.8065120208	-122.4213838577
645775	37.87010198	-122.26614332
588387	37.65540155	-122.09545505
438924	37.8102001333	-122.2442733
578349	37.69750665	-122.0882524167
574075	37.8083033295	-122.4151062661
556676	37.8083718735	-122.4146730743
24853	37.80962105	-122.4160727333
520646	37.7851753833	-122.4305454833
232864	37.7852324486	-122.431114912
520794	37.7849519296	-122.431273315
509651	37.5521168	-122.3047897667
361767	37.69636805	-122.07759405
249212	37.6850274667	-122.0729862167
456102	37.6952732333	-122.0864423833
358894	37.6951810833	-122.0833455
399708	37.6740362667	-122.0814602333
224299	37.799602237	-122.2724498053
192590	37.6797909333	-122.0841746833
144464	37.784416173	-122.4075410831
223258	37.790521633	-122.4004149805
334179	37.68417715	-122.0904588167
249683	37.6964872833	-122.0768310167
258909	37.6972142254	-122.0870655693
281273	37.6969916333	-122.07370395
259619	37.69460755	-122.0749582167
1250992	37.7838846833	-122.40409385
372072	37.7912967345	-122.4076865515
719016	37.79009056	-122.40594679
164135	37.7905741126	-122.406642437
267690	37.7936908833	-122.4421831833
174954	37.8586715667	-122.4781753667
453807	37.798819874	-122.4083423437
4234953	37.779171433	-122.401620017
612141	37.7739496833	-122.4088787833
1079493	37.7704264833	-122.4442058833
497551	37.8332172596	-122.2807824612
32344	37.7657108951	-122.4497938156
1291423	37.78571655	-122.3987932833
1793040	37.785996403	-122.399262892
4603547	37.78613162	-122.40100693
518667	37.786006007	-122.4012354487
544017	37.7854495	-122.3996362667
1009196	37.786071	-122.4000493333
1595054	37.785713827	-122.399527527
1086568	37.78491592	-122.40048056
1059629	37.78512495	-122.40039604
320232	37.7855390581	-122.3999136815
466670	37.7853503069	-122.4001394615
3670019	37.790079214	-122.403911761
756932	37.7900899	-122.4039805167
459236	37.78225025	-122.40007105
129779	37.78311665	-122.3964996167
90614	37.7840173	-122.3971228167
952821	37.7851027548	-122.3983999627
622388	37.783761	-122.400135
745770	37.7748023728	-122.410081029
2839143	37.8360484	-122.276494483
3413270	37.831314633	-122.286010967
534978	37.8350039119	-122.2854609099
1133032	37.8363800059	-122.2813262907
753915	37.833369351	-122.2849548054
1247097	37.83358538	-122.28512966
1250467	37.83358538	-122.28512966
3771811	37.8337357	-122.284802867
1302167	37.833412133	-122.284871917
745487	37.8335805858	-122.2841744816
1316062	37.834524183	-122.281367617
376272	37.8308785007	-122.2796022892
4017275	37.830658179	-122.2808361053
1564184	37.830867967	-122.280934133
1369238	37.8309756517	-122.279843688
1287613	37.8329376293	-122.2809648514
482471	37.6527112437	-122.1111030944
528851	37.6435462166	-122.1041429043
1009570	37.654344028	-122.1109863013
695608	37.6537314644	-122.1102905273
612761	37.6534576333	-122.1098921333
1332976	37.650755	-122.096494
1391931	37.652945483	-122.1096877
149442	37.6452970667	-122.1049066333
718839	37.6515114167	-122.1099604
157383	37.6538430833	-122.1084907167
315613	37.6523977833	-122.1095272
1009650	37.6521279194	-122.1095781677
1310562	37.65156316	-122.10954177
695732	37.6524997948	-122.1093893051
3862910	37.64610975	-122.10179287
988630	37.6512985229	-122.1091079712
988628	37.6512985229	-122.1091079712
848312	37.65207605	-122.1086785833
612616	37.6468051976	-122.1063913215
1150918	37.6538056333	-122.1065998667
94586	37.6479335971	-122.1070475136
453801	37.6507858	-122.10815513
879189	37.64745385	-122.1061800333
142787	37.65157222	-122.10752248
583169	37.6521843664	-122.1001221972
1066074	37.6491463167	-122.1063771
993669	37.6480249711	-122.1044351402
863111	37.6511713	-122.1063998833
982860	37.6524868333	-122.1050273
1040280	37.6515928128	-122.1008367077
1121284	37.6518098167	-122.1012274833
1356687	37.652361617	-122.104849283
1088281	37.651190447	-122.1055937424
1088193	37.6519870972	-122.1017399521
5014053	37.64914399	-122.10489135
507681	37.65136176	-122.10767185
914036	37.6502115333	-122.1038892167
5013989	37.649415216	-122.101723067
5176591	37.80469905	-122.2773088833
893743	37.80650699	-122.27315491
246420	37.81010715	-122.2694825
625627	37.8124772765	-122.2791785409
625309	37.8136111265	-122.2793905491
3462852	37.8061111111	-122.2755555556
4592059	37.80620276	-122.27541971
903820	37.8065665	-122.2745728333
1085654	37.8067445333	-122.2757045833
5052512	37.809004931	-122.272602205
1530899	37.814406086	-122.286877611
784927	37.6309423333	-122.4187452667
612216	37.6392517	-122.4220844833
411587	37.63445764	-122.41381365
25319	37.6393486833	-122.4212678
1577425	37.639150683	-122.419805917
288165	37.6386750252	-122.4210070074
833747	37.63809015	-122.4163505667
269974	37.6327894668	-122.4187927256
434226	37.63789552	-122.4206060171
474430	37.6385206066	-122.419455565
2430453	37.637605678	-122.417457497
1000746	37.6373613312	-122.4172532558
847369	37.6373023	-122.4201444
1578549	37.637170917	-122.417559813
1351485	37.637173121	-122.417572608
1708060	37.6372678743	-122.417242527
1370237	37.636709743	-122.417166439
765357	37.6353068646	-122.4201869848
629289	37.6367052458	-122.4198344533
629348	37.6354206493	-122.4200012094
602529	37.6353460937	-122.419826279
629308	37.6363115379	-122.4197475315
611505	37.6361555479	-122.4197487972
1203051	37.635873621	-122.419824235
602877	37.6356331149	-122.419808884
1369976	37.635942634	-122.41981017
922913	37.6363718438	-122.4176466947
924060	37.6364122978	-122.4176922733
629270	37.6355138661	-122.4197222075
544302	37.63643995	-122.4193085167
1122664	37.6358642447	-122.4196732508
1040649	37.6358847636	-122.4196124325
629315	37.6359916577	-122.4197768408
566132	37.6360397167	-122.4190950833
5230497	37.7714917	-122.41128212
2954326	37.784367336	-122.406229012
1210283	37.785556193	-122.405302811
723850	37.7835533	-122.4061734333
2962955	37.784266371	-122.406134377
4121754	37.784327863	-122.406112493
474195	37.7832341333	-122.4018520167
942617	37.784822	-122.404713
1168071	37.7847057667	-122.4029613333
4562303	37.784642726	-122.402882323
4765870	37.784312556	-122.404556212
1265579	37.78463195	-122.40419985
3657737	37.7827395399	-122.4033379555
1180917	37.61337083	-122.39645707
40966	37.5710754167	-122.2635026167
214037	37.5635142755	-122.2703904066
284209	37.5678893833	-122.2703536833
611031	37.5634769545	-122.2845937199
10223	37.5628984444	-122.2878205776
880305	37.5621734104	-122.2871048964
668408	37.5606828739	-122.2878277104
832509	37.5598093667	-122.2872668167
838548	37.5596961167	-122.2871739333
606131	37.5576138	-122.2873358
91536	37.5572870566	-122.286704429
898846	37.5573013531	-122.2864793676
491116	37.5595252	-122.2863611667
452135	37.5593572299	-122.285786102
23294	37.6697623167	-122.0870218167
1268028	37.580902967	-122.345368783
15782	37.5793144833	-122.3493424167
616201	37.5860184667	-122.36489735
1042844	37.6394553	-122.4188767667
269115	37.6309890167	-122.4065685667
1444226	37.601341087	-122.383178986
668139	37.5882146	-122.3626455
346328	37.58496665	-122.34927982
228965	37.5801674667	-122.3334146167
244495	37.5805817514	-122.3337892887
404591	37.5870969	-122.3308050833
571157	37.5643979167	-122.3219008833
652532	37.5618689945	-122.3183538202
469489	37.5729348584	-122.3088396435
668951	37.566515	-122.3014805
291529	37.6298021333	-122.1212277167
1327686	37.627552083	-122.120811083
681673	37.6354819167	-122.1093788333
683989	37.6354716167	-122.10942365
166627	37.6354422667	-122.1092585167
90188	37.6334942167	-122.1119206667
982559	37.9364254667	-122.0898863167
2833958	37.871592217	-122.34711355
326780	37.62314343	-122.41260111
391092	37.78698968	-122.41052305
42044	37.8088176461	-122.4315011501
562429	37.7749991005	-122.4101363563
743105	37.7940075333	-122.2708567167
1123401	37.7831623856	-122.3911797287
814160	37.75165433	-122.44766231
737020	37.7861331468	-122.4112008102
122720	37.7316119833	-122.45095145
212559	37.7764464833	-122.3985178167
1238299	37.594181	-122.3650242333
120513	37.5870263089	-122.3447236691
191221	37.6259836187	-122.4260810893
51195	37.6643242395	-122.3938871535
353576	37.6675282131	-122.3949148199
27138	37.5561965317	-122.3012208939
5044405	37.789756	-122.411286
4505288	37.786755668	-122.412669081
1355609	37.7900399636	-122.3982203007
3424595	37.784853027	-122.407309404
110925	37.8700858667	-122.3011298833
1176936	37.8412890667	-122.2936418333
1314265	37.76827005	-122.416806
274385	37.7868247702	-122.4080648001
120770	37.7640384167	-122.4679288333
239980	37.7909637	-122.4095965
419130	37.8056101984	-122.4203509542
730395	37.78135225	-122.4611856833
197565	37.7896753835	-122.4087774754
3425746	37.742438584	-122.422696983
1036289	37.7632879787	-122.4244926701
898841	37.78997063	-122.39743059
233101	37.787293728	-122.4467109683
197143	37.7881398	-122.4469077333
133260	37.7897177766	-122.4008274078
988736	37.7865417	-122.44641304
948452	37.7749419542	-122.4529466993
447677	37.7844662	-122.43925797
109007	37.8383665667	-122.2886635667
79864	37.78205505	-122.4485984333
738271	37.7905910696	-122.3991644382
1399273	37.58751583	-122.34847635
143784	37.9733823833	-122.5268067
143777	37.973294	-122.5268307
1584361	37.8760491	-122.29713636
319633	37.9007209167	-122.29871055
2824639	37.979960447	-122.329571517
360959	37.8987147342	-122.3072504997
378601	37.9009582169	-122.3095357418
704866	37.6687521833	-122.1203009667
891638	37.8766008	-122.29517054
69540	37.8980344	-122.3009415167
1250899	37.8989031047	-122.299311161
230321	37.8990838833	-122.2997851167
253878	37.7846897818	-122.4319946766
1420814	37.789599883	-122.411084167
521853	37.7891691667	-122.4111413167
467537	37.7901639628	-122.3942372203
3412300	37.72451043	-122.44978123
792087	37.7241271734	-122.4508184195
778219	37.7243483833	-122.45201955
28872	37.7255831009	-122.4509096146
149531	37.8986259667	-122.3020496333
1594175	37.898605858	-122.30195202
1467824	37.900970767	-122.301112617
814226	37.90154021	-122.30286061
378580	37.8984522846	-122.3073148727
127931	37.8952096846	-122.3052120209
309188	37.6873957833	-122.1293006167
309169	37.6874776167	-122.1292978333
1464108	37.685905695	-122.1384912729
1030723	37.6881081752	-122.1384768422
434554	37.6879539667	-122.1375095667
1030725	37.6881081752	-122.1384768422
5103768	37.78367391	-122.40341824
2866426	37.7784794569	-122.4317210913
239420	37.7980902004	-122.4221543977
733861	37.79595225	-122.4192694167
722252	37.7991988667	-122.4171224833
683253	37.79759401	-122.40712249
1551759	37.79789195	-122.406318833
3111394	37.79769521	-122.40647935
1292510	37.797663	-122.406961
4460396	37.797734067	-122.406788417
1375521	37.785578729	-122.414920235
4101715	37.728202767	-122.480327367
3271855	37.723359733	-122.4760496
772453	37.7263807784	-122.482624054
1570192	37.71911799	-122.48340445
1251784	37.7187006536	-122.4808859825
1525350	37.731742566	-122.484148416
2161351	37.7340558644	-122.4771657586
2967366	37.733818225	-122.477301461
915512	37.7321468667	-122.4714113167
915482	37.730549	-122.4698807167
707087	37.7240121772	-122.4816348699
739177	37.7281112671	-122.4787063599
3413786	37.727587317	-122.47485325
3795917	37.7285361621	-122.476733923
4656721	37.728296163	-122.476632449
4997291	37.726460395	-122.475848077
3613289	37.727583607	-122.477086379
4068463	37.72786736	-122.47701929
3272424	37.72782832	-122.4770103
852746	37.78033875	-122.4757734
435075	37.7805410006	-122.4761953276
47137	37.78071235	-122.4742734667
366549	37.7805961775	-122.4745058681
144755	37.7807908667	-122.4780793
316324	37.78034745	-122.4767543167
47136	37.7807081	-122.47406505
1049341	37.78023874	-122.47540247
47152	37.7803792333	-122.4746669833
47147	37.7802529167	-122.47717365
47138	37.7806757833	-122.4744350667
1355228	37.78017079	-122.47536981
47150	37.7803357667	-122.4755184667
545793	37.7846811333	-122.4729185833
47151	37.7803402667	-122.4752965333
1049621	37.7825402667	-122.4747769
47132	37.7823814167	-122.4759789333
47134	37.78241985	-122.4761633833
148087	37.77924764	-122.43084746
244294	37.77883303	-122.43014055
303048	37.6791672443	-122.1261048317
1291984	37.6722040576	-122.1237659454
566573	37.67342875	-122.12350475
2587894	37.6743668318	-122.123926878
183726	37.6715530167	-122.1221212
1255999	37.674665667	-122.12440655
590203	37.6709783833	-122.121777
442974	37.6751756833	-122.1244326
1513595	37.67426695	-122.1230478
1319885	37.67189315	-122.1215261333
1140876	37.6714033333	-122.1211361333
627931	37.6746569833	-122.1228737
378615	37.6746157719	-122.1231758595
1548529	37.664474589	-122.12222027
468589	37.7155099333	-122.4584174667
1056549	37.7147703833	-122.4585335333
1546201	37.7053675	-122.44373667
750283	37.5323567167	-122.3272610333
210891	37.5323259333	-122.33357445
687373	37.5442215333	-122.3211404333
1552388	37.5445177741	-122.3215305805
1462225	37.5505232487	-122.3291695118
156221	37.5480887167	-122.3195821333
3670415	37.536930197	-122.300657007
3670289	37.536930197	-122.300657007
1319048	37.644994083	-122.413631967
3612424	37.6403312	-122.42271715
1407808	37.6671938	-122.1039664
303694	37.6670916437	-122.1053552628
1514136	37.665912167	-122.1052434
526656	37.6665879167	-122.1057371167
591805	37.6657954333	-122.1129479333
1151505	37.6667216131	-122.1188951138
497870	37.6673704667	-122.1196412833
1600217	37.667360224	-122.1196018159
427136	37.6707688806	-122.1266627312
961660	37.6697180333	-122.1191886167
521682	37.6703475333	-122.1205179667
1531430	37.670075933	-122.120667167
1375446	37.66945705	-122.11997835
941046	37.6659468333	-122.1186426167
361578	37.66590215	-122.1186498167
361628	37.6658964	-122.11863755
1061429	37.6659740079	-122.1181508822
983347	37.6652481	-122.1165509
725611	37.6652481	-122.1165509
887775	37.6658243	-122.1181090333
803041	37.6653977034	-122.1180953914
980367	37.6749331	-122.1235092833
838538	37.6415713822	-122.1063976877
838184	37.6405414667	-122.1063511
1024809	37.6372870667	-122.1070313833
3541927	37.6808654834	-122.1261692047
1843762	37.64145625	-122.42172275
402958	37.7853302667	-122.4163886833
294173	37.78535121	-122.4164167
1509498	37.7857136381	-122.4200856686
571136	37.7850401402	-122.4198871851
766597	37.7841852199	-122.4211145819
973097	37.78565686	-122.42149913
1059736	37.7835789982	-122.4224567413
1132164	37.78459665	-122.4213647333
1060138	37.7838668823	-122.4218292236
214088	37.7846055333	-122.42305735
1179083	37.78461921	-122.42299318
77609	37.7851137406	-122.4235510826
105351	37.7844773476	-122.4239827395
306070	37.7849066334	-122.4287150765
49440	37.7849771833	-122.4279854333
520815	37.78503515	-122.4310626833
448753	37.7814428833	-122.4440037167
448767	37.7814428833	-122.4440037167
448757	37.7814428833	-122.4440037167
99468	37.7815246833	-122.4431799833
242059	37.7815411333	-122.44316405
242062	37.7815411333	-122.44316405
242065	37.7815411333	-122.44316405
378563	37.7814776167	-122.4436418667
191097	37.7830038314	-122.4426324959
1458190	37.5386165167	-122.3011042833
1496947	37.53736687	-122.30032453
1983389	37.767712128	-122.39289162
372403	37.76779025	-122.4067902833
525861	37.78169886	-122.39008736
140322	37.7993895333	-122.43838995
458799	37.7850653829	-122.4050535014
1060344	37.7667998167	-122.4302044333
17410	37.7552856333	-122.4053969
299482	37.7608230781	-122.4366248955
1444245	37.7625898	-122.434957567
38880	37.7520191333	-122.41806375
119435	37.7333781333	-122.4910049667
947160	37.7902844667	-122.3995554
166632	37.7610825667	-122.4326313333
50756	37.7329100557	-122.4896916484
183215	37.7388246833	-122.4681122167
251964	37.7694789167	-122.42877785
41026	37.7629491833	-122.43437035
149613	37.7720122901	-122.4223065376
441421	37.78620225	-122.4062496333
83745	37.7759328333	-122.4089049
70823	37.7645571833	-122.4332732167
395254	37.76520125	-122.4191045333
320375	37.7417899167	-122.50467985
886482	37.7872312725	-122.4101640013
49470	37.7668219472	-122.4156653881
636336	37.7914494957	-122.3979335379
452534	37.7927894833	-122.3999027
1291948	37.868327203	-122.267784423
441137	37.8677776805	-122.2683184967
583485	37.7017023333	-122.1255892833
220944	37.696877966	-122.1264588833
930606	37.8704202175	-122.2667062283
276429	37.786133695	-122.4176516968
2339567	37.7879905701	-122.4114596844
62871	37.7692481333	-122.50978855
537042	37.7875139326	-122.4006467331
451212	37.7944911835	-122.4080352238
965018	37.7919495106	-122.3983168602
4434945	37.794540305	-122.406490513
857469	37.7952443333	-122.4059784333
41945	37.7892514508	-122.405462265
92664	37.7846510388	-122.4064253888
718885	37.8688231333	-122.2921047667
231153	37.7953960433	-122.4041094436
899067	37.7599899167	-122.3960846
109873	37.7841434167	-122.41755115
162306	37.7720489833	-122.4302413833
415114	37.7781765319	-122.4105111322
161112	37.7665226333	-122.4299717667
314176	37.7909017	-122.4209059167
166541	37.7646061333	-122.4322945167
411133	37.7889133	-122.43119132
111959	37.7720724833	-122.4075030833
405485	37.78642125	-122.435111
573482	37.7648216486	-122.394760251
1065251	37.7814322	-122.4036276
1388351	37.78590571	-122.43298846
1124549	37.7760241061	-122.4219481073
1589854	37.6484137774	-122.4043142796
1957555	37.990699583	-122.575014067
1126479	37.99102705	-122.61023755
1123755	37.9911451667	-122.6100684333
210654	37.9387282167	-122.5337735167
1537026	37.97705735	-122.553319683
542613	37.9735961	-122.53340335
2834426	37.987767717	-122.589518067
49241	37.9812984833	-122.5659249333
2963033	37.970209667	-122.561523133
580106	37.9810353833	-122.5650936833
637165	37.9812124833	-122.56593885
330949	37.9374675811	-122.5220774486
1370939	37.972776835	-122.52508467
61292	37.9633277	-122.5136477167
2738614	37.963518988	-122.514250152
57645	37.7975813704	-122.4006793084
2780114	37.973499455	-122.531942738
629158	37.9794860333	-122.5641803167
1315266	37.961704483	-122.511856417
88106	37.968502	-122.5222115833
2158693	37.985121333	-122.59007955
2016381	38.0226624	-122.523157583
1794479	38.003720775	-122.545542538
1725630	37.9606309	-122.555585733
871821	38.0045092106	-122.5446474552
1503425	37.987806883	-122.589545717
1498856	37.9760872	-122.56234015
704466	37.9742441667	-122.56225265
899466	37.9716898833	-122.53383265
1403759	37.989431717	-122.574256983
211057	37.99019505	-122.5926038333
1401658	37.986692472	-122.581834288
158319	38.0083749667	-122.5475538167
86283	38.0024064833	-122.5444108
62204	37.9752825062	-122.5626139701
179120	37.9979712964	-122.5325365539
1542656	37.777792892	-122.438438099
741204	37.7636034167	-122.4808493667
1474738	37.808150305	-122.270646375
741032	37.5459302333	-122.3075022833
470235	37.78596812	-122.41547316
467765	37.7838930272	-122.4072623505
107571	37.6120302145	-122.3895084858
313545	37.7976448093	-122.4316280311
53490	37.7972146191	-122.4336844683
359486	37.7972235603	-122.4339941384
407522	37.8085500333	-122.4158551
505858	37.8082020333	-122.4165289167
109793	37.8110441167	-122.41088415
123317	37.7966058167	-122.42234945
151253	37.7996092	-122.4247293167
497460	37.6857847333	-122.4592689167
376455	37.7977058167	-122.4588632
221751	37.797912022	-122.4221182484
361196	37.7877263833	-122.4269679167
425047	37.7863476989	-122.4465424545
30889	37.7734195667	-122.45685095
442180	37.7866122	-122.4235014
102644	37.7933152143	-122.4263416461
157947	37.8078852328	-122.4176502228
354567	37.8057792294	-122.4130202021
369296	37.7983882333	-122.4236939333
171447	37.79885381	-122.42495912
166527	37.7656577833	-122.4315327167
104350	37.7653573335	-122.4315936774
158342	37.7643356323	-122.4323043823
38222	37.7638016826	-122.4336101936
166458	37.7638935	-122.43377835
166453	37.7637181833	-122.4340436333
1097237	37.6155469078	-122.3844617545
1570712	37.617507177	-122.39078418
1570703	37.617751993	-122.390255427
544473	37.7853788167	-122.4093480333
1284703	37.7864974	-122.4096724
169744	37.78538475	-122.4089735333
293750	37.7852324486	-122.4084234238
631037	37.7851205667	-122.4092886167
812665	37.8567447768	-122.4803924561
755489	37.8569270167	-122.4799628667
667849	37.786202748	-122.4103085936
1360984	37.7852918026	-122.4066853523
1018137	37.7864478435	-122.4098729164
149953	37.7858827024	-122.4097759787
274463	37.78506225	-122.40730285
1420047	37.807338317	-122.417136733
1194441	37.8081271833	-122.4152016333
711661	37.8081101833	-122.4158216833
1426191	37.808096917	-122.4159524
834584	37.80834013	-122.41635161
1132951	37.8075789	-122.4190329833
741306	37.8074529281	-122.4185621738
314873	37.80713683	-122.41827684
838188	37.8079236333	-122.4177179333
1300478	37.8072381	-122.4171996
719096	37.8081321667	-122.4177729
838141	37.8079214	-122.4178342333
838163	37.8079449167	-122.4177514167
1408293	37.8081892	-122.4171409
704254	37.8053211049	-122.4221881633
1266088	37.805774033	-122.422622867
1238843	37.80635055	-122.421904167
1205183	37.785245463	-122.407189999
1147895	37.78665077	-122.40641862
1588428	37.7874160571	-122.4095838429
299749	37.78697079	-122.40675479
936761	37.785304275	-122.4076997
1368721	37.786285927	-122.409731724
636541	37.7875458646	-122.4077834756
1185934	37.78752738	-122.40803515
827764	37.7820296167	-122.4003294
94251	37.7921912667	-122.4117866833
1064610	37.79198035	-122.4053409833
1073449	37.7893955882	-122.4028551579
459129	37.79067486	-122.40509736
387811	37.7829002545	-122.4124422762
678662	37.7876218924	-122.4136310021
63210	37.7898834605	-122.4051659751
1061129	37.7878240167	-122.4034912167
31657	37.7864982833	-122.4132844167
268094	37.7899781569	-122.4106285468
428422	37.7878954323	-122.4043267555
1256795	37.789777991	-122.40783373
954865	37.7890644281	-122.408463989
49384	37.7860171603	-122.4114681139
957145	37.7890371	-122.4083988
584759	37.7883272692	-122.4092924595
1446421	37.7886371	-122.40832394
749600	37.78801476	-122.40720981
356476	37.7852918026	-122.408863306
657025	37.7873013294	-122.4072432518
585287	37.7875722	-122.40872138
1148736	37.78760075	-122.40825361
505976	37.78777611	-122.40812289
141717	37.7860379623	-122.4094748497
203129	37.7868341235	-122.4068983805
993637	37.7875818	-122.40826362
914484	37.7855495319	-122.4088057157
161212	37.7855475167	-122.4082710333
970425	37.78570925	-122.4089380667
535261	37.7888006815	-122.4196342779
512335	37.7888013277	-122.4196294838
761380	37.7814102173	-122.3988800049
180367	37.7783732333	-122.4086310667
216112	37.78724879	-122.39823257
946750	37.7941444803	-122.4060618968
431460	37.7798049648	-122.4060286401
1472678	37.7926343655	-122.4061918259
75850	37.7802719647	-122.4076896599
433269	37.7928883667	-122.4068738
1504991	37.791624833	-122.408093133
575886	37.790187	-122.40387392
1142057	37.785796373	-122.402607623
391211	37.7877312754	-122.4131876849
731265	37.7880387034	-122.4051152734
948619	37.7878354982	-122.4075973034
521956	37.7873315268	-122.4091882176
577878	37.7886070686	-122.4145495892
462850	37.7916749	-122.4061581167
983777	37.78840225	-122.4138683333
440611	37.7884057763	-122.4134680011
1482623	37.785796373	-122.402607623
499573	37.7892900667	-122.4121065667
834102	37.790528219	-122.4060568995
649129	37.7875503672	-122.4024161733
1255412	37.78676337	-122.41327023
676337	37.78981952	-122.4085736275
983261	37.7887086912	-122.4113251979
904841	37.7880356157	-122.4055275881
1008269	37.789092	-122.40838235
725574	37.7889722333	-122.4091211167
1124087	37.7842569351	-122.4098020792
766217	37.78447008	-122.40802043
441572	37.7845539858	-122.4065693243
411200	37.7846302735	-122.4073421007
456615	37.7864296932	-122.4065351486
711477	37.7870162235	-122.4099549025
1111096	37.786456941	-122.4148000964
376667	37.7867417198	-122.401599884
1035353	37.7877083155	-122.414098978
1519644	37.786680532	-122.414209887
627078	37.7897782925	-122.4051623397
963547	37.78733313	-122.40335923
1459080	37.789823	-122.410042
1801763	37.789134917	-122.405351083
1480031	37.78314065	-122.40693813
1389021	37.783076172	-122.408095196
475591	37.7832252	-122.40940765
1030702	37.7888149341	-122.405501594
1459095	37.7888435125	-122.4096411467
51737	37.7891276167	-122.4093995333
227017	37.78614079	-122.4114778
1051404	37.784662	-122.410508
383763	37.7882136	-122.4061273
1457160	37.788132257	-122.4064707756
1538108	37.78680388	-122.410875633
683150	37.7872973358	-122.4105495129
447660	37.7882304759	-122.4093041106
262489	37.7899888667	-122.4098087667
722094	37.7879521506	-122.4039777269
315981	37.7869114066	-122.412650355
729808	37.7890894287	-122.4050138181
378446	37.7828812	-122.4081945833
802205	37.7890775333	-122.4050619
476201	37.7884773648	-122.4121123217
706161	37.7868285131	-122.4129257192
1011619	37.78303563	-122.40707659
1043248	37.7866886	-122.4122395
1217671	37.786816178	-122.404261484
21191	37.7888953833	-122.4056649833
1397380	37.78535815	-122.40523176
1048032	37.7839677634	-122.4080029005
278655	37.7852239695	-122.4115884304
693510	37.7885096846	-122.4063797659
388042	37.784383909	-122.4081842034
1131785	37.78444278	-122.40799915
641959	37.7884686621	-122.4079961839
1047696	37.7843523667	-122.4080793167
1446546	37.787575775	-122.41004729
785495	37.78801476	-122.40720981
1024907	37.7881368488	-122.4076724259
452092	37.7852241335	-122.4072294638
1099923	37.78668385	-122.40643966
2019570	37.7862389	-122.4093964
141311	37.7860379623	-122.409260273
50864	37.7856697333	-122.40862865
750121	37.7872676644	-122.4083168651
693293	37.7871941167	-122.4082437167
988740	37.7864181614	-122.4089825817
941133	37.7868778	-122.4080593
566916	37.7862005	-122.4080049667
1140392	37.7865820613	-122.4079952219
79122	37.7866004197	-122.4080571274
2241778	37.78646743	-122.40807962
238505	37.78639435	-122.4082306333
1412565	37.786473123	-122.408174692
266234	37.7864639882	-122.4082126419
839290	37.7864425883	-122.4082886275
464381	37.8265821833	-122.2519326167
177852	37.8283108648	-122.2496688366
729282	37.8282012606	-122.2500534092
88693	37.7959832137	-122.2787225246
68716	37.8299536	-122.2474885
99740	37.7746497266	-122.4379706383
1056303	37.7593811	-122.43528985
760412	37.77357572	-122.44587457
1201583	37.7743453979	-122.443107605
964892	37.774204	-122.443163
1088909	37.7653259039	-122.4308252335
965188	37.773904188	-122.4376873584
255873	37.7663359	-122.45012909
428766	37.7699124667	-122.4480342833
309288	37.76981215	-122.4479556667
922462	37.7652650667	-122.4324983333
1340290	37.761573083	-122.435648367
86032	37.75979465	-122.4475339333
123624	37.7628736	-122.4516951667
172390	37.7661323333	-122.4295054333
1269245	37.7733272	-122.43429235
583368	37.7576701	-122.4399318
959861	37.7722146167	-122.4484793167
1204950	37.764446583	-122.43054445
1338470	37.759685474	-122.434963819
15813	37.7597235167	-122.43490665
732557	37.75824455	-122.44122265
135915	37.7600205667	-122.4364582833
261892	37.7635113909	-122.4488085589
194856	37.7598732667	-122.4371587333
706802	37.7719943	-122.43512865
166444	37.7635481333	-122.4343122667
157364	37.7629061167	-122.4348628833
166427	37.7632974	-122.43445265
166426	37.7632974	-122.43445265
166422	37.7632974	-122.43445265
166430	37.7632974	-122.43445265
166455	37.7637181833	-122.4340436333
1194367	37.7636545167	-122.4340410167
166746	37.7623078833	-122.4352608833
166438	37.7635481333	-122.4343122667
166442	37.7635481333	-122.4343122667
166436	37.7635481333	-122.4343122667
202005	37.769896	-122.4464613167
988097	37.7660102667	-122.4334144333
95497	37.7652797333	-122.4475236333
166410	37.7632412833	-122.4347899167
166413	37.7632412833	-122.4347899167
166421	37.7632412833	-122.4347899167
166765	37.7626330833	-122.4356297667
74792	37.7629056333	-122.4355161333
166406	37.7632880667	-122.4351328333
166401	37.7632880667	-122.4351328333
166384	37.7632880667	-122.4351328333
166392	37.7632880667	-122.4351328333
1168046	37.7691028784	-122.4464161107
183982	37.7702375667	-122.44466185
194765	37.7682722267	-122.4346876144
678865	37.7615511971	-122.4514001265
542394	37.7680168833	-122.4293277667
804259	37.7645531167	-122.4296457167
384432	37.77485185	-122.43782025
405186	37.77447375	-122.4413354833
1111074	37.7678949667	-122.4309973167
13089	37.7657067667	-122.45007275
706222	37.772267	-122.44645
184068	37.7724861	-122.4375526
1240768	37.7693009377	-122.4333626032
166381	37.7633861833	-122.4353226167
158192	37.7713261907	-122.4421278033
473206	37.76640315	-122.4420455333
1025484	37.76148635	-122.4388993833
612257	37.7704310833	-122.4439531
99396	37.7622330167	-122.4349539167
111837	37.7619742167	-122.43532205
166590	37.7622633333	-122.4351307667
108520	37.7606735688	-122.4385999413
166587	37.76229	-122.4351130333
119092	37.7620801833	-122.4353860333
44805	37.7700403161	-122.4467090212
166575	37.7630780333	-122.4343915167
39144	37.7634129856	-122.4341383364
161650	37.7618130333	-122.4452064167
61617	37.7667906833	-122.4330987333
1042242	37.76213675	-122.43572944
476106	37.76117759	-122.43768262
61727	37.766973588	-122.4332938416
811716	37.7722234333	-122.4416899833
887396	37.7633237167	-122.4216626833
143544	37.8750481767	-122.2936087847
389858	37.7853681147	-122.430524826
70674	37.7881929	-122.4337232833
659709	37.78489375	-122.44218248
525995	37.8097396667	-122.41039695
5179110	37.7690714	-122.41881674
313820	37.7514645	-122.4290510833
5111883	37.780131942	-122.464929562
111786	37.7842118	-122.3970736667
403833	37.7865203887	-122.4309378952
487401	37.7809290436	-122.4684079182
633307	37.7937164307	-122.4061660767
663603	37.7841953	-122.4350129833
1382089	37.8084719181	-122.4401968718
90324	37.7846668872	-122.4079014834
1538547	37.801095897	-122.420292126
22250	37.5984391182	-122.5021183491
172328	37.7886597428	-122.4222244699
658776	37.80153565	-122.4200289
86702	37.790115805	-122.4094278486
203284	37.7871263	-122.439925
305162	37.8010356	-122.4344876
514711	37.806727486	-122.4172630685
235310	38.0081726667	-122.5473631
788531	37.7038497333	-122.1679894833
811870	37.96220147	-122.50922709
1010056	37.7339100996	-122.4899456639
1464099	37.599518471	-122.36631616
771036	37.5985581254	-122.3662483692
463357	37.8535285806	-122.4785290778
22093	37.7909279	-122.41891905
585320	37.7947273513	-122.4181449601
997804	37.79802715	-122.42796976
140303	37.799257	-122.4399909333
30796	37.78636625	-122.4398894667
624280	37.7748692333	-122.4156151167
55520	37.9274176855	-122.5794839859
913292	37.8812193333	-122.5253903667
554811	37.80681258	-122.42081373
187772	37.7948518956	-122.3979051908
308945	37.7831411333	-122.4611449167
575598	37.7829386667	-122.4631937667
88737	37.7812546833	-122.4560184
405430	37.7903197564	-122.4210619926
47702	37.7962015194	-122.4045959115
1223245	37.7667880222	-122.402715683
898130	37.7824544833	-122.38782405
4713556	37.77740067	-122.39298862
1336164	37.7675598123	-122.4328047037
380289	37.7649575667	-122.4172903
326756	37.7423903333	-122.4827542333
1503724	37.61504745	-122.38538247
378241	37.7637803	-122.4327405
1109873	37.7965217511	-122.2662173088
1329017	37.7676701546	-122.4294734001
82859	37.77555795	-122.2397401
987214	37.8210750505	-122.2640117984
848195	37.7720398522	-122.4373269081
519705	37.7604373487	-122.4349644281
1162712	37.79640765	-122.4751361
4069117	37.7883553505	-122.4732899666
87734	37.7807314833	-122.47652495
54790	37.7677929833	-122.4296881333
826857	37.7926937135	-122.4001702666
3604672	37.806505389	-122.422447574
138005	37.7808822	-122.4622807667
18528	37.7635538	-122.2439133
99432	37.7675222039	-122.4291238529
132351	37.766845	-122.42903845
833585	37.7685920387	-122.4105062457
123227	37.6525064833	-122.4316931
99535	37.7925254833	-122.39234105
1421788	37.631544	-122.410278
1266541	37.782791617	-122.511542767
1457540	37.787556617	-122.43353715
1096470	37.7876794338	-122.4334537983
2661828	37.7952432632	-122.3920887709
585066	37.7836774625	-122.4072569503
133150	37.7811111377	-122.4684658509
183448	37.7402351	-122.4666239167
151281	37.7198879833	-122.21853045
1557328	37.7116495371	-122.1941846609
265845	37.9919182069	-122.3030233383
315480	37.7796431	-122.41131965
1498066	37.754226923	-122.4791318178
948055	37.76590508	-122.46610337
359659	37.763836487	-122.4666273594
1021270	37.7566474333	-122.4191012167
962765	37.7955338667	-122.3919441667
476525	37.7844877262	-122.4397019285
1394004	37.8783971071	-122.0722085238
1382806	37.8360342979	-122.5431829691
556115	37.82606615	-122.5288636
1355545	37.9025101662	-122.5115007162
174859	37.7797607333	-122.4866854
161156	37.7683575333	-122.4291048167
320828	37.76305295	-122.4802857833
166735	37.7617666167	-122.4350157833
205317	37.7656208833	-122.4644670167
1210061	37.7635820388	-122.4789011478
88735	37.759725466	-122.4191898705
1187817	37.7633786201	-122.4812185764
823828	37.75761625	-122.3930593167
608169	37.8719874517	-122.2695723946
86632	37.64926785	-122.4531756833
1594741	37.6502176	-122.4538512
205760	37.7791371	-122.5095810333
664134	37.7821798958	-122.5085020065
566119	37.8038953782	-122.4553987612
78537	37.7961532833	-122.4548535
217385	37.7852517	-122.4468171
812466	37.7771812343	-122.4363258295
169852	37.7640304565	-122.4658279419
74127	37.7641661333	-122.4648303667
1588511	37.787664762	-122.450676363
62945	37.78490835	-122.4665035167
914607	37.747084705	-122.505280075
303690	37.6373209748	-122.4174919724
1464999	37.654682367	-122.408457267
143093	37.9059942022	-122.5462537265
147831	37.8001522	-122.44172595
521846	37.9057792066	-122.5489471533
369332	37.79439005	-122.4233482333
1601529	37.740605917	-122.398304483
1537960	37.753285383	-122.391926117
746721	37.7766510626	-122.3891115189
2016689	37.7945631511	-122.4051618576
581452	37.7618689333	-122.4659229529
3932837	37.76406525	-122.386772617
506850	37.7938725244	-122.4044062227
1113625	37.7281992833	-122.40369415
5601333	37.806970817	-122.428582883
5600761	37.80703	-122.427576167
4286761	37.779623102	-122.509313392
5536071	37.76819885	-122.468629233
5536020	37.768161067	-122.469162333
214589	37.78259985	-122.4787217667
1268453	37.7944232628	-122.4069321156
3481480	37.79614651	-122.405107361
3142392	37.7662664	-122.386054467
2179275	37.7482902151	-122.4031582475
5371059	37.74674215	-122.390772167
5334902	37.79827995	-122.434006267
705665	37.77571515	-122.4966700333
469494	37.79954435	-122.3952616333
4886326	37.76310945	-122.387796483
3614215	37.760596117	-122.387456417
5152627	37.61579579	-122.38505262
166183	37.7498946167	-122.3960469667
5013505	37.7965257976	-122.4022436142
5013429	37.796493733	-122.403411983
210316	37.8213525833	-122.2329480333
266646	37.7633637	-122.4789981167
702930	37.7898958275	-122.3931670189
213754	37.7812874243	-122.3877556622
52450	37.7982043913	-122.4053227901
4804845	37.7059057497	-122.3934406042
2519039	37.793374233	-122.40494195
4738967	37.777639583	-122.4970892
133177	37.7752085485	-122.4648435829
4731536	37.7434815	-122.3975733
4731026	37.743709183	-122.39897695
34533	37.7903808302	-122.4324862293
1513381	37.781571283	-122.39395555
361654	37.78098046	-122.46003466
4496348	37.764963367	-122.418489533
4489904	37.654914333	-122.408560883
1380478	37.7818614	-122.4499455
4460916	37.796607433	-122.404923717
4460760	37.796900167	-122.404942433
4454472	37.79329025	-122.39554214
1596687	37.8026465462	-122.4124360085
4202178	37.798686633	-122.408338533
3530132	37.76429235	-122.39466195
4163695	37.751833983	-122.403698533
4159472	37.775580083	-122.501571083
4158809	37.775951433	-122.494312917
4158458	37.7756899	-122.494318167
4158081	37.77726935	-122.489982033
2900088	37.7948514048	-122.398982048
3932733	37.76297725	-122.38986195
4056031	37.739574233	-122.4735449
891377	37.74351265	-122.47389995
205918	37.7508379833	-122.4689043833
4052407	37.754817	-122.471058367
455423	37.7562921333	-122.4717661167
2984160	37.730380583	-122.404806033
447832	37.8685399667	-122.3132018167
3932772	37.764064917	-122.388759533
3894633	37.736937467	-122.424232833
1795359	37.793387167	-122.399430983
3854528	37.792538367	-122.4016297
1587549	37.792988117	-122.402475927
113812	37.7959392	-122.4068225
110095	37.7950229667	-122.40643325
3666100	37.76454925	-122.394905333
779280	37.7627534333	-122.3969317333
3660102	37.7610561	-122.418171433
3614100	37.759645717	-122.381565183
3613937	37.759931717	-122.383389433
3613729	37.76075915	-122.385659267
3613657	37.760662883	-122.386068867
3613537	37.76070025	-122.385596367
838373	37.80756755	-122.4751424667
548797	37.8001071	-122.4420357469
3474219	37.79442274	-122.39779347
1099237	37.7253552167	-122.5030914167
1162852	37.7265398333	-122.49960965
87259	37.72401305	-122.4940819833
171650	37.7639467333	-122.4668840167
3312336	37.7731725	-122.458198383
3236996	37.8110368	-122.419307567
1995563	37.791316392	-122.393029218
764422	37.76795765	-122.4966090833
3132195	37.769100817	-122.495432633
3131677	37.7690609633	-122.4943506718
636335	37.7856667167	-122.5000356
791874	37.7956864865	-122.3992288113
2834516	37.7974541155	-122.4062776566
2754020	37.7808025	-122.438081417
2753603	37.780109	-122.48614095
203264	37.7921979	-122.45842115
1013635	37.7985212167	-122.4590352
341867	37.7954151919	-122.4010634422
1195049	37.80810185	-122.474191367
2444224	37.791277383	-122.4057739
599279	37.7948455333	-122.4068505
1782691	37.637606933	-122.475639533
575508	37.8034857783	-122.4171674252
1586676	37.77352585	-122.4559295
287809	37.7774176167	-122.4641614833
519564	37.7242767667	-122.1550591833
538234	37.7244738167	-122.1565126333
5225037	37.7217473399	-122.1546220779
224953	37.6421699542	-122.1069860458
144324	37.7239390617	-122.1552824243
5062344	37.7115162581	-122.1378314495
1100012	37.6825828023	-122.126520022
281231	37.6953614	-122.0767147333
1582464	37.6967324	-122.162912
1029985	37.7011567354	-122.1284329891
1127717	37.7043436333	-122.1295783333
1088809	37.7004954	-122.1227206
2580266	37.6882353905	-122.1381211281
2417871	37.6882353905	-122.1488928795
1231102	37.6908881667	-122.1512142333
372406	37.6871981667	-122.1297305833
813671	37.6796667167	-122.1543590167
1097079	37.67972248	-122.15999293
887278	37.7023483333	-122.1585263333
1383430	37.7030194	-122.142408
827973	37.725281	-122.153809
255377	37.6960818833	-122.0760759167
900885	37.68633845	-122.1245331667
519214	37.6726779333	-122.0826464
519808	37.6736041277	-122.0815758442
1588822	37.690473	-122.151706
1588396	37.7005112824	-122.1751463413
1584569	37.711834542	-122.1630978584
1070324	37.9624176025	-122.5093231201
184238	37.599907	-122.36678165
102775	37.7769396057	-122.4382022383
564766	37.7923740432	-122.4101119529
583433	37.7460408167	-122.4220705
669428	37.7471706833	-122.4243845333
139886	37.7517707	-122.4276691667
95743	37.7881330062	-122.4097888552
1340312	37.776521433	-122.401921733
65961	37.7439418667	-122.42688115
621725	37.7467594833	-122.42702145
99783	37.7549131385	-122.4278440185
107194	37.7865013167	-122.3978012667
656239	37.9947711167	-122.3040263833
50138	37.7872867	-122.3963455667
20252	37.7682181667	-122.4578406
196125	37.687976079	-122.1301538422
704290	37.7303309	-122.1678587
34941	37.71421965	-122.1942004167
372847	37.70191585	-122.1263495667
562135	37.8705756359	-122.2658781636
811504	37.7014777667	-122.1243198333
23768	37.8245575	-122.2565571
398862	37.7243621	-122.1620380833
138920	37.75022262	-122.1486088
138996	37.7505492	-122.14763045
461455	37.7503125667	-122.1477645
3370904	37.701564679	-122.130477579
3317196	37.729921738	-122.193335539
492126	37.9879334167	-122.5910124667
57558	37.8916645667	-122.12013815
487527	37.8926028167	-122.11944585
1599786	37.786945408	-122.194107041
390713	37.7043112333	-122.1305916667
33732	37.80876305	-122.2507702833
39587	37.8014682143	-122.2623825073
965713	37.7227835833	-122.1529487333
226357	37.9249816	-122.0881239
755882	37.8986636	-122.5759577667
387299	37.87031305	-122.2663027333
513968	37.7229926333	-122.1535003
143844	37.722579004	-122.161295414
70609	37.699982	-122.12681435
668398	37.7028858667	-122.1246641
360463	37.6980836167	-122.13029485
607980	37.7250989661	-122.1564777834
293675	37.7635272573	-122.2434172902
207041	37.9878256937	-122.30946064
119736	37.833386732	-122.2927129269
504623	37.8953560167	-122.1058796
367321	37.836801518	-122.2934854031
293289	37.6999216167	-122.12716685
44505	37.7319493785	-122.1395319497
391507	37.8935695	-122.1096658333
378064	37.89224675	-122.11392785
1181705	37.7989360979	-122.4189949972
1108207	37.7948810779	-122.4001514912
170487	37.776752824	-122.3980593681
1361294	37.7978907176	-122.4286285043
104991	37.8681563496	-122.4976524711
360280	37.7882131146	-122.4236005195
40121	37.7664738667	-122.4306603
872423	37.69497445	-122.1851999167
798675	37.7680613517	-122.3900325475
99650	37.7849578352	-122.4312744754
524344	37.7968287167	-122.4819040833
299616	37.7454291417	-122.4049150944
191152	37.68039515	-122.38868245
184447	37.7877338667	-122.4269695833
112002	37.7816179	-122.4226001333
114344	37.7921204667	-122.4092056
94660	37.7658805225	-122.4495792389
43009	37.8019574667	-122.4561485333
120087	37.7828602	-122.4669757667
119885	37.7976748874	-122.4310475502
100763	37.99419985	-122.4656379833
101980	37.7821451	-122.43048125
70853	37.7857302912	-122.4287388514
70487	37.7878438008	-122.4184660201
50857	37.7932434082	-122.3918914795
893950	37.87719785	-122.0748748
1102072	37.7077104833	-122.06764795
730526	37.647963	-122.121458
617133	37.6830108	-122.0901801167
506569	37.5948273333	-122.5062522667
388677	37.586954024	-122.4940824509
474206	37.5989363972	-122.5003239512
51798	37.6267999591	-122.4941843748
309132	37.7010922333	-122.1410925833
4059808	37.771100873	-122.445957638
708941	37.7944147847	-122.4255251884
184324	37.7964571833	-122.4216936167
114434	37.7887025172	-122.420533792
213467	37.8483482333	-122.1968092167
35006	37.7952746667	-122.41803805
18393	37.871131897	-122.269241333
697361	37.8718788	-122.2715385167
340286	37.7941589355	-122.3968734741
59848	37.7767358638	-122.4230843782
41121	37.7948447024	-122.4247160434
83585	37.973127	-122.5613038667
320921	37.85173605	-122.47885345
226777	37.9766525625	-122.5640425086
226691	37.9687799667	-122.5637994
553458	37.9520698665	-122.5495594509
1250777	37.902594317	-122.525894733
184220	37.90567455	-122.5463392833
1235079	37.58799362	-122.3837108
1468461	37.925943133	-122.5292127
107283	37.8804244995	-122.518196106
1328845	37.868943417	-122.502718983
1449945	37.83814871	-122.46303635
663347	37.8935345167	-122.5253424167
1269512	37.947970083	-122.548764717
513735	37.9430431	-122.5186548
1214665	37.933540183	-122.51743475
885618	37.6143651402	-122.3855896683
151503	37.7806281332	-122.4328637123
207550	37.78322725	-122.4328151
43214	37.7820288833	-122.4329563167
142613	37.76819229	-122.42904341
585180	37.76861894	-122.42952972
1020167	37.78567177	-122.41596078
68506	37.7677219645	-122.4280055852
397409	37.7627917167	-122.43446415
194767	37.7896753835	-122.400226593
487750	37.7683486657	-122.4200784507
925816	37.76864525	-122.42054515
363602	37.7509918833	-122.4339945667
949440	37.75126588	-122.43365156
526419	37.7509825333	-122.43404465
160125	37.7511778167	-122.4340787333
160179	37.7511389833	-122.4341283167
161150	37.7679749333	-122.4291271167
161079	37.7675299	-122.4288649167
72895	37.7674947306	-122.4288301778
161075	37.7675275167	-122.4287890667
161072	37.76763125	-122.4286854167
556412	37.768737522	-122.4285268135
119671	37.76820775	-122.4276517
161060	37.7678295	-122.4282450667
161067	37.7677809833	-122.4282325
161064	37.7677811667	-122.4282317333
41981	37.7908960167	-122.4343555333
47746	37.7512768333	-122.4318060667
615584	37.7904778708	-122.4025089258
187155	37.7895272276	-122.4017485212
161478	37.7896339785	-122.4025047591
77227	37.7900974052	-122.401670846
291107	37.79003554	-122.40166556
795095	37.7900263167	-122.40241515
116005	37.7902374224	-122.402214023
47322	37.7902298241	-122.4022172778
837652	37.79001116	-122.40181463
792525	37.7898949385	-122.4022758007
697125	37.7912863859	-122.4040829503
935884	37.79000425	-122.40194529
717528	37.7902311517	-122.4018983545
81106	37.7897947318	-122.4019849941
772242	37.789391521	-122.4014496547
878847	37.7900088615	-122.4011194771
32812	37.7905958	-122.4025216
689005	37.7897943895	-122.4022356598
139150	37.79001438	-122.40213418
946144	37.79000198	-122.40204721
738214	37.8108087833	-122.4112448833
1079031	37.7961929203	-122.4065216957
939316	37.7861561167	-122.4019916333
138628	37.5424980831	-122.3036009349
1209262	37.555430808	-122.298039435
899663	37.5540128833	-122.29978915
792975	37.55430698	-122.2985417742
976049	37.7899954	-122.4093254833
91723	37.5375589846	-122.3151469231
1087411	37.5340369	-122.3263580667
149902	37.5412959667	-122.3205899167
23786	37.53634385	-122.3231705333
1209869	37.640561967	-122.401657233
359993	37.5340217667	-122.32707405
3472842	37.53601235	-122.327676467
606719	37.5382018333	-122.3272926667
1036129	37.561343	-122.277273
1508114	37.5584929402	-122.279945612
831727	37.5589535113	-122.2772012422
1086147	37.5544008	-122.27818977
633494	37.5571612833	-122.2756788667
604254	37.5572874575	-122.2731474294
846297	37.5588952663	-122.2766225039
1176692	37.5591254833	-122.27194515
1531502	37.5522754632	-122.271630764
916791	37.55664365	-122.2689459
427781	37.5598628	-122.2703944
992231	37.559638	-122.2806053
1132483	37.5573196196	-122.2817225796
788398	37.551395	-122.277156
779648	37.5596410903	-122.2706060318
253795	37.551529	-122.277329
1426501	37.555677967	-122.267953333
1323455	37.5597131252	-122.2718453407
887501	37.55643295	-122.2686294
224768	37.5585848285	-122.2714710879
1018455	37.5588175167	-122.2769062167
792640	37.5580946	-122.2766521
1518546	37.55428327	-122.27690578
396128	37.55516905	-122.27671235
621596	37.55609325	-122.2604712
784412	37.5373489646	-122.3250222443
480731	37.54045065	-122.3018737
1010002	37.5390930176	-122.300491333
326690	37.5403153554	-122.3007917404
1252272	37.553525805	-122.254099846
795858	37.5541852	-122.2538231833
250282	37.55490975	-122.2569915167
96355	37.5539423667	-122.25721965
12106	37.5513768167	-122.2512674167
14061	37.55381225	-122.25723265
12061	37.5482118	-122.25358485
180614	37.5536570833	-122.2567663833
206263	37.5534397167	-122.2567073333
520137	37.55353655	-122.25657675
486648	37.5534442667	-122.2568086333
111564	37.5510727833	-122.2575609
207377	37.5510572633	-122.2545846574
497487	37.5376588667	-122.29969805
254167	37.53818355	-122.3005136167
176205	37.5516494	-122.30554445
585266	37.5563376833	-122.30855115
191019	37.5923564167	-122.3618838
575581	37.53599929	-122.29611277
417273	37.53632014	-122.29637265
417270	37.53632014	-122.29637265
417281	37.53632014	-122.29637265
417283	37.53632014	-122.29637265
417284	37.53632014	-122.29637265
417279	37.53632014	-122.29637265
25075	37.5356810333	-122.29764175
236888	37.5359196	-122.2970125167
473042	37.5363054833	-122.2977153667
1444592	37.786396017	-122.441688583
327120	37.8320409667	-122.2805337667
5774895	37.73997135	-122.1934666
355163	37.76055775	-122.4349987167
68775	37.6014104016	-122.3698354136
488162	37.78377348	-122.46937531
180386	37.784909009	-122.4648918172
1194632	37.8057570669	-122.4135169353
951736	37.8058960598	-122.4141345248
520463	37.80611935	-122.4137516333
346150	37.8068107886	-122.4139298322
407378	37.80229345	-122.4001465167
978555	37.78912764	-122.4172247
562091	37.80709815	-122.42166197
293916	37.7897177766	-122.4058914185
492871	37.80775147	-122.40980333
1184538	37.8059667349	-122.4294519424
12928	37.80510305	-122.4294519333
64701	37.7333165167	-122.4038048
459670	37.7297721667	-122.40256565
382709	37.723236084	-122.3992767334
3323300	37.78704439	-122.410524852
3997576	37.78424727	-122.40163874
16436	37.8914630667	-122.1231241833
483331	37.8917306167	-122.1204260833
812083	37.8913717667	-122.1201243333
40843	37.7833670147	-122.4076724052
2233223	37.803663399	-122.274613792
1542964	37.803231421	-122.268504726
2210643	37.8040906	-122.2712704
25198	37.7981731	-122.4040109667
963047	37.8004167667	-122.4073048833
1143001	37.83719685	-122.29482665
172777	37.7600369833	-122.43573395
272726	37.8202853673	-122.2887969017
645162	37.7915457769	-122.3930773242
75484	37.7653024585	-122.4500047222
54117	37.7916339207	-122.3948514462
537507	37.7949386464	-122.4015891149
510110	37.7949148781	-122.4004345056
884447	37.78808122	-122.4071539
82221	37.7895274218	-122.3948580175
785040	37.7936159131	-122.4012872942
545913	37.7922960154	-122.397426494
231315	37.79113858	-122.40415614
314011	37.7906802544	-122.4042424645
500623	37.7907384833	-122.3984054833
153319	37.7882763965	-122.4003660679
56688	37.7890606167	-122.4003773167
1583719	37.789414203	-122.400820856
1583332	37.7869798	-122.399617996
340388	37.7873250413	-122.3989986164
866313	37.78493541	-122.4004845
857654	37.7950631167	-122.3951836167
857142	37.7941339695	-122.3961604799
225951	37.7828060833	-122.4683414167
20129	37.7994767833	-122.4496098167
487730	37.8002276	-122.4527632833
139283	37.9635280393	-122.5142204762
161279	37.83367248	-122.2836410314
45488	37.8492539791	-122.2716012597
54568	37.7387886833	-122.1986316167
314925	37.9005371333	-122.30012505
1485109	37.901089447	-122.303006599
1324563	37.903684168	-122.303597331
120177	37.7638724333	-122.47225975
74123	37.7641661333	-122.4648303667
1376192	37.764134053	-122.463988578
206786	37.7635674328	-122.4660594435
1338205	37.7640330791	-122.4723833799
1459293	37.76561313	-122.46579444
43696	37.7820172	-122.4858176833
1503048	37.773331	-122.412243
95543	37.784405728	-122.3977804184
893588	37.80487405	-122.4313561667
1267814	37.75147875	-122.438635733
352716	37.8308775667	-122.3734126
817808	37.827814	-122.3715597167
109693	37.7871148983	-122.3981271786
43132	37.8614191833	-122.2810502833
458968	37.84920126	-122.27714788
1200530	37.7301086333	-122.19393515
1181559	37.7371002333	-122.2152967333
172321	37.78677555	-122.4123099
299599	37.7385519833	-122.5008587667
142050	37.7327510167	-122.499013
1133164	37.7298227333	-122.5013816167
122958	37.7293227333	-122.5037793333
106337	37.7344100667	-122.5015486
197740	37.7339138	-122.5038099
1015806	37.7318773667	-122.5041196833
122847	37.73407369	-122.50597685
122843	37.73407369	-122.50597685
122838	37.73407369	-122.50597685
167394	37.8076079092	-122.2702250804
227385	37.807296129	-122.2701706898
260538	37.8079388267	-122.2691363202
487794	37.81090445	-122.2687412833
454301	37.81238255	-122.2695882
499774	37.8116317678	-122.2695171833
191724	37.5532281062	-122.2960281372
13268	37.5861167833	-122.3257684667
13259	37.5866532167	-122.3178720333
120533	37.5795854423	-122.3336116802
3456591	37.790781847	-122.405215427
560471	37.60751008	-122.38015615
541355	37.7870217538	-122.4111859939
341460	37.7770000331	-122.4220690821
442068	37.7718830514	-122.4192729337
236193	37.7531452833	-122.4209393167
510065	37.7687302038	-122.3892831802
1181563	37.7766296167	-122.4250758333
299271	37.7616823667	-122.4351764167
50887	37.7964719833	-122.4220378
120535	37.7821500461	-122.4341695943
90608	37.6302276	-122.41955475
78529	37.6234715	-122.4108627333
75067	37.6301364167	-122.4209232333
96897	37.6265079	-122.4270434667
947756	37.6352819667	-122.4115784167
87728	37.6247181833	-122.4112258333
161187	37.7895346381	-122.4131977558
639619	37.7760529446	-122.3935065533
117049	37.7859004833	-122.42871735
1012706	37.6281012541	-122.4011052947
683521	37.77632248	-122.40926814
231481	37.7812767448	-122.4039834951
29088	37.7810946	-122.4070106
945716	37.781456673	-122.407837231
1397495	37.782224597	-122.410171402
1398783	37.782232773	-122.410167253
1926435	37.64271223	-122.40618431
513808	37.6550372	-122.4091972833
524130	37.6482250167	-122.4060305333
537531	37.6489770333	-122.4080801
116199	37.7862297333	-122.3969826333
181572	37.8673357612	-122.3010694155
687205	37.8051138074	-122.4152248551
1115572	37.8095911833	-122.41021995
1144585	37.8103118833	-122.4102596167
2445624	37.626069767	-122.414232833
232958	37.6277524333	-122.4162346833
326291	37.6266130187	-122.4254581332
121012	37.7934040679	-122.3993773442
230415	37.7958997	-122.4078599
64618	37.7682419171	-122.428077692
194452	37.7367837437	-122.213909626
102709	37.8036738833	-122.2701484667
36373	37.8089964	-122.2566001833
298706	37.7622089333	-122.4347764167
34876	37.775243528	-122.4104131262
249397	37.7484725833	-122.4163239833
136549	37.7961188601	-122.2722637653
150381	37.8008706897	-122.2748224533
237222	37.8000871773	-122.2755461665
74370	37.826391055	-122.2526373289
113547	37.7849054833	-122.4317051296
119820	37.68371808	-122.46394217
316404	37.7698796002	-122.2302034353
351994	37.8928875	-122.1501238
3562288	37.988561023	-122.590884241
3561869	37.973828167	-122.534081971
703003	37.7637273667	-122.2431756667
1503307	37.7366749	-122.240444533
3232886	37.775172004	-122.229738204
3232733	37.774419025	-122.228331115
68227	37.89979365	-122.29834915
641098	37.9737241167	-122.53914255
195499	37.8717622001	-122.2727143764
2109857	37.767067882	-122.254260928
58435	37.8427494773	-122.2513908148
2020266	37.743941313	-122.254546515
702735	37.73932625	-122.2337652833
469592	37.55258105	-122.3149090667
1010472	37.79017315	-122.2990489167
22742	37.7906745667	-122.2939870167
1307935	37.761029333	-122.2440541
1594009	37.73028549	-122.202361431
524964	37.7391090585	-122.2335648398
315378	37.7636655	-122.2435006667
299304	37.7625633833	-122.43483715
1267709	37.8371213	-122.46449059
36936	37.7443882167	-122.4268908167
4906201	37.758044538	-122.497711437
211207	37.7388624644	-122.4143028259
490882	37.7642914	-122.45707435
31406	37.7957981	-122.4219069833
1014235	37.79758515	-122.42260485
1238347	37.798092211	-122.420750986
591717	37.798054965	-122.4220550991
274189	37.8002594833	-122.4385744833
233398	37.8991734833	-122.3087739833
443331	37.7759421	-122.4977664
757874	37.7882090833	-122.4184211667
1093026	37.9710602689	-122.5304585666
664745	37.7978212253	-122.4237808447
61171	37.7836069833	-122.4180274667
1181781	37.5662738085	-122.322936058
59690	37.5666063502	-122.3238050938
1707098	37.563983202	-122.3230004311
36950	37.7420181833	-122.4262877667
407545	37.8083290333	-122.4154664
448370	37.8082332167	-122.4104897833
102465	37.7969051333	-122.42193095
664756	37.7967355333	-122.4218307667
42087	37.7913885167	-122.3991598167
261817	37.7934595037	-122.3997452863
1412049	37.7995184153	-122.4090135098
949768	37.7999506	-122.4094027667
75711	37.7851052614	-122.4053442478
275483	37.9851058333	-122.3121900833
966155	37.9831558	-122.3176758833
48899	37.9373324667	-122.3605973
293730	37.98669205	-122.3105862
787881	37.99086749	-122.33364325
203351	38.0101669	-122.27111115
104947	38.0106284167	-122.2702496167
157421	37.99407	-122.285864
231966	38.0104312	-122.2685564833
207421	38.0083325	-122.2703532833
226718	37.9920410167	-122.2354449
1476871	37.987406394	-122.311464952
977679	37.9686918333	-122.3397396833
513249	38.0183892	-122.2731436833
1172358	38.0171298992	-122.2836765647
232425	38.0122374333	-122.27429365
203325	38.0087143167	-122.2702977333
464027	37.9942645345	-122.2863855958
538800	37.7110911667	-122.14324325
232961	37.9848991	-122.3128144
1480025	37.990091538	-122.308417322
1049433	37.9911554	-122.3073298167
197327	37.7960919312	-122.2782116809
238470	38.01272375	-122.2732464
308917	37.992236	-122.301928
238417	38.0123210333	-122.2741339167
252706	38.0086398167	-122.2711991833
787929	37.99086749	-122.33364325
265778	37.9906666667	-122.3021535333
900246	37.9862557333	-122.3113043667
794264	37.9892014667	-122.3092181833
215785	37.99425607	-122.331968
681764	37.7704733694	-122.4043338307
617541	37.9539493667	-122.33283165
206204	37.9128597284	-122.3091908935
617098	37.92018995	-122.3154934833
616949	37.7717950333	-122.2018100333
591300	37.8340761474	-122.2926538545
565932	37.7745336667	-122.2122669667
606700	37.9897191	-122.308789
602643	38.0314787667	-122.26642465
354581	37.9824306685	-122.3179578781
249987	38.01069385	-122.26993965
226641	38.0127931	-122.2853623333
262421	38.0097737833	-122.2706103167
164374	37.8314645	-122.2894607333
244498	38.006003	-122.276255
206891	38.00983565	-122.2649520667
378392	38.0091842167	-122.2722221333
160236	37.7902377199	-122.3981930768
139826	38.0121431833	-122.27440175
206995	37.9871936833	-122.3098227333
663847	37.8396950965	-122.2583453813
239513	37.7991504	-122.40858942
1155787	37.78805345	-122.40716707
1439376	37.547902467	-122.3372129
229777	37.7886730928	-122.4022018731
131296	37.5625921833	-122.3271862667
481243	37.7885175333	-122.40449505
1381571	37.5627354	-122.322397467
242060	37.5604352667	-122.3221329333
439195	37.53335755	-122.3376088667
150725	37.563958	-122.322941
1383326	37.563725017	-122.324861717
717363	37.6449604	-122.453769
38531	37.58151705	-122.3284965333
12440	37.56266355	-122.32151985
443642	37.5610242764	-122.3195074195
1000527	37.5378086667	-122.3127327167
208867	37.554489	-122.3026711833
1527333	37.539617765	-122.309128046
170664	37.5669269667	-122.3239805167
900653	37.5615079	-122.318635
27769	37.7945312	-122.4058093
38814	37.7897050586	-122.3978340626
1502147	37.568583217	-122.3255495
948630	37.5651353266	-122.3227988202
102636	37.5631989333	-122.3240627333
892515	37.7882424814	-122.4003875256
1324347	37.565784717	-122.293527183
596084	37.5611697667	-122.3210346833
596141	37.5603618667	-122.32243375
628714	37.5750211333	-122.3073658167
196046	37.5651096031	-122.3222279549
623524	37.5632062667	-122.3247609333
318893	37.58315545	-122.3503932
38676	37.5639377	-122.3245980333
238439	37.6168419167	-122.40819125
86708	37.7513945	-122.4324989167
224020	37.8010701833	-122.4343358667
169450	37.6146733475	-122.3827064037
73469	37.74028525	-122.46650615
457487	37.89253475	-122.5723190167
1411773	37.7067533	-122.415644183
956573	37.85391765	-122.30006755
354687	37.6039790167	-122.3731025167
533536	37.7896098667	-122.4041076
990971	37.7867918667	-122.4055937
755640	37.7771671167	-122.4063741333
644951	37.7807505333	-122.39391115
210854	37.78356565	-122.39180515
233154	37.7825352833	-122.3874695167
1226431	37.800281667	-122.41064615
1393609	37.7918511	-122.40564084
715930	37.78735411	-122.40334796
945598	37.7875641748	-122.4029195309
1393002	37.769643333	-122.450942967
475240	37.7694252667	-122.4503762
432679	37.7694900451	-122.451016778
1392826	37.769966117	-122.44724035
1392794	37.76978826	-122.44873821
1392530	37.764504067	-122.421168233
364841	37.7668747027	-122.4076146184
165903	37.7991015833	-122.40733085
573882	37.8446284647	-122.2965779343
1376708	37.788038216	-122.440778929
488074	37.7605557333	-122.4349441
166700	37.75997825	-122.4348164
1464315	37.787467131	-122.405030119
1462526	37.78760957	-122.40653121
692814	37.7736289333	-122.4162003833
1095642	37.60630732	-122.38231533
146601	37.80884145	-122.4159574833
1013116	37.77911175	-122.3876008667
997301	37.7902140667	-122.4019755167
3467137	37.767863457	-122.424074936
1862316	37.7696037449	-122.4243986607
352491	37.76492455	-122.4226360667
1079808	37.7650229	-122.4114769333
107584	37.7630854167	-122.41936995
39724	37.7618942261	-122.3887023926
61323	37.7580333712	-122.3911831928
225723	37.7642810167	-122.4643734667
128504	37.7953879833	-122.4212033167
75697	37.7950427667	-122.4217250833
39716	37.7594592667	-122.3880625167
502801	37.7556682625	-122.3879313469
542869	37.5696670167	-122.2695795333
13396	37.5440275667	-122.3061347
479484	37.7753736167	-122.4128906333
1903559	37.7832313449	-122.4037456512
1452501	37.772496517	-122.40729285
1544462	37.6424431801	-122.4036329985
463339	37.6437049116	-122.4039043915
1123390	37.80583336	-122.46992257
556301	37.76466215	-122.4265701833
1355898	37.7790339387	-122.392770052
1110055	37.7911696167	-122.4215388167
945367	37.7920030205	-122.4226118584
293839	37.79163175	-122.42180263
114368	37.8992493368	-122.5158307126
1278050	37.80109775	-122.455938033
1132070	37.7568540333	-122.38731645
1543908	37.7503155932	-122.3888111115
51406	37.6845008667	-122.46907075
1078341	37.7769322667	-122.4684541
328831	37.6281340832	-122.4011556822
34802	37.7656173706	-122.4095230103
356933	37.7649990667	-122.4222353167
167075	37.7653886021	-122.407951355
1176532	37.7554392339	-122.4195599556
560387	37.7678304833	-122.3855017333
1381336	37.7637347078	-122.4219202995
231030	37.7668153333	-122.4220201333
776009	37.7612156285	-122.4286043644
943243	37.7570424195	-122.3894655704
442916	37.7159779	-122.1529458167
54086	37.7881484666	-122.4050732149
133506	37.9474645	-122.5095624
837509	37.78283055	-122.4207112167
1337727	37.76215314	-122.43787211
1256917	37.76217031	-122.43814897
612248	37.7895806221	-122.4044360583
453793	37.7908800314	-122.396864328
104976	37.7850907	-122.4157738667
1238090	37.76510885	-122.3997602667
366648	37.7640601833	-122.4658822
507323	37.7653325	-122.46641
102406	37.76329645	-122.3909081
359107	37.7908623819	-122.4623250961
60677	37.7821120667	-122.3970812167
908555	37.7614229	-122.4223344
119787	37.8333443639	-122.293227911
206569	37.7990841833	-122.2727036333
614589	37.7912115204	-122.3994682054
683420	37.7884469244	-122.4470936218
819091	37.7844194833	-122.4644029667
1048733	37.7572884078	-122.4213087559
238699	37.79441115	-122.43486485
98475	37.7747997667	-122.4098892
942271	37.8015167167	-122.2641519797
34005	37.8012240712	-122.264059662
174918	37.68180945	-122.40378245
937131	37.7858028667	-122.418605
464588	37.7861277505	-122.4177681116
77939	37.8357600167	-122.2891342833
161221	37.7653425667	-122.4018671833
623552	37.7308588333	-122.3920149833
119832	37.7362757833	-122.3906090333
907849	37.7717994833	-122.4323619167
390350	37.7971048167	-122.3930423667
222991	37.8007958344	-122.4364491452
51730	37.7748879167	-122.41190085
346771	37.7725564886	-122.4187078051
59131	37.76958515	-122.4223226833
160149	37.7508127333	-122.4340576333
513860	37.7652607833	-122.4236300167
93324	37.7847400113	-122.4314673025
405139	37.7848460149	-122.4309728645
96374	37.7640809783	-122.4649920976
188623	37.7554053312	-122.4187416657
225861	37.7776612667	-122.4068562333
187015	37.78735089	-122.40527147
413364	37.7861867167	-122.4118573
230685	37.78796864	-122.4016716934
111821	37.7638861667	-122.4132383
225411	37.78026545	-122.4064746667
202402	37.7654544833	-122.4528543667
416978	37.7873476167	-122.4067123833
157927	37.7719814833	-122.4136693167
197895	37.7591629028	-122.4189224243
154398	37.7587374833	-122.4190458333
210665	37.75846803	-122.41538345
372761	37.766178	-122.4019277
233767	37.77511755	-122.4115986167
87451	37.838445304	-122.2958564758
415688	37.9294452667	-122.3701194667
414421	37.9093066333	-122.3584061333
274120	37.7807828662	-122.4122109825
114359	37.7880224167	-122.3986044667
366986	37.7771137699	-122.4105195844
259726	37.7678685667	-122.4237653667
11441	37.79200315	-122.46011495
58069	37.7774758333	-122.4105689333
144876	37.7751330333	-122.4126020333
92597	37.7839009	-122.3889063333
197520	37.78511977	-122.38849169
253731	37.7722980696	-122.416523647
304346	37.7886833773	-122.4059557915
309791	37.7703572	-122.40889985
120040	37.7708580698	-122.408219386
202573	37.7650417667	-122.4239444667
33161	37.7648414	-122.4243382
202565	37.7650417667	-122.4239444667
161750	37.7634408333	-122.4239261333
161755	37.7635457333	-122.4239594167
161723	37.7632018333	-122.42420375
230284	37.7916084854	-122.3995935917
150555	37.7877531333	-122.3989131333
1414860	37.785902733	-122.432815605
381817	37.791109884	-122.3927864714
241865	37.7956848145	-122.4234542847
492885	37.7998266167	-122.4275391833
1195685	37.76391726	-122.44213616
1230755	37.7969652414	-122.4351114035
694869	37.7917661988	-122.3956250272
1040444	37.7911556333	-122.3924725667
1000669	37.7978426323	-122.4289208391
646621	37.7997982667	-122.4293708
83675	37.7929804167	-122.4213008333
373048	37.79643105	-122.4180622667
200045	37.7998539	-122.4274935833
610955	37.7905506752	-122.3977883397
644745	37.7914656887	-122.392593547
609831	37.7874628089	-122.4509086163
506694	37.791160987	-122.3928783441
291264	37.7896355333	-122.39500375
226599	37.8593552507	-122.4867538082
488322	37.7991816	-122.429792
129061	37.611409787	-122.3899912834
99720	37.8005606667	-122.4282198333
387197	37.7904634294	-122.3926475496
171152	37.79993438	-122.44006252
170535	37.7971616331	-122.4354493618
127792	37.79347014	-122.39565247
1530069	37.7609324455	-122.43445158
1115215	37.7637058496	-122.4379438162
167097	37.74013285	-122.4668284833
114202	37.7397474667	-122.4675111667
238637	37.7623752333	-122.4346651167
1129201	37.764698267	-122.4418008327
1434666	37.7684855461	-122.4358999729
132197	37.6660145	-122.4668529833
38433	37.8106726167	-122.2446402833
492998	37.782092	-122.4854874333
100962	37.7821035804	-122.4478653073
405513	37.7645174321	-122.4415425176
452993	37.7693047193	-122.4518790965
1430941	37.7461749315	-122.4384266138
350815	37.784343	-122.42080835
1382376	37.7091312167	-122.4310161833
562440	37.7727857112	-122.4130795507
444086	37.7812420667	-122.4585927
183344	37.7404570167	-122.4649235
152521	37.7755612167	-122.4014013167
211047	37.7671030333	-122.446262
637846	37.7649876	-122.4423841833
205962	37.7473032167	-122.4591571
290756	37.75947455	-122.4636175833
1087974	37.76391726	-122.44213616
340417	37.793266449	-122.3932801125
306648	37.8735984709	-122.4558631539
270738	37.7973998283	-122.408293275
1269639	37.762761867	-122.41598945
750148	37.82695915	-122.2520028
534721	37.8357465948	-122.2516939044
367124	37.7532534	-122.1555026
59322	37.8434302833	-122.2515571
3315034	37.8197768587	-122.2543251514
347170	37.8345899749	-122.2518467903
39393	37.8278666167	-122.25651485
349213	37.70727235	-122.1289906
90764	37.6992336833	-122.19093785
726097	37.8182852131	-122.2635197639
275274	37.8285496787	-122.2848756478
381992	37.8262695333	-122.2538747833
994569	37.8093589833	-122.2499649833
202045	37.8022273755	-122.2700548745
760217	37.8072876344	-122.2221922874
1077612	37.7032195	-122.1291971833
73624	37.8601754223	-122.289429903
154671	37.8476808333	-122.2721749833
1115988	37.8320961667	-122.2533255667
1345515	37.85188575	-122.233177833
266321	37.8260620167	-122.2528080667
421067	37.84703535	-122.2516784667
887386	37.8233427001	-122.2614460326
376793	37.8215989984	-122.2602474689
1217718	37.816466083	-122.265754283
421714	37.8358898167	-122.2923814333
1035954	37.8413305667	-122.2938153333
169475	37.8011375999	-122.2748816013
683377	37.8381974674	-122.2512365878
28923	37.80296805	-122.2618468167
72839	37.84652115	-122.2522661
33127	37.8410295327	-122.2515356541
362103	37.7998388333	-122.2520541
39555	37.8021373	-122.2540190167
651290	37.8012901913	-122.2745275497
964837	37.8406723167	-122.2511393667
33744	37.8107836	-122.2480118333
757078	37.8109565112	-122.2477035561
953926	37.8260886667	-122.2527909167
717526	37.8197247	-122.26719045
107313	37.836725259	-122.2511708736
598094	37.8041683896	-122.2285541464
487620	37.83587335	-122.2940540167
40101	37.8090830293	-122.2501296997
591703	37.84049185	-122.2514458167
709567	37.6998317	-122.1417058
341345	37.8366657333	-122.26342505
824819	37.8278342667	-122.2723208167
738227	37.8397419833	-122.2517382667
715988	37.8109961667	-122.2619033333
534180	37.8291567333	-122.2822912167
732792	37.7966690063	-122.263458252
39625	37.8070455167	-122.2641970833
106297	37.8373542667	-122.2507168667
169353	37.8563127582	-122.2711801529
681456	37.834539134	-122.2495079041
342205	37.8350601196	-122.2556838989
372688	37.8044531167	-122.22808975
86202	37.8256440167	-122.25337595
623010	37.8437746469	-122.2519004345
456502	37.8252971333	-122.2527913667
585182	37.8256753436	-122.253241539
608356	37.8075847054	-122.2219931353
389989	37.8349839903	-122.2515061498
30538	37.8343357703	-122.2502052784
611495	37.83977575	-122.2512392667
199848	37.8397191667	-122.25117535
30764	37.8014066167	-122.2635466167
39645	37.8069965	-122.2605766333
203717	37.7999794111	-122.2708691125
135829	37.8288347833	-122.2118472667
72098	37.83463365	-122.24889175
81195	37.84195765	-122.2517572167
128181	37.81935545	-122.2446418833
39416	37.8402501167	-122.2515340333
398498	37.8108204	-122.2436670667
59839	37.8226922607	-122.2894513607
48113	37.8161836167	-122.26402875
354627	37.8236102473	-122.2569386763
383430	37.8407456956	-122.261813879
358332	37.8427311	-122.2516050333
82347	37.8437068675	-122.2519433498
101354	37.8139287574	-122.292047739
170667	37.8286350833	-122.2606695333
72196	37.8457333	-122.2523285833
35702	37.8123965667	-122.26861205
1328906	37.8903880537	-122.2965286153
81939	37.8090072272	-122.268454642
469604	37.6738308936	-122.462405501
1201218	37.7968596	-122.278528617
972952	37.8921278124	-122.2637987137
569532	37.7928415333	-122.3929065167
820026	37.8135926833	-122.2466125167
624397	37.81193085	-122.2471474167
427044	37.8113393415	-122.2640240192
347136	37.8348385833	-122.2512647333
24999	37.7374769833	-122.2401802167
813382	37.7910305847	-122.1980016973
785366	37.8110531667	-122.2435172167
502646	37.8372675435	-122.1851402521
783774	37.8099966167	-122.2376673
471615	37.8110723425	-122.2273528576
38565	37.8073427323	-122.2577905655
348908	37.7999846763	-122.2706866264
575284	37.8189126833	-122.2449605167
569972	37.8164809333	-122.2627060667
56509	37.8100674872	-122.2594340747
356161	37.821412549	-122.276995182
262413	37.8133007667	-122.24650135
120658	37.81853175	-122.2450690667
34640	37.8063052167	-122.24992295
38548	37.80919175	-122.2487862333
39567	37.8006435667	-122.2546195833
70012	37.7999677214	-122.254421711
39600	37.7997049201	-122.2630369663
48103	37.8104384667	-122.24502575
123147	37.8106128	-122.2445467
116739	37.8005495	-122.2705923667
1159152	37.8019541502	-122.2698712349
371554	37.77141559	-122.22621965
794483	37.811309675	-122.2666203976
787730	37.8059281557	-122.2678618865
458341	37.7948588952	-122.2711303184
1005061	37.8173983097	-122.2629725933
55266	37.8175902316	-122.2619533539
306446	37.8929623167	-122.4586159667
265647	37.9670298332	-122.5206148624
1001244	37.8047892833	-122.44257685
681847	37.9293457833	-122.5141996667
148061	37.9413410564	-122.4848985672
217994	37.9442694181	-122.5064179301
219884	37.8732710333	-122.5061868
637697	37.9739479333	-122.5371632
521454	37.9730095638	-122.5374913216
765902	37.9711213917	-122.5184369087
765732	37.9696010925	-122.5162696838
284829	37.83222485	-122.5394689167
905939	37.788275	-122.393904
162294	37.7723329667	-122.4297791
384483	37.7715807667	-122.4346193
88652	37.7716571373	-122.4338837401
76917	37.7717750833	-122.4339598833
380694	37.7867452761	-122.4225448439
96314	37.7719588333	-122.4309485167
105229	37.771444084	-122.4338400364
188519	37.7718257154	-122.4334001541
697225	37.7751266956	-122.4449658394
538063	37.7760028833	-122.44605475
554585	37.7716643333	-122.4547044
163819	37.77972145	-122.4241400167
599353	37.7895947573	-122.4036381472
557263	37.77420915	-122.4445401
30527	37.7742413667	-122.4442890667
195658	37.7723725333	-122.4458238167
48340	37.7757140833	-122.4455106667
555611	37.644752549	-122.4521863461
80732	37.7704667532	-122.4508778098
554314	37.7725130667	-122.4410000333
526643	37.7751487966	-122.4439992631
109141	37.7888573741	-122.4010529727
207174	37.7659013018	-122.4666231806
1419953	37.732676293	-122.489931415
448337	37.7634278833	-122.46598935
104635	37.7635450162	-122.476135234
459156	37.7607193667	-122.46620965
999625	37.7638958581	-122.4659138918
55315	37.7650263333	-122.4500381333
74140	37.7694023667	-122.4840278333
171742	37.7405250833	-122.4660513667
507832	37.7625445179	-122.466211912
109091	37.7758325042	-122.4027484262
161312	37.7606148667	-122.5052427167
92671	37.7844354053	-122.4062240124
291707	37.7892845317	-122.4037475504
232011	37.7920554833	-122.4159041167
107498	37.789738139	-122.4121815105
29104	37.7985118	-122.42235095
188708	37.7992773828	-122.4107662792
180672	37.7987934167	-122.40954495
1061300	37.7765144522	-122.4196886106
161614	37.7655309167	-122.4498462833
161506	37.7658560333	-122.4499111
161127	37.7667626	-122.4298911833
1074833	37.7756120011	-122.4541241938
1025626	37.9137390667	-122.2806629167
779568	37.9076164667	-122.3063129333
170829	37.9952365167	-122.3572179667
533560	37.9520124667	-122.3178809833
336082	37.8978669	-122.3224669
218156	37.78854268	-122.40178114
645194	37.78913395	-122.4019439333
364329	37.7891824089	-122.4016758317
525476	37.78855526	-122.40181851
696026	37.78875827	-122.40205109
740544	37.7891295857	-122.4016980905
491513	37.78863263	-122.4018687
656853	37.78883105	-122.40177065
426493	37.78872436	-122.40183866
880560	37.7887681646	-122.4018144608
239323	37.7233302853	-122.4372292609
443291	37.7859039307	-122.4125595093
655283	37.7918515	-122.4231002
129082	37.7729322333	-122.4028234333
467108	37.9810517	-122.5654656
696700	37.9713394333	-122.5229767
790776	37.7911760854	-122.3972547054
721742	37.7912841333	-122.3958325333
478465	38.0013072941	-122.5217789412
267831	37.9751488833	-122.5632296833
191576	38.0036110513	-122.5534880161
559948	37.7856606438	-122.4114060402
1065921	37.7865344667	-122.4181962
53439	37.8063679168	-122.4168992043
200648	37.5616107333	-122.2559156667
320225	37.56166955	-122.2520614167
183020	37.5758972199	-122.3486217921
201244	37.5444306667	-122.28497645
1472662	37.787361608	-122.400210506
1034477	37.7871078404	-122.3976321455
988928	37.7900108462	-122.3961476782
1444246	37.799073942	-122.399355039
1060278	37.7948451386	-122.3988927093
291820	37.8819145062	-122.1881588842
933995	37.8841263056	-122.1912878752
57103	37.8906800333	-122.12698145
969451	37.7838996	-122.40128773
31575	37.7983837667	-122.4184742167
1593943	37.79905486	-122.44268018
239169	37.9726915436	-122.5242677587
96895	37.7815990486	-122.4208688736
1237089	37.8063140167	-122.4314753167
20050	37.9354373	-122.5353366167
441522	37.7845539858	-122.4065693243
1093884	37.8007580596	-122.4371501752
928657	37.7723150056	-122.4227344433
179026	37.7809520167	-122.1815807667
192700	37.7690702677	-122.4521166086
148180	37.7638605667	-122.47735875
1087367	37.78446871	-122.40772324
585668	37.5955572333	-122.5035567833
207154	37.7651880833	-122.42019
255754	37.78939895	-122.42044545
207419	37.7701419167	-122.422301
113373	37.78106825	-122.4024706667
192288	37.7508649333	-122.4346439667
884143	37.7834024127	-122.3932616158
371806	37.5496275833	-122.3164544
455883	37.5910432947	-122.3497581482
161170	37.5661736333	-122.3230264167
452657	37.5505132333	-122.3136074667
473533	37.77250885	-122.4104189833
564360	37.60511887	-122.37931728
415047	37.791199759	-122.4041222966
5044693	37.859160089	-122.290453679
505250	37.5590665675	-122.3014765203
359367	37.5941619667	-122.3906470167
218402	37.6184466608	-122.3862147331
264495	37.6185486396	-122.3861718178
3100616	37.7785065	-122.437693283
4559515	37.779634177	-122.391805913
1314967	37.77644288	-122.39408707
857117	37.7834568811	-122.3898017788
166657	37.7598708167	-122.4349482667
399722	37.5451030167	-122.3046089667
43067	37.7972648	-122.42205615
4609785	37.77821034	-122.40578424
42690	37.6731113	-122.3870871
4559833	37.802223848	-122.402330449
65480	37.6750345806	-122.3855732094
2387083	37.796599651	-122.42213046
157742	37.7043537167	-122.40741815
1185271	37.6749387333	-122.3848673667
502500	37.784913647	-122.4084548985
419400	37.7845541144	-122.4087023735
238620	37.711393188	-122.215089798
11371	37.7931296667	-122.4211692667
1132992	37.7917628093	-122.405945678
82840	37.7991163	-122.4232681667
1212470	37.80617535	-122.431920417
865136	37.80757025	-122.41604115
1203484	37.8060966241	-122.4186296975
109842	37.7838933667	-122.4087855
380272	37.79452595	-122.4112435667
1260577	37.794495291	-122.411240859
386358	37.79521709	-122.39240157
166400	37.8400543333	-122.2197658833
96147	37.84013355	-122.2198258667
559878	37.8923828	-122.2994191
155983	37.85093085	-122.2922823667
403149	37.8284297833	-122.2857934167
74252	37.8262629667	-122.2093055833
323032	37.711323516	-122.2127088565
152490	37.8262496833	-122.2089553167
143230	37.8862015167	-122.3075764167
261663	37.5851655833	-122.3654790167
217373	37.8325256833	-122.1847843333
107049	37.8265340167	-122.2093704667
92033	37.8429663	-122.2900412833
156050	37.8428519167	-122.2902773667
85944	37.84066025	-122.25134065
106984	37.826333482	-122.2092317193
97001	37.8259182833	-122.21015795
91524	37.8287842	-122.2851030333
86243	37.8411596354	-122.2512380451
78712	37.77735545	-122.2148018167
77349	37.8459394333	-122.2176064333
30228	37.8437579175	-122.2517560178
74173	37.8280246833	-122.2106593833
70189	37.8265396667	-122.2092471833
50666	37.9218354976	-122.3151949635
284994	37.8468181167	-122.2847179667
694351	37.84653735	-122.2516536667
129422	37.8898247907	-122.3246097565
83503	37.7876680333	-122.4198994333
469449	37.5763214011	-122.3495408659
207565	37.7824001667	-122.3876730167
140422	37.771886811	-122.4138277942
48782	37.7646153833	-122.4299055167
70666	37.8991717167	-122.3242362
482618	37.9003138654	-122.3075299061
326798	37.8992057664	-122.3067194223
133505	37.7835308968	-122.4327740505
969868	37.9290363667	-122.57776865
1070067	37.79666304	-122.40519034
1420849	37.800667417	-122.438368967
1156652	37.7287663167	-122.4402028833
1233139	37.8004252833	-122.4398159833
1110605	37.575974496	-122.3470372535
1087948	37.87039154	-122.2660163
88353	37.7584245	-122.4212078
2814582	37.77016413	-122.40750348
200598	37.6151294833	-122.3823567167
68714	37.7733080954	-122.4215352759
93288	37.7852833234	-122.3959779739
4017250	37.787823054	-122.41166019
778887	37.7877930167	-122.4132332333
55390	37.7626637735	-122.3944365191
1163377	37.78040025	-122.3904689
88754	37.7606633667	-122.4371761833
578724	37.7914108143	-122.3999274682
624338	37.776312157	-122.4180475751
616043	37.7884378438	-122.3928544569
176418	37.7860987826	-122.440063762
195763	37.7339673226	-122.4897976227
35617	37.7382848167	-122.4545891667
1224476	37.854301033	-122.478910433
411544	37.7877960607	-122.393593158
741324	37.7850626391	-122.4625068232
5314304	37.772808194	-122.459695694
99749	37.7693898453	-122.451822939
232880	37.7597652106	-122.4190020561
3740361	37.781934088	-122.404517296
97003	37.5649180667	-122.3236775833
611298	37.87342505	-122.2748256
746769	37.8404200833	-122.3151211833
1469747	37.789567671	-122.40375366
50515	37.8398445833	-122.29956885
1331722	37.787158105	-122.385842704
428436	37.8421632	-122.2951468333
205966	37.8396677833	-122.2952446167
1198107	37.7540445167	-122.41651295
1175545	37.7540904953	-122.4155151844
772228	37.79253035	-122.4040171
548134	37.78553527	-122.39996033
168847	37.78266285	-122.4063602833
458458	37.7753067017	-122.4206390381
485737	37.7996209516	-122.4107310112
918487	37.79036933	-122.42223316
719045	37.7878270193	-122.4201822281
3984807	37.732876217	-122.384515633
988729	37.7680885333	-122.3912412667
1079073	37.85504305	-122.4787872
991172	37.7895132896	-122.3949113825
213832	37.79006116	-122.4039816856
233031	37.7691372922	-122.4452877045
378230	37.7909529549	-122.4025779466
1575833	37.773164233	-122.437556551
117372	37.7700399	-122.4457333333
526097	37.73988485	-122.49857717
184081	37.7713354667	-122.4371949
33218	37.7914929167	-122.4209883667
206735	37.7764602596	-122.4255278707
1376393	37.87523949	-122.45624101
403508	37.8753131667	-122.4600500667
135926	37.8724907833	-122.4630326833
18173	37.763612	-122.243274
486588	37.78856772	-122.42312228
628316	37.8260418646	-122.2527319193
36290	37.7956532808	-122.2773551119
713007	37.7756364667	-122.2270925
731245	37.8360710033	-122.4771431051
47158	37.7808227833	-122.4706221
834544	37.8085379234	-122.4159443378
337491	37.7950153	-122.2783728667
58319	37.76322505	-122.2435400667
1010107	37.7817916427	-122.2372328184
740711	37.79748088	-122.27333253
42100	37.7635918	-122.2432994167
961139	37.85397684	-122.27495574
868506	37.76058202	-122.44301003
42885	37.8032702333	-122.29847535
600683	37.81186211	-122.30219513
286037	37.7609129667	-122.2452423667
710916	37.8235895833	-122.2339396833
262994	37.80066388	-122.24707472
539356	37.8560029463	-122.2595975458
797211	37.85503774	-122.27247107
85450	37.7274438333	-122.1690902333
416366	37.7195516833	-122.1525520167
572891	37.7825699513	-122.4097001553
448718	37.7830042	-122.4096949167
235673	37.77849215	-122.24246776
584019	37.7817312167	-122.2431389667
517431	37.775531678	-122.2383606434
163731	37.75134705	-122.4358670333
305990	37.7591616833	-122.4363295167
575533	37.7602184333	-122.44617135
148093	37.8473414483	-122.2958564758
132716	37.8605142429	-122.2666740417
711328	37.7786746667	-122.2283965167
482318	37.7867227333	-122.2376652833
689826	37.78873801	-122.23708987
320520	37.75325155	-122.2385934333
172461	37.8908605167	-122.2990951333
142423	37.7754091667	-122.2246003667
218953	37.7811604333	-122.239084
442869	37.78137075	-122.2436830167
148367	37.785652207	-122.4348554161
110656	37.7767019434	-122.2264623642
254889	37.78107374	-122.23029971
49480	37.7827569833	-122.2341780667
52942	37.7765084333	-122.2235636167
195522	37.8666479167	-122.2671826
207006	37.7766293667	-122.2505646667
206023	38.0209489667	-122.26125265
206663	37.83858311	-122.29571259
1188239	37.7696546305	-122.4469721317
306095	37.7697454251	-122.4485867869
237072	37.7738016865	-122.4458241463
40046	37.7718822167	-122.4304976167
1036287	37.7893052157	-122.4151992483
297145	37.7659830667	-122.44995025
172741	37.7971043	-122.4219555
600805	37.7716877167	-122.4326617833
678412	37.7801828333	-122.39693305
92650	37.7846510388	-122.4064253888
286210	37.7639971333	-122.4691958
183423	37.7404988833	-122.4663029
1193785	37.738945133	-122.467847917
162300	37.77230085	-122.4298364833
113498	37.7850884167	-122.4308320667
1055924	37.7672440333	-122.4112794667
61375	37.7628636333	-122.4196243167
68765	37.7649121667	-122.43221215
117118	37.7909631904	-122.4207645423
107149	37.7809756	-122.4208258667
565999	37.7791976333	-122.5127690333
280601	37.7880041189	-122.4050663365
55186	37.77179125	-122.43310775
47917	37.7710951833	-122.43188195
270556	37.7444169	-122.4326284667
144885	37.77871805	-122.40598094
1497897	37.7821701765	-122.3926359415
447858	37.77588365	-122.4381649667
1392551	37.75131093	-122.434400085
109314	37.7842842685	-122.4080484502
819781	37.69278825	-122.0874976
47164	37.78287965	-122.4671737
452336	37.7640671955	-122.4644431264
522125	37.7695492	-122.4507684167
63349	37.7598060333	-122.3959224667
244532	37.7864572884	-122.4147675886
1570815	37.771982183	-122.431203916
441032	37.7700035333	-122.4476795333
164935	37.7410126667	-122.4227199333
642214	37.7425193207	-122.489744485
56956	37.7699664167	-122.44747255
119248	37.7417602667	-122.4225722667
1145717	37.748762	-122.421922
113473	37.7851286	-122.4308437833
233678	37.78690695	-122.4100327333
54472	37.77207815	-122.4299919833
1285306	37.7781648286	-122.4093446714
1171039	37.778182	-122.409127
851697	37.752274	-122.4207833833
200910	37.7487067	-122.4200722333
664709	37.7486165833	-122.42246075
1240893	37.7695798874	-122.4296665192
766303	37.78498655	-122.43045615
172363	37.7487207452	-122.4215018749
689771	37.7438246	-122.42271298
718173	37.7587558387	-122.4303746223
1187345	37.8736467	-122.2544752167
242104	37.7616433549	-122.4194024766
1145572	37.7521979	-122.4192417667
1163973	37.7470603333	-122.4368985
226704	37.7884544509	-122.402586937
236026	37.7788894667	-122.4083774833
1124220	37.78174955	-122.4100407
943316	37.7783062626	-122.4095309413
184309	37.7801911962	-122.4121653846
30198	37.7940827071	-122.4162870996
33230	37.7929333333	-122.4161851
332000	37.7932308049	-122.4178540329
92669	37.7846510388	-122.4064253888
274431	37.78447759	-122.40657186
38779	37.7799450833	-122.4143012
111772	37.7820008	-122.4180991833
92053	37.78104	-122.416945
259795	37.7865333833	-122.4134186333
604325	37.7822844338	-122.4533218854
536800	37.7817065333	-122.4524580167
194342	37.7816982	-122.4516390167
457065	37.78203675	-122.4533606667
651932	37.7570862833	-122.4209819167
731480	37.7801411667	-122.39215865
738641	37.7808674512	-122.3964678534
636763	37.7820259	-122.45337115
90035	37.7821993168	-122.4498595049
215830	37.78171285	-122.4539177
348958	37.7814275667	-122.4508711333
215824	37.7817180333	-122.4539367333
215835	37.7817054667	-122.4543972
88603	37.7818599333	-122.4510375667
49468	37.7815857833	-122.4513035
444081	37.7816877833	-122.4529568333
170313	37.782099	-122.4517925833
715254	37.7857409075	-122.3934200936
247427	37.7874751466	-122.3941138387
424923	37.7874678833	-122.3942056167
779437	37.7870808776	-122.3944544792
122189	37.7867882	-122.39417805
590009	37.7589127167	-122.4182816667
885340	37.7874203986	-122.4527147442
916972	37.7865012971	-122.4524246796
348756	37.7860871833	-122.4538649167
830149	37.7808542333	-122.3947920167
794500	37.7799566833	-122.3959200333
701677	37.7805518161	-122.3978447914
854993	37.77987444	-122.39452737
709809	37.77941989	-122.39600187
646579	37.77940404	-122.39599984
681971	37.7820271318	-122.39225762
227208	37.78835755	-122.39398205
774284	37.78806763	-122.394225
352997	37.7879000248	-122.4494361103
225376	37.7878533926	-122.4496974619
505650	37.78861987	-122.45146656
787263	37.6422481333	-122.4254131667
506250	37.6434108	-122.4230152167
398304	37.6431344167	-122.4233035667
383008	37.6424035667	-122.4227608833
25985	37.6413883618	-122.4239104986
161423	37.6410421667	-122.42331875
388026	37.6404705	-122.42266362
188569	37.640382	-122.4226550167
569492	37.64081859	-122.42084419
573813	37.6394488667	-122.42090245
133378	37.6397030833	-122.4208140333
755696	37.63933265	-122.4212250667
765541	37.6387904667	-122.4209895167
215844	37.7815232167	-122.4567551667
49950	37.7872629512	-122.3927851107
736643	37.7833894546	-122.3994995437
215856	37.7811323333	-122.4602837667
361311	37.78098046	-122.46003466
154520	37.7810287476	-122.4588394165
703532	37.781394	-122.46011495
282203	37.7812509809	-122.4595155803
158238	37.7812557685	-122.4593410166
705942	37.78197652	-122.45921915
502443	37.7815986333	-122.4588642167
50020	37.7855461761	-122.3955488205
600086	37.78680805	-122.3962617667
636479	37.77959299	-122.45509022
577643	37.7796188474	-122.3934522991
96633	37.7829262063	-122.4576815936
329932	37.78608695	-122.4549003667
261512	37.7883840167	-122.44657955
262923	37.7815679875	-122.461120113
123858	37.7657236172	-122.4569231272
123674	37.7841839333	-122.4457904667
514319	37.7769478663	-122.4486994743
511198	37.7766421667	-122.4506175667
568898	37.7767713272	-122.453009958
335186	37.78947734	-122.45106816
117287	37.7662706639	-122.4528515339
15779	37.770543471	-122.4505362192
221381	37.781711	-122.4667248
232587	37.78166725	-122.46118545
645520	37.78868595	-122.4507160667
650923	37.7793193519	-122.4546523817
595003	37.77950984	-122.45515322
45943	37.7815878356	-122.4487057901
607642	37.7813536678	-122.4570995628
617494	37.7814553333	-122.45615025
547403	37.78074753	-122.46036583
53004	37.7810257	-122.4603525167
546400	37.62023045	-122.3867388
144055	37.6650806833	-122.46924235
607664	37.6680428171	-122.4771523476
286751	37.6722722944	-122.4736064266
459200	37.6676133833	-122.46755595
20380	37.6659079667	-122.4691708167
119388	37.6696610167	-122.46767765
396815	37.6720936351	-122.471780121
144136	37.6665904833	-122.4685781333
525779	37.6720064	-122.47166635
404727	37.6718373	-122.4709911
61445	37.6717124333	-122.4731111
144077	37.6667597	-122.4689741667
589327	37.6715561	-122.4718668167
144101	37.6671669833	-122.4689450333
86109	37.6676018145	-122.4686692347
261370	37.6691256113	-122.4750441313
58249	37.6711510311	-122.4702107906
403768	37.67129403	-122.47151291
125889	37.66750585	-122.4690235667
125878	37.6675938667	-122.4690934167
101022	37.66984565	-122.4692760167
157965	37.66778999	-122.47463756
547567	37.66808735	-122.4690864833
336925	37.6688375167	-122.4690275
95525	37.66857975	-122.4700329167
549095	37.7846214096	-122.4064327507
501506	37.7845618642	-122.4064388274
521960	37.7877664528	-122.3971343083
458323	37.78474325	-122.3963352
72954	37.788672884	-122.3929281608
233191	37.7877962208	-122.3970955765
539926	37.7875900269	-122.3972473145
534995	37.7835169338	-122.3940687685
40581	37.7873994667	-122.3990303333
644470	37.78739215	-122.3987735
453906	37.7868213	-122.39867836
546739	37.7865962462	-122.3973903772
116204	37.7863546667	-122.39735295
96624	37.7850508667	-122.3958921333
93281	37.7850543865	-122.3956346512
94149	37.7850628657	-122.3956131935
94146	37.7851052614	-122.395581007
94123	37.7851137406	-122.3956990242
116195	37.78595145	-122.3969652
526733	37.7859720023	-122.396925953
376168	37.7860292167	-122.3966671667
445433	37.7920255224	-122.4303893958
573355	37.7840165556	-122.4199635048
355422	37.7857144548	-122.4208568871
582990	37.7861269606	-122.4213191959
487593	37.7840919669	-122.4210431848
574995	37.7863972659	-122.4216866382
117124	37.7837126006	-122.4177276639
123922	37.7842936341	-122.418070947
205988	37.7842658205	-122.4178111553
386213	37.7855148651	-122.4152906479
244655	37.7859954956	-122.4184188132
331861	37.7845151167	-122.4180471167
476026	37.7864104168	-122.416455392
391469	37.78591734	-122.41808307
519625	37.78593099	-122.41801387
44431	37.7859584667	-122.41770495
243275	37.7858988816	-122.4163780181
165270	37.7812217074	-122.4554908276
408797	37.7866105833	-122.4514603833
200066	37.7866712166	-122.4515384028
501170	37.7867344833	-122.45163405
90289	37.7869392833	-122.45165745
261116	37.7871177	-122.4537851333
129506	37.7866033167	-122.4507331833
304253	37.78702145	-122.45020115
359460	37.78511232	-122.44986629
188445	37.7867974333	-122.450284
464572	37.7820912167	-122.4493994167
284911	37.7784022667	-122.4581698333
419512	37.77714526	-122.45697915
479154	37.77718405	-122.4543304667
507167	37.7810459167	-122.4563523167
298250	37.7865222167	-122.4506308833
162656	37.78215565	-122.4492772167
479592	37.7816476167	-122.4466002167
100989	37.7819006667	-122.4453712333
104122	37.7822417667	-122.4455520833
104353	37.7832256796	-122.4410977695
337245	37.78379446	-122.43946629
129434	37.7835574833	-122.43932245
101870	37.7839777	-122.4342694
101853	37.78399385	-122.4342609833
101864	37.7839886167	-122.4342231833
111875	37.7845561318	-122.431696663
398174	37.7849019	-122.4302085
403985	37.7850459073	-122.4292373657
464317	37.8057013546	-122.4203714713
459369	37.80490744	-122.42264539
151246	37.8050285841	-122.4229502678
25029	37.7955881506	-122.4165945359
184680	37.7873473836	-122.4183550823
197687	37.7954406738	-122.4164810181
33175	37.7944951	-122.4178727
64662	37.7946261167	-122.4182231333
33605	37.7946839667	-122.4182807667
153333	37.7877507097	-122.4005806446
364043	37.7804161412	-122.3905706406
132274	37.7833594167	-122.3939201667
132268	37.78339485	-122.3942670833
337475	37.783347511	-122.394262479
341469	37.779866	-122.396685
330714	37.7821594667	-122.3916738167
215272	37.8356296167	-122.2936438167
101615	37.8365426333	-122.2921743667
215775	37.8363543177	-122.2923909786
280218	37.9748409502	-122.561745904
197326	37.9745471	-122.5623453667
397144	37.97377655	-122.56349285
109169	37.9732144	-122.5621811333
80218	37.7795812486	-122.3918029875
218280	37.779750527	-122.391657234
115241	37.7838584	-122.3947536333
128663	37.7836198941	-122.3941577561
115238	37.78300165	-122.39481925
95458	37.7837980833	-122.3955165167
42011	37.7892705667	-122.4003288833
27221	37.78832265	-122.3998713833
225493	37.7879948504	-122.3998800328
264896	37.7878100617	-122.4029839039
166263	37.7879989723	-122.4032764171
154763	37.7886204667	-122.40237705
58499	37.7864449554	-122.3990249634
326231	37.7873904	-122.39827305
116212	37.786605	-122.3983750333
54170	37.7867581157	-122.39836653
39875	37.7868258833	-122.3984677833
187145	37.7824958833	-122.3880776
184331	37.7272717911	-122.476336956
291331	37.7276199627	-122.4756382031
195635	37.7880377582	-122.3996970984
26732	37.7873273152	-122.3976098645
50231	37.7870893565	-122.3976302147
34710	37.7877203	-122.39902585
116295	37.7862993333	-122.3989483167
197678	37.7819806208	-122.4861983576
126085	37.788556196	-122.4008059502
299574	37.7824918167	-122.3877065833
178427	37.7663695333	-122.40769295
226902	37.7682892833	-122.4075668167
244051	37.7669667882	-122.4071889056
226919	37.7683548333	-122.4078807833
192484	37.7669372559	-122.4077377319
238140	37.7556204	-122.4194160167
248137	37.7555207567	-122.4210815898
114225	37.7820381833	-122.3980184333
59012	37.8394196959	-122.2823381424
243088	37.84520925	-122.28683285
164433	37.8312953667	-122.28551945
63496	37.8303068656	-122.2875963669
95597	37.83742515	-122.2865166
164200	37.8383926333	-122.3015148833
225234	37.8421547667	-122.2913955
61822	37.8357847248	-122.293356657
88892	37.83904465	-122.2929140167
82602	37.7891555042	-122.3952239039
208685	37.7897972636	-122.3950003088
40702	37.7647089833	-122.4227786
810028	37.7952417	-122.4078553
486461	37.5648568167	-122.3219989
892781	37.9728973167	-122.526963
243393	37.9627836751	-122.5124716759
47153	37.7807547333	-122.4734981833
526359	37.9065110765	-122.5460906764
101809	37.8972073667	-122.53686715
55625	37.9065824984	-122.5478907925
373879	37.9051192833	-122.5527766
602058	37.8985408076	-122.514393746
113976	37.8990816333	-122.5386109
43529	37.9040674167	-122.5419574167
409111	37.79333734	-122.42117685
43149	37.7374816064	-122.1950402856
207285	37.7941817281	-122.4179536662
154694	37.7875726537	-122.4202573299
230051	37.7764143	-122.4025990833
158517	37.7908454249	-122.4201393127
930718	37.75138503	-122.43366318
762776	37.78371953	-122.39384329
768115	37.7897940842	-122.4073880911
1265648	37.797222	-122.432503
243144	37.7774510992	-122.4382883359
803853	37.7998673142	-122.4410014877
175049	37.78735955	-122.3099057333
1088760	37.7862308604	-122.4301600456
248736	37.55108735	-122.3164532833
774387	37.7943129015	-122.4014603619
19794	37.7664023833	-122.4105815333
58459	37.8130419833	-122.2468153833
92771	37.750921	-122.4164071667
415179	37.8655147409	-122.2680120871
988874	37.7858225667	-122.3933348
109991	37.7869234	-122.4286033833
812314	37.7142859333	-122.5024116333
812027	37.7818073167	-122.40299145
611114	37.7764984203	-122.3920512199
123156	37.89636105	-122.4894996333
129094	37.5780823167	-122.3450125
266093	37.55735665	-122.2756684667
156328	37.5787833112	-122.3458957672
143170	37.5734944667	-122.3476137667
138550	37.57887545	-122.34601235
39685	37.5780541288	-122.3477759448
67261	37.5661275727	-122.3257399891
575554	37.80042105	-122.40950626
158085	37.7802143167	-122.4117429667
973111	37.79862177	-122.4083172
147899	37.7803572167	-122.4799191
157387	37.7610934333	-122.4307787833
142666	37.7826162272	-122.3988562115
4353383	37.77919339	-122.39319306
2962735	37.799868143	-122.401395157
508098	37.7872137805	-122.4099563026
111802	37.7543098167	-122.3933653833
1726680	37.771342718	-122.414176458
420538	37.7921002314	-122.3981451988
92081	37.7891625833	-122.4014605667
160552	37.7518886167	-122.4275757667
1469941	37.75952335	-122.405021317
1440901	37.772015685	-122.410806698
320224	37.5910702	-122.4875115667
1389264	37.805621833	-122.444862317
40953	37.80104935	-122.4110514833
760529	37.76460379	-122.43262261
354495	37.76952445	-122.4513587333
1290947	37.788357467	-122.445616338
1273313	37.761263383	-122.429676883
1225375	37.85714975	-122.478816067
677549	37.7884247752	-122.3986655474
1154610	37.7628172029	-122.409937097
1100776	37.7882327445	-122.4024063732
182031	37.7919640833	-122.4092806667
352823	37.7720383	-122.4110819
75473	37.7899897333	-122.4000182833
811842	37.7677482395	-122.421198939
378509	37.78346805	-122.4326771167
755830	37.76454997	-122.42716461
279724	37.7815205719	-122.4323464359
505997	37.78194206	-122.41770392
475477	37.7824490333	-122.41767015
269606	37.78855395	-122.4350903
41062	37.7554986118	-122.4179184437
361689	37.75678586	-122.41298836
480115	37.7582129775	-122.4213624001
325235	37.7261671167	-122.4496065833
172968	37.7612891667	-122.4285832167
315822	37.7837777333	-122.4328327
315917	37.7824785667	-122.4326828833
113384	37.7956135789	-122.4035843748
170504	37.5653368833	-122.3228119833
253684	37.5655853	-122.3234659
40102	37.5650891079	-122.3230089
359101	37.5650048803	-122.3234788496
221517	37.5651164074	-122.3233232245
380959	37.5655667667	-122.3238453167
519142	37.5664332333	-122.3247823
170651	37.5665861167	-122.3246999
170649	37.56650795	-122.32478545
133482	37.5661471242	-122.3237943649
390388	37.77281955	-122.4098088167
435342	37.7778649167	-122.4035890833
529155	37.7734023333	-122.4122865167
366861	37.7716024812	-122.4141214572
61313	37.7712124333	-122.4154106333
386116	37.77103225	-122.4149684667
259541	37.7678089333	-122.4150853333
467930	37.7825445129	-122.3972010612
187702	37.7613603788	-122.4283970645
354959	37.78832315	-122.4337434667
286491	37.7885148949	-122.4337873626
403208	37.78854143	-122.43376332
332177	37.7617664525	-122.4207276637
491145	37.7902007709	-122.3923640372
395220	37.7647471923	-122.4195411801
203798	37.865206747	-122.263251543
447731	37.7653278724	-122.4150805474
356295	37.7638336166	-122.4151999935
376240	37.7898958275	-122.4007308483
383018	37.7905910696	-122.4003124237
470071	37.7962036355	-122.4049489253
148350	37.7970126162	-122.4054220548
57630	37.7971297353	-122.4013587325
157682	37.759370446	-122.4349124239
306313	37.7594691167	-122.4348932833
72023	37.7594984625	-122.4348951556
191031	37.7946531888	-122.3957155039
99700	37.7954830338	-122.4028953508
34614	37.7974940833	-122.4017543333
253048	37.8048116267	-122.4265643027
310537	37.8017108616	-122.4258296771
305880	37.8004677347	-122.4260605837
62364	37.7978058318	-122.4372407841
53360	37.7925517022	-122.4346876144
101858	37.7839680333	-122.4342582
216001	37.7781651667	-122.43370555
326857	37.7744573333	-122.4207142667
182693	37.7891314235	-122.4020549413
317294	37.70987433	-122.39609712
276695	37.7078431833	-122.3948515167
77175	37.77682665	-122.40770195
242472	37.7422476848	-122.4231648445
164701	37.7438830667	-122.4242826667
120031	37.7904595333	-122.4211558833
45308	37.76324215	-122.4196628
139183	37.7610544724	-122.4304282665
218677	37.9629507348	-122.554756701
62284	37.8978759833	-122.515107
399011	37.8684285	-122.5020088333
398470	37.7611758956	-122.4335563392
377012	37.7809143	-122.4026698
191161	37.7714361	-122.4149708333
237336	37.58763195	-122.36230595
165217	37.7694211	-122.4162391
378500	37.7824872	-122.4324395333
101898	37.7832901333	-122.4326708
211331	37.7713423153	-122.4238085747
160034	37.7511992667	-122.4317150667
160202	37.7514036833	-122.4345709333
192006	37.75118654	-122.43291127
47738	37.7515588	-122.4322215333
47739	37.7515662333	-122.4322091833
170833	37.7516962117	-122.4324560165
188678	37.75740742	-122.42366462
305112	37.7584180333	-122.4232111
171377	37.7692235833	-122.4505841167
160521	37.7517634	-122.4265729
336085	37.7936658167	-122.3991439833
152734	37.7759366089	-122.4180042744
161168	37.7692396333	-122.4291693
161159	37.7685634333	-122.4291176
38796	37.7689510667	-122.42920115
314850	37.8571775954	-122.4800581635
90566	37.7723006317	-122.4298596382
158272	37.7721059493	-122.4308305394
281765	37.7553425833	-122.4394117833
237162	37.7525079031	-122.4126061092
161738	37.7632475667	-122.42393665
164904	37.7403825833	-122.4236864667
178620	37.5482094667	-122.3157997167
160019	37.7648397167	-122.4040662833
529752	37.5671466167	-122.3246624333
144891	37.5559308381	-122.2935835211
117171	37.7022554	-122.4709829
657771	37.7636068667	-122.4662011333
802090	37.7340476833	-122.48914815
757002	37.7015972222	-122.4832638889
1855560	37.715143813	-122.384110222
1414625	37.786458732	-122.393557722
33238	37.7642111054	-122.4627887446
830803	37.7966778268	-122.4038396853
454105	37.7017699729	-122.4823838993
1135799	37.6778123833	-122.46898965
1047501	37.7829353	-122.46583245
231602	37.76152685	-122.4096363833
164438	37.74715505	-122.4271311833
378693	37.6736755667	-122.4664685833
47816	37.9727473793	-122.5236403942
1109945	37.7754737667	-122.4160819833
1214576	37.9362911833	-122.5356581167
55836	37.7634006333	-122.4817491167
15442	37.5632321833	-122.25008725
314664	37.9276409	-122.5168851833
361049	37.9275524054	-122.516236683
252699	37.9282758	-122.5140579667
156098	37.6972967167	-122.4629324333
947740	37.7816934167	-122.3962578
303861	37.792863279	-122.3941218853
127700	37.69725655	-122.4637966333
483204	37.7532748338	-122.4976529104
404123	37.8471389	-122.2521243667
144208	37.6636350833	-122.4687297
315482	37.6995570833	-122.4824692333
25254	37.83790715	-122.3078918667
458631	37.7872736293	-122.3883081321
759245	37.7799318845	-122.4040474904
868607	37.8014510333	-122.43677265
293808	37.9064511833	-122.5468842333
66547	37.7871826247	-122.4051082134
61717	37.7721458833	-122.43058795
362065	37.77209555	-122.4322004667
1161482	37.5447462333	-122.3025357333
183248	37.73664885	-122.4704274667
574785	37.7385713833	-122.44948795
1008332	37.747887	-122.462973
553657	37.7370322167	-122.4658337333
480576	37.78797505	-122.4493665167
183384	37.7419829167	-122.465332
34967	37.8020870528	-122.4331212044
107501	37.7432229834	-122.4739383144
446328	37.7998657227	-122.4410018921
435511	37.79989677	-122.44078153
64064	37.8679047167	-122.3000030667
160078	37.7512693801	-122.4330909051
16984	37.75033045	-122.4339611833
998012	37.7889559514	-122.4333925693
164463	37.74659675	-122.4270757
35109	37.7740064167	-122.4176119833
164458	37.7466637167	-122.4270047333
162646	37.7459434225	-122.4298225183
164771	37.7441298667	-122.4213299833
571188	37.78932774	-122.41720706
352926	37.7903754833	-122.4284035167
39089	37.7441683	-122.4212281833
161095	37.7671035167	-122.4292107667
161099	37.7669787667	-122.4295151333
161104	37.7669915167	-122.429564
61800	37.7555154558	-122.4210957748
26693	37.7885928167	-122.4204045
35039	37.8701627167	-122.2845911833
25003	37.7752609253	-122.4104309082
11148	37.6495993	-122.4927735167
1517914	37.59652262	-122.50281924
33838	37.5621531667	-122.3251883667
265908	37.5949109333	-122.50423335
852497	37.54402515	-122.3051694833
45631	37.7660139753	-122.4034114383
131030	37.56173405	-122.32440695
1278693	37.5791312667	-122.3440114
513846	37.5947543167	-122.5065153167
166667	37.5952409648	-122.5036937931
977944	37.5668160333	-122.32228085
519597	37.5388968493	-122.3004462239
609513	37.60697245	-122.37899714
309138	37.5958137667	-122.5036991667
11144	37.6349759	-122.4919795833
262589	37.6167895667	-122.3856933333
231724	37.79113858	-122.40415614
170518	37.7635628858	-122.477322519
11639	37.5436091333	-122.3075938167
326987	37.77564865	-122.40288615
986646	37.8270886333	-122.4888179667
297666	37.5347595215	-122.2952651978
894154	37.5434396667	-122.3083174167
382146	37.54475125	-122.2848892333
795061	37.5435831167	-122.3073085
628900	37.7429184271	-122.4808247356
633083	37.78888758	-122.3987495903
144827	37.7637915	-122.4784562667
45632	37.7946844536	-122.4015788577
31863	37.7879459085	-122.3998737274
160158	37.7508601833	-122.4340828833
874360	37.77026844	-122.40469408
62687	37.75117725	-122.43631515
725485	37.8589396188	-122.4852775398
39770	37.7515768695	-122.4292720453
160463	37.7516071667	-122.42927995
160120	37.7512448667	-122.4340016
39332	37.7511660333	-122.4341883333
160602	37.7515872833	-122.4291100333
160612	37.75159505	-122.4297430167
164660	37.7428940833	-122.4267158667
117062	37.7665980388	-122.4333170784
538904	37.7976498167	-122.3968319833
175502	37.78951174	-122.41896808
949763	37.7878711755	-122.4404647899
3838869	37.561228562	-122.271093541
745532	37.771647621	-122.4188089371
520308	37.7636078167	-122.479881
106666	37.9055942067	-122.5477601458
156380	37.7458459234	-122.4202677275
152645	37.7974485599	-122.4327418588
93363	37.8210162667	-122.2665091333
86599	37.7886351959	-122.4204816566
185529	37.6206561698	-122.3889827728
177874	37.7511742167	-122.4363531167
124806	37.7599687167	-122.4228812833
628221	37.7512279366	-122.4182672061
69982	37.5670177497	-122.3240197084
220493	37.5617783833	-122.3460089667
518654	37.7821929167	-122.4688988667
32317	37.5642938833	-122.3234651167
340957	37.5791152667	-122.3474695167
281228	37.7766510626	-122.4249458313
667095	37.8586423624	-122.2926380001
1213346	37.741509317	-122.422884733
4307111	37.79396378	-122.4255672
42534	37.868130477	-122.2930850162
1343809	37.80099821	-122.43657726
1492057	37.79769676	-122.43076503
444138	37.8045299109	-122.4134801494
440831	37.8610443333	-122.2893402167
469645	37.773354623	-122.4507906645
786087	37.79286658	-122.39977836
688001	37.7988603667	-122.41892015
949961	37.7989210453	-122.4085351173
64059	37.7758528598	-122.4463175876
502795	37.760537074	-122.3886394501
611289	37.78049015	-122.46185499
51959	37.8273681333	-122.2507249
1072804	37.8044180055	-122.2719478121
1010199	37.8352494833	-122.2515559167
748195	37.8032888667	-122.2749974
41758	37.79214265	-122.3930070333
69928	37.7908055	-122.3952821833
931411	37.8256494	-122.2751374
224589	37.7914744106	-122.392586871
867777	37.8380456167	-122.2514034333
522061	37.7924736333	-122.42123635
747670	37.80918127	-122.41342467
262598	37.8328517833	-122.2530029833
83015	37.8693835167	-122.2897978667
745856	37.76698356	-122.4634056
728707	37.8461013	-122.25173205
715137	37.8114518796	-122.2655732364
35708	37.79422535	-122.4216597167
690008	37.8009756	-122.2750618
668009	37.79292112	-122.39603108
75708	37.7991483667	-122.2708891167
567063	37.8232862034	-122.207755734
518051	37.6511674	-122.4686461
409943	37.7924345373	-122.3936366841
422847	37.80097515	-122.2746635817
340448	37.7929937094	-122.3935365004
83497	37.8053790667	-122.2673846
279985	37.7897131163	-122.4038166557
77047	37.793914576	-122.3989605904
42156	37.8007050833	-122.27411605
2241078	37.763780089	-122.238535626
233099	37.7644471591	-122.2284793854
360727	37.7596473333	-122.23878155
1497726	37.759268383	-122.230764567
908084	37.7561891167	-122.2336554833
1126875	37.7561387167	-122.2333880333
1267424	37.75830245	-122.2301897
139934	37.7559841333	-122.2319461333
1218164	37.757961133	-122.230163767
629594	37.8056451541	-122.2742979068
230528	37.8034894	-122.2749712833
534061	37.80396335	-122.2700001167
1483158	37.8035855111	-122.2701469778
3567847	37.803879565	-122.270171282
365061	37.80362885	-122.27028015
1018683	37.80582995	-122.2717594333
171433	37.8032682964	-122.2705542344
188814	37.8032150269	-122.2707443237
157225	37.8027648969	-122.2720947151
195893	37.8027821803	-122.2726607323
1078966	37.803158	-122.270946
329790	37.8034445488	-122.2707428967
230668	37.8025869797	-122.2722614513
131751	37.8052204	-122.2715694167
131714	37.8037943833	-122.2706554333
583651	37.8049861997	-122.2740662098
224219	37.8032085833	-122.2707192
131760	37.8053711667	-122.2716192833
1175145	37.8041039466	-122.2707769613
3909268	37.80302518	-122.2715438
92048	37.8047126079	-122.2710251337
409568	37.8053093909	-122.2719555034
633390	37.8043662161	-122.2709573482
2057903	37.804605381	-122.273609597
646449	37.8034749188	-122.271567309
1392670	37.80415141	-122.27131897
826098	37.8046885418	-122.2715560444
903849	37.8043198586	-122.2735834122
854168	37.80453103	-122.27158963
1094822	37.804287672	-122.2735190392
1564620	37.80359745	-122.27172881
132079	37.8042221833	-122.2726980333
696247	37.8036067762	-122.2719851932
209941	37.8034903667	-122.2722891833
179045	37.80384804	-122.2718880057
1099207	37.8043305874	-122.2718560696
935273	37.8042769432	-122.2729772329
837086	37.8037834167	-122.2722530365
730893	37.80401402	-122.27272233
696347	37.80480205	-122.27263735
739028	37.80395935	-122.27248015
1072023	37.8040355444	-122.2726875544
319586	37.75201115	-122.2365377167
733128	37.7613137167	-122.2314436833
1388585	37.761253827	-122.231230272
3864320	37.756609018	-122.233976947
627608	37.7578612167	-122.2336214
794962	37.7585396806	-122.2316122454
325865	37.7983418	-122.40002275
1040719	37.8695024333	-122.42603015
345474	37.8707446386	-122.5037614744
466343	37.78606897	-122.43582618
589891	37.7856020667	-122.4854467333
101356	37.8599499111	-122.4863401237
442142	37.78260463	-122.4808554
444134	37.7856409	-122.48617785
440254	37.7876404667	-122.4337337167
428013	37.78224313	-122.49069231
129784	37.8182387	-122.2454757
1073099	37.7640602029	-122.4022600257
3990646	37.782823433	-122.468128583
1050354	37.55181975	-122.5125081833
354023	37.8055286072	-122.443903173
714911	37.5770203	-122.3265765833
795192	37.797706333	-122.4081863487
2519390	37.5790930167	-122.3696897833
1218284	37.5894212167	-122.36987245
1042317	37.5637525833	-122.2764732333
530840	37.8401654167	-122.2979895833
150741	37.5641014167	-122.3222802833
795082	37.57968055	-122.3678178333
229780	37.9163239167	-122.59376975
195838	37.7906021709	-122.4205583608
971375	37.7450579667	-122.4205030648
166414	37.7632412833	-122.4347899167
680556	37.7869135419	-122.3988145529
533988	37.5673634167	-122.3253751333
617769	37.5670740775	-122.325553894
549917	37.8339897833	-122.4743190333
151377	37.56765245	-122.3250735167
320683	37.8020781502	-122.2695618397
299363	37.74609235	-122.4022604667
420232	37.7624747167	-122.4658648
521739	37.7650354823	-122.4604359998
336700	37.7640998	-122.464153
447971	37.7637321162	-122.4739663881
174663	37.7584941167	-122.46335735
18202	37.7641027167	-122.4644968833
22743	37.7893349833	-122.30674315
560284	37.7868196333	-122.2992893833
159988	37.7744409	-122.3672234833
1474596	37.7945283864	-122.3931577717
213884	37.76403805	-122.4648107333
219044	37.7643043	-122.4659517333
4005803	37.785534999	-122.430865004
857534	37.7566397667	-122.4632738
857521	37.7571829833	-122.46326195
3921729	37.779262855	-122.418196812
3864992	37.76345857	-122.482275265
91747	37.7823910793	-122.4484543424
3473335	37.781772003	-122.410487396
31553	37.7807068667	-122.4153721667
535247	37.7641605109	-122.4632670316
1576351	37.736504628	-122.484463751
132067	37.7395497021	-122.4189215899
1773415	37.739257533	-122.418009467
809746	37.7947468167	-122.39282765
172448	37.7827103543	-122.466633379
1267818	37.7670411	-122.464511
575411	37.764118	-122.46558705
1538346	37.734223854	-122.483867411
293737	37.7636851413	-122.4743599478
180523	37.7623833079	-122.4661895008
1231361	37.7695862	-122.462690217
1886144	37.774611565	-122.4202895164
705565	37.73135519	-122.47930938
1214865	37.720959033	-122.475515833
213906	37.7624965667	-122.46262875
1070258	37.7713601887	-122.4115611684
765378	37.7751142167	-122.4255956333
628741	37.8207078667	-122.3657833167
1309939	37.71081548	-122.13304251
105928	37.6912679667	-122.0759480333
73820	37.7440924639	-122.1442872126
887102	37.7641303667	-122.46454985
1418332	37.76707249	-122.46662336
170065	37.7640761011	-122.4653036117
900566	37.76426655	-122.4636373
572880	37.7820103059	-122.4102580547
862182	37.7640196819	-122.4663654734
409991	37.7640830833	-122.4672721167
1408002	37.76394955	-122.464476333
791789	37.7954711773	-122.3941879228
243518	37.7821879	-122.4799644
1088284	37.855958079	-122.479544505
1096792	37.8873067667	-122.5083356833
1156556	37.81110954	-122.47628104
224633	37.762961	-122.4645478667
1073180	37.7609696532	-122.4161481857
32556	37.7597063349	-122.3908265789
937327	37.7515554428	-122.4183422327
1121410	37.7650136837	-122.4664059457
213246	37.76417555	-122.4664156
972566	37.8226498865	-122.2879815102
864820	37.77275896	-122.40682232
1085588	37.75793365	-122.42795375
997134	37.7644214	-122.4622026167
526528	37.7729864313	-122.4390004462
1274035	37.7806260133	-122.4689984322
49028	37.7750823833	-122.4522988833
1008672	37.7738499833	-122.4222606667
520207	37.7714589253	-122.4235349894
686169	37.7799829833	-122.39844575
139369	37.76441005	-122.4632088
281340	37.7617042408	-122.4651217212
466437	37.7515821	-122.4612043167
623025	37.767134	-122.4669599667
754935	37.7659151636	-122.4657937682
970676	37.77073555	-122.468175
757552	37.7637148	-122.4659958833
930670	37.7893701522	-122.4000012875
287949	37.7621899333	-122.46620805
69866	37.7640951751	-122.4633765221
759639	37.7981731333	-122.4274339333
881039	37.77351875	-122.4265829
300248	37.7753372192	-122.4198913574
1163976	37.82201588	-122.28845959
949724	37.78789633	-122.42014223
270638	37.7639760954	-122.4665167543
237648	37.7639382833	-122.4665153833
42233	37.7530620333	-122.5046457833
175059	37.7458546167	-122.4518056667
1087458	37.73947471	-122.4665364
248933	37.7885413582	-122.398724556
361484	37.782817	-122.466058
452559	37.7825522167	-122.4654566
683704	37.7821253667	-122.44763155
1047247	37.7653466167	-122.46645275
1126408	37.77118	-122.4583347
821300	37.7710499167	-122.4585544667
1126406	37.7711787833	-122.4583485667
58232	37.7898864562	-122.3996069918
1063831	37.7843616208	-122.4079467337
1123046	37.76411105	-122.4673681833
741059	37.7885485827	-122.4010976518
472963	37.77403105	-122.43719485
161504	37.7658623833	-122.4496627833
544142	37.762249142	-122.4662689939
948269	37.7621571126	-122.465275526
66067	37.7640208	-122.4585998333
491558	37.76320825	-122.4586999667
657320	37.77256619	-122.40996342
588638	37.6570057	-122.40952125
846380	37.7901050167	-122.4472296333
625641	37.7836325833	-122.4458601
70768	37.7650391833	-122.4497602833
202626	37.7644859833	-122.4527740167
570725	37.7733776628	-122.4212497473
857649	37.786364377	-122.4233044904
354810	37.78048354	-122.42855352
491707	37.76079356	-122.4619224
843579	37.7602571684	-122.461348772
139374	37.7865135	-122.43600273
683539	37.7875718167	-122.4421200667
758550	37.76186535	-122.4709356833
70051	37.7639728333	-122.4706202167
161511	37.7660875	-122.4500638667
147449	37.7757296333	-122.4240731667
706777	37.7763841833	-122.42334835
211109	37.9854814667	-122.5899107333
1042239	37.9861960833	-122.58970105
218692	37.9627413814	-122.5561246276
332229	37.770273113	-122.4298542371
928666	37.7695047833	-122.43464315
84965	37.76455285	-122.45253995
202298	37.7653589667	-122.4601926167
47159	37.7809279333	-122.46953855
1024977	37.76999741	-122.46640121
448179	37.7638012133	-122.4687364244
409835	37.7640282167	-122.4668605667
195670	37.7638907667	-122.4670271833
482847	37.7601613	-122.4688526
740899	37.77341109	-122.43664014
280046	37.7739553667	-122.4379096
530949	37.7776099667	-122.4384073167
487099	37.77716325	-122.43837585
304735	37.7733605533	-122.4374568061
184055	37.7734725833	-122.4375878167
966703	37.7640376508	-122.463705784
428172	37.8052327431	-122.4319793837
157154	37.7935245115	-122.3939186569
808794	37.79211565	-122.39220695
105278	37.7927449667	-122.39180635
549697	37.7653411333	-122.4657804167
88342	37.7654925833	-122.44990155
595152	37.7635092934	-122.4579642241
559719	37.7455967	-122.4521742
948312	37.7877507097	-122.4028551579
945558	37.7888205608	-122.4007293958
812764	37.762219255	-122.4287836981
942780	37.79581995	-122.3944741833
177912	37.7596840167	-122.4722910333
600535	37.7639348667	-122.4688114833
139179	37.7639001167	-122.4668996333
456607	37.7641777333	-122.46571705
359321	37.75174254	-122.41816806
628131	37.9650698	-122.58764655
514166	37.7607572	-122.42153936
176263	37.7646461333	-122.4218056167
73844	37.7898204936	-122.4118534569
81296	37.7712938333	-122.4064499333
36382	37.7657561167	-122.4308771667
59442	37.7918351167	-122.3992335333
51971	37.7468803667	-122.41369025
50851	37.77216195	-122.4307808833
25629	37.7659600806	-122.4312755295
192340	37.5386354084	-122.3008399002
230607	37.5604565333	-122.2739169
12121	37.5680494167	-122.25261925
1459651	37.798675479	-122.408317113
899601	37.5667475	-122.27749515
94693	37.5661182238	-122.3231313291
867113	37.54463315	-122.2851194
20572	37.5753991333	-122.2970605833
954170	37.5449271	-122.2850797
116666	37.5379285	-122.3020603
259026	37.9262857774	-122.5173452497
454160	37.76372095	-122.4118877833
31633	37.7805475333	-122.4764403833
172064	37.7650447667	-122.4499820833
646694	37.7718971898	-122.4304648417
286953	37.7684552	-122.4506468
88709	37.7695239833	-122.4510588833
117208	37.7848399123	-122.4290013585
5851401	37.789732933	-122.394404683
144303	37.8643112126	-122.5748062173
884050	37.7887649019	-122.3962173631
5014573	37.804662986	-122.269460812
220948	37.7771503282	-122.4217781425
242534	37.8939014333	-122.1106064
3786583	37.7916131143	-122.3934679714
3206236	37.80685613	-122.266925727
3937814	37.806984567	-122.298342733
643919	37.7913880465	-122.393746376
588695	37.80492	-122.2695551333
3246413	37.767391386	-122.400804749
348360	37.6770814776	-122.4653381329
3037131	37.787533267	-122.4066274
303940	37.7918374021	-122.3933923244
1296559	37.7941006422	-122.2742164135
1007074	37.9921996333	-122.4509164333
520143	37.7843863578	-122.4063839522
1851046	37.78489765	-122.403062117
1426946	37.782816442	-122.392514726
1577794	37.813520466	-122.266654208
1570951	37.7944581	-122.276738933
1487740	37.79325115	-122.394483783
1340229	37.792255144	-122.392531921
1393118	37.7612665198	-122.4194902182
524952	37.7604850374	-122.5051517044
1247309	37.800205417	-122.269217717
144961	37.7954101	-122.27760025
747014	37.7915745718	-122.3933815956
1178966	37.7978737622	-122.2670388222
1014157	37.8005225597	-122.270559945
1105731	37.8704438	-122.0744596833
228466	37.7943769	-122.2747284
1034407	37.7892657021	-122.4029749629
105250	37.7810362001	-122.4647941318
20219	37.9732065	-122.5302637333
254288	37.8019768491	-122.2744202614
377850	37.7993573427	-122.2734224796
410440	37.8002158409	-122.2737127819
942670	37.7956949644	-122.3938322067
335368	37.7910263258	-122.3930348835
827796	37.7946776049	-122.2755146027
260794	37.7973650992	-122.2792696953
254713	37.7923365833	-122.39329245
372375	37.7926174089	-122.3943579197
718041	37.7922528415	-122.3940038681
711567	37.7756419212	-122.2221171856
205986	37.8704327857	-122.2996042808
501516	37.7893981667	-122.3985197333
224862	37.7939349495	-122.270346122
77518	37.7774429	-122.46912495
538569	37.8294377167	-122.2850475333
525342	37.7806974333	-122.4777942
47743	37.7809937785	-122.4135181113
500657	37.7808499628	-122.4144856512
447961	37.7983989167	-122.2802849833
377919	37.7995099378	-122.27175951
40676	37.7963479167	-122.2748805
315147	37.87195235	-122.2922880333
61463	37.7990691065	-122.2713410854
261182	37.8009510987	-122.2750854492
33203	37.8005065918	-122.2690523936
91879	37.8012159714	-122.2747168475
319839	37.6205202019	-122.3884034157
948533	37.7965809036	-122.3948353529
435434	37.80500435	-122.41473335
342348	37.78497397	-122.40742671
107515	37.7947914667	-122.41076885
48280	37.8043967667	-122.4336984333
275334	37.8024694167	-122.4075413333
344429	37.7889801327	-122.4093568325
184673	37.80440998	-122.41188949
209998	37.7955915833	-122.3951738333
1583796	37.776549301	-122.411379218
157819	37.794969434	-122.4069523192
147048	37.7686321833	-122.40608715
382117	37.78899836	-122.40501022
525981	37.8093203833	-122.4100523
48266	37.6281322312	-122.4011492742
81182	37.7606437667	-122.4498477
187158	37.7719312167	-122.43568165
764689	37.78827351	-122.41996604
966750	37.7887605845	-122.4056346159
443537	37.8100245	-122.4104535333
334967	37.7107118382	-122.2160092796
45898	37.8050414833	-122.24896055
342468	37.8123139333	-122.24770145
306442	37.7979246667	-122.44272425
103689	37.7932787968	-122.3920446188
1049705	37.8009876333	-122.4076619833
1049498	37.80019415	-122.4074370333
78614	37.8003185167	-122.4518704
98037	37.8749892833	-122.2937493667
72261	37.8932623628	-122.2724890709
386571	37.6181747167	-122.3874807358
236234	37.7894017167	-122.4055809333
54642	37.7600113667	-122.3968554
87506	37.7831000333	-122.4647254667
14304	37.78794765	-122.4237442
2548500	37.768122026	-122.392610664
2376119	37.77666014	-122.38937944
1358508	37.781988027	-122.404515645
254377	37.7651385167	-122.4025022167
5888525	37.77822906	-122.408651258
1038302	37.7884268949	-122.3955729604
853812	37.7920069695	-122.397415638
5218753	37.79909757	-122.21659972
4651107	37.791476086	-122.400620302
3783802	37.839468967	-122.297934381
664934	37.71988	-122.18878
939655	37.78978141	-122.39470212
159686	37.6953367667	-122.0743051333
190260	37.7881661722	-122.4062991142
232269	37.56965529	-122.32184237
306294	37.8733193959	-122.4552241075
205786	37.7669478833	-122.4103908333
201716	37.6931169	-122.47891843
1084503	37.78683905	-122.4014402167
31521	37.79609815	-122.40546735
819403	37.7901578	-122.4119395
108623	37.8582348863	-122.4847800825
298768	37.7623859667	-122.3984482333
664948	37.628117407	-122.4011577253
773906	37.60194486	-122.370691
1287315	37.7703945745	-122.4037516296
2997884	37.78071005	-122.406156317
262788	37.8790970061	-122.2952668274
3304450	37.794638461	-122.406989603
480277	37.79555737	-122.39460074
936746	37.7215446333	-122.1554453
936520	37.7459090214	-122.1952518686
104843	37.8007561198	-122.4264156818
102461	37.8930506333	-122.5172065333
80747	37.8532232667	-122.2782487667
342376	37.93435984	-122.53489249
1340319	37.793870265	-122.402728345
740667	37.7655690195	-122.396781977
138868	37.8912981167	-122.2849466667
1233847	37.7978825569	-122.4056553841
929073	37.79353362	-122.40496277
388173	37.794880455	-122.3962062855
174708	37.774475085	-122.4376703663
346256	37.80325305	-122.41568124
109222	37.7945043665	-122.4041123679
30931	37.7792634167	-122.4931601
998680	37.8703817074	-122.2668671608
511696	37.8698900167	-122.2675895667
966333	37.7054549833	-122.0756177667
560187	37.6935209073	-122.0737858595
1015852	37.6947801	-122.0744234
579564	37.69443215	-122.0737026667
1157882	37.7106789167	-122.3842389833
110953	37.8002582584	-122.2739023532
612719	37.8106164753	-122.2444064146
395495	37.8105868491	-122.2444211479
719095	37.810427	-122.2448784667
290977	37.8253306167	-122.2540902833
132691	37.9874921	-122.3113825667
285830	37.9262049333	-122.3852801833
43047	37.9246714559	-122.3840421438
43002	37.9272399665	-122.3847341537
43000	37.9271849581	-122.3845088482
43005	37.9268519833	-122.3850181333
214544	37.8261563	-122.2089873667
75689	37.8260402325	-122.2092567084
210509	37.8906827333	-122.1278272333
35936	37.7646936079	-122.2424321529
203559	37.7642690469	-122.2433817387
155872	37.7642800862	-122.2428087349
229034	37.7641716167	-122.2430716167
99497	37.7643422645	-122.2432031303
71589	37.90190185	-122.0992517833
201177	37.8266609833	-122.2107307333
175549	37.82620263	-122.21079552
116780	37.7619177167	-122.435186
96718	37.787843977	-122.4061274529
111172	37.8801402333	-122.29904455
33206	37.8909452167	-122.2990164167
48337	37.8940467	-122.2996450167
127964	37.8986467	-122.3022223167
122370	37.7916896667	-122.1991557833
65845	37.7937915167	-122.2010354833
126234	37.7992068333	-122.2160087
62994	37.7993080795	-122.2162124963
116398	37.8013123405	-122.274402733
70052	37.8000615	-122.2531646
59397	37.8054199	-122.2743601833
72431	37.8057125333	-122.274654
49477	37.7651018667	-122.4312029333
34809	37.7659320253	-122.4309690432
45535	37.76935685	-122.42228535
580266	37.7973311882	-122.4100863934
1024831	37.7881935	-122.3967501333
808169	37.7237541333	-122.1600802333
38521	37.79342485	-122.4213915
106727	37.798577407	-122.408144474
52724	37.8002517153	-122.4417310953
73474	37.794853482	-122.4232091886
52262	37.7677183772	-122.429817029
50805	37.7992614333	-122.418926
47745	37.7909015167	-122.4175072
34136	37.7930661	-122.4210435167
37253	37.7910500167	-122.4206759333
17990	37.7910201833	-122.4209302667
90509	37.7973671707	-122.4102661145
157385	37.80083705	-122.42499575
117119	37.8009855833	-122.4256236333
216179	37.800657	-122.4294465
198874	37.8003647667	-122.4334172
183673	37.8000672667	-122.4351481
140339	37.7999117333	-122.4359475833
140336	37.7998049667	-122.4359816167
111798	37.8081267883	-122.4162906652
157904	37.8083849	-122.4162554833
191355	37.8076741333	-122.4159209667
1159056	37.5465338302	-122.3073792458
1355357	37.7686040484	-122.4022395909
1256691	37.784684867	-122.3878256
811274	37.5671158333	-122.3237026667
1124105	37.56689858	-122.32393181
788347	37.56810575	-122.32379905
596073	37.5609371167	-122.3210381333
632967	37.7754378319	-122.3983329535
596045	37.6745543833	-122.4656810333
1389169	37.556926167	-122.271289583
1209582	37.67326168	-122.464081967
303115	37.7659625	-122.4018533833
773666	37.7283323	-122.49354625
61609	37.7872435205	-122.3910989073
76951	37.5886605833	-122.4943026333
440501	37.59698335	-122.5032761667
36752	37.6139792833	-122.48853655
764035	37.7421389833	-122.4514359
183204	37.73915705	-122.4678114167
797941	37.7256743599	-122.4753648645
740545	37.71048623	-122.40659439
683501	37.7805318	-122.3890841167
628808	37.667380394	-122.4932670593
303897	37.6568047333	-122.437356
210825	37.6773273	-122.4680452
759522	37.5366213766	-122.2988908872
209706	37.6490510111	-122.4914324284
612620	37.6476982116	-122.4889272451
629150	37.646188229	-122.4902415276
10695	37.8039550667	-122.4171137667
770188	37.84756219	-122.47267103
575251	37.80362815	-122.44175635
255844	37.7994960522	-122.4324622743
426035	37.70089197	-122.4794774
418747	37.6993458333	-122.4813611667
414596	37.78885698	-122.39592367
190895	37.7920236473	-122.3995650117
746852	37.8003844062	-122.4105280058
467388	37.8002592376	-122.4091332234
719220	37.8004339795	-122.4088847637
512146	37.8067690188	-122.4153366203
406941	37.8071510167	-122.4161640167
405533	37.7998726484	-122.409518997
337370	37.7989738885	-122.4083542763
233165	37.79826718	-122.4082883
366834	37.7963230833	-122.4083249167
481313	37.7955699167	-122.4080738833
454035	37.7948087454	-122.4079352617
497727	37.7911433	-122.4091854667
382953	37.6333871857	-122.4944391847
570749	37.7726398558	-122.4221241474
623319	37.5582457333	-122.3210469667
524192	37.89566534	-122.63987499
632953	37.6503874667	-122.4807992333
538445	37.6504847	-122.4915852667
570556	37.6743477167	-122.4790475
269372	37.6458316667	-122.4910183667
447773	37.62373167	-122.41285008
551840	37.6295406833	-122.41433185
305099	37.6297509	-122.4145867333
474267	37.5981628506	-122.5002354383
458527	37.6750204167	-122.4786731667
143400	37.6733241026	-122.4637565824
523244	37.6176129	-122.39106295
25997	37.6560878167	-122.4360983167
76528	37.6588787731	-122.4345803261
518412	37.6719325167	-122.46443175
483431	37.6746311167	-122.4790204
332265	37.5935290333	-122.5041257167
475985	37.7944064	-122.4002265833
443148	37.66349136	-122.46827304
236529	37.6505380869	-122.4694705009
469518	37.6518181205	-122.4912500381
453423	37.6739905351	-122.4723887015
314515	37.53514736	-122.29945701
386903	37.6594496833	-122.4786389667
355953	37.68331348	-122.46410983
359994	37.6778765566	-122.4693953991
122409	37.6774166333	-122.4682196167
353134	37.68440407	-122.46495163
133648	37.77633988	-122.43966865
337432	37.7904253301	-122.4006527676
219288	37.7911760326	-122.3994728087
324749	37.7991962697	-122.4036920071
11147	37.63644575	-122.48906135
210038	37.7933211037	-122.3932206631
284662	37.7909927386	-122.3917454481
201741	37.6501553188	-122.4918240309
200539	37.6717238167	-122.46451725
172618	37.7579890192	-122.410582925
184531	37.5945600667	-122.5046026667
11149	37.6517879833	-122.491014
50809	37.7999001403	-122.435551221
53299	37.7946224975	-122.4334806204
144222	37.6630188	-122.4690974
144206	37.6636389167	-122.46870695
144172	37.66490265	-122.467216
77407	37.6509026167	-122.49166145
154620	37.6507751	-122.4916682333
175422	37.6498775667	-122.4920411167
109764	37.6510032167	-122.4917769167
26005	37.6248359333	-122.4141476167
87583	37.5523707667	-122.2984543667
33058	37.5645623826	-122.3222227278
111199	37.5642467667	-122.3225534
25994	37.6665794167	-122.4515542667
54617	37.6651833167	-122.4465904667
31133	37.7832356965	-122.3894332362
104086	37.78545465	-122.499478
62312	37.7798143317	-122.4930542614
58409	37.7718887833	-122.4049018333
33891	37.7711239361	-122.4240928888
1474878	37.77728545	-122.40101361
242763	37.7852070112	-122.4303424358
106710	37.7616682297	-122.4582224254
67381	37.7477960569	-122.4556946754
326054	37.77936702	-122.46332919
249749	37.75336253	-122.47818452
219920	37.76389485	-122.47382211
142764	37.73974293	-122.47637921
133243	37.7771132279	-122.4223199487
120617	37.7829696333	-122.4648205333
116014	37.76813185	-122.3918644167
497444	37.7719801577	-122.4304488898
190035	37.8089618	-122.2528808333
533884	37.8362083903	-122.292509079
538987	37.7917707278	-122.3954698029
248167	37.93438915	-122.32487865
244218	37.7998123169	-122.2710342407
151037	37.77150797	-122.42995268
160893	37.7767487667	-122.4262923667
96964	37.7767281833	-122.42730695
116543	37.78335381	-122.4078108686
44434	37.8117419571	-122.267178297
38722	37.7842997375	-122.4074470997
39711	37.8045142303	-122.2762094732
59075	37.7561475239	-122.4647833407
596561	37.7626607169	-122.4663417041
561151	37.8350929	-122.5316836667
520292	37.7877719405	-122.4051584072
622437	37.7877471186	-122.4052349728
757877	37.78775075	-122.4048204167
561297	37.7877765417	-122.4051182567
441371	37.78640055	-122.4052082833
517516	37.7874934525	-122.404760312
144798	37.7766298667	-122.4781701167
606207	37.7814883	-122.4014609
616999	37.78140443	-122.40192419
490463	37.7819719055	-122.4003593163
547783	37.7805383333	-122.4021049
102798	37.7717420018	-122.4137686167
533653	37.7792129	-122.3976185667
462696	37.78095966	-122.40227317
215944	37.7777533136	-122.3974011061
223807	37.5645370483	-122.3219070435
65607	37.75049365	-122.4350685167
225941	37.7647031833	-122.4251794
166760	37.7622830333	-122.4361657667
166498	37.7648290667	-122.4330818167
332278	37.7629031358	-122.4350891618
44751	37.7634759333	-122.43441965
166552	37.7636280667	-122.4331560667
166318	37.7627825833	-122.4309685333
166326	37.7627825833	-122.4309685333
98024	37.76282795	-122.43081965
34861	37.8681964516	-122.2958677988
64085	37.8696342833	-122.2920060833
171129	37.8693399688	-122.2920155525
69973	37.8704053833	-122.2888734667
43625	37.8705885111	-122.2802496847
109829	37.7510716167	-122.4315729667
38864	37.7515319167	-122.4306133
160585	37.7516088167	-122.4286877167
71673	37.7516343371	-122.428521207
188088	37.7881024112	-122.4042037801
89977	37.7923091833	-122.39954405
15427	37.8698301167	-122.2593998833
120133	37.7885307598	-122.405923605
87249	37.7199481977	-122.494726181
62412	37.7424400476	-122.4898819821
197244	37.8224740667	-122.5331573667
146704	37.8306475866	-122.5247427821
140328	37.7996008833	-122.43787535
129692	37.5620703167	-122.2694525333
61693	37.5612005833	-122.2803512
37713	37.5446708942	-122.290610075
183450	37.5508719937	-122.2903203964
187464	37.5544024947	-122.3007496056
119100	37.5465979833	-122.30299025
160032	37.5514331167	-122.3018835333
169944	37.5713703	-122.3104939333
25492	37.5507741752	-122.3128294945
139361	37.5723610667	-122.2826315333
13588	37.5639617333	-122.2827458333
102717	37.55900585	-122.2834062833
38114	37.5564396833	-122.2880600167
97050	37.7814214379	-122.401312811
49399	37.7763771667	-122.40820545
20533	37.7880644265	-122.3990678787
21152	37.78815295	-122.4007091
48706	37.7880717833	-122.3995740333
63360	37.7976215667	-122.2759095667
56340	37.7995862353	-122.274967432
22617	37.8026653	-122.2751415167
68717	37.8030025852	-122.2752034664
116033	37.8056488236	-122.2772708185
114284	37.7610180167	-122.3898432833
31320	37.7726730379	-122.4026943097
1273603	37.8681904	-122.497873967
1273596	37.868115	-122.49797145
1273565	37.868296233	-122.49829855
992138	37.8676197143	-122.5000577
833891	37.8676418	-122.5004671
1231166	37.78563243	-122.41601163
161672	37.7643415333	-122.4307414167
5645374	37.778039048	-122.411107697
4778192	37.7808997	-122.46493804
4377104	37.794515799	-122.394562496
201625	37.8035066333	-122.4777927
3412808	37.763137331	-122.434307316
2488321	37.752368479	-122.41548439
1060275	37.7505022221	-122.4184978008
299220	37.7771115167	-122.43857145
1399256	37.78448611	-122.43110436
1469579	37.789453943	-122.403885036
680999	37.7768194	-122.3962408333
468147	37.7911506501	-122.3960208893
371513	37.7918543588	-122.3963427544
792669	37.7881729603	-122.4098289013
2221547	37.79514254	-122.404880698
104887	37.7908636615	-122.4180973275
937055	37.8082412481	-122.270552516
473737	37.7897337949	-122.4204925779
68751	37.7907028167	-122.4267487667
227311	37.7908028048	-122.4278640474
238927	37.7903519629	-122.4274044694
760346	37.7864670667	-122.4218559167
299990	37.7889022827	-122.4185562134
348891	37.7872835	-122.4183115
346600	37.7895744496	-122.4139861326
425070	37.7871243333	-122.4003349167
449139	37.7884288783	-122.4089260206
410112	37.7884553156	-122.4119361341
257460	37.7107433	-122.2121874333
157044	37.7893029363	-122.4069006015
126111	37.790912923	-122.4207323068
125963	37.7911155333	-122.4211761833
16004	37.7900826167	-122.4055598
35830	37.89114705	-122.2875860833
107703	37.89954745	-122.12493805
118846	37.8890642	-122.1174049333
313473	37.8018400833	-122.274761
605996	37.80389056	-122.27560459
129798	37.6460731333	-122.1234376
147480	37.7163672833	-122.1032337333
101753	37.6527694333	-122.1154868
55740	37.6789858	-122.0922156167
99427	37.6990634667	-122.1753785667
69929	37.7126166833	-122.1442951833
170558	37.7090349951	-122.1240636832
12830	37.7067947333	-122.1390867167
51632	37.70349685	-122.1284184833
12832	37.6782756532	-122.1391564608
175224	37.7754494237	-122.4194345042
242513	37.7820223298	-122.4844261521
226342	37.8019122	-122.2684841667
687569	37.65903443	-122.45580989
268703	37.6442598241	-122.4073719978
1576286	37.782007848	-122.464863262
5236608	37.782924329	-122.46505066
659201	37.7848454167	-122.4648579333
37252	37.7734374	-122.4488101333
46085	37.7742321167	-122.4340011
122931	37.7762715833	-122.4259468833
68835	37.7866431111	-122.4401638993
47166	37.78287965	-122.4671737
47163	37.7828379333	-122.46762725
47155	37.78092555	-122.4712359333
47154	37.7807547333	-122.4734981833
35860	37.78020995	-122.4780324667
47145	37.7805115167	-122.4773211167
47144	37.7805655	-122.4770431833
47142	37.78060535	-122.4763528
47141	37.7807107667	-122.4756165667
47135	37.7825754167	-122.47419875
45860	37.7812703833	-122.4609382833
42131	37.7773040292	-122.4384319782
39158	37.7869146667	-122.4132940833
38186	37.75084955	-122.4340726
36413	37.7601153833	-122.4355446
22591	37.7869358	-122.4127963
214143	37.8064815667	-122.2683884667
145103	37.7639577833	-122.2413464333
133729	37.7628135333	-122.2445510667
67260	37.79704015	-122.2680266333
50126	37.8108405	-122.26672245
975993	37.7841131939	-122.4003446102
35813	37.7847768333	-122.4456265167
119816	37.7987545833	-122.4079898
64060	37.86831935	-122.2983937667
1296423	37.872769483	-122.5092046
492549	37.9267753412	-122.5162336357
314867	37.9276212973	-122.5156797896
1517481	38.004704483	-122.541477067
4449075	38.004699183	-122.543983783
1324509	38.003611083	-122.54465775
519729	38.0033349333	-122.5448874667
291368	37.7847915321	-122.4067926407
1489510	37.795257933	-122.39545715
600334	37.9759334667	-122.5622345833
448700	37.9768357167	-122.5624793833
120674	37.87339235	-122.5090928667
1009371	37.87896915	-122.6183263833
1323812	37.8978287	-122.639528733
1322828	37.880424883	-122.5244038
728194	37.7893850948	-122.4013435086
70431	37.7876036714	-122.4218575866
5775728	37.768398033	-122.445614067
411365	37.7808532715	-122.4058685303
95570	37.7736461667	-122.4476314667
650305	37.7910561163	-122.3993216108
360226	37.7737544082	-122.4241697908
640879	37.7694901634	-122.4507373945
30676	37.77351275	-122.4504290667
313377	37.9083434	-122.6721051
238193	37.78679155	-122.4947621
90026	37.7701978064	-122.4486210187
92578	37.7749195	-122.4395026333
189832	37.7769769833	-122.4393509
166803	37.7734399792	-122.4505759299
158495	37.7627564698	-122.46629222
1246308	37.77375715	-122.41209584
122764	37.7978265	-122.4295145333
170242	37.81259245	-122.2170741167
525282	37.8148088667	-122.28876685
33225	37.8098244167	-122.2550318833
1036002	37.8074315	-122.2226581833
907712	37.6394131051	-122.4866205454
33039	37.8084885	-122.2563898333
324856	37.8084192528	-122.2653114796
656983	37.75985945	-122.39766825
119345	37.8619747833	-122.2676608
68811	37.8690285297	-122.2681135294
23478	37.7605727167	-122.3989091
117317	37.7848065562	-122.428970614
425123	37.7946014404	-122.3972473145
520695	37.7846360923	-122.4311631584
34162	37.7826724978	-122.4157655869
1151473	37.7881890333	-122.42098505
588505	37.5792560333	-122.3441629667
780926	37.7577133046	-122.4078826748
566824	37.7943011772	-122.4214096776
1051574	37.7386481	-122.4682019
398756	37.6258754167	-122.4110887
101346	37.8221957667	-122.53118805
511716	37.5537861833	-122.3160620667
399444	37.5656568625	-122.3232260339
75797	37.7911845639	-122.4036920071
84866	37.7633275897	-122.4455344677
983180	37.6122200489	-122.3906564713
86415	37.7487464333	-122.4213926167
1452471	37.798937341	-122.40822823
4446266	37.75939887	-122.39184105
1030734	37.76951414	-122.43000817
1315101	37.7752639167	-122.4901979
966400	38.01575865	-122.2753790333
936591	37.73298925	-122.43470197
624686	37.8796069	-122.2993848
1350407	37.75223904	-122.41846036
430103	37.60051295	-122.383251
73803	37.8005357082	-122.4377667904
233466	37.8004875122	-122.4384726646
52261	37.8005032	-122.4379403
53249	37.8005276	-122.4379749333
79005	37.8005635529	-122.4381814452
3931358	37.7990922	-122.420561
194643	37.7735444333	-122.4390553167
59286	37.84316315	-122.2516979833
24534	37.9766635333	-122.5493483833
1024765	37.8955640333	-122.07807925
378658	37.8436838333	-122.2518203167
36915	37.97094305	-122.5178978833
306335	37.8276752975	-122.25055933
378428	37.7891052167	-122.4002407333
371326	37.7890065699	-122.400432898
55409	37.7889049	-122.4002153333
119836	37.7881301167	-122.4058067667
275275	37.78798405	-122.4043962
60813	37.7880058477	-122.4050901103
334246	37.7860412725	-122.4055257693
45247	37.8716066667	-122.2683766833
145120	37.8124834992	-122.2791735536
68797	37.7802743177	-122.4818711725
1187787	37.7844152267	-122.4167613599
1957575	37.7994188	-122.43944704
1056664	37.5651388184	-122.3228260656
258113	37.578458	-122.3472953167
1399121	37.77728545	-122.40101361
1361098	37.77815169	-122.39690566
170523	37.5652774333	-122.32273365
1287496	37.77825421	-122.3967477
1247486	37.77825421	-122.3967477
102675	37.7981959137	-122.4358570576
821524	37.799193	-122.433829
1191518	37.61660115	-122.4837432833
1105899	37.76287984	-122.43836891
602052	37.5641851726	-122.324271014
261080	37.5664291403	-122.3226089559
549549	37.5645257448	-122.3229329609
249796	37.89453202	-122.51532375
3323040	37.892127683	-122.513388083
3675344	37.888858664	-122.519458591
1328397	37.87479424	-122.50894308
1595176	37.87510865	-122.50887548
941648	37.8020192352	-122.4476802349
173855	37.79973965	-122.4231492
1115398	37.78007048	-122.4198026513
1115432	37.78007048	-122.4198026513
1578294	37.774826533	-122.420201833
5084332	37.766705393	-122.41618603
942831	37.771618675	-122.42076165
3132104	38.006761628	-122.254643295
780717	38.0127492794	-122.2659552097
1484053	38.0128364	-122.259378383
111785	38.0211018833	-122.2614555333
359150	38.0209225167	-122.2610982833
402197	38.0285812833	-122.2628885667
135990	38.0303084833	-122.2610156333
2143103	38.021011453	-122.262077539
1025649	38.0085633	-122.2806031333
1001261	37.9662918333	-122.3182572
1524151	37.963814783	-122.337139617
580581	37.964392	-122.32611
1042853	37.9266984036	-122.3192839032
886047	37.91955815	-122.31477705
606027	37.8938493333	-122.3082989833
1123938	37.8829346	-122.3084462
1256267	37.86971604	-122.30165332
1464679	37.868902333	-122.303848383
1252062	37.8605989477	-122.2997590899
219685	37.8606809	-122.2970266333
1008583	37.8396831833	-122.2961310667
1440829	37.6867318333	-122.1285497667
812366	37.8784779702	-122.1820771694
1065517	37.9992486462	-122.252061367
1483117	37.868601667	-122.288118967
744396	37.8695809486	-122.2874443617
1269034	37.8693731667	-122.2889245167
513813	37.8704640667	-122.2920357333
1588528	37.90233999	-122.303024393
378549	37.8959287	-122.30051565
834814	37.9010391	-122.30265715
300136	37.7897920333	-122.2594933333
1291768	37.759492467	-122.20982535
1122809	37.6569055833	-122.1128203667
378659	37.827925288	-122.2566130757
10320	37.8853011	-122.2631978833
1331788	37.79533875	-122.393949967
1128045	37.83809095	-122.2608698333
834387	37.6799523667	-122.4941073167
1077939	37.7882848753	-122.4037241936
981879	37.7747688	-122.39780925
942568	37.7768489863	-122.3932926234
473442	37.7793752667	-122.4019566333
824789	37.7868747711	-122.3989659548
822006	37.7664363384	-122.4279123545
994271	37.75126647	-122.43407809
5443815	37.7788835	-122.3919755
683767	37.7536815	-122.42771
183633	37.7886419667	-122.4341531
139864	37.7610544724	-122.4192595482
52715	37.7999020212	-122.4426805973
759405	37.7773683294	-122.424779796
153245	37.7708739	-122.42983454
389468	37.7918865	-122.42195278
667981	37.564203763	-122.2850022469
93416	37.7661215333	-122.4220989167
171071	37.9100838304	-122.5768768787
217452	37.7729364	-122.39067935
171754	37.7602888333	-122.3945859
179307	37.7716627833	-122.4049364833
514831	37.7575647665	-122.4034579145
171098	37.7764708598	-122.4256190658
225141	37.5537228333	-122.3078594333
260387	37.79329216	-122.42112153
255900	37.79052901	-122.42131614
133607	37.7575932	-122.3894083833
304605	37.75728845	-122.4035235167
360129	37.7571733667	-122.4004404167
63881	37.7903681546	-122.4048054679
1267099	37.7797683	-122.4169624
248091	37.9709323838	-122.5326073233
171801	37.9307311	-122.5143617167
37146	37.9729217825	-122.5261595832
84960	37.9457396	-122.5241705333
1065272	37.7762760762	-122.4845231691
253507	37.9707768366	-122.530287356
215865	37.9386465667	-122.51826015
52345	37.9730175833	-122.5263433
971343	37.7828072905	-122.466660152
489965	37.9477653667	-122.5096655333
345377	37.7824122167	-122.4641001667
894206	37.9462229	-122.5172269
84950	37.9457608	-122.5242279667
414879	37.9432693518	-122.5399801772
326730	37.782968484	-122.4619066715
560863	37.9731788455	-122.5289861973
495950	37.7827093333	-122.47036845
667829	37.9455430571	-122.5238142921
85003	37.9459895667	-122.5244116
209845	37.7825242833	-122.4687096333
330138	37.7826448167	-122.4699821167
614794	37.9469093	-122.5257712
499967	37.94621194	-122.5239732367
572910	37.9383224333	-122.5155067167
72764	37.97628935	-122.5494639
214493	37.7804180314	-122.4779685103
525716	37.7829055512	-122.4654770254
132490	37.9288610167	-122.5176245333
241730	37.9726916078	-122.5242692035
324875	37.9378854226	-122.5152075291
218048	37.9447791831	-122.5056347251
219530	37.9727462758	-122.5275210767
521206	37.8245472833	-122.2553351167
1007826	37.8061586833	-122.4377456167
683440	37.7555297579	-122.4172871604
501429	37.79994345	-122.4378255167
497512	37.85141479	-122.26835066
424772	37.7963067333	-122.4047765167
170792	37.8063583374	-122.4379730225
767516	37.9099541833	-122.68492925
102448	37.7885840417	-122.4203216465
1414721	37.788372067	-122.423765883
210166	37.7984607833	-122.4224991
905556	37.7844398	-122.40693348
702491	37.78936392	-122.41907197
696501	37.76975703	-122.42251491
518457	37.7993815023	-122.4395822604
273960	37.8007229765	-122.4372693212
414718	37.7916727667	-122.4230012667
505912	37.7760492213	-122.4228044692
505550	37.78732195	-122.41721265
492668	37.79238515	-122.4209992667
411488	37.7486127	-122.43116718
314145	37.8001491478	-122.4406081804
239415	37.7814341167	-122.4650337
683621	37.7829199667	-122.46459365
232680	37.7598588667	-122.3983111833
133570	37.8019377653	-122.4127947031
820689	37.8005531667	-122.4330159167
433088	37.7180789833	-122.4076069833
93775	37.7841700667	-122.3892522833
327066	37.6157010167	-122.3836278833
600651	37.7746562167	-122.4154170833
120712	37.77403908	-122.44600182
157272	37.7747426	-122.41532885
108469	37.7754156167	-122.4154841667
285136	37.8783976667	-122.1814558333
284728	37.8171544499	-122.2641734292
10326	37.8859019167	-122.2615885667
265651	37.8340258	-122.1312962667
792634	37.587313	-122.345174
771932	37.7934482	-122.40516167
710626	37.7359084833	-122.41021715
165316	37.7526997523	-122.4080575979
453984	37.7730174833	-122.4157766167
918629	37.7605676651	-122.4098610878
162490	37.7741812996	-122.4257772875
300425	37.7759582922	-122.4261697312
434790	37.7625848545	-122.3963249568
739102	37.78832155	-122.40835154
739006	37.78832155	-122.40835154
441740	37.8231246667	-122.2020834833
731333	37.78302931	-122.40209966
718735	37.77595255	-122.4296134
644956	37.78143918	-122.39233255
360544	37.7542940801	-122.4185729027
497005	37.78524535	-122.3954717833
162456	37.77697305	-122.42544025
496122	37.7760693167	-122.4261171667
506229	37.57607871	-122.4911437
502559	37.7816386649	-122.3922223114
462388	37.7771590333	-122.4218866667
480698	37.8007033167	-122.4260287333
452578	37.7878533	-122.3993787167
305647	37.7800511	-122.4858969
280870	37.7799121667	-122.50348055
54613	37.7777383	-122.4238414167
281595	37.7767391667	-122.423596
15029	37.7625310333	-122.396214
238338	37.76213375	-122.3950081667
242545	37.7929465667	-122.4060326167
143506	37.7903890227	-122.4085062371
214634	37.7996813634	-122.4076076489
158391	37.7945603696	-122.4038065282
2765746	37.79570013	-122.40336823
462431	37.79127788	-122.40435463
525197	37.7946343	-122.3968187
435022	37.65082945	-122.4684104667
41983	37.7894835833	-122.40382085
864832	37.7218101333	-122.4224427833
32023	37.7952511	-122.4057183
1517439	37.77939811	-122.389967867
1241886	37.78011502	-122.391069015
723063	37.7522714375	-122.4505745768
186735	37.7599659833	-122.4659118
542412	37.8002983411	-122.455855608
1327795	37.857593142	-122.293246661
161530	37.7649237333	-122.4497276833
1001015	37.7607530667	-122.4665021167
947858	37.7644515	-122.4661874667
1242533	37.77644288	-122.39408707
983482	37.78339576	-122.43954896
841372	37.7981186167	-122.45794205
286814	37.7659706167	-122.45551675
857502	37.7625389667	-122.4624756833
721836	37.7295931	-122.4769359
171370	37.7515228	-122.4649810333
160809	37.76544785	-122.44996675
129191	37.7639913667	-122.4694506167
197156	37.78792555	-122.4486326167
328941	37.7399905667	-122.4668898833
48653	37.7434778643	-122.4267911911
415262	37.7600719833	-122.3884700667
129892	37.7780745167	-122.4341051167
125914	37.7204899205	-122.4501079401
5054741	37.782519583	-122.387500533
4503047	37.67827305	-122.469372767
123107	37.6974060167	-122.4628056
1199967	37.69703995	-122.462955767
275226	37.77189535	-122.4093154667
1420570	37.72442255	-122.458056867
175214	37.7197701833	-122.4385195333
857578	37.7789289167	-122.4093371833
976905	37.7933380601	-122.399314642
497146	37.7229425	-122.45285015
790854	37.7917835471	-122.397928771
142803	37.7213874	-122.4380702167
537935	37.7632150822	-122.4812313295
129898	37.7643029731	-122.4221134186
35951	37.6780803509	-122.4679148197
337166	37.7795708127	-122.42353595
549790	37.7663897833	-122.4276117667
210313	37.7908929301	-122.3992651541
53178	37.83053105	-122.2555571833
4017200	37.612911	-122.392385
4694510	37.544103799	-122.294040854
803568	37.7809101983	-122.4687819919
4505540	37.7729648352	-122.3057430983
1850014	37.794966	-122.39355
3126618	37.794653167	-122.392802233
608467	37.7771835327	-122.465385437
683613	37.7637789113	-122.4663517223
1365897	37.78259706	-122.4105615
320323	37.7848867726	-122.4312579631
4380023	37.762436617	-122.4177895
351914	37.7583807333	-122.4191988333
3144007	37.799873498	-122.407584167
2822155	37.762184183	-122.413994733
953996	37.7786515552	-122.4158825593
16128	37.7875326167	-122.5061862833
664810	37.7632952637	-122.4829582047
37119	37.7626812333	-122.4104404333
2070125	37.809592217	-122.421711433
183321	37.7930526316	-122.4005629858
192240	37.7597119684	-122.4214200232
733422	37.7762869667	-122.49733005
435404	37.7603841428	-122.4172861453
1266684	37.71056175	-122.380144383
749174	37.7602683667	-122.4187227167
1190826	37.7178595333	-122.3937766167
388047	37.7890571	-122.39958985
1015334	37.7178966667	-122.4627389167
994316	37.7253945333	-122.4341977333
994057	37.7238233634	-122.4357253956
345715	37.7153125333	-122.4231557
863613	37.7423634	-122.4588444833
820125	37.7379291685	-122.4431955814
231986	37.7678615474	-122.4215464794
704546	37.7557074167	-122.4481916333
390485	37.7600433	-122.4195889
50494	37.7962494833	-122.3981101667
138741	37.88040925	-122.2229960333
183200	37.7392174333	-122.4676449667
947397	37.7913024236	-122.4012656033
82711	37.7931939305	-122.4003124237
308585	37.74381805	-122.4538131667
183999	37.7440138269	-122.4534691664
113276	37.7410655	-122.4655313333
659191	37.7390521586	-122.4140080913
174886	37.7390797747	-122.4164069741
652010	37.7391421667	-122.41788625
43578	37.7390660911	-122.4135518074
60629	37.7389396639	-122.414738804
949837	37.78532439	-122.43549424
456957	37.6489569689	-122.4897638479
542085	37.6522502833	-122.4893072
132934	37.6735644138	-122.4626465301
603804	37.7624124333	-122.4000188333
387003	37.6523067667	-122.4911691
578381	37.7327316667	-122.4909125333
578199	37.7326839167	-122.4908111667
144181	37.6648682667	-122.4680975833
519009	37.75705504	-122.42212742
383351	37.7828572167	-122.46810445
453007	37.7340011597	-122.4897232056
220760	37.7572073667	-122.4148406333
233139	37.7581429333	-122.40780115
227295	37.78960895	-122.4158028333
600578	37.7934733148	-122.4056829196
1270086	37.61309425	-122.389784075
1491561	37.775162929	-122.410009082
1156415	37.7294264	-122.3928416167
1144260	37.7959062667	-122.4069420333
664101	37.7944000823	-122.4080236158
562525	37.7990178167	-122.4073887333
22748	37.7817655167	-122.30116105
657560	37.8649437	-122.2909252667
620791	37.8931522952	-122.1120607853
187609	37.8958744333	-122.1026123333
158576	37.8696364	-122.2992897034
297524	37.8614423167	-122.1265180333
56386	37.74991335	-122.18710525
814887	37.7769348167	-122.4431195333
760919	37.7538909912	-122.4554214478
315863	37.7401273167	-122.4662218333
183226	37.7382043667	-122.4690212
348065	37.79153686	-122.3989734
409520	37.7525872833	-122.4107251
128580	37.5776276667	-122.3476045833
469819	37.7891756167	-122.4206056667
120120	37.7386552167	-122.4684239167
249650	37.5791904667	-122.34604295
183376	37.7412183	-122.4661955833
52719	37.9727069333	-122.5222752
739733	37.7550151049	-122.4527227879
589212	37.7748552104	-122.4360732542
616097	37.5848992833	-122.3657036833
981715	37.5776354285	-122.3486208916
76576	37.57687305	-122.3470915167
907696	37.7454734379	-122.4519392524
64602	37.56594175	-122.3228299167
629704	37.6264770667	-122.4098722833
982701	37.7955402	-122.4079609667
443923	37.785678882	-122.4128663134
236834	37.78697815	-122.4125814667
183297	37.7378607333	-122.4693098167
705594	37.57854926	-122.34298354
31013	37.7514650501	-122.4302002788
69595	37.8128869	-122.2657601833
704457	37.8002790167	-122.24937965
434942	37.64503145	-122.4515367167
425218	37.7742686287	-122.4177577864
482379	37.7695715167	-122.4502474
82574	37.9731182333	-122.5283675
160712	37.6251308167	-122.4110926
153954	37.7614914167	-122.4352209667
162280	37.77232045	-122.42889345
227486	37.76767055	-122.4361283333
1010334	37.5678158167	-122.32147095
3800856	37.7727931738	-122.4154347181
215975	37.7427535	-122.4815546667
132086	37.5448098167	-122.28517025
956991	37.7859626472	-122.4197910502
997216	37.7861971277	-122.4028872079
3102878	37.729024211	-122.465821825
62388	37.7424956747	-122.4898056613
404142	37.7517190333	-122.4388350667
4942844	37.566080685	-122.32003485
596326	37.5648332167	-122.3234264667
3014274	37.565919214	-122.323663244
457458	37.5641352062	-122.3243360026
150748	37.5639803167	-122.3225488333
1570425	37.7545243383	-122.420960355
1166151	37.8940826654	-122.1083700657
1457346	37.77656108	-122.40822219
1035731	37.7533270475	-122.4187123775
640706	37.5674466667	-122.3242648667
738398	37.76313215	-122.42703431
730720	37.5645464659	-122.3238909245
1087172	37.75115185	-122.43296378
242246	37.5637303972	-122.3230543737
150407	37.757694	-122.41384637
1051711	37.7872259	-122.39861387
1048022	37.75704228	-122.41612511
205057	37.7389665667	-122.4140398333
75496	37.5617410167	-122.32519985
396671	37.7498417559	-122.4198615893
879473	37.56351232	-122.32554292
366140	37.5667313667	-122.3208041167
147946	37.5641363167	-122.3230063
226755	37.7605040719	-122.4163473043
211106	37.5649306554	-122.3229370358
157317	37.56399455	-122.3271627167
4221265	37.778911067	-122.39216528
556154	37.7609091833	-122.4368215167
172559	37.7634673833	-122.4362232167
179007	37.7786977833	-122.4115242833
1460243	37.75685632	-122.419074423
179858	37.7931710167	-122.4246514333
1266639	37.8062671423	-122.4399983883
514047	37.7640108	-122.4667472
1056328	37.76871805	-122.4754497333
1135568	37.7864561833	-122.4299264333
1078500	37.7864027023	-122.4299347401
192537	37.7855265	-122.4305105
180472	37.786182106	-122.4298596382
549973	37.7852449599	-122.4324527741
457457	37.78627467	-122.43790966
1056242	37.7836212667	-122.43269345
582371	37.7817905419	-122.4373071566
956924	37.7838496	-122.4333629667
328966	37.7847395039	-122.4382983283
1078275	37.7856019	-122.4362466667
1106139	37.7849279167	-122.4357314833
464779	37.77151054	-122.43019986
768018	37.7677972167	-122.4320348167
123192	37.8039359442	-122.4200932589
941753	37.8068595645	-122.4180740118
491305	37.8044899632	-122.4188649915
855751	37.804649353	-122.4188613892
1164166	37.806150363	-122.4186352319
592217	37.80641412	-122.41899818
858351	37.8055591677	-122.4203652965
657768	37.8058334	-122.4194051
774498	37.8009509333	-122.4230688167
339332	37.7881333833	-122.4473985833
915447	37.7880628385	-122.4475728155
966586	37.78459005	-122.4450096667
206912	37.7879236193	-122.446882813
163752	37.7851402833	-122.4448940667
909328	37.78728544	-122.44516897
583096	37.7855583333	-122.4449456167
468060	37.78729015	-122.4474006333
556070	37.7872793167	-122.4468855
504696	37.7863771	-122.4466731
378471	37.7736972404	-122.4476711434
533130	37.7730961333	-122.4456701833
682491	37.771032283	-122.452372993
646701	37.7641333421	-122.4636983871
480154	37.7640762564	-122.4653015156
956109	37.7651699944	-122.4662978828
483020	37.7845208	-122.4066413
773258	37.78446513	-122.40658402
1102123	37.78448241	-122.40656596
578525	37.805770874	-122.2959823608
703755	37.7608018833	-122.4356849333
652815	37.7612241104	-122.4348163605
703256	37.76091085	-122.43540755
513824	37.76091259	-122.43553698
530909	37.76127141	-122.43567037
577572	37.761358083	-122.4350582585
756455	37.7619789949	-122.4352884293
1064813	37.7470977	-122.41883565
51962	37.7470314667	-122.4190086667
739845	37.76470975	-122.4079201333
669086	37.7732876756	-122.4361425846
659077	37.7722181667	-122.4374396667
491354	37.7722130585	-122.4373841327
651745	37.7941111	-122.4010028167
458619	37.7625759667	-122.4141383167
117135	37.7022554	-122.4709829
526413	37.76680874	-122.45030212
237306	37.69210075	-122.4716674833
123808	37.7022123833	-122.4708347333
382777	37.73340615	-122.4342953
114382	37.7413995333	-122.4467582333
227358	37.7464709491	-122.4446153812
447597	37.7827299333	-122.4690066167
184381	37.7809912108	-122.4666885728
493072	37.78129994	-122.46426922
95898	37.7226761319	-122.4364061216
371102	37.7221604667	-122.4366851333
475768	37.7184704333	-122.4399496
123229	37.7238351	-122.4361635
170328	37.7731847313	-122.4209252
252432	37.7735596	-122.42117655
464375	37.7731425065	-122.4219880243
205125	37.7708046667	-122.4230229
211482	37.771341	-122.422095
464376	37.7706651	-122.42228698
377626	37.7602056068	-122.42150897
390510	37.7603652667	-122.4210970833
443615	37.7608079667	-122.4214449167
211010	37.7527667833	-122.4211276333
361869	37.6935358333	-122.4713741833
329177	37.7010988366	-122.4709500527
458475	37.6752781304	-122.4751889706
95374	37.7817389611	-122.4418973923
448873	37.7840876473	-122.4427714946
154003	37.78327475	-122.4409789
226283	37.7823635012	-122.4320862583
196480	37.7740815408	-122.431050539
368507	37.7583089167	-122.4280225833
404436	37.7542985667	-122.4276015167
422683	37.7548603167	-122.4276764167
422699	37.75323295	-122.4266584333
404522	37.7536667667	-122.4276823667
459234	37.7433233667	-122.47182675
356282	37.7431727593	-122.4741218825
443210	37.7540565667	-122.4375129
63378	37.7639240333	-122.4685430833
119824	37.7639070667	-122.47319595
432031	37.784886	-122.4072892
378439	37.78340695	-122.4086518
462421	37.7818788167	-122.4106814167
391243	37.77568167	-122.41930836
152725	37.7757373238	-122.4182537198
148439	37.7722316687	-122.4231015794
330769	37.771011566	-122.4242591858
128656	37.7624168668	-122.4628253281
458200	37.7625086167	-122.4138469333
458192	37.7624431667	-122.4140095
226977	37.7650832705	-122.4176824093
433644	37.7643934333	-122.4195954333
400429	37.76501105	-122.42158315
448486	37.7677902833	-122.4240311333
367166	37.7708334697	-122.4244093895
181667	37.7511030667	-122.4383515
404167	37.7518566667	-122.4386684833
447293	37.75139775	-122.4391510833
28602	37.7510250667	-122.4426741
239929	37.749538251	-122.4427925345
354676	37.7486166843	-122.4373290451
123736	37.7317436833	-122.4055206
54168	37.72886535	-122.4041310333
443947	37.73995244	-122.46734821
37014	37.549857	-122.3148379833
80973	37.54878675	-122.3110858667
396459	37.5459107301	-122.3075160384
260392	37.5349162667	-122.2953444333
346160	37.5389480591	-122.3005905151
171582	37.5408851667	-122.3026559333
365033	37.5430216	-122.3035986
330458	37.54415465	-122.3049678333
396479	37.5460822833	-122.3076022833
106333	37.5467357333	-122.3082830333
391444	37.5515635	-122.3140083667
303346	37.5536255992	-122.3156063768
291007	37.5589566333	-122.3213872333
75502	37.5620391667	-122.3248975167
291948	37.5638904843	-122.3247069743
112116	37.5648026839	-122.3233957844
356888	37.5657489667	-122.3232810167
422672	37.565922926	-122.322981031
396197	37.5662170097	-122.3225902296
378824	37.566416474	-122.3226119144
188216	37.5664567	-122.32265475
170573	37.5660435333	-122.3228606333
266176	37.5660404167	-122.3230983333
170690	37.5660552833	-122.3229445
40911	37.5661762	-122.32298
353587	37.5663103667	-122.3233482167
376545	37.5656538783	-122.322807312
145005	37.5657180333	-122.32274515
398453	37.56650545	-122.3218089833
443582	37.7707471333	-122.4301096167
443575	37.7707153167	-122.4300300167
440241	37.77082389	-122.42964643
391109	37.77084553	-122.42870777
312484	37.7631537167	-122.4327134833
293812	37.7610013648	-122.4320845182
210704	37.7497188751	-122.4316842912
370234	37.74883991	-122.43042689
164947	37.7410370833	-122.4227043167
164932	37.7409326426	-122.4227356911
435446	37.74913915	-122.4435863167
152561	37.77745995	-122.40053115
425794	37.7008225697	-122.4711679665
219458	37.6983708471	-122.4707257499
404515	37.6728847	-122.4700182
275102	37.6728513833	-122.4701355667
396718	37.6730404877	-122.4731883104
210159	37.6741930392	-122.4724036416
281679	37.663511895	-122.4637064338
367079	37.7618848833	-122.4143813167
427594	37.7623477333	-122.41415625
88317	37.7845880313	-122.4068248272
184493	37.78470218	-122.40706676
213319	37.7641731667	-122.4654525333
102666	37.7856682333	-122.4305184167
359804	37.7855051746	-122.4295179434
309167	37.7848488317	-122.4289935486
358611	37.7918734667	-122.4223151833
59669	37.7927507667	-122.42273795
202313	37.79616075	-122.42306399
380071	37.8080370833	-122.4211789667
407470	37.8089721667	-122.4144820833
266634	37.8091053333	-122.4149121833
272835	37.808512494	-122.4135625362
258975	37.7950944667	-122.39317135
241976	37.7728377474	-122.3907369982
57130	37.7737308439	-122.3924683741
149807	37.7785164	-122.3929409167
355503	37.7817109833	-122.38765645
244467	37.7867541833	-122.3880906167
358479	37.7926035225	-122.3930160384
154051	37.7930810167	-122.3928921792
406950	37.8073501	-122.41484
406946	37.8071766667	-122.41605375
406909	37.8063760833	-122.41903375
31649	37.8004798	-122.41696315
390679	37.7992565897	-122.4190808965
129960	37.79900477	-122.42073978
221731	37.79778742	-122.42577934
220248	37.7981931667	-122.4270971333
255543	37.79756426	-122.42821103
390894	37.79820132	-122.42852532
358887	37.79773509	-122.42806345
179914	37.7977731667	-122.4290661167
147630	37.7979266833	-122.4297879167
187176	37.7977332833	-122.4321289833
403497	37.7975083	-122.4319401
73969	37.7976151915	-122.4313698529
48171	37.7972548885	-122.4331212044
83661	37.7972362167	-122.4342007833
119691	37.7975206167	-122.4334832
53492	37.7971701108	-122.4339795113
53488	37.7974032491	-122.4337247014
345237	37.7973446667	-122.43437065
320534	37.7971870833	-122.4355095333
331617	37.7973066333	-122.4348848333
331626	37.7971204	-122.4353457167
88358	37.79666685	-122.4376014667
397842	37.7969425333	-122.4364248667
88363	37.79678315	-122.4366605167
28476	37.7969560469	-122.4372705817
116909	37.796815709	-122.4371475883
281754	37.79678368	-122.43837326
140296	37.7991871667	-122.4411506833
140301	37.7991439	-122.4403763333
140302	37.7991439	-122.4403763333
176436	37.79932683	-122.440306
140320	37.7993895333	-122.43838995
313791	37.7993000167	-122.4377938333
342273	37.8001808833	-122.4367459833
286332	37.79961276	-122.43639492
252799	37.7999721899	-122.4361702979
337138	37.8005619186	-122.4383220659
304733	37.8005128167	-122.4381758167
147824	37.8002835056	-122.441470921
331873	37.8002354645	-122.4409528314
406645	37.8001918	-122.4424219333
52711	37.799802411	-122.4434235692
147841	37.7999461333	-122.4433652833
390843	37.7994824387	-122.4456839508
203692	37.7986893667	-122.4441709167
342141	37.79808425	-122.4502292
144855	37.7896690245	-122.440443635
54551	37.78825445	-122.4418941333
291615	37.7879932008	-122.4411837949
109063	37.788111592	-122.4403329145
316541	37.788095877	-122.4405009645
243234	37.7870313167	-122.4400425167
184492	37.787224118	-122.4403125377
81241	37.7865331166	-122.4401528351
372718	37.786502681	-122.4401126989
109980	37.7863019355	-122.4400812525
236796	37.7852236333	-122.4397200833
341090	37.7769105	-122.4383037667
298705	37.7720723167	-122.4372592167
316714	37.7553105333	-122.4200749333
226743	37.7738731667	-122.4173343167
324755	37.7881017	-122.4060087833
309527	37.7609343719	-122.4350382966
206552	37.77118146	-122.43000811
162345	37.7710204	-122.4303198333
336143	37.7710062855	-122.4302523563
352961	37.77185145	-122.4304006667
118647	37.5822378558	-122.3272161431
52927	37.56175875	-122.2790666667
285740	37.572426	-122.316642
297017	37.7878185405	-122.4102902412
305933	37.7877761463	-122.4115562439
346686	37.7860179067	-122.4114609695
82756	37.7857024167	-122.4143840667
303515	37.7873646833	-122.4179740167
80762	37.7851730946	-122.417408824
232401	37.77938038	-122.42169541
305326	37.7757520333	-122.4209541167
559918	37.7700224667	-122.4475730833
80796	37.78276705	-122.4174820667
4514074	37.77216063	-122.436984203
1047932	37.7700193	-122.4493942833
3561818	37.795490349	-122.418504168
2430307	37.801162784	-122.402739589
294061	37.7889418755	-122.4206882353
585385	37.79951506	-122.40748798
227090	37.7693645371	-122.4519944001
94645	37.7919955667	-122.4040969333
164314	37.7521340333	-122.42291765
5014301	37.77728908	-122.407316139
1085162	37.8700659645	-122.3006548242
760622	37.8162241833	-122.2835636
353491	37.7630448862	-122.4262065338
2219769	37.843528379	-122.468482308
2215387	37.8682454	-122.422655455
320540	37.9124207333	-122.3455626667
525017	37.8914529139	-122.2773948629
51419	37.7580158479	-122.4009344248
826067	37.8681269543	-122.2918245044
1548507	37.75088685	-122.42825704
683165	37.7607810167	-122.3953213
519487	37.7751668463	-122.4159153967
552809	37.7996862333	-122.2503362667
1404453	37.80770515	-122.2679382
566276	37.86947875	-122.28689985
1287366	37.76655115	-122.452885467
548193	37.81368726	-122.29040509
518893	37.8788690833	-122.1824461833
1208868	37.67584699	-122.37647175
1231149	37.920538	-122.30655139
1145669	37.7634429833	-122.41119145
1100885	37.8697823833	-122.2874208333
175131	37.78236185	-122.4699468
827466	37.8701914934	-122.2831807632
776424	37.87051875	-122.3006221
482737	37.79112201	-122.40005099
262616	37.6097115833	-122.4005442167
459340	37.6183569333	-122.3931884667
184631	37.7500302	-122.3999058
414769	37.870059871	-122.3014354706
942548	37.7968439333	-122.2759919833
5652728	37.801638433	-122.2743748
74200	37.8745444333	-122.3017768
56536	37.8112502167	-122.2661827
1554802	37.745880743	-122.419860711
1088933	37.7593284845	-122.411583066
5223567	37.759360933	-122.411413717
1079290	37.8703535833	-122.3003817833
3843804	37.86964115	-122.3005516
111049	37.8705714	-122.3009327167
4650485	37.869323633	-122.3000935
704981	37.86965515	-122.3008233167
4502579	37.843895997	-122.252128157
4496783	37.845577683	-122.2520647
4493068	37.844608368	-122.251671072
381679	37.8692471	-122.3007247167
4064381	37.839851433	-122.259032717
282036	37.8054297603	-122.2691588209
3195618	37.80978145	-122.266841183
872469	37.75630843	-122.42036163
725373	37.82670945	-122.2528018667
1735066	37.79939175	-122.24998515
533670	37.7936676207	-122.2526612094
1570441	37.794208433	-122.27617925
1374851	37.801763133	-122.279467483
230207	37.8113011988	-122.2662770748
1373844	37.801500083	-122.273066683
1354838	37.799799267	-122.407553348
709471	37.75264567	-122.42066127
1051473	37.8000658667	-122.2518899167
799977	37.8715735674	-122.2718989849
803519	37.8798210167	-122.2962278167
275685	37.8711132295	-122.3010083596
265439	37.79584687	-122.27626836
533881	37.8015482667	-122.2745940333
1010015	37.8102017667	-122.2465899667
585189	37.8259804248	-122.2529625893
725687	37.8272501167	-122.2515321333
179801	37.8336155191	-122.252651453
935342	37.8787534333	-122.3036053333
555687	37.8083013678	-122.2672934717
947884	37.8684844642	-122.2948389594
371436	37.867239508	-122.3000085354
780725	37.79982275	-122.25002455
745802	37.8702888167	-122.3005808667
725828	37.8265666833	-122.2533957
389656	37.8186157508	-122.2649896145
1388284	37.758697081	-122.419682304
1060782	37.761643	-122.437091
957219	37.7814078333	-122.46035905
981886	37.780468	-122.475886
919375	37.7808214333	-122.4701373667
628783	37.7807886605	-122.4706339881
259163	37.7792730582	-122.4663908021
487027	37.7789626333	-122.4664483
270415	37.7735786167	-122.4693105
990648	37.7768766833	-122.47047915
466975	37.778366	-122.468211
442803	37.7740744167	-122.46749585
1404447	37.7762907743	-122.4658817053
446772	37.7753786167	-122.4682478667
983326	37.7827133167	-122.4608996333
17377	37.7560834	-122.4095135667
920423	37.7627814	-122.39770645
28547	37.751759368	-122.4280573372
574165	37.76497915	-122.4218887833
160483	37.7517926333	-122.4276765667
949785	37.7772846755	-122.4382637581
1352073	37.76687633	-122.38924366
1340049	37.767266337	-122.430674057
20136	37.7530667333	-122.3934322833
2042426	37.65483146	-122.40919655
731097	37.9896859553	-122.2993755341
355524	37.8014602655	-122.2350387528
956709	37.82571953	-122.25472664
1032921	37.560645	-122.317356
1506871	37.56046873	-122.3379082
113720	37.5679468	-122.3247697
500722	37.71801549	-122.48246395
656808	37.9732222833	-122.52922105
664257	37.8184887333	-122.5297136
239648	37.7322039667	-122.4744707167
44477	37.8024261402	-122.4363183975
184471	37.8805293667	-122.29549715
907779	37.75594323	-122.42111939
353660	37.7582419	-122.42109455
1262563	37.760265983	-122.413590767
949506	37.7630963833	-122.4005276167
164595	37.7437678667	-122.4267511167
387402	37.8751894003	-122.2779557945
481507	37.7805106704	-122.4104951169
334579	37.7887418655	-122.406915052
612200	37.7889690499	-122.3898034848
61690	37.9722792833	-122.52133285
109143	37.8584216873	-122.4854359121
469482	37.7817135167	-122.4855181833
512106	37.6500038333	-122.4893898333
440754	37.63862995	-122.4921580167
555956	37.6516773667	-122.4276339167
354537	37.6198820333	-122.4918525167
191230	37.8057596563	-122.2747103444
170640	37.5951972	-122.5020454167
154468	37.76332785	-122.4159430833
315907	37.5644324975	-122.3239186771
38680	37.5640868	-122.3244548833
571166	37.5666970833	-122.32277355
57951	37.7697309587	-122.4493861198
596062	37.5601368833	-122.32018805
24930	37.7901586637	-122.4040567875
766854	37.5775766333	-122.3484736167
39728	37.79104043	-122.4042069912
575588	37.5824559833	-122.35163275
109908	37.6156811667	-122.4062841667
309743	37.5378870736	-122.301680179
433138	37.7906958667	-122.4036031833
248477	37.7898091667	-122.4036012
34692	37.7906441745	-122.4042275074
88537	37.7551029517	-122.4233234917
51826	37.76236245	-122.5068466667
67352	37.7995346351	-122.4107022748
1382195	37.787002117	-122.433396433
738071	37.7946692705	-122.3966485262
521330	37.7821836167	-122.4324074667
779180	37.7866495987	-122.4130639532
201710	37.66458	-122.46765575
34361	37.7895832162	-122.4044163575
56475	37.7895865892	-122.4042645793
24557	37.78278935	-122.4140398333
1450561	37.810580491	-122.244746373
3555923	37.806321891	-122.422513954
571042	37.79583651	-122.4065418352
197666	37.8012405	-122.2702994333
119673	37.7828642455	-122.4669090628
1426366	37.7829388	-122.467442767
244639	37.7541585333	-122.4777625833
352759	37.7803268433	-122.4807662964
122632	37.7803379397	-122.4748129443
111228	37.8688228	-122.26687995
549753	37.77847188	-122.47642683
46664	37.8717791385	-122.2699356079
36786	37.8564683833	-122.2705659833
83693	37.7432819757	-122.4710837183
86230	37.7922019715	-122.4346125126
238667	37.7923384833	-122.4344648333
718002	37.790722	-122.4343059
31370	37.7919560993	-122.4038100243
131044	37.760684448	-122.4373564124
170553	37.7607454333	-122.4365468333
610577	37.7893066475	-122.4079040901
160405	37.7516025333	-122.43031365
424884	37.7601756493	-122.4434261875
166490	37.7649087833	-122.4332860333
94354	37.7883763333	-122.4033618167
166693	37.7597803167	-122.4348908
395892	37.9292053418	-122.5149037059
290607	37.78934285	-122.4026350167
283586	37.7902829175	-122.4039332728
113694	37.7909974944	-122.4040526617
71939	37.7516708333	-122.4284458
253232	37.79257345	-122.4039295
942566	37.7676251089	-122.231771713
152033	37.7378340834	-122.2397256451
608245	37.7274023833	-122.2007330167
1080646	37.7375224167	-122.23940525
39126	37.7751607333	-122.2249691333
37817	37.84627155	-122.29133855
1252003	37.783098217	-122.4612522
63237	37.78760505	-122.4200606333
1144230	37.79865652	-122.40803784
50133	37.7474308667	-122.4272985667
1014579	37.7960314485	-122.4070737794
1209798	37.77615445	-122.418240867
1087109	37.7882398833	-122.40201115
3999904	37.807937383	-122.414105677
3203026	37.71541178	-122.17308717
852081	37.8910959167	-122.2849020667
2669333	37.851562017	-122.29612778
1802820	37.707753236	-122.196803207
825900	37.7147781	-122.1576964167
1077554	37.7010126667	-122.1291846167
1800355	37.700622113	-122.128893501
1794444	37.686969395	-122.129346377
249047	37.8337489322	-122.280660957
695414	37.5552334	-122.2924457
1049644	37.6391231611	-122.4219570487
865135	37.6531008167	-122.4294721167
1049036	37.6621170044	-122.4396972656
756246	37.6713473833	-122.4730243
518295	37.5732492	-122.2997487667
616434	37.74491381	-122.42036718
1273473	37.800874767	-122.427443117
981125	37.7676802939	-122.3921466254
443837	37.7441527929	-122.4208003581
880855	37.7536422014	-122.4103760719
372042	37.57267308	-122.33045405
5347838	37.661097744	-122.117429051
4550066	37.757848491	-122.39038388
95391	37.6752072167	-122.4611034667
1436442	37.780512102	-122.476785192
686373	37.7921412673	-122.4042071933
287685	37.8032845	-122.4601239333
85659	37.8563826438	-122.4799928069
892738	37.8583663845	-122.4848434816
491377	37.7898242333	-122.4037693167
342379	37.796070115	-122.4062570492
270458	37.8585072167	-122.4856746
1599973	37.79602456	-122.27636051
3834277	37.879375013	-122.269156834
721862	37.7971740833	-122.4324298667
645215	37.796955861	-122.4310394831
608373	37.7957358337	-122.4298336001
629816	37.7950964667	-122.4305573
487440	37.7977587356	-122.4510918521
5314516	37.69762599	-122.48254668
3841321	37.700744483	-122.483680417
4291562	37.7014195837	-122.4820446968
2438250	37.734276094	-122.433766327
1464602	37.7345198	-122.433806495
4694592	37.671068271	-122.470978585
4006069	37.6171527778	-122.3829166667
139054	37.86685595	-122.5000429333
90004	37.7974159657	-122.4004840851
111050	37.8705534333	-122.3009272
391331	37.7817105	-122.4094225
326797	37.7313506642	-122.4465097781
161016	37.7938308716	-122.4006347656
533915	37.6738889011	-122.4723755537
255383	37.6746214289	-122.4689569521
397433	37.7021704	-122.4715
574979	37.7925541204	-122.3983577403
20293	37.6993504667	-122.4820832833
285071	37.79120957	-122.39917695
266111	37.79339528	-122.40434056
260110	37.7930119	-122.39592099
159653	37.79491138	-122.39884346
224325	37.79133957	-122.39893877
214079	37.79085618	-122.39915728
157832	37.7718082667	-122.4311917333
26136	37.6887957452	-122.4671316147
129949	37.7718316857	-122.4191507252
417192	37.5363317833	-122.2998027333
417190	37.5363317833	-122.2998027333
417188	37.5363317833	-122.2998027333
518557	37.5630312167	-122.3224338167
756843	37.5376472587	-122.3020742467
591615	37.5369169699	-122.3005475796
591631	37.5374507833	-122.3005127833
487904	37.5662619849	-122.323237488
612291	37.59504055	-122.3855611167
578984	37.5818521833	-122.3465328167
413881	37.5614429833	-122.3182161667
175240	37.5667277464	-122.3237690129
610177	37.5777408876	-122.3505605495
610169	37.5777408876	-122.3505605495
76557	37.5628543167	-122.326131
594237	37.5339796667	-122.3354710667
415318	37.5482406616	-122.3148040771
529006	37.5928497314	-122.3811264038
525332	37.5621245233	-122.3415505886
525289	37.5609678791	-122.3462820053
525121	37.5603215112	-122.3328280449
525080	37.5657304166	-122.3394370079
524529	37.5573957761	-122.337334156
524507	37.5609508695	-122.3408746719
524043	37.5469404667	-122.3351199667
524014	37.5432417611	-122.3480737209
520635	37.56215385	-122.3374042667
520608	37.5561965317	-122.3507773876
520553	37.5499933167	-122.35667005
520453	37.5671676226	-122.3736834526
520215	37.5684424167	-122.3624808333
520196	37.56934145	-122.36225295
520139	37.5799481814	-122.3718702793
520014	37.5747528895	-122.3585772514
520001	37.5628474169	-122.354221344
519950	37.5602109477	-122.3460030556
519920	37.5519862656	-122.3484277725
519306	37.5684262181	-122.3607337475
519274	37.5768786665	-122.3671388626
519187	37.56264715	-122.3378447833
518511	37.5659203	-122.3216573667
513811	37.56303005	-122.3262359333
170338	37.5628651167	-122.3258733667
417175	37.53659175	-122.2996809333
505282	37.5845912167	-122.3663819167
482722	37.5690109167	-122.3618175167
123494	37.5627111333	-122.3241865833
164313	37.56431625	-122.3240616167
107388	37.5789448636	-122.3462712765
303601	37.53409255	-122.32676965
120804	37.5774697578	-122.3459708484
760250	38.0082819302	-122.5475082255
68853	37.8957913	-122.5168331333
398420	37.9721599436	-122.5281633115
1485362	37.972572022	-122.52422044
827322	37.7423661947	-122.4900537729
356224	37.9735370662	-122.5288855191
574035	37.9734543094	-122.5295667414
49224	37.9727966333	-122.53207695
603682	37.97199945	-122.5257834167
391327	37.7536873464	-122.4889299424
402514	37.5854197	-122.3648357
1187716	37.58854383	-122.34925335
1183856	37.5939294333	-122.3652802833
767189	37.7536679772	-122.4828421163
987257	37.9726545	-122.5242475
693020	37.9258365	-122.5289248
166697	37.7598909667	-122.43485785
886192	37.7611478333	-122.4897940833
873737	37.76393165	-122.4696240833
664207	37.7535179102	-122.4914056063
664025	37.7605357667	-122.5038586833
5818709	37.7804718	-122.38296556
30781	37.8709197667	-122.2696523
1322568	37.776538083	-122.396002017
1007908	37.8710694651	-122.26978888
1256696	37.792533006	-122.400552113
988627	37.7775213167	-122.3954379333
137647	37.9304282167	-122.5164199667
612713	37.7664929333	-122.3967419667
57272	37.7955201741	-122.4040204313
325923	37.7597740333	-122.4350511
5218506	37.76324069	-122.24363917
464700	37.7895829377	-122.4208191043
662537	37.7878401512	-122.4026794231
1172157	37.7819462667	-122.3919014167
723349	37.7806104167	-122.4563204833
366370	37.7797535667	-122.4652122667
609733	37.7808906667	-122.4672432667
679080	37.7814317167	-122.3927112
239365	37.7831154333	-122.46782075
652034	37.7810693851	-122.4623586064
452625	37.7921049786	-122.402579529
422188	37.7924511189	-122.4042585625
77444	37.7810873167	-122.4637170333
497545	37.78677791	-122.41022229
106782	37.7910714667	-122.4320421
90858	37.7788921621	-122.4673912825
206578	37.7831569565	-122.4606733364
144065	37.7932827167	-122.4091149667
104514	37.7806362333	-122.4748616167
75890	37.7805205855	-122.4768009551
74138	37.7639559	-122.4637647333
157512	37.752030256	-122.4842814754
907681	37.6656964817	-122.4608905379
273698	37.6956638833	-122.1390914833
1250230	37.6463853333	-122.4921366833
758710	37.5951658439	-122.5034028319
936191	37.5945882811	-122.5039315224
802040	37.5469038599	-122.3085647821
164497	37.7455134333	-122.4269510667
2070611	37.75241402	-122.420604039
164510	37.7454089	-122.4269110833
447187	37.7977377176	-122.1819591522
519375	37.6508187	-122.43065325
820281	37.6743553833	-122.4652435
555507	37.67294985	-122.4709199167
1128692	37.675726	-122.470521
1163679	37.6734385779	-122.4717383417
632804	37.7235379521	-122.4766159058
530147	37.7234554	-122.4769537167
505298	37.7233659333	-122.4802325667
78476	37.7221867833	-122.4805344667
495822	37.7212045014	-122.4791735147
792806	37.7235639095	-122.4804729223
1175172	37.7212206774	-122.4764143409
559010	37.7256768667	-122.4829258333
466168	37.7194437401	-122.4811482054
164687	37.7424185	-122.4264577667
160634	37.75155185	-122.4301999
599918	37.7494375333	-122.4338719333
160073	37.75145945	-122.4329495667
160497	37.7516800667	-122.4271607
153342	37.7518067333	-122.4276089833
1344595	37.751520158	-122.431402481
164466	37.7466181	-122.4270774167
579370	37.7217782	-122.4793937667
262076	37.7052244833	-122.4249994333
249785	37.6945094232	-122.4715518951
554911	37.7515262551	-122.4183720824
160223	37.7513220333	-122.43440325
742441	37.744076652	-122.4208349426
713123	37.7439060048	-122.4244320311
163748	37.7512089	-122.4356694333
40370	37.75140035	-122.4277493833
143763	37.7417348833	-122.4119677
160397	37.7514927	-122.4304831
160588	37.7515873333	-122.4288208167
964189	37.7447525513	-122.4201597421
162282	37.7722976167	-122.4292461167
820437	37.7846797601	-122.4310201881
520674	37.7846465695	-122.4308507623
575837	37.790877977	-122.4107041977
1101365	37.7759362333	-122.4138502
210408	37.7748174	-122.4127007
512157	37.6095059773	-122.4969041348
442942	37.6746242637	-122.4654901028
170434	37.62221435	-122.41104725
128360	37.5770935887	-122.3478031979
143810	37.6968694767	-122.4337649345
230802	37.732483576	-122.4906170368
628749	37.7313696167	-122.4726710833
348745	37.6264872167	-122.4268067833
96894	37.6261763833	-122.4268790333
519419	37.6266824167	-122.4113430833
62520	37.7386272833	-122.4161546167
164657	37.7428940833	-122.4267158667
204010	37.7069222419	-122.4243565031
151197	37.74345985	-122.4267557667
147225	37.70243614	-122.48542606
209853	37.7520937	-122.4207197833
160276	37.75147585	-122.4326332667
65602	37.7514183935	-122.4336361885
42034	37.7513381784	-122.4334694485
35186	37.7892969	-122.4096536667
1956215	37.727425	-122.455075
164833	37.7415968833	-122.4225053333
5351312	37.75038088	-122.38797049
488030	37.76225346	-122.40903955
360339	37.7528087357	-122.4088778415
4836967	37.754125683	-122.479263017
511683	37.7656421667	-122.4105341167
2048378	37.725361586	-122.45229572
320193	37.69906091	-122.47693258
982288	37.74743849	-122.41994585
439402	37.7280949075	-122.4508988857
1219643	37.734135	-122.472586
2693229	37.744753745	-122.42049339
777311	37.7532670837	-122.4185555433
2048394	37.725451937	-122.452283909
427775	37.7262280323	-122.4518966675
2286583	37.691663833	-122.471474183
293369	37.7498828201	-122.4182502452
346524	37.7430772	-122.47763865
1198013	37.743907967	-122.439552517
166673	37.7592951167	-122.4351757333
166580	37.7631206667	-122.4346809333
1040917	37.7243928375	-122.459171064
985696	37.7755314667	-122.41327295
610725	37.7276197074	-122.4509418011
179929	37.7426438167	-122.4754805
192510	37.7411279	-122.4746958
192520	37.5817700225	-122.3618354915
456953	37.6627120972	-122.464553833
267977	37.691218973	-122.4680779426
285365	37.5714292	-122.3106401833
274026	37.655799	-122.4128815
258999	37.6592779718	-122.439494133
236203	37.5871926394	-122.3637052161
128927	37.5775337167	-122.3411536167
213854	37.6852300072	-122.4641508209
202439	37.6179152333	-122.4092033
202352	37.6570092	-122.41508685
197067	37.6937478167	-122.46885245
194989	37.7919125942	-122.399642166
285440	37.8835077667	-122.1836425167
196128	37.765094371	-122.4194450439
202765	37.78784775	-122.4058077833
106805	37.78834645	-122.4233585833
145037	37.7803073	-122.4118333167
138020	37.78091215	-122.46212675
125258	37.7811437418	-122.461835816
443574	37.7629889	-122.4823616
469397	37.7544223833	-122.4769257333
591828	37.7427137425	-122.4809137492
482558	37.7263429657	-122.475547773
107025	37.6933255017	-122.4695681392
375510	37.6827593551	-122.4722216842
42109	37.6726158333	-122.4651123833
161173	37.7692270167	-122.4292217667
280933	37.7766312833	-122.4229340833
480967	37.7815600833	-122.4239682167
335061	37.78396463	-122.41911172
170024	37.7841748833	-122.4184788667
288164	37.7855628238	-122.4111939257
533825	37.78840925	-122.4132548667
459064	37.7840654	-122.4128008667
81479	37.78346185	-122.4413799333
297834	37.76089835	-122.48839807
101805	37.7390095	-122.4157827619
497850	37.7373607006	-122.4716699123
203374	37.7541244262	-122.4960565567
356369	37.76334965	-122.42413139
161726	37.7631276	-122.42413255
161745	37.7634074333	-122.42394705
166289	37.7634435667	-122.4192577667
166279	37.7635173	-122.4177809167
166281	37.7635173	-122.4177809167
224586	37.7660562833	-122.4082404
420830	37.7661949167	-122.40863755
421442	37.786523828	-122.414652163
106734	37.7941366333	-122.40686925
106724	37.7943718833	-122.40674455
382563	37.7945841076	-122.4080646214
175314	37.79621791	-122.40803557
219274	37.797904	-122.4076098167
54340	37.7976131264	-122.4006905232
231448	37.7961217	-122.4044452
417206	37.79626983	-122.4022876
334415	37.7969592992	-122.4031438677
49558	37.7980094051	-122.4047809839
390064	37.7976203	-122.40356155
233020	37.75743597	-122.423155
443884	37.7578098333	-122.4233809667
164899	37.7407305667	-122.4236462667
164765	37.7440706667	-122.4217795
164761	37.74400365	-122.4221168167
165018	37.74398085	-122.42226755
164736	37.74400025	-122.4225471333
164752	37.74400025	-122.4225471333
164748	37.74400025	-122.4225471333
164742	37.74400025	-122.4225471333
225237	37.75329524	-122.40420418
408470	37.6891819	-122.4692128833
183719	37.7430574333	-122.4753413833
255419	37.7542889667	-122.4770043167
99780	37.7646999901	-122.4691156585
170823	37.6868446833	-122.4695002333
170818	37.6868901167	-122.4694824833
164912	37.7403405167	-122.4233204833
15289	37.7586579167	-122.4212121833
278822	37.7621866667	-122.4214494833
221736	37.7743284603	-122.3999789847
341958	37.7748825224	-122.400807185
237990	37.7839771395	-122.4058904687
288006	37.7796099171	-122.4025845197
356017	37.779262	-122.40184652
335214	37.7326091567	-122.4345803261
364881	37.7900364098	-122.3993610752
233160	37.79012668	-122.40430289
144233	37.7900578833	-122.4044264
33495	37.7902398833	-122.4048422167
51769	37.7907459	-122.4053340833
197495	37.7905856212	-122.4052494447
248083	37.79123944	-122.40441119
47838	37.7905987333	-122.4048214333
247324	37.7910993	-122.40437525
51242	37.7906829333	-122.4044791667
83337	37.7898943988	-122.4038094157
253593	37.7897902416	-122.4032101532
151365	37.7887447667	-122.4212313
239154	37.7875823436	-122.4218750057
250106	37.7831211378	-122.4211167805
214206	37.7808199	-122.4204187
314466	37.7729021559	-122.418701205
101899	37.7588143333	-122.3882524333
304410	37.9370724333	-122.5159629833
218158	37.9404129333	-122.5167249833
213599	37.94035985	-122.5165003333
59256	37.96478675	-122.51368535
139135	37.9679113	-122.5217209667
165440	37.9986422167	-122.5358697
337234	38.0056315346	-122.5308609009
292826	37.7448775405	-122.4203555661
146656	37.6205999167	-122.3898230167
192095	37.6203154667	-122.3870986
230489	37.6202397673	-122.3871159554
192558	37.7635650755	-122.480660677
171220	37.763601	-122.47864285
226570	37.7271246423	-122.4329242679
214174	37.7534922	-122.4181822667
96855	37.78337775	-122.4776883833
169059	37.7850265167	-122.48443835
196276	37.7553968211	-122.4211370945
164978	37.7415879667	-122.4223880833
161769	37.7649343	-122.4212551
126329	37.78691525	-122.4462493167
102683	37.7978186573	-122.4361950159
11006	37.7982366	-122.4356961167
147478	37.7985040946	-122.4358347009
102668	37.7990627484	-122.4360609055
184206	37.7988347167	-122.4156359667
117213	37.7879623112	-122.417396871
119984	37.7882386778	-122.4168269655
143531	37.8750458667	-122.2937468667
1055584	37.8022888	-122.2925903
127822	37.8901550078	-122.2723710537
767555	37.8838260667	-122.2966195
733106	37.8844411833	-122.2969551
175898	37.8909241	-122.2989957
980603	37.78932825	-122.4008959277
737999	37.84945015	-122.2587209667
127892	37.89103125	-122.2852589833
165919	37.8910525134	-122.2873055935
483013	37.8911117823	-122.2869408131
740814	37.89100325	-122.2846091333
821544	37.8916261493	-122.2773183882
663694	37.8921537975	-122.2722719608
663626	37.8927751604	-122.2685061416
302932	37.8816260414	-122.2905081511
884337	37.89081465	-122.2904487667
165979	37.891196452	-122.279484272
302964	37.8814783667	-122.2906383833
434502	37.8913755	-122.2794772
309607	37.8912305167	-122.2854596
205143	37.89046245	-122.28679639
394816	37.8903369167	-122.2935121333
596047	37.8879013062	-122.2920227051
144757	37.85649375	-122.4800008
1370297	37.779370617	-122.390376583
748841	37.8407335167	-122.2513747167
48123	37.8131867667	-122.2467427833
1457737	37.8700503667	-122.2660051333
1116387	37.70933275	-122.4948684833
397076	37.8549494667	-122.4790648333
547653	37.7688395833	-122.41453885
148231	37.7719677666	-122.439687252
756162	37.8965897167	-122.63608395
748025	37.7617812667	-122.4240914
565761	37.7833021634	-122.4091920871
469276	37.7694079667	-122.4082357
447830	37.80500905	-122.4130303167
403892	37.787733752	-122.4202036858
371537	37.7069966167	-122.4161610833
361527	37.7080112	-122.4238909
51331	37.8945849333	-122.53065025
5648694	37.808149233	-122.41495409
1414069	37.786830091	-122.440231599
22984	37.8060055364	-122.4283415079
117331	37.5906235546	-122.3495351031
3895417	37.768009581	-122.392641115
335464	37.7915433833	-122.4039357
3901655	37.791997635	-122.402194465
486177	37.77816873	-122.42867302
704324	37.6559739002	-122.4004626274
721898	37.7894392	-122.39771491
72493	37.59804985	-122.3644420167
447691	37.73558945	-122.4264152167
947869	37.7955149755	-122.4016224629
170892	37.68894245	-122.4666444333
971706	37.78436125	-122.43094665
589914	37.7662216167	-122.4570804167
554870	37.68448626	-122.46233105
535196	37.7362610404	-122.4244450594
160290	37.7514561167	-122.4324949167
260295	37.75125008	-122.43236207
342436	37.7943606	-122.4127720833
883721	37.7333028667	-122.4338198
724364	37.8575278667	-122.2932907833
219496	37.7333438	-122.15071225
19996	37.5396442667	-122.3001188333
51668	37.8223805667	-122.3750326667
497176	37.7842448902	-122.4405056372
4896170	37.56074631	-122.3239035
4434405	37.795278936	-122.421614516
1172181	37.78363215	-122.39429742
4377700	37.77598885	-122.386268233
77526	37.7852648667	-122.4111148
1577286	37.773745567	-122.437039117
868198	37.8000102823	-122.4083261883
154343	37.8550299347	-122.4792634573
1393131	37.797906467	-122.430360317
1387974	37.78876775	-122.43160122
466707	37.7722587333	-122.4067350167
53341	37.787615048	-122.4336764216
1238437	37.795772233	-122.395794433
1231497	37.798633917	-122.429458283
64640	37.7985943622	-122.4291193485
1199628	37.7646761667	-122.4131832
1123651	37.80086004	-122.43639767
1080619	37.7660461333	-122.4099588
993179	37.6144538413	-122.3900496987
476166	37.7596855667	-122.4088326167
900459	37.7865530609	-122.405014424
858344	37.7704489167	-122.421813
804513	37.79842925	-122.40210615
758715	37.78868782	-122.43389236
631808	37.5802369167	-122.34552055
160534	37.7517269167	-122.4271825667
355756	37.7936244867	-122.421295329
864103	37.79474605	-122.4220851333
633373	37.7897495	-122.41163921
352649	37.7896430123	-122.412117947
180028	37.7896046833	-122.4126498167
1096137	37.78979307	-122.41165155
650030	37.7898272995	-122.4117781022
1001429	37.7943811285	-122.4131133178
1127878	37.7920832747	-122.4156546593
988591	37.79009193	-122.41180622
411354	37.7902459833	-122.4115392
1241499	37.790458457	-122.414275622
1297886	37.7920438333	-122.4152654167
33007	37.7928583667	-122.4144500833
90525	37.7921732177	-122.4109743387
544345	37.7923079113	-122.4143243791
391015	37.7932739833	-122.41272985
983342	37.7911111111	-122.4127777778
1275272	37.7911607833	-122.4135875167
287212	37.7917342132	-122.4121557083
566700	37.76029945	-122.4092195
1070260	37.7608768333	-122.4110597667
803407	37.76027727	-122.41040962
766070	37.7605963333	-122.41084915
205633	37.8709384	-122.30033565
1537541	37.785058549	-122.464826993
1500137	37.754893986	-122.390178952
433683	37.5860471466	-122.3654551344
17409	37.7531939333	-122.40619315
1334230	37.754909358	-122.390157815
844379	37.7536724	-122.3860231667
1247509	37.83803379	-122.29550039
1290710	37.754786545	-122.39105859
1274694	37.973175987	-122.528212065
88919	37.7927122277	-122.4262322431
1167150	37.789025	-122.404336
949719	37.790222	-122.422294
1415259	37.766497	-122.424322
492519	37.7919645777	-122.4012994766
101813	37.7879107033	-122.4344494975
223360	37.790950387	-122.3992465978
1158809	37.7992163708	-122.4033777507
1201288	37.7888707974	-122.4239380751
78724	37.7923042	-122.4432779833
2332981	37.566408423	-122.324010147
4719133	37.786993343	-122.412290346
795364	37.7979967667	-122.4206589333
649633	37.7894001	-122.4032048167
497685	37.7893433667	-122.41310645
624807	37.7882848753	-122.4093782902
584644	37.7836780743	-122.4072488242
463835	37.79710545	-122.4368002833
61461	37.7880935833	-122.4121268167
500949	37.7930679321	-122.4029464722
433127	37.7933470706	-122.4061187593
321203	37.7900731175	-122.4097867136
942813	37.75076425	-122.20238105
120566	37.6770775704	-122.4653499759
5915895	37.76757748	-122.406822481
839567	37.7834025592	-122.393253791
813989	37.8309477167	-122.2806913
15781	37.8255348167	-122.2534504833
526291	37.8273404833	-122.2649208833
481104	37.8305097333	-122.2808594667
459175	37.8370128521	-122.2961719003
1204530	37.828523483	-122.255706883
1021122	37.89161245	-122.1238182833
5176132	37.828611955	-122.268649867
166382	37.8428051667	-122.25179585
98407	37.62329475	-122.4110794667
1172404	37.8290101167	-122.2491634333
420776	37.9712716	-122.5204778833
376990	37.8223342896	-122.2654342651
402673	37.8324207341	-122.2804927826
1232351	37.756483067	-122.410388883
82728	37.8189388982	-122.2641450218
3426070	37.899047757	-122.307393367
2268138	37.900929273	-122.301419584
1369821	37.8413987	-122.294225683
1403072	37.79968595	-122.40775805
758112	37.8276284376	-122.2507965029
1268106	37.816890517	-122.268631633
23450	37.8086066333	-122.2685635167
419295	37.81959664	-122.24390405
1456414	37.810787333	-122.243914417
1309051	37.810601947	-122.244578262
492039	37.8986300731	-122.3075509071
2267865	37.900941446	-122.302912457
1105424	37.8974486553	-122.3015930714
757335	37.8992724	-122.3091678833
680056	37.8978574833	-122.3024002
201694	37.79461025	-122.3974156333
415758	37.7641078974	-122.2417831421
892826	37.79303032	-122.39984631
192414	37.794220327	-122.3976541312
1007299	37.7954170333	-122.39321445
929184	37.7950284311	-122.39547476
1553973	37.78788846	-122.39992976
1251341	37.818472733	-122.266519183
52172	37.7673477465	-122.4355583044
1425041	37.7635654	-122.4130543167
146046	37.7674075333	-122.4353959167
194753	37.76808215	-122.43575255
592357	37.746711731	-122.4187850952
2073301	37.767837945	-122.392837984
332311	37.7835714584	-122.4177138492
535064	37.80937004	-122.25649911
501726	37.5687448	-122.3256890333
1015092	37.7872681167	-122.4180542833
726128	37.7805449667	-122.4770287167
1208419	37.806082667	-122.4320756
893736	37.7865421402	-122.3993725324
1374067	37.797122836	-122.408545764
82971	37.5649864	-122.3225871667
521094	37.5716497333	-122.3107089833
404493	37.787231404	-122.4101640222
5819646	37.800475933	-122.410524438
381910	37.7951551582	-122.4048407616
5494794	37.787352	-122.407652
4127504	37.788111854	-122.402874945
3926402	37.834610779	-122.292244904
81965	37.7653592167	-122.4070758
241946	37.7825741	-122.46931305
1116738	37.8344093667	-122.2803841333
170384	37.5639110333	-122.3246471833
5177056	37.803843767	-122.416731933
1214284	37.78485185	-122.4091992
1517016	37.780804057	-122.415032981
1184397	37.7543420167	-122.4133342333
617458	37.7947151716	-122.4029772555
786159	37.87480217	-122.45505023
150796	37.87443725	-122.4594768833
266139	37.7538681167	-122.4696376167
150824	37.8772732333	-122.4498650167
158793	37.5532415475	-122.3135022458
150791	37.8754194	-122.46023535
154020	37.8745625833	-122.4593894333
176411	37.8694201	-122.3007445333
180920	37.5619319833	-122.3187330667
214656	37.9032947526	-122.5247240067
175936	37.5643142167	-122.3249624333
93932	37.5630867	-122.3196855333
20135	37.93352935	-122.5357119167
152827	37.5636846	-122.32006935
471216	37.9902681	-122.3350888833
309178	37.85605125	-122.12610755
547942	37.5789865	-122.3365729333
325352	38.0038935667	-122.3019436667
147358	38.0211671667	-122.2625117667
232152	38.0298666333	-122.2656358
120607	37.9908755171	-122.3061148793
443601	37.9557862833	-122.3323144667
147482	37.9772447667	-122.2937170333
139733	37.7627879427	-122.2451238334
35698	37.81251085	-122.2686408667
88275	37.8703567167	-122.3006656
1136153	37.8930041167	-122.11805815
1136006	37.8924156851	-122.1133804321
1297926	37.8931738	-122.117662867
1422351	37.892571483	-122.116783483
935805	37.892364502	-122.1169891357
300364	37.891272	-122.09463512
590032	37.89706525	-122.06887925
683217	37.89130925	-122.0754471667
1009941	37.89209192	-122.11819559
386452	37.8957855	-122.0956419
957163	37.8006020333	-122.4388034333
1199762	37.797119145	-122.421991712
591938	37.7343980198	-122.433670134
1543985	37.797313917	-122.430310233
1706666	37.800573217	-122.4378261
459484	37.8081988641	-122.270128727
949525	37.9681073333	-122.5303905333
857623	37.7970187	-122.4291771
732826	37.7855788833	-122.41810695
359017	37.752993844	-122.5046171025
957143	37.8004403659	-122.4378134369
543733	37.9276038668	-122.5173479319
331689	37.79018837	-122.39708685
400059	37.9276096833	-122.516376
481158	37.797889226	-122.4220957604
33221	37.7914929167	-122.4209883667
475587	37.8076584833	-122.412132
119565	37.9281239	-122.5132202333
360112	38.0047523353	-122.543156147
352677	37.76394903	-122.4165312
435026	37.79920721	-122.44123834
3043152	37.814437141	-122.267048958
513985	37.8584135	-122.4837549167
1499467	37.802136667	-122.4219061
1009119	37.8739876667	-122.50620405
1519486	37.86625081	-122.50022155
1023842	37.8799304833	-122.5245845667
1538335	37.744260833	-122.41685075
1078853	37.77837255	-122.4156584333
1508991	37.7633408	-122.4819417
1009256	37.8741250692	-122.504478693
1171455	37.7893796621	-122.4021177682
1256338	37.778711917	-122.409448833
578824	37.7896414689	-122.402908802
1214507	37.79354107	-122.39601027
738529	37.7729415896	-122.421501148
1124763	37.8391668167	-122.25767125
1029932	37.7943246089	-122.3952331041
118618	37.7391782667	-122.4178572333
987588	37.80616905	-122.4494133
978247	37.74117975	-122.4192011833
966906	37.8739153833	-122.50624015
966257	37.87484585	-122.5045808333
3210506	37.774605571	-122.42658815
3046325	37.80059194	-122.43858838
3057456	37.783677884	-122.416260063
559165	37.7741988833	-122.4442791833
356240	37.77624064	-122.43954133
1127469	37.7654246167	-122.5103541833
356245	37.774476609	-122.4420097317
361247	37.7743930667	-122.442849
508205	37.8038208833	-122.4257009333
531044	37.7715547	-122.42833769
482953	37.7838923824	-122.4072326306
226858	37.79907983	-122.43904107
12599	37.7945029667	-122.4536347333
110758	37.94498795	-122.5329143833
561618	37.9355727333	-122.5354595
544153	37.7754700167	-122.4989104167
309189	37.9751409167	-122.5613024833
306291	37.9726680298	-122.5234942924
306116	37.9767447	-122.5633629667
253492	37.9479641333	-122.5380375333
285747	37.9402964667	-122.5609292333
183264	37.8977844397	-122.5145702956
259136	38.0031878333	-122.5442487167
235923	37.9468073333	-122.5240072667
208915	37.9324141042	-122.3346826467
132570	37.9471163251	-122.5086875869
109624	37.9280593275	-122.5187407263
109444	37.97369275	-122.5346955
3262744	37.895528361	-122.534949173
3022287	37.909509531	-122.686014825
57939	37.88075565	-122.5256932167
215965	37.7963764833	-122.4117697667
1350859	37.66726422	-122.36787956
1863298	37.8673822667	-122.2989845667
1484515	37.7714496333	-122.2192765167
51784	37.7718304833	-122.4321778833
209552	37.6780938667	-122.4664238333
377969	37.7877180667	-122.4008735833
1376889	37.790083602	-122.410215061
321152	37.790010666	-122.4104200371
890428	37.7812082962	-122.4116932523
337230	38.0019927	-122.5333640667
417351	37.563162	-122.3233738833
86672	37.5647822167	-122.3247154
3829906	37.78194215	-122.404514557
651920	37.56379705	-122.32065081
1414765	37.672521472	-122.0850938559
644867	37.5427073833	-122.3026392167
1407627	37.578964125	-122.346532563
3937083	37.577014241	-122.339258246
502204	37.5651465167	-122.3248572667
978046	37.5643571333	-122.3222602833
2769171	37.57886313	-122.345914507
154549	37.5769097833	-122.3471312167
839569	37.5765700128	-122.3499091296
678501	37.5785182	-122.3454260667
112111	37.5786613333	-122.3437543333
102634	37.5632078	-122.32404255
953658	37.5919635709	-122.3819264104
1136756	37.56848595	-122.3289317167
976682	37.5662647667	-122.3215882667
306440	37.5792796397	-122.3532446397
4933559	37.7860704	-122.4017123
1543277	37.7700277902	-122.4501478672
1380353	37.789883167	-122.433656083
952413	37.771991612	-122.4502750445
1010425	37.7732220333	-122.4359446167
206980	37.7675598123	-122.4357926846
697745	37.761289845	-122.4207092822
197169	37.7638556	-122.38953175
549588	37.7768363437	-122.397132014
1309635	37.7515692	-122.43101785
20128	37.7992520667	-122.4487369
978256	37.766582521	-122.4322061104
337206	37.7508668833	-122.428659
1048085	37.7533489	-122.4206777
417451	37.7519092833	-122.4254396333
160494	37.7516723833	-122.42733795
160234	37.7513945833	-122.4338643333
49762	37.7746327659	-122.4162179232
239146	37.7883117828	-122.4202655221
678105	37.7649856989	-122.4131821616
160065	37.75151855	-122.4326783167
491500	37.7513965167	-122.4297626333
160576	37.7516634167	-122.4284132167
397127	37.5381715833	-122.30122285
160538	37.7518242	-122.4274556833
520998	37.7518023891	-122.4273693633
758452	37.93907245	-122.2780630167
669203	37.76569077	-122.42184257
1519698	37.77790611	-122.397871614
5817709	37.783557567	-122.391663567
907893	37.7581256642	-122.4087172729
663510	37.7607669833	-122.2439811667
1349277	37.75933623	-122.474528583
281467	37.890594	-122.51732055
48138	37.8959987667	-122.5352091833
616325	37.7937776167	-122.4007557396
43569	37.7512121636	-122.4358497896
5449114	37.802287775	-122.424426065
487146	37.8006904427	-122.4370044895
39668	37.7876566833	-122.16612545
457424	37.80022455	-122.2708832057
603072	37.8008239386	-122.2710835934
399033	37.8984099539	-122.3076581955
600134	37.80032895	-122.2698056833
599970	37.8004515489	-122.2707190877
738238	37.79059745	-122.39676785
209950	37.8000819	-122.3943062833
154477	37.7865507968	-122.3978302918
917450	37.7879393167	-122.4131820333
1308971	37.772161455	-122.39671404
669006	37.7814041362	-122.3879825446
39177	37.7731276473	-122.395477924
705216	37.5647201538	-122.321144104
510098	37.56373184	-122.32107657
420884	37.5640583	-122.3205327833
539578	37.5631690824	-122.3239547807
596069	37.56082815	-122.32081305
596118	37.5619537833	-122.32302385
596142	37.5602790833	-122.3219657167
999558	37.5632058743	-122.3252830626
596262	37.5636095184	-122.3251263536
596246	37.5634996667	-122.3251847333
166606	37.5646961333	-122.3238380333
486826	37.7711623667	-122.3980904
342303	37.772142	-122.392542
132088	37.76417231	-122.39634108
596091	37.5611530333	-122.3211689333
1324412	37.781861848	-122.439321565
102546	37.7712032333	-122.40962445
553545	37.7348067836	-122.4680006504
466260	37.74106839	-122.4662840366
600465	37.7392458116	-122.4672669015
120026	37.7392722333	-122.4672099
1389056	37.785452103	-122.405247563
1016720	37.773282	-122.48029865
555599	37.7795502167	-122.4780408333
555304	37.7798553799	-122.4772559695
67323	37.7807744073	-122.4758890271
413973	37.7777704304	-122.4228000641
755488	37.7622018	-122.4388874333
774389	37.7754521333	-122.4324375
724469	37.7507427833	-122.4293002333
1525672	37.76782587	-122.424790546
1436498	37.7789411667	-122.4021851
1204242	37.826539183	-122.210151367
668443	37.7841496333	-122.4014282167
606990	37.7922836	-122.4003829
1080870	37.8006131	-122.2691096
1036223	37.78040432	-122.41248655
361681	37.787511899	-122.4335887597
1096987	37.66937988	-122.47897028
566947	37.7229551736	-122.4620619781
525877	37.77801745	-122.4394486833
517127	37.82463008	-122.37182205
1578082	37.8905233251	-122.2970151901
269945	37.9023064923	-122.3027235067
731596	37.559498	-122.26841
42953	37.5446451692	-122.3056191297
172191	37.54508775	-122.3054357667
624490	37.561832075	-122.3180827562
521304	37.5637337225	-122.323060893
360535	37.544365813	-122.3058639715
28967	37.7517325	-122.1466961333
969639	37.79721009	-122.43619501
67087	37.7822646907	-122.4944257736
27197	37.7892838208	-122.3982848423
1553722	37.8813679	-122.274005783
171317	37.8794518331	-122.3015320301
1530506	37.767150691	-122.429196018
1374107	37.859237217	-122.486012733
161609	37.7653397833	-122.4497817167
92461	37.7758602394	-122.4461865464
976568	37.7880858992	-122.4097468243
454178	37.7893143604	-122.4407081265
242867	37.8787831667	-122.4581456333
420437	37.7936749907	-122.4013095197
1538178	37.829387784	-122.2557359934
1523680	37.61515891	-122.39033651
885710	37.7939395224	-122.4013416351
388418	37.7939318003	-122.4015007276
3920760	37.53664922	-122.33837306
772396	37.76347649	-122.41673928
475672	37.7631804	-122.4172281
739564	37.7616894752	-122.4208377977
719310	37.7638142167	-122.4172295333
625166	37.7400709333	-122.4667973833
874642	37.5864805254	-122.3336446514
469772	37.5888504393	-122.3599457152
928987	37.59905368	-122.37510877
1013863	37.60270982	-122.37998199
604265	37.6500371	-122.40796172
1001466	37.6508040833	-122.407296
27944	37.6469345093	-122.4052276611
607956	37.73843745	-122.4678793167
755693	37.7315869	-122.4530097667
226675	37.7315299491	-122.4524273566
93602	37.8935489833	-122.2965447833
896596	37.7767973667	-122.4727616167
825806	37.7389899488	-122.4160269473
1123671	37.739122271	-122.4172756527
1237600	37.741897106	-122.405594995
1233243	37.7390745755	-122.4160194397
633296	37.7119018167	-122.4556307667
183353	37.7410042667	-122.4648537833
757009	37.7222441333	-122.4146450667
183251	37.73668855	-122.47048865
657287	37.7706844667	-122.2307293333
451268	37.7393450167	-122.4183644667
770510	37.773924653	-122.4250021577
888200	37.7989387167	-122.4042120333
53297	37.8059804	-122.42644735
740325	37.7583472833	-122.3982546667
233085	37.7802256859	-122.4833390811
4716769	37.76823948	-122.453963233
4705846	37.794984215	-122.404737438
3837917	37.792644555	-122.4067198
367434	37.6472076299	-122.408144474
2833173	37.79471416	-122.404527968
1373177	37.797611392	-122.402566376
237589	37.7883778667	-122.4702366
1537475	37.786075876	-122.454718074
1529776	37.791299267	-122.40567
501315	37.7920150757	-122.4022598267
549773	37.7823730692	-122.478187587
543001	37.7646520167	-122.4238149667
183614	37.74332785	-122.47111875
144803	37.8846977	-122.0933905833
142448	37.9059191048	-122.5477666805
135945	37.9150842667	-122.5528182667
1122003	37.6434782536	-122.4260079861
227168	37.7530003378	-122.4059965872
1589345	37.7524108997	-122.4156224728
1559185	37.7513971859	-122.4182885885
162311	37.7390726	-122.4169027833
1538665	37.7839351291	-122.4827313423
1246381	37.674298717	-122.478794033
1174864	37.6746951667	-122.4794653167
1503147	37.7076161085	-122.4171674252
1157808	37.7599009234	-122.4213194847
352645	37.7526993178	-122.4096894264
226469	37.6147288333	-122.4055404167
287733	37.6569506976	-122.4371016026
1151486	37.7576314167	-122.4103626667
276349	37.6545961167	-122.4370320667
972044	37.7979885333	-122.4803909167
175082	37.742697339	-122.4817979336
1557923	37.789488219	-122.406497996
1557654	37.789498614	-122.406274299
1035977	37.8566479333	-122.4781867167
359528	38.0198186167	-122.5223282667
224232	37.6262213939	-122.426519053
99612	37.7718976807	-122.413789486
481782	37.7906641716	-122.4053116683
247547	37.7217051302	-122.478604427
1162888	37.725759	-122.473519
1262732	37.7276451646	-122.4768412113
792579	37.723655	-122.47374
397666	37.6273068	-122.4260796
723423	37.7275935526	-122.4770308285
1393035	37.72782325	-122.476980683
757727	37.79097825	-122.40524172
718681	37.786284363	-122.3975656527
427558	37.7819737167	-122.393854
261805	37.625992	-122.4260487
845722	37.6261169391	-122.4259593151
879930	37.6264721294	-122.4263652835
704543	37.61703995	-122.4083897833
513069	37.6173397167	-122.408748
872882	37.617970758	-122.4096679688
956905	37.6184533667	-122.4096833833
574834	37.61423225	-122.4154918
748121	37.7640326167	-122.4680409667
1507532	37.730190997	-122.123322203
2738758	37.718283817	-122.1475262
1296552	37.786598367	-122.1878486
1162943	37.7438599667	-122.4479876833
162558	37.61860155	-122.4097496167
1079849	37.74881511	-122.41810435
854566	37.7513917	-122.43357193
1105303	37.7482954667	-122.4183202667
160973	37.7694049333	-122.4276104833
1100127	37.748254371	-122.4202188091
285545	37.753195564	-122.4183744192
790943	37.6293214	-122.41633445
766141	37.7130335	-122.4292843167
5060900	37.787316	-122.401119
954402	37.78302895	-122.3979282833
1374097	37.783606524	-122.398665692
46009	37.7887681646	-122.4209976196
147940	37.7924048	-122.1785792
3459622	37.799815305	-122.440423632
3561756	37.799581166	-122.439122396
4542500	37.784754657	-122.404087687
1552385	37.99758494	-122.53082906
4296155	37.802733	-122.43582
4258972	37.792718737	-122.399779614
1081229	37.800615	-122.409176
1145770	37.80020335	-122.4101636333
566706	37.798967	-122.41139256
1225404	37.8001123	-122.41085559
1219606	37.799928383	-122.412583483
3561648	37.78651648	-122.40191161
1137145	37.7888993	-122.4020341
3737811	37.78786045	-122.408423
416928	37.790738001	-122.3973796355
117153	37.7939973	-122.3996933667
1224170	37.784736633	-122.404975891
1474666	37.782452817	-122.394448517
955396	37.788641	-122.395955
2675627	37.7780717	-122.40276935
1259122	37.79248375	-122.4034455
1065328	37.7859823258	-122.3959706477
2784876	37.787111599	-122.40312295
3605148	37.88120817	-122.524685003
1070337	37.76896245	-122.4358627167
883767	37.7768923	-122.4228841
155182	37.7772298288	-122.4249055982
570716	37.7740900213	-122.4201178551
1370766	37.776553567	-122.424492217
719240	37.7761271	-122.43117385
1520126	37.773520701	-122.434957648
386139	37.7763470667	-122.4277562833
581446	37.7684658333	-122.4362222167
44088	37.8702292588	-122.2841084003
682828	37.7866627333	-122.4126998167
326722	37.73115955	-122.3928270167
457872	37.7369634667	-122.3942222167
1425638	37.727921417	-122.403788183
495700	37.7902019	-122.4040063
1231108	37.7388281	-122.4046035
509980	37.7341958669	-122.3908388615
513258	37.7322783	-122.3915744833
509994	37.73979785	-122.3888618667
509946	37.7292659234	-122.3926413059
502827	37.7320900667	-122.39163695
150690	37.7876044389	-122.3992423367
43185	37.8726349332	-122.2933567796
464702	37.8635771263	-122.3178035546
1006017	37.759231925	-122.4214267731
1010008	37.7952707	-122.2743843
2202036	37.799989962	-122.272246494
711207	37.8000101086	-122.2736370564
1000887	37.7991402604	-122.2710807961
1246229	37.7972735	-122.276737083
846312	37.7999908145	-122.2749558314
857961	37.7963119333	-122.27121375
285918	37.7995808	-122.2717251
3323640	37.795408	-122.274273
1056465	37.7989881667	-122.2710994
1241834	37.799854133	-122.27238315
840927	37.79939675	-122.27170449
1176954	37.7954436608	-122.2726877828
35256	37.7995235176	-122.2721518098
355161	37.799585762	-122.2727166323
219434	37.7994477503	-122.2727293613
1333332	37.799013567	-122.27274
446629	37.7970429442	-122.274903059
255276	37.7989661833	-122.27330415
857745	37.7986429754	-122.2731771423
1375216	37.7974244434	-122.2722315788
1278436	37.79827386	-122.27349048
610875	37.8990830087	-122.2986030579
2241372	37.890771093	-122.298851669
1589150	37.8905666	-122.297923571
1355799	37.898589132	-122.300039438
229873	37.8988316833	-122.2994244167
1387290	37.895035383	-122.290636
275937	37.8984073641	-122.2988864007
792877	37.8918080833	-122.2987357833
788214	37.8967817333	-122.3008485667
848806	37.8964288512	-122.3005342484
455845	37.8924969333	-122.2997635833
1049774	37.8925578167	-122.2995665833
507016	37.8925553876	-122.2987532616
123010	37.8729575483	-122.2684437462
303736	37.86720287	-122.27191275
748861	37.87113356	-122.26810073
903497	37.8681925652	-122.270244906
132143	37.8684799	-122.26991063
228910	37.8691249006	-122.269553988
1364714	37.86677104	-122.26804399
2777354	37.86709141	-122.26768535
977497	37.5986036667	-122.3865457833
1419128	37.881080517	-122.30577525
1143923	37.8791373968	-122.3033183813
779803	37.8791369167	-122.3027724833
717532	37.8807047167	-122.3032536833
214815	37.8814301667	-122.3033262167
1458128	37.8690311	-122.2681632333
1408401	37.7815863293	-122.4045825005
963794	37.7818660667	-122.4046771667
607786	37.779701597	-122.4064095976
689783	37.8697888498	-122.273068428
74203	37.8693563167	-122.2726926833
1083859	37.8691682	-122.2724555167
780221	37.8329127667	-122.2851221
52098	37.8286764	-122.28674845
1122958	37.8298819667	-122.28611905
53607	37.83310395	-122.2807408167
538011	37.8292961333	-122.2852754667
723678	37.8317767285	-122.2823703289
1407441	37.829694	-122.28457
39045	37.8235610667	-122.2806997167
1380368	37.831799388	-122.278536732
694712	37.83101435	-122.2764028667
776213	37.8275723833	-122.2824655167
1204515	37.829928233	-122.280674983
795056	37.8274926	-122.2793813
1332648	37.842337716	-122.26980788
588076	37.8476466	-122.2863818833
1328947	37.844065233	-122.277986317
786737	37.86706298	-122.26830601
454155	37.8660785833	-122.2678033667
1163028	37.8660209168	-122.2665680945
641785	37.7875466199	-122.4024102033
947683	37.7876962	-122.4018411833
1193411	37.781626	-122.404438
473410	37.7810054667	-122.4042903
65028	37.7798342167	-122.4052654667
492652	37.7867644548	-122.4347164562
391584	37.7721126167	-122.4083133667
5719024	37.893649071	-122.299797773
716243	37.8908719167	-122.2851188167
1314397	37.86476635	-122.492330317
348463	37.8906145833	-122.2891604667
518838	37.5645570158	-122.3237390615
749262	37.7960032158	-122.405223281
162424	37.8915859314	-122.2778213024
712977	37.86096725	-122.2899370167
693986	37.8140939667	-122.2920063333
676729	37.9003835966	-122.3072455016
321137	37.8814028167	-122.2809347667
342437	37.8621428575	-122.2811353826
166000	37.891196452	-122.2785186768
269362	37.8909008833	-122.2884356667
227124	37.8268165	-122.2652574
266800	37.8186009	-122.2618361
244640	37.7829781809	-122.4635413387
192275	37.8705872997	-122.2675545607
171618	37.8810343167	-122.2887517667
107482	37.8719063333	-122.2702502
79098	37.8688165833	-122.26753795
1141260	37.8699964285	-122.2927504778
482715	37.8139581242	-122.2459658041
1522748	37.730374	-122.199012
261392	37.8064674833	-122.27219855
1784747	37.7879033289	-122.4074363708
1286094	37.722541133	-122.152256567
309051	37.9065121833	-122.3051797667
1566924	37.7731402085	-122.3914933205
1383968	37.695911017	-122.077656617
464400	37.6911159	-122.1525772
687735	37.7945620833	-122.2523405333
1247594	37.762157167	-122.408243133
410740	37.7386534532	-122.1440265053
577747	37.6700054485	-122.0826111336
510761	37.8012732368	-122.2733044624
482882	37.70248293	-122.07318824
846135	37.7885307598	-122.3981720209
1415132	37.86944735	-122.29092866
444341	37.7990479623	-122.407269902
125820	37.7917150655	-122.4041977451
58424	37.8555676	-122.2665893333
566161	37.7586322731	-122.3957028232
825614	37.76592916	-122.40809237
249341	37.77934467	-122.42173826
600523	37.8394239324	-122.2513130307
568745	37.8171330833	-122.3718701333
1473192	37.78639965	-122.413045817
360758	37.7765081667	-122.4077238
1008453	37.8050299667	-122.2578711167
1141194	37.7882849167	-122.3959396333
229114	37.8704738617	-122.2667330503
86087	37.870563069	-122.2679761947
165968	37.8914081259	-122.2807502747
431785	37.5674392984	-122.3237211344
758411	37.711052353	-122.2156550237
139958	37.8469104667	-122.2630152167
623419	37.5446776603	-122.2916795461
840335	37.5545494518	-122.3073883397
1338209	37.62970265	-122.414584267
365447	37.6267533994	-122.4248890935
867432	37.61301335	-122.4048403667
175425	37.6271656833	-122.41662075
892716	37.7885749789	-122.3995025964
464014	37.78902855	-122.4009196333
1382853	37.783309338	-122.435444543
1549365	37.763365909	-122.432768963
487070	37.7819244599	-122.4138799532
3200598	37.694688168	-122.075572901
1088709	37.6956024561	-122.0779919349
1030639	37.7046560167	-122.1556234333
654994	38.0171918667	-122.2739012
1158414	37.7785214197	-122.4025688121
43027	37.88145655	-122.2741346167
535323	37.5652459833	-122.3220569667
492798	37.8562736611	-122.2896094671
189900	37.9161341	-122.310646
354700	37.8527887478	-122.2936141491
632607	37.78205605	-122.4851802333
254853	37.5374757129	-122.299482407
131670	37.8059815355	-122.2708908091
986375	37.7398752	-122.22453185
525731	37.8084090833	-122.4161161833
1060819	37.8905804776	-122.2885447741
411222	37.8905948167	-122.2876019333
376374	37.86880685	-122.2931176667
1158209	37.8788861	-122.2831181
570819	37.876250651	-122.272243689
1110962	37.858757019	-122.2802276611
430430	37.867220502	-122.2747886532
313805	37.8911541172	-122.2859215736
507519	37.8855515	-122.2749938
577040	37.8910120147	-122.2811887601
517380	37.8915354	-122.2780024167
125754	37.8489268167	-122.2715346167
170114	37.8691929333	-122.2700405833
469293	37.87820142	-122.27574008
712876	37.7556541	-122.4165829
562327	37.7596882619	-122.4181478955
356786	37.75678586	-122.41298836
452688	37.75837981	-122.41916197
1010412	37.7607321	-122.416279775
1061407	37.7556675167	-122.41488535
774097	37.7606258167	-122.41681385
123312	37.75755155	-122.41892495
239261	37.75716334	-122.41858136
1252339	37.758087486	-122.416821881
937875	37.7578454667	-122.4152529833
472783	37.77021336	-122.40533256
142979	37.8787489595	-122.3057591915
1040323	37.8002848333	-122.44868845
90825	37.7561528833	-122.4238874667
44978	37.7561628833	-122.4240898333
1030703	37.9108357333	-122.3080444333
1204094	37.92208802	-122.30659765
1346868	37.91853749	-122.30688905
831905	37.9144835833	-122.3109950333
1376785	37.918011	-122.30698752
1343149	37.9154503139	-122.3119819164
899293	37.9178471667	-122.3136451167
1200232	37.9177872787	-122.3128863018
784494	37.8398941	-122.2631897333
1584446	37.844891	-122.270333
373156	37.8489611824	-122.2682615493
682904	37.8459102833	-122.2646778667
1225617	37.85049515	-122.278852633
913423	37.8459687167	-122.2848511333
266137	37.8347528167	-122.27188095
5054840	37.843696044	-122.284036883
5648554	37.840596319	-122.283307806
1319543	37.76094317	-122.43616818
210756	37.7605852167	-122.4357311
4603799	37.7608848339	-122.4350094795
5449984	37.75248205	-122.41805368
507597	37.7530725632	-122.4202358723
864209	37.7520161577	-122.4200025691
947850	37.75226753	-122.41893804
346115	37.8498493167	-122.2706468
1467415	37.849536894	-122.271556639
852236	37.8497685833	-122.27706675
731351	37.7844332855	-122.3924186826
1939442	37.8407081	-122.285511883
1235933	37.8482758999	-122.2719311714
441536	37.84414619	-122.28322255
492158	37.8426641833	-122.2778998333
2785098	37.756217265	-122.251135195
342002	37.7687302038	-122.2256040573
1547952	37.78923907	-122.400334554
171160	37.7633319149	-122.2435851893
370978	37.7917647332	-122.4028034962
353132	37.7633633766	-122.2435510765
573884	37.79371005	-122.40504753
1014895	37.8934757333	-122.1109373
2069837	38.006912833	-122.290578217
1496768	37.800899467	-122.273391417
5161705	37.787613044	-122.40655554
696522	37.75885802	-122.41071009
409844	37.7453918167	-122.1970657833
1517294	37.746155	-122.19550135
4000732	37.762126567	-122.409558267
3991600	37.756164717	-122.419043383
3849929	37.841369467	-122.293798067
505252	37.76220399	-122.24343276
466943	37.8616145167	-122.2921196
1034887	37.8411864667	-122.29353335
1204535	37.7646982667	-122.2422766667
2258932	37.778637933	-122.263700333
1030733	37.6881081752	-122.1384768422
1337226	37.781314983	-122.4024152756
1079355	37.7823502924	-122.3987273572
100977	37.7816358	-122.4461998667
1097019	37.780063722	-122.443831726
133400	37.7767443439	-122.4466717243
99449	37.77940995	-122.4446728667
941032	37.78151351	-122.44720244
250115	37.77733715	-122.4492462
964309	37.7857143333	-122.43150095
378582	37.78144545	-122.4437752833
663351	37.7812886667	-122.44343505
99465	37.7814211333	-122.4434282167
378578	37.7814688333	-122.4438955833
448777	37.7814325833	-122.4442146167
663327	37.78128945	-122.44324
663331	37.78131035	-122.4432979
663337	37.7814291333	-122.44332825
663340	37.7814354833	-122.4433348667
378576	37.7814574167	-122.44394225
242072	37.7812018	-122.4434561667
242076	37.7812018	-122.4434561667
378570	37.7812824333	-122.4438673167
378565	37.781247	-122.4437451833
571040	37.7813617833	-122.47717315
499838	37.7805405568	-122.476751504
464540	37.7806535722	-122.4764978886
326885	37.7807235294	-122.4756409228
99458	37.7798622667	-122.4434726333
2070158	37.784161953	-122.407656868
849010	37.6987417	-122.4820546833
5002450	37.675744638	-122.385289946
1060596	37.7664063648	-122.4099898338
5436380	37.675742467	-122.3849619
5341453	37.675812917	-122.384932933
5235733	37.6005132171	-122.3993092775
486672	37.7762347333	-122.26181975
1086800	37.7393141007	-122.2003289018
207518	37.7931244333	-122.2720175167
629268	37.8396566	-122.125774
939789	37.7776820667	-122.2522444
1322644	37.773739083	-122.2601986
1035449	37.7948256	-122.2545545667
1268519	37.80376945	-122.231271783
1137142	37.7762532833	-122.2411947
608175	37.8362422834	-122.2924554348
421770	37.8359332667	-122.2923037667
574253	37.7637630667	-122.2433249167
930653	37.7640947667	-122.24313315
871850	37.76386225	-122.2422394833
865523	37.7633703465	-122.2435572258
681501	37.7941589355	-122.4059371948
599244	37.7960911167	-122.4074875667
575365	37.8807622	-122.18595185
1339589	37.801508957	-122.274834527
557163	37.6424151833	-122.4261087667
1278163	37.78249921	-122.233331629
38557	37.8085083833	-122.2497918833
1166924	37.8070661833	-122.2552513
15567	37.8072488167	-122.2562026833
1166913	37.8068729	-122.25586655
16422	37.8048416333	-122.2574992167
42595	37.8073863667	-122.2588284333
33068	37.8081102833	-122.2591546
33578	37.8076021667	-122.2600990667
33056	37.8059733	-122.25801555
56519	37.8113817667	-122.2614069833
27761	37.8101132	-122.2630963333
1323144	37.8114522	-122.2668668
1166990	37.8053071833	-122.2508606833
239744	37.7639644167	-122.2425051667
1157038	37.7012121	-122.12529289
292992	37.7016709667	-122.1263590167
399088	37.7020189	-122.1257130833
818585	37.7007861667	-122.129428
241995	37.805833882	-122.2771024704
335685	37.8092329901	-122.2639167309
1209740	37.85540095	-122.26678855
1161183	37.8810353913	-122.2437411547
358441	37.8655162	-122.2227716
544111	37.6977484333	-122.1303017333
1231795	37.765731617	-122.2429761
1095311	37.7930837167	-122.3979249833
898551	37.7912138554	-122.3994452034
210969	37.7635057041	-122.2431457043
3995038	37.7962898	-122.405536583
3471639	37.795905664	-122.406583831
1547574	37.796348572	-122.404602051
1652864	37.795853809	-122.403693509
102862	37.7623571167	-122.3965005
3797387	37.760481869	-122.410146119
1535511	37.777135167	-122.408568983
1528109	37.7772478489	-122.4088780582
556636	37.77661943	-122.40912467
848892	37.77642732	-122.40844869
614902	37.7765104667	-122.4080853333
306300	37.7729724167	-122.4100358667
392539	37.7645976667	-122.4017017833
792654	37.7705812893	-122.4095956654
382378	37.768010715	-122.4101091434
506342	37.76530182	-122.40743535
243089	37.7718085879	-122.4057332191
2158711	37.738688741	-122.402822189
1508285	37.792395007	-122.42124688
1439490	37.779548678	-122.413772741
482479	37.7606760167	-122.41890655
1382205	37.61671445	-122.496179767
963072	37.7916241167	-122.4209427333
1124287	37.8081392	-122.2192492
1108873	37.7799536067	-122.401043853
611232	37.7787281753	-122.408315933
994426	37.7599739088	-122.3885865997
809471	37.8511871	-122.2903759
767591	37.79092937	-122.42236912
5773259	37.6225506	-122.411236683
1093919	37.6306790113	-122.4367529154
155396	37.7306679562	-122.4414559238
1483926	37.80386687	-122.26984436
347757	37.84111975	-122.2515678333
75022	37.8357847248	-122.2508060932
377174	37.8348315667	-122.2495442833
75875	37.8339592833	-122.2502156
1176995	37.8259994924	-122.252831161
857716	37.8245757695	-122.2545531392
765829	37.814118118	-122.2465954499
39527	37.80804355	-122.2571498167
4492956	37.799956	-122.378623
3012090	37.80220699	-122.41802549
561022	37.7709117333	-122.4830484167
183872	37.7693258667	-122.4525743667
183878	37.7696280167	-122.45186875
676855	37.8064352167	-122.2703832333
676145	37.7780249333	-122.4126101833
4068361	37.7752661705	-122.4030482769
278809	37.7940318708	-122.3964418628
1130799	37.7522213333	-122.4016725833
1025204	37.59229922	-122.3546198
1133096	37.7700043167	-122.4526338833
1130826	37.7880728858	-122.3957561565
505938	37.791805844	-122.3995996043
949758	37.6628803569	-122.1182214837
535424	37.6482030354	-122.4534911627
526389	37.69809745	-122.18911405
936670	37.7819137573	-122.4098510742
123980	37.77760385	-122.4007093333
1334043	37.751470974	-122.431938266
160430	37.7515368833	-122.4301020167
678132	37.7513375667	-122.4285397667
759412	37.75129222	-122.43315917
1310837	37.7503662	-122.42798445
854841	37.7513917	-122.43357193
225447	37.7975696216	-122.4319490519
610182	37.7260014833	-122.4641725333
4640119	37.762080431	-122.4690949917
4379015	37.7581375837	-122.5019305944
3530024	37.74324	-122.472576
96657	37.7405672	-122.4663991333
1286609	37.78229775	-122.4542165
756104	37.7254468203	-122.4630707502
183625	37.7433133833	-122.47229655
183364	37.7409117667	-122.4656147333
183222	37.7383844	-122.4685667333
803208	37.5783888333	-122.3468064833
428170	37.7964034501	-122.4235764411
367138	37.5795396486	-122.3455361723
369647	37.5866206	-122.3833751667
279671	37.78800095	-122.4337660833
149616	37.7929141485	-122.4012994766
435854	37.8011224647	-122.4334107757
492373	37.5850816667	-122.3753176833
827690	37.7463830411	-122.4970997831
800707	37.76158231	-122.4263556
779794	37.7697978333	-122.4364021
218922	37.5767318167	-122.3489657667
391207	37.80165375	-122.4391309
345915	37.7968890833	-122.4358159333
453434	37.7722304095	-122.4169506355
433561	37.78822305	-122.44831405
241640	37.7960236167	-122.4370293833
109528	37.8009302667	-122.4384913
534603	37.7505839	-122.4049288833
863385	37.8014344	-122.4335181167
435426	37.7533832333	-122.4310745667
497797	37.53690285	-122.2958819
439620	37.8987862667	-122.5282236333
765658	37.7466049553	-122.4324801312
479365	37.7439953783	-122.4225672441
721129	37.7592388333	-122.4117403833
643291	37.7528974667	-122.40630995
331282	37.5547286833	-122.3006131667
226752	37.85276195	-122.2658681167
66399	37.59648385	-122.38634295
66089	37.725786764	-122.4507808685
1369138	37.568269815	-122.274675005
803864	37.56484168	-122.32075703
369510	37.78002535	-122.4194000833
5647098	37.771061	-122.4043376
1105930	37.7833108405	-122.4094146075
166865	37.7709415996	-122.4242886901
209719	37.7568831333	-122.3976254667
1217091	37.56385248	-122.34091717
462109	37.7770393422	-122.422404921
1459278	37.7876096964	-122.411878109
139567	37.9707922333	-122.516749
562913	37.7448202356	-122.4584847052
188733	37.7768551165	-122.4257693717
18099	37.8225610167	-122.2962532
893441	37.7691479167	-122.4370376167
881589	37.78560054	-122.41491174
96935	37.9736523347	-122.5348520279
148303	37.9472071667	-122.5097042167
788083	37.9730304512	-122.5270175181
35099	37.9729496	-122.5228340333
11449	37.7596986167	-122.4022006833
11448	37.7597951833	-122.4029731667
1193964	37.809062	-122.4106764667
112106	37.5773715833	-122.3310222167
5632656	37.755756	-122.392089
3999190	37.77601	-122.231334
949882	37.7611753841	-122.4051913225
398679	37.7629075167	-122.3964922333
383941	37.823090577	-122.23295331
1162869	37.9101842418	-122.5074827194
166158	37.7500941333	-122.3944614333
1007938	37.8197736961	-122.2189506219
203132	37.7831839833	-122.4178223333
219655	37.5735794346	-122.3345017433
22532	37.5804266	-122.4105491167
625145	37.5643321333	-122.3237654667
342425	37.56478095	-122.3231174667
5310337	37.714351596	-122.386072489
5284719	37.808077246	-122.413385058
1451435	37.6709711552	-122.468944788
770620	37.8333271707	-122.2936379115
1251547	37.68205005	-122.127039383
1375455	37.893812388	-122.075850963
1172426	37.7656175999	-122.4106228352
624599	37.7914520833	-122.4042233333
573217	37.7909093167	-122.3981055833
544167	37.7424894167	-122.4891320667
184329	37.804553878	-122.2691094875
608529	37.7704371167	-122.44379465
949992	37.801536	-122.430514
87261	37.6218077	-122.41256745
1116747	37.5891767015	-122.344500206
1310289	37.80418103	-122.41353631
2238067	37.805141174	-122.412018061
119524	37.7935225975	-122.4214053381
5486789	37.78036856	-122.39636605
5351300	37.7790000193	-122.4636125565
3607626	37.781617933	-122.396369633
171913	37.76531893	-122.47147893
1568445	37.73637783	-122.40416836
954519	37.7838548372	-122.4177781482
658198	37.9012925333	-122.2995219
180223	37.78952685	-122.3975964167
1145628	37.77643412	-122.40846514
519727	37.7676323	-122.46380305
511150	37.67778837	-122.4554764
384166	37.7979585391	-122.4049580097
48633	37.7453867232	-122.426995039
909194	37.7491522435	-122.4159115137
1015315	37.7523936167	-122.2005238333
183411	37.7406105667	-122.4662104
251417	37.80088328	-122.4315011501
1458166	37.5633746995	-122.3267877102
144709	37.7815525962	-122.4934806495
868059	37.8036182841	-122.4320071284
475767	37.80543553	-122.43334597
411394	37.8010443494	-122.4313831329
780557	37.8053083201	-122.4239802361
111944	37.8096501	-122.2690351
320385	37.7659037098	-122.4220204519
4111029	37.776746733	-122.395741933
786556	37.780967439	-122.4131234563
1181353	37.7791441767	-122.4061703682
61317	37.7720897833	-122.41753935
724422	37.7707959833	-122.4127279333
74080	37.7729957	-122.4149619167
1238108	37.7266721	-122.476423148
1162451	37.7838588155	-122.3985823989
1813678	37.835304267	-122.201387617
1671256	37.781499783	-122.4612417
561534	37.7916346881	-122.4345285241
1313755	37.774674983	-122.412668083
611979	37.77528785	-122.4149141
1411867	37.78064006	-122.40299904
1292272	37.776612317	-122.408816167
210894	37.5958570823	-122.3867620708
1209783	37.64806008	-122.3955537
426827	37.7940441046	-122.4001810523
771487	37.8006035667	-122.4006780167
646478	37.7448267963	-122.3886609077
432380	37.7672162877	-122.4057049029
116367	37.7672205649	-122.4061596394
999842	37.7638719333	-122.3896599333
44654	37.7653402333	-122.3866764
482039	37.8057727584	-122.4130364103
856910	37.8040908066	-122.4137565982
840073	37.8042571852	-122.4135625362
1028184	37.7799400167	-122.3915184667
879781	37.78254045	-122.4039379167
357011	37.76722305	-122.4220534
1065923	37.7759648167	-122.4142713333
732772	37.7741159833	-122.4174126667
337509	37.7737935691	-122.4140570474
390939	37.7713266909	-122.4180589529
882596	37.7746170759	-122.4121409655
650478	37.7747531667	-122.4153701667
963991	37.77559952	-122.4137663841
500603	37.766628	-122.4059377
179318	37.775985	-122.4028873333
501073	37.7402002448	-122.3833663873
237159	37.7745578	-122.4149969167
520377	37.7965395167	-122.42158075
434678	37.7965401333	-122.4219602667
813991	37.7958727333	-122.4216010833
794909	37.7292772833	-122.4486372
299799	37.7914083	-122.3970049167
642102	37.8465661	-122.4825827167
599879	37.79747551	-122.39151132
1376128	37.78757518	-122.40648174
1663334	37.784754868	-122.395067941
1262398	37.7564904	-122.4251033167
931084	37.8017503023	-122.4260830879
884117	37.8064146	-122.41226351
105411	37.7459477062	-122.4260240793
767323	37.80419915	-122.4160634167
525777	37.7774025018	-122.4315296228
160468	37.7515989667	-122.4288322167
832166	37.8030086305	-122.2749635426
183275	37.7376682167	-122.4695522
352764	37.7604692167	-122.5045731833
37268	37.8698923	-122.5036338833
480963	37.7899084629	-122.420555079
211092	37.9870900318	-122.5896817446
51455	37.9869653068	-122.5891050696
695935	37.7827235333	-122.4623042167
272857	37.9815451667	-122.3236476
195834	37.9278145833	-122.51721385
541984	37.8005609767	-122.4369533882
1008458	37.80064117	-122.43651056
963702	37.80090743	-122.4366225
492864	37.77904975	-122.43961191
497330	37.7782773	-122.4349338833
780949	37.7786225229	-122.4390830744
487780	37.7795003289	-122.4346017838
758659	37.7787076959	-122.4386325619
828171	37.778763482	-122.4384152598
435467	37.7797209333	-122.4352396
487339	37.78773255	-122.4339381333
377040	37.78833651	-122.43387591
1145762	37.7882427333	-122.4332607
279628	37.7883971167	-122.4337581667
1014554	37.7885664167	-122.4334086333
432297	37.7882199338	-122.4337214298
981307	37.7855631343	-122.3970320821
839254	37.7855662895	-122.396731983
957002	37.7869344267	-122.4265764456
738506	37.7865600584	-122.4297027721
276622	37.7853765224	-122.4314255401
820363	37.7849361167	-122.4307991833
820324	37.7850315167	-122.4308262167
186935	37.7866625667	-122.4285113333
520710	37.7852774167	-122.4308607
621998	37.77945637	-122.41683906
767661	37.7793974	-122.4167199
176248	37.7799171209	-122.4132728577
293941	37.78105675	-122.41150625
686023	37.7812174676	-122.4113470316
1034367	37.783827	-122.4079185
238368	37.78402405	-122.40648365
635587	37.7835777089	-122.408109367
1065349	37.7838239757	-122.4078532434
925024	37.7839181705	-122.4071574211
238291	37.7839257572	-122.4069998329
813540	37.78441727	-122.40798258
879300	37.78820776	-122.40713065
978272	37.78823816	-122.40841484
866014	37.78943695	-122.4340669667
454322	37.7898443706	-122.4340562031
659522	37.7892885167	-122.4339127667
1086312	37.7890593667	-122.4338695667
873384	37.79860085	-122.43510037
1008263	37.79919245	-122.4355600333
458152	37.79885005	-122.43523019
579985	37.8018229	-122.43137276
621050	37.7989569833	-122.4351976167
432591	37.80075435	-122.4350765
1025801	37.8000993802	-122.4311513187
664761	37.7993294333	-122.4336964667
337169	37.8000825447	-122.4343158331
682834	37.800094883	-122.432101965
404990	37.7665345	-122.44994246
161621	37.7665865333	-122.4500513
253241	37.7666604	-122.45311385
286807	37.7657645	-122.4571924667
476222	37.7655497488	-122.4600934982
342156	37.7980356327	-122.4051343663
52448	37.7982213466	-122.4048399925
52454	37.7982891678	-122.4044644833
52453	37.7982722125	-122.4045288563
225662	37.78880005	-122.4005994167
330333	37.7878931973	-122.4000775753
448454	37.7867408167	-122.4009883
529647	37.7869069667	-122.4131130667
519919	37.78906542	-122.41733264
488682	37.78679186	-122.41465646
397973	37.7879229597	-122.411932211
183945	37.7698680333	-122.4477858167
284079	37.709093012	-122.2129011154
174260	37.7862612419	-122.3898334185
999165	37.7813115376	-122.4164508342
391440	37.7665616833	-122.4195582667
92196	37.7971063029	-122.3987994121
92199	37.7969665423	-122.3987541075
550226	37.78931474	-122.41931015
397847	37.78964055	-122.4220492333
1115566	37.7874291333	-122.4048604167
426306	37.7920497195	-122.3985204319
370586	37.79146653	-122.39917671
107082	37.7912526755	-122.3994575963
110917	37.7952717682	-122.3985755047
1001233	37.739140138	-122.4805594709
482445	37.6518108	-122.4678796
1345830	37.650607843	-122.469518383
1346286	37.780787817	-122.469486883
1013677	37.7806167444	-122.4687543511
845988	37.7947823333	-122.2687281667
1993095	37.79543328	-122.269809002
628127	37.9328499716	-122.3272473122
1539123	37.78385972	-122.42097866
46675	37.9330367049	-122.3289223205
818663	37.7405025333	-122.4664467833
119496	37.5809558	-122.34794312
1089048	37.7836829424	-122.4211531878
1023351	37.78397345	-122.41930625
1180578	37.784251817	-122.4198751
1379252	37.785739675	-122.413659001
1133738	37.78385984	-122.42086625
983204	37.73426	-122.47239
854844	37.7815840922	-122.4173112422
711764	37.7165628	-122.4967376
1250794	37.56385248	-122.34091717
1256494	37.66885352	-122.36989378
1230874	37.78079305	-122.4672395
1210112	37.58799362	-122.3837108
448676	37.7895774501	-122.4069850744
729847	37.76371419	-122.44175833
161020	37.7705891667	-122.4251375
1021218	37.7395515	-122.4669965667
518692	37.7744955833	-122.4377496
834279	37.777562	-122.417596
113548	37.7849054833	-122.4318553333
858366	37.7636114471	-122.4774971953
721457	37.7451030333	-122.4758426833
432419	37.7229745	-122.4495716
598398	37.7839592264	-122.4200416016
931521	37.7832489378	-122.4189365998
100996	37.7816981833	-122.4451276167
847594	37.7830659971	-122.3931616545
186225	37.7840135333	-122.4414791333
566837	37.7541807914	-122.4774258696
682961	37.78378474	-122.41931867
560805	37.9544712667	-122.3320567333
725971	37.7856854559	-122.4128790856
599450	37.7866180511	-122.4141576631
262080	37.7396098433	-122.4672257883
628368	37.7396142982	-122.4673068944
161091	37.76723005	-122.42913485
570744	37.772775545	-122.4220061302
743464	37.7744406167	-122.41943285
473240	37.78163999	-122.4193319
293843	37.7821402902	-122.4186070973
50877	37.7821250852	-122.4188502987
809528	37.7387447	-122.4646201167
807394	37.738393	-122.49807
787956	37.7432885	-122.4752567667
224742	37.79065995	-122.4062536667
700074	37.7822681305	-122.4491139391
210534	37.76613405	-122.4305837667
504990	37.7745022779	-122.4186798487
464679	37.5977940167	-122.3858462833
587347	37.7822156	-122.4191810833
650635	37.7829128833	-122.4213446
308992	37.77282792	-122.41506141
161038	37.76995455	-122.42617955
161015	37.7701368333	-122.42550075
161004	37.7695470167	-122.4261424667
570735	37.7733416207	-122.4218291044
541601	37.7806790112	-122.4195599556
161025	37.77047665	-122.4252842167
560700	37.7709946045	-122.4242269993
479275	37.77102385	-122.4240888667
518604	37.7875823618	-122.4218754972
575015	37.78379541	-122.41901385
618431	37.78379541	-122.41901385
150711	37.8736706333	-122.4564933667
395383	37.8731913426	-122.4554860277
457605	37.7824597184	-122.4205040932
520743	37.7713889593	-122.4237415195
514463	37.7903941833	-122.4168694167
583900	37.7906835079	-122.4174410105
518208	37.7909199167	-122.4178863833
167133	37.7920311753	-122.4169964103
160723	37.7931854522	-122.4171566963
183320	37.73939625	-122.4672047
183342	37.7407616333	-122.46543935
391474	37.7828860385	-122.4209144894
70048	37.7840434167	-122.41877965
514017	37.7841932167	-122.4190348667
500598	37.7314730833	-122.4489880667
511587	37.7316551667	-122.4478930333
553563	37.7350358761	-122.4644172192
276287	37.78716	-122.4200526
53404	37.7957966996	-122.420643568
219244	37.7908983833	-122.4194379333
348647	37.78385335	-122.41868859
61183	37.7832909903	-122.4157378762
486678	37.7648174	-122.4325895667
428304	37.7830734314	-122.4196014024
162433	37.7316031833	-122.4729284
32328	37.7998306833	-122.2189689333
282010	37.7875554821	-122.4200973914
166503	37.7648290667	-122.4330818167
286980	37.7908510828	-122.4182941698
11146	37.6358320219	-122.4904453754
48928	37.6336582833	-122.4891612167
170884	37.6887980833	-122.4669931833
183188	37.7395956	-122.4674352333
183332	37.7401209667	-122.4664312333
213919	37.7813109424	-122.416453934
83757	37.75129795	-122.4186587333
110052	37.7691558833	-122.4202996167
292656	37.7813997788	-122.4190449715
100967	37.78223075	-122.4481439
212705	37.7918779452	-122.3996202632
47422	37.7920708111	-122.3997429368
161137	37.7671402333	-122.4292217167
116671	37.78155335	-122.42343185
111555	37.7895800667	-122.4209867667
33224	37.7919339667	-122.4211817667
34067	37.74310865	-122.4785582167
34694	37.7604603667	-122.5051546
795363	37.8877274333	-122.11817375
195128	37.7110876337	-122.2161090374
186944	37.78297775	-122.4642027333
825650	37.7928934	-122.4000293
1361182	37.7903833455	-122.406116724
326183	37.8088261226	-122.2557413578
774588	37.8150318833	-122.25803985
947495	37.7645446965	-122.4299240112
947314	37.7477621232	-122.4207293987
941848	37.7929862137	-122.4464678764
941607	37.8020616212	-122.4448692799
3264464	37.785195703	-122.407673559
209633	37.7719213833	-122.4309408333
1761228	37.788835427	-122.400828662
2554691	37.7965321	-122.282163833
1514318	37.785147377	-122.40128356
1386854	37.76769405	-122.27239215
140430	37.7613991667	-122.2416780833
443298	37.76419115	-122.2397855333
1092998	37.7664709833	-122.24099115
300125	37.7628780645	-122.2439247097
77484	37.7749804596	-122.4032628536
132223	37.7365679	-122.2565879833
358575	37.8501708167	-122.2257849
316009	37.7627813657	-122.2440073827
225102	37.7115459647	-122.21534729
215768	37.7637536667	-122.2390929
884111	37.7886958284	-122.4005858688
1319258	37.788072267	-122.4092396
1858956	37.787396684	-122.404836276
314009	37.7888757495	-122.4054334529
410315	37.7884477167	-122.4056727167
462162	37.7886485167	-122.4058891
655708	37.7882374396	-122.4107579041
1441430	37.79009747	-122.40879368
776944	37.78874225	-122.4102833
421026	37.7887407571	-122.4090979915
114271	37.7882033526	-122.4093185584
437523	37.7885079481	-122.4087154645
115409	37.7889460756	-122.4049104274
215852	37.7897841667	-122.4049968
182103	37.7894547818	-122.4070218049
218640	37.7893714162	-122.4061007708
475629	37.78140665	-122.4091400167
139944	37.7972792167	-122.4221956667
971534	37.7930236333	-122.41629805
688105	37.7972621268	-122.4220165568
788027	37.7746841777	-122.4042947417
1726710	37.762143697	-122.397514138
1441403	37.612967	-122.490002
411061	37.63379785	-122.4918951667
1383941	37.75045847	-122.41825437
1208524	37.79354107	-122.39601027
738783	37.6203994842	-122.3953048706
404772	37.6207241536	-122.3900663853
764815	37.6194686957	-122.3928159087
701233	37.7301567167	-122.42984685
749510	37.7295539	-122.4306406
629167	37.80836439	-122.41080266
696274	37.8075009584	-122.4079620838
575381	37.7904528833	-122.3896772833
760187	37.7313634333	-122.4251009167
58067	37.7112714645	-122.4678693767
701651	37.740081	-122.45919695
207110	37.7848932823	-122.4086809158
733695	37.7882490847	-122.408951002
526500	37.7939987167	-122.4099898333
463466	37.7943144333	-122.4107618167
683947	37.7952499829	-122.4128722691
485897	37.7981098	-122.4137744167
525904	37.8003284	-122.4390922833
422641	37.79972779	-122.4392445
140317	37.7993346667	-122.4388419167
637339	37.7992552333	-122.4413748667
756509	37.7990570181	-122.4419099512
183894	37.7702878667	-122.4530977833
702410	37.8084537333	-122.4708254333
737070	37.7990041	-122.4703293
206824	37.78217955	-122.4732659833
693782	37.7565307	-122.49426299
306163	37.7491709167	-122.4181525833
496223	37.7554235505	-122.4210313612
183339	37.74056125	-122.46606665
183356	37.7409201833	-122.464986
183461	37.7405950667	-122.4661810333
501105	37.7946691667	-122.4073071333
746553	37.7976922722	-122.4081646896
52379	37.79923015	-122.4081334667
608515	37.7991746643	-122.4089210788
585240	37.7991800238	-122.4087681046
492270	37.7946962746	-122.3936185882
183404	37.7405984	-122.4662016667
183190	37.7394983	-122.46745035
398683	37.7743868352	-122.5096929073
554097	37.7745897667	-122.5101965667
81151	37.7792970667	-122.4936351667
111063	37.8703675333	-122.3007839667
5346840	37.775505783	-122.412286633
104372	37.8052913664	-122.3332893848
4511817	37.866002983	-122.291462967
1185034	37.8567363333	-122.2875186667
1380810	37.874370149	-122.293672297
3797837	37.767708512	-122.416413611
624440	37.8558054833	-122.2875405667
1238293	37.7813755259	-122.4114084377
1093311	37.8340171167	-122.2920868667
936300	37.7927541733	-122.3989444971
1806098	37.849552683	-122.266044433
1577431	37.8068626	-122.269420317
778541	37.7940841387	-122.394990921
1436786	37.803418467	-122.281811467
757942	37.7995268928	-122.2507309914
1237120	37.8294305167	-122.2648246
77479	37.8722033	-122.2706717333
471607	37.84358045	-122.2524395333
624196	37.8056134855	-122.2680044174
238196	37.8064947333	-122.2985477667
1255410	37.79295611	-122.40105521
658419	37.8597459833	-122.3162866667
610117	37.7901162708	-122.4234437943
279725	37.78857111	-122.43080341
526704	37.7902207674	-122.4315886847
723642	37.5803971333	-122.3143083667
306613	37.7427922528	-122.4812826223
404441	37.7438756167	-122.48088965
511872	37.744172	-122.4811066667
633607	37.7927742833	-122.4175539333
592082	37.78928869	-122.41750723
288146	37.80244338	-122.43326276
529959	37.7814245167	-122.3931026333
415614	37.7897989882	-122.4050281024
19385	37.8780725333	-122.18159645
421595	37.7892650867	-122.4037473485
126053	37.7882840833	-122.4035954
136069	37.790243642	-122.4084630501
215828	37.79097068	-122.40955173
571066	37.7949506	-122.42467159
1020342	37.7940781833	-122.4235537333
972739	37.7946891848	-122.418376323
404845	37.7982512371	-122.411609056
1080616	37.7973690167	-122.4168757
1210475	37.80214387	-122.41785305
485876	37.7979080833	-122.41424285
900801	37.79832255	-122.4075469667
954628	37.79040169	-122.4221093
238801	37.7929056703	-122.4279069901
809823	37.7924183711	-122.423007522
981793	37.79037958	-122.42217558
942616	37.79039424	-122.42221802
571016	37.7919073392	-122.4226505222
772343	37.7903061654	-122.4222562296
868230	37.790216	-122.422293
1061281	37.790222	-122.422294
566872	37.790205	-122.422304
102621	37.7932772246	-122.426356012
567031	37.7883781419	-122.4237978458
522344	37.7909164772	-122.4224777248
557245	37.7928463224	-122.4245166779
526394	37.791611234	-122.4231527864
431945	37.59969282	-122.38460725
892606	37.5977745429	-122.3869889827
73956	37.8701853167	-122.2659615
487431	37.79035475	-122.42204105
138791	37.7877367764	-122.4274052254
430519	37.7881711281	-122.4236495606
1338018	37.760853952	-122.435205946
690136	37.784073968	-122.3913343343
547421	37.7932531667	-122.3976776833
333503	37.7931111667	-122.40944885
1514571	37.795032728	-122.412911202
886063	37.7921694517	-122.3986762762
434287	37.7931698167	-122.4060515833
800061	37.7936491044	-122.3969105705
405076	37.7899366093	-122.423393367
4893142	37.79271018	-122.40597025
48921	37.8471139	-122.29034625
211426	37.7997329	-122.1911457833
608125	37.7823693966	-122.4665907901
625132	37.7636929	-122.4217901667
683163	37.78230345	-122.3999845
1040993	37.75454035	-122.4075347833
1414502	37.752116688	-122.41851823
811827	37.9127189333	-122.6089077
965708	37.9043614073	-122.6040530205
4905981	37.772401839	-122.429887879
4849711	37.771406104	-122.422537878
160173	37.7511315	-122.4341386167
682758	37.7768853167	-122.39639245
1489176	37.922645307	-122.513414785
422532	37.69716085	-122.0757763
794900	37.6570689167	-122.4379224833
132425	37.7924064977	-122.4043509052
11444	37.8019487833	-122.42112635
448114	37.79347405	-122.4272022167
540862	37.80089843	-122.44423598
1157862	37.5652698657	-122.3227588149
389016	37.6599608667	-122.3975067833
1128461	37.8703225667	-122.3008263
671042	37.9193042667	-122.5083735667
771794	37.9576860833	-122.5722059833
927714	37.8002426407	-122.4013826121
448350	37.79892492	-122.40790486
764751	37.7884166833	-122.41230915
726286	37.6283921	-122.40413528
1168158	37.8487690021	-122.286093589
1297919	37.847312217	-122.261173733
255677	37.8592728663	-122.2890025602
1530874	37.841706383	-122.293928417
821183	37.763973	-122.448175
4994214	37.594761	-122.36592
4949918	37.550328	-122.305456
1060679	37.577242	-122.342131
4760020	37.5538605452	-122.3054426908
917815	37.7480843	-122.42735773
810026	37.7719360956	-122.4316324341
5502530	37.60631608	-122.39049553
3608558	37.795758341	-122.394108603
580023	37.7429671026	-122.4789320353
965239	37.7536722527	-122.4185421552
209889	37.8005320368	-122.2724577317
266162	37.800726449	-122.271464467
591926	37.8019561768	-122.2657852173
182865	37.6546834167	-122.4091814667
1135523	37.7842535831	-122.4175834452
5535984	37.9092608	-122.297186767
4841722	37.9143668914	-122.299772501
590251	37.8257655667	-122.25327605
381625	37.8694687532	-122.3004913587
3784324	37.796788894	-122.405052649
845785	37.7878157333	-122.4500006667
1575471	37.78800131	-122.44839457
983235	37.7876183034	-122.451335532
243919	37.9441467355	-122.4802422523
800436	37.80334645	-122.44569027
766876	37.7980874	-122.43575595
689594	37.7756048667	-122.4155264833
4002648	37.788379207	-122.415548705
487648	37.7763968333	-122.40247955
154768	37.7739210235	-122.3996723012
1398732	37.792729	-122.417326
195009	37.78680354	-122.43786734
1489695	37.787556633	-122.411917409
1486285	37.787918354	-122.411855037
37577	37.933455	-122.518193
104139	37.9476283024	-122.5480404496
40001	37.74465375	-122.4386218667
212668	37.74390975	-122.4395532167
115161	37.7437150333	-122.4378597167
4183604	37.59241504	-122.237364388
2575156	37.764057008	-122.456123829
997304	37.764748922	-122.4554116296
2662406	37.7636032428	-122.472935915
4565303	37.7636435305	-122.4776002765
1934679	37.7638619317	-122.4668526649
3683055	37.868442199	-122.260730267
3415876	37.7904130204	-122.4021685123
2324409	37.763738663	-122.458635594
1023851	37.789585	-122.404862
922220	37.663956	-122.480484
1144808	37.7892458439	-122.4033004045
1138696	37.789285	-122.403534
156901	37.7887659333	-122.4026163
964268	37.7762913837	-122.4145442247
1326438	37.965813233	-122.518521733
3238372	37.933403217	-122.41956465
2741297	37.87799175	-122.5231438
562026	37.8009926667	-122.4539240167
414602	37.8012094	-122.45584095
351779	37.8008332333	-122.4560117667
733973	37.786669	-122.396782
670771	37.78739225	-122.39816921
259344	37.7905586346	-122.3960149072
730355	37.7865636613	-122.397480011
682794	37.7869730333	-122.3974094333
493161	37.790172673	-122.3945864472
610404	37.7895495	-122.39624
779537	37.7900399636	-122.3961657286
323840	37.7918967507	-122.393488884
1096835	37.7807153971	-122.3934504174
1487925	37.775847	-122.467347
1413368	37.72428103	-122.478016135
4286971	37.81154388	-122.40096718
5161414	37.60381	-122.37652
5333102	37.784491765	-122.401250354
906437	37.7948740833	-122.4064539667
1593135	37.77522921	-122.40965497
1589167	37.789211533	-122.187110767
4895990	37.80799394	-122.43124437
813144	37.7565872667	-122.4211478167
262753	37.76397573	-122.42648655
3598749	37.7461544947	-122.4385178089
1598450	37.74604512	-122.438598031
4604063	37.7536069793	-122.435503006
5897897	37.7608933159	-122.4350202084
4265962	37.759417485	-122.43486772
212681	37.7438850167	-122.439738
688594	37.7435457357	-122.4396121502
5004051	37.7436305748	-122.4395692348
1463681	37.743938075	-122.43887395
191205	37.7904715245	-122.3979239179
878013	37.536856	-122.2987559
596747	37.62799245	-122.41309124
5544185	37.782235205	-122.411573801
565900	37.6877446167	-122.4689920667
404835	37.6783311333	-122.4678826167
1050672	37.8352850947	-122.2925488696
1050654	37.83505935	-122.2920753333
3677645	37.803869667	-122.41307995
160055	37.7515163667	-122.43252185
1061157	37.7406019833	-122.4681200667
1030467	37.7805851	-122.4758551167
1030286	37.77993825	-122.4780741667
1010245	37.8038377	-122.4272269833
1009807	37.7969411333	-122.4218272167
858708	37.7812664	-122.4491464167
857738	37.7374899333	-122.4269413833
3608814	37.970718855	-122.520432699
1559629	37.5943350792	-122.5020593405
640930	37.8024261402	-122.4249458313
2891792	37.784136697	-122.407453565
741193	37.77086295	-122.44059745
705423	37.7943955	-122.41681337
481034	37.7732992378	-122.4375633914
868680	37.7746848788	-122.3994898488
864732	37.9372640667	-122.3197658
85819	37.9066533258	-122.5462349097
1352157	37.905167203	-122.549262035
591986	37.8895769	-122.5161008
176013	37.9002470826	-122.5289833546
28870	37.8958573333	-122.5223608333
145060	37.900898956	-122.5272667408
520725	37.90531155	-122.5489249
270946	37.8939368833	-122.5324088167
316370	37.8945262667	-122.5307703667
148212	37.89496395	-122.53343075
133565	37.8928305584	-122.5306892395
316916	37.8970290333	-122.5374483667
373871	37.9065439167	-122.5528303167
373852	37.90583634	-122.54603159
114255	37.9066339892	-122.5462501224
162462	37.9054165134	-122.5475760723
51532	37.9058651833	-122.5476926833
316189	37.9464861766	-122.5075203253
150182	37.9340613	-122.5175522667
51716	37.9060343167	-122.5543020167
46925	37.8939695833	-122.5329731
46935	37.89408805	-122.5313140833
34061	37.9061598264	-122.5459221063
758729	37.8438203167	-122.2520770167
165748	37.8902523792	-122.2968274355
5490566	37.53701937	-122.29746961
5065212	37.569425857	-122.319409683
1425853	37.5798528	-122.3335122
446685	37.6252892	-122.4138346333
164270	37.5876178318	-122.3561561335
5162077	37.538014639	-122.301039214
1578642	37.809868133	-122.42257585
908666	37.76483215	-122.4211937333
138058	37.9279833667	-122.5164031833
214636	37.8632624833	-122.4930661833
517199	37.6152904	-122.38581979
447917	37.78271045	-122.4699625167
1200446	37.8914326429	-122.2465950251
1081704	37.5576794667	-122.2587412833
668052	37.8550013945	-122.4790337189
4224727	37.89136025	-122.124753333
1573818	37.8736925	-122.061216817
1903435	37.890802117	-122.123084517
1205450	37.891578087	-122.122534815
1583883	37.884984717	-122.07692335
1251146	37.8761945	-122.0705867
5497508	37.537468267	-122.300642833
928595	37.562368	-122.2800098667
1668717	37.743965917	-122.4211722
1421113	37.771935609	-122.43105674
1996331	37.798188883	-122.427186983
736192	37.7893056	-122.4077311333
448917	37.9898296959	-122.2990561495
4959569	37.78926193	-122.40926355
4959536	37.78926193	-122.40926355
5606246	37.636165839	-122.421499283
949728	37.7880415167	-122.3997363167
326592	37.7895296997	-122.4012863874
158022	37.7897516911	-122.4006128311
3727850	37.790034771	-122.39936335
3601810	37.769788951	-122.466039945
3412724	37.788496379	-122.449733383
3366959	37.763807019	-122.465160621
3366904	37.763714487	-122.465151791
1430681	37.973486517	-122.52711545
1498134	37.872086357	-122.271838426
627518	37.5765295898	-122.3491900392
800079	37.5450034333	-122.2853846
372824	37.7898183833	-122.4108013167
175556	37.8552404333	-122.4796176167
5775199	37.760816412	-122.436535733
1346658	37.6947073	-122.471454033
1502330	37.693272533	-122.474601083
5721807	37.693372	-122.469703
3835985	37.690010483	-122.471467733
3156005	37.692488	-122.469355
353565	37.69102603	-122.46998745
1564633	37.693196624	-122.471421923
585680	37.6917850385	-122.4713689335
5450334	37.7091314	-122.4502032
1360077	37.72938385	-122.4400213
1171198	37.8018810333	-122.3173966333
654901	37.80959175	-122.2977538
690190	37.8067161594	-122.2936555931
1329125	37.80668655	-122.2959239
164971	37.7413203667	-122.4224698167
164858	37.74126315	-122.4226725
164862	37.741244	-122.4226616667
164876	37.7410622833	-122.42289665
164853	37.7413222167	-122.4227869333
164873	37.7412025667	-122.4227576167
164944	37.7410370833	-122.4227043167
164957	37.7410370833	-122.4227043167
164939	37.7410370833	-122.4227043167
164891	37.7408918833	-122.4229920667
164880	37.7409768333	-122.4230918833
164923	37.7405574	-122.4229623833
164931	37.7405574	-122.4229623833
164919	37.7405574	-122.4229623833
164896	37.7407654667	-122.4231814667
1411736	37.739578287	-122.423741447
123706	37.73989731	-122.42624765
1292091	37.726490683	-122.441925567
3795290	37.7240288	-122.43764645
154490	37.7233308667	-122.43880135
1136344	37.7206752	-122.4290606833
1144614	37.7246176833	-122.4343721167
813134	37.7209018098	-122.4331394886
1912466	37.759952675	-122.435039391
868084	37.75963155	-122.4357070667
3320706	37.760865737	-122.436860598
1598877	37.76018649	-122.434861461
726217	37.7823383167	-122.46206365
1084654	37.7830123667	-122.4621135333
575592	37.7830720167	-122.4632376
1243039	37.78286778	-122.46310418
575602	37.7829357333	-122.4631094333
530934	37.7831175333	-122.46297695
449363	37.78288369	-122.4627757072
4447824	37.719598828	-122.451039528
3310917	37.720777	-122.447671
3375467	37.71648907	-122.44113618
4602261	37.714304924	-122.4428629875
3372293	37.7129875	-122.4447311167
1473002	37.76095133	-122.43511481
813954	37.80311915	-122.4228277
337267	37.8431625398	-122.2906326863
292955	37.7702298333	-122.4222970333
140425	37.7901321598	-122.4055401923
4760084	38.00376274	-122.53071079
945770	37.7675368518	-122.4105904425
4297115	37.767133	-122.453259
792783	37.7683921833	-122.4159630167
458819	37.7737497601	-122.447747735
1885580	37.666378256	-122.394175529
2237167	37.616655135	-122.40733453
591394	37.7428087953	-122.4832998329
559712	37.6554608868	-122.4113515124
409039	37.7600055422	-122.3907554552
3561344	37.7781361341	-122.424865365
738250	37.8098243585	-122.2486209921
46630	37.9316180833	-122.3297332833
152797	37.88129204	-122.28734493
5562225	37.872035632	-122.267121011
1164171	37.73418587	-122.49115526
4688332	37.75678443	-122.42174047
970491	37.7557363036	-122.4198529304
739635	37.859022712	-122.2897630896
710923	37.8876487076	-122.2983884811
190711	37.8622039667	-122.2811552
596269	37.8891310833	-122.2991329333
780839	37.7168229833	-122.4778913833
2124150	37.78418945	-122.43908725
2060422	37.71768935	-122.473703653
739415	37.68758875	-122.47623503
1931384	37.717843467	-122.474267133
755545	37.6874781333	-122.4721027667
1408572	37.8090485336	-122.4102064747
175136	37.8034548333	-122.26827415
3425005	37.762123996	-122.477056526
164677	37.7419200533	-122.4264575836
1251776	37.611464833	-122.4030588
1242695	37.595771833	-122.38370195
803184	37.6114862167	-122.4003975
763264	37.6415745833	-122.4349350333
549932	37.6142850167	-122.4046523833
1001903	37.7962497667	-122.2777716167
1074568	37.7943215257	-122.2753536701
292854	37.7937668333	-122.2681724833
5245642	37.793736167	-122.27458482
1000283	37.7930760833	-122.2696259333
421402	37.7943665347	-122.2686116314
5238768	37.794588556	-122.269321996
202885	37.7942863	-122.2733715
329796	37.7941636556	-122.2715623956
5314782	37.795540767	-122.275610717
4236767	37.782562317	-122.387594483
1559250	37.782658989	-122.388947385
1414916	37.775539883	-122.427113417
22716	37.7905305833	-122.4038923
1382579	37.790704389	-122.404687414
5859776	37.6966701167	-122.0771938667
5817889	37.72495515	-122.15491475
1180467	37.58921527	-122.3602572
41841	37.6546997973	-122.4543321133
548685	37.5653605	-122.3240916167
645375	37.56161755	-122.32778799
1414636	37.9359465837	-122.3255163431
414823	37.8689757803	-122.300491333
573744	37.72375055	-122.4365189833
1356468	37.7219706774	-122.43694067
2369273	37.567619867	-122.3242548
1597184	37.8037994282	-122.4113202095
188350	37.79673141	-122.42270421
522267	37.80026268	-122.41147738
1064417	37.7987166	-122.4137121833
726184	37.7976389333	-122.4183813167
316899	37.8007810459	-122.4241789972
36390	37.7982968	-122.4208726667
795102	37.8001796333	-122.4182924
1007401	37.80220425	-122.41789442
2901564	37.7846002579	-122.4018412828
2901114	37.78458094	-122.40425777
640531	37.7929772167	-122.3961404
541709	37.79334914	-122.39571768
1251561	37.78254135	-122.400719733
1522757	37.78208085	-122.40061214
2325870	37.7821120599	-122.4005484581
3600943	37.91657082	-122.593533853
3862442	37.7552861	-122.41973435
1246280	37.7491452167	-122.4174346167
768101	37.80000358	-122.40850841
1255556	37.8006237667	-122.4385787167
615989	37.79316835	-122.4012807667
892392	37.78204983	-122.39274317
31091	37.7934373323	-122.4212599227
33220	37.7914929167	-122.4209883667
33162	37.7646558833	-122.4248874
4119540	37.776028694	-122.454541468
594925	37.7758924677	-122.4494209587
2361567	37.778784515	-122.448404984
127626	37.79855298	-122.39945304
4998110	37.796394465	-122.405105556
1346333	37.792304399	-122.392568232
1030327	37.8001015667	-122.4427618833
884049	37.79146105	-122.40415102
1582443	37.801371617	-122.456266817
1055821	37.79986	-122.44098353
1576457	37.79963767	-122.43731135
476552	37.7970317333	-122.40519385
667340	37.7972882587	-122.4036096371
571045	37.7961664733	-122.4045488892
225835	37.7956524167	-122.2798408
396807	37.8696402167	-122.50356725
176834	37.80109365	-122.2731137333
1040644	37.8025988	-122.2753773833
622264	37.7755910333	-122.4311358333
1124621	37.7750792833	-122.4309161
1124511	37.7771972667	-122.4200607667
237886	37.7769054659	-122.4218773842
685535	37.7782625	-122.42021535
678355	37.775	-122.419
473860	37.7940993333	-122.42299285
750170	37.79544047	-122.4244368338
1042403	37.80046689	-122.41003453
239360	37.81096404	-122.41331982
433536	37.81103271	-122.40971994
811984	37.81074875	-122.41102653
811729	37.8101820167	-122.41007815
58355	37.8100405	-122.4104351
480140	37.79067569	-122.39894074
935453	37.7766022484	-122.4193353726
629191	37.8085437667	-122.4133372667
939185	37.8085803057	-122.4133694172
1034478	37.77454292	-122.42427963
641982	37.7878078296	-122.4133978687
1250347	37.7719724178	-122.4371284246
1175901	37.7587115667	-122.3891329667
304910	37.77836918	-122.42603224
533538	37.75905913	-122.41023373
487151	37.79308593	-122.42160522
383365	37.76469361	-122.42969346
267953	37.86509341	-122.25597637
77307	37.7979096742	-122.4078753814
353904	37.8057776416	-122.4130238186
544398	37.8078498	-122.27255155
295080	37.6127980809	-122.384131419
25229	37.86926735	-122.2917539833
473262	37.8662248285	-122.2914147377
326325	37.8612909667	-122.2897268667
323608	37.8612427017	-122.2893977165
482329	37.84335887	-122.28368717
375617	37.8395891541	-122.2699785233
280793	37.83606015	-122.2518232
75009	37.8376873833	-122.2513105667
248332	37.8406134333	-122.2515792333
60709	37.89334703	-122.5573664904
1464892	37.874156415	-122.45494685
1116330	37.8947114167	-122.4558565833
1598809	37.776267766	-122.421730891
669462	37.790548677	-122.4069535732
971344	37.7092866667	-122.0890274167
600564	37.6937793	-122.0689875167
566834	37.8126921	-122.2468644167
1057070	37.7232345167	-122.15565725
985397	37.7222202667	-122.1542049833
766203	37.787488362	-122.4520420369
885593	37.8085548763	-122.2657620907
668381	37.8091082	-122.2661023167
147621	37.9304487667	-122.5144124833
694535	37.8056988814	-122.267616868
1194798	37.7894608167	-122.4337277833
172133	37.7927583	-122.4191775667
120964	37.7933547667	-122.4194129667
1226358	37.7912482333	-122.4172425
599527	37.7931735667	-122.4160777333
2899857	37.791558111	-122.404103456
607658	37.78816495	-122.4150915167
1209970	37.787283476	-122.424353279
1340286	37.787550867	-122.42412395
1785003	37.788225117	-122.424438617
2654982	37.790652317	-122.4339617
1233055	37.79034	-122.433967
52914	37.7893065622	-122.4319463968
109397	37.9455766833	-122.5234086667
4718241	37.765426574	-122.24203883
313757	37.7964553833	-122.1816635132
1088981	37.80040025	-122.4389643
1084744	37.79680442	-122.40026396
874888	37.6683884667	-122.0804439333
262484	37.5447499505	-122.2916229922
404619	37.7090250333	-122.2135841833
5305017	37.629451217	-122.401067233
535079	37.6485312058	-122.4534157885
856179	37.5678293	-122.3216311
755782	37.5588063188	-122.3015962991
468914	37.5367756	-122.2999353333
542908	37.7896641167	-122.4029705
539317	37.7922543559	-122.4345642726
1000377	37.8912728833	-122.2823733667
1309369	37.882375333	-122.279820733
616194	37.5866772167	-122.36427555
152347	37.7987043144	-122.4001228876
2415438	37.794510084	-122.3980848
928984	37.7976640937	-122.4002675202
57261	37.7448031415	-122.5005721136
978022	37.79158133	-122.48282092
1010006	37.74172425	-122.49153423
857119	37.7935730417	-122.3995123336
592481	37.8483184895	-122.2690638175
592086	37.7743362896	-122.4506904242
267817	37.7997063038	-122.4074963139
319509	37.7528498886	-122.5035506487
87347	37.7810519656	-122.5057833922
137745	37.782020207	-122.4839827479
137733	37.782020207	-122.4839827479
137701	37.78204867	-122.4840289155
102631	37.77151955	-122.41375545
51733	37.7422069833	-122.49900085
62400	37.7423479156	-122.4906141127
62396	37.7423479156	-122.4906141127
62383	37.7424956747	-122.4898056613
62371	37.7424956747	-122.4898056613
868422	37.7816472121	-122.415675498
1007371	37.7882721833	-122.41579005
2671143	37.761490345	-122.4264800549
299203	37.7599719333	-122.434933
336657	37.767645305	-122.4310182944
1087910	37.7752859089	-122.4035869268
1218088	37.7839425321	-122.4179040512
476305	37.7632435059	-122.4073784142
519809	37.8919483933	-122.1197801286
960983	37.69603575	-122.0789643167
1562922	37.563065883	-122.250027683
182046	37.6613585167	-122.0844901
1419082	37.696544567	-122.074537967
129644	37.6938062	-122.0685587667
1414165	37.6959359	-122.08127705
641724	37.69735335	-122.0785975333
1345554	37.6954994	-122.078949367
340689	37.6967581	-122.0773705833
225914	37.77169065	-122.4538911167
299901	37.7732746118	-122.4510017227
683582	37.7725839	-122.4520172167
584346	37.7748369545	-122.4528095224
1095554	37.7757664847	-122.4530867909
1034594	37.7787018833	-122.4582882833
1210504	37.77290202	-122.454251343
879554	37.7768164873	-122.4547505379
1175655	37.7757309636	-122.4552172422
1238594	37.77456343	-122.45793831
319585	37.9011745	-122.5264391
375108	37.9041751833	-122.5228354833
547368	37.80712747	-122.27042376
33597	37.8071223404	-122.2708368301
457589	37.7773805713	-122.3908983742
637451	37.7883193428	-122.4038146912
1466453	37.773163017	-122.434981467
786240	37.79797661	-122.42815464
561780	37.7959245167	-122.4062299333
724044	37.79671961	-122.40542221
1170788	37.71820515	-122.14664554
564045	37.84004831	-122.13703155
146843	37.8276011477	-122.49966681
676693	37.7910735	-122.4041704
3741533	37.751449383	-122.427482383
310792	37.8114537693	-122.2647857666
435292	37.8132698339	-122.2656558051
69587	37.8124302833	-122.2661948833
394130	37.77243363	-122.28238773
1356674	37.7618225889	-122.3991209111
291621	37.7821140418	-122.483384191
3907483	37.96507716	-122.51549959
5696395	37.8202248667	-122.3743234167
1137594	37.7790916111	-122.4104650889
1049969	37.7601063251	-122.4739444256
1529752	37.7949213982	-122.4070447683
1049737	37.5948981	-122.5063635167
976143	37.7838996	-122.40128773
1097027	37.79420334	-122.40786981
19696	37.6620589833	-122.3747345833
591454	37.8139594833	-122.27710815
893886	37.8467492667	-122.2522598333
11442	37.8063583333	-122.43730545
923365	37.7902454167	-122.1966728167
230346	37.78853672	-122.40185695
589309	37.7727418333	-122.2159904333
293759	37.7886600333	-122.1961058167
482989	37.6808837251	-122.0862956257
1204322	37.55533671	-122.30493408
1136057	37.7666116833	-122.3996104
1111042	37.7600554976	-122.3884804782
1102041	37.73167467	-122.37451958
981771	37.7425208667	-122.1843676167
1248072	37.7875408579	-122.4138119817
2808548	37.784009886	-122.402050118
48614	37.5417753333	-122.3021694167
281544	37.8733925032	-122.4569284916
5052341	37.790312793	-122.402488066
1503937	37.789408633	-122.4081787
1444918	37.7900513	-122.4055395
4893926	37.761979	-122.436814
83665	37.7870535493	-122.4300914313
1508697	37.789574	-122.411724
929575	38.0077051833	-122.5465972
766423	37.83132355	-122.2898679333
1564499	37.961564744	-122.326134676
985464	37.9206103667	-122.3162265333
549057	37.8229052667	-122.2660931333
1269704	37.8304177523	-122.2470188141
963236	37.8266697167	-122.2385416167
553593	37.9290828218	-122.5150301696
583482	37.5530805167	-122.3155975167
749889	37.7991288	-122.4095496833
207500	37.9912912833	-122.3011565167
731108	37.97201495	-122.5224495833
600372	37.96130824	-122.28979802
947742	37.7825481833	-122.4078492833
549783	37.6548102204	-122.4541282654
576869	37.8029646333	-122.4423647333
1368018	37.792891985	-122.399825235
848697	37.7980896074	-122.4350919009
403981	37.798568557	-122.4391342018
28953	37.7502284	-122.1460604833
462222	37.75095355	-122.1464749
462164	37.7508026	-122.1453829333
33977	37.5647178333	-122.3240647
491747	37.56450615	-122.3239638833
825475	37.9288391667	-122.32105075
705954	37.9116511333	-122.3081842833
291946	37.9108882	-122.3069954
526490	37.899212116	-122.3069795966
492055	37.8988692404	-122.3077359796
205674	37.8998678615	-122.3070847976
205637	37.8998678615	-122.3070847976
741091	37.8989814159	-122.3077654839
106668	37.8991211059	-122.3066496849
887213	37.9013010167	-122.5261718167
840790	37.9336995167	-122.5170949667
183923	37.8735759167	-122.5111168833
1292044	37.784752426	-122.407314355
821281	37.98648475	-122.5883245333
117386	37.8142403667	-122.2683822
220759	37.7975358	-122.1952615667
663799	37.8944930992	-122.2734985248
377505	37.8840577475	-122.2686088435
265337	37.8652205833	-122.2673199167
298978	37.8096724333	-122.20142905
172377	37.849267	-122.25175
1008935	37.7775553741	-122.390449859
1155707	37.9205072333	-122.3168504
1219515	37.92526978	-122.30666947
1324571	37.9117154013	-122.3091387749
174024	37.9222596167	-122.3037180167
396638	37.8993496891	-122.2977983952
1291083	37.799438167	-122.216376117
1260198	37.88515295	-122.29703625
1259550	37.8842424333	-122.2968205333
404253	37.8805857667	-122.2960813833
745273	37.790704724	-122.1865346256
1009960	37.7968055667	-122.1867549833
834573	37.7990485833	-122.1830744667
1233527	37.793602	-122.18552
353858	37.7965311667	-122.1748088667
223573	37.79386555	-122.1775568833
644961	37.90343476	-122.3039398205
1201535	37.9048620333	-122.30146085
788207	37.8987091833	-122.3000818833
759224	37.90076375	-122.2997897833
658214	37.9012925333	-122.2995219
207274	37.81130905	-122.2098283667
1237432	37.8042018414	-122.2165006399
332142	37.7986054048	-122.2092893736
1145344	37.8882498888	-122.2990322113
708444	37.8815833	-122.2901225
663879	37.8781015667	-122.2950901833
664507	37.8785768333	-122.2948018833
1137121	37.8786641333	-122.29666285
773176	37.8825340833	-122.29749815
964994	37.7991132167	-122.2116781
770623	37.7969392	-122.2041323833
490910	37.7992894667	-122.21299785
36284	37.8016825042	-122.214812857
96617	37.8007603	-122.2156591833
302274	37.7992177	-122.2166806333
575078	37.79389485	-122.20066045
432929	37.7984492005	-122.2167889748
1015401	37.8004150391	-122.2175140381
718821	37.7934639833	-122.2007533333
44843	37.8006646167	-122.2178348833
72651	37.8008356941	-122.2178997493
821205	37.7904813667	-122.19766375
997072	37.7904189833	-122.1978269333
1088891	37.7959984262	-122.1962296504
578122	37.7913338833	-122.19832245
754599	37.792059	-122.19894405
530841	37.79303155	-122.20023985
573689	37.7920940542	-122.1963516483
144485	37.8533647995	-122.279355526
345200	37.8807673667	-122.29712965
905188	37.820423	-122.205495
220604	37.8059305167	-122.2189735333
627514	37.8074333333	-122.2227205167
575549	37.8081923151	-122.2192137612
866952	37.8095279333	-122.2180056333
686226	37.8138576	-122.21403845
279641	37.8232749074	-122.2079492461
865725	37.68646672	-122.1328517463
603624	37.8232753333	-122.2071344833
207381	37.8264260667	-122.2103840167
832792	37.9009022028	-122.3024152137
930730	37.9011276507	-122.3008096562
230671	37.9000693667	-122.3003214667
664175	37.8804410667	-122.2954896667
376170	37.8075037876	-122.2226536274
760224	37.8073787579	-122.2220528126
631245	37.807587041	-122.2221641969
760235	37.8074815167	-122.2219153667
617851	37.8249328167	-122.20919235
563855	37.824268	-122.208946
590336	37.8267696667	-122.21012295
855513	37.8087723702	-122.2661640425
821857	37.8102760667	-122.2668971
800444	37.8146682712	-122.2643861175
296494	37.8154507106	-122.263740138
458189	37.8193054	-122.2613574833
449232	37.8233438333	-122.2567475667
668911	37.8707206249	-122.2804391384
513656	37.8712267	-122.2770885167
624303	37.87101415	-122.2772588
428154	37.87130576	-122.27256155
467807	37.8717209031	-122.2722907183
774078	37.8718739	-122.2716201667
440968	37.8691370333	-122.2681988167
562280	37.870302139	-122.2676102334
30887	37.86950365	-122.26645555
574117	37.8698396664	-122.2676745057
221217	37.9245572038	-122.3075830936
250155	37.7784599	-122.1651567
681782	37.7882601833	-122.1958961
367142	37.8325982	-122.2137535667
39064	37.8138289333	-122.2514111
657018	37.8034723667	-122.1891024
538166	37.5952393109	-122.5036262473
5499366	37.5415488835	-122.2819948196
187180	37.7942503627	-122.4047241325
839472	37.78314155	-122.3945080333
618105	37.7828543474	-122.4325894179
548092	37.8584728256	-122.2914040089
160606	37.7543873896	-122.4357819557
207251	37.7538190481	-122.4321126938
1180438	37.8072432	-122.2655965
257658	37.8061051382	-122.2652578354
2886030	37.806957702	-122.267046774
39384	37.8274941333	-122.2509670167
166768	37.8272028667	-122.2512059333
1369831	37.746051282	-122.18774113
1145640	37.8061630057	-122.2685123392
803379	37.8050216	-122.2696543667
1538513	37.847048263	-122.251931981
1464181	37.811474672	-122.266021684
543166	37.7942491167	-122.4048022167
122874	37.5670159667	-122.3247190667
694301	37.7823185654	-122.4174624311
506364	37.7880364145	-122.4406511766
491671	37.5654126	-122.3226591833
174910	37.7765726667	-122.42612225
120886	37.7832232153	-122.4325351068
40714	37.6634481425	-122.4629580792
474404	37.7742944407	-122.4050466619
723125	37.7737785333	-122.4046176667
4761433	37.817210467	-122.291144117
1344753	37.76635595	-122.422107667
547387	37.8601634667	-122.4881778833
332087	37.8263905986	-122.2524462178
4173449	37.783771957	-122.272633611
102578	37.97560695	-122.5624728
211142	37.9868701774	-122.5875520706
5497216	37.648750444	-122.418522442
68876	37.7867251	-122.4130847167
1145232	37.8583556414	-122.48501122
203105	37.853635881	-122.4783325195
292561	37.8550372667	-122.4793144
101901	37.7833259	-122.4326776333
5651504	37.759967033	-122.397411883
2266474	37.7621555328	-122.4136859179
761105	37.6720936604	-122.3889183998
188831	37.7692198833	-122.4504077667
488158	37.6190762833	-122.4096638167
703797	37.7631137207	-122.4663144495
164633	37.7431734667	-122.4266738667
711466	37.5418856333	-122.2902438
711386	37.5549336667	-122.3031081
711216	37.5481655167	-122.2969218333
269900	37.5538778333	-122.3038231167
260551	37.5555497167	-122.30829545
254433	37.5382904854	-122.3005652842
168992	37.55145685	-122.3013885833
424487	37.8094788048	-122.2498619556
733317	37.76274565	-122.2451705167
352371	37.91522055	-122.3513475333
660012	37.78226	-122.4787192
502454	37.7620778625	-122.4671862809
1365846	37.79995815	-122.408828633
1156427	37.6908838749	-122.1583771706
235724	37.5308350667	-122.3477677667
74205	37.8693069667	-122.2726362167
1303029	37.938682	-122.540679
1351918	37.80205929	-122.41939479
3559104	37.789119686	-122.41028117
3783928	37.727972933	-122.362232667
490621	37.7925744031	-122.3985114505
976966	37.9068020833	-122.5385008333
3794015	37.774842725	-122.398263785
1117013	37.80953445	-122.20078995
997330	37.7164263	-122.4718240333
994217	37.880242681	-122.2671403925
750334	37.8265831902	-122.2520136561
866804	37.78393864	-122.40109914
857721	37.8017034167	-122.4261526
712538	37.92816245	-122.5142246667
419553	37.9037891667	-122.2779825833
792203	37.5462501167	-122.30217605
20083	37.9728807012	-122.5256364103
544157	37.9704287333	-122.5292959667
52169	37.9695022667	-122.5292083
992878	37.857299	-122.48128
126576	37.8920327817	-122.2798389807
3239346	37.784393009	-122.391042709
788344	37.7973627145	-122.4224476151
512023	37.7936412667	-122.4048946167
1258704	37.795217	-122.405582
976833	37.787481	-122.403662
1393172	37.7970027924	-122.406411767
1393133	37.7973407507	-122.4070286751
1278286	37.789868	-122.401282
1232504	37.772016662	-122.413332671
1268931	37.797125	-122.406682
109367	37.7889213167	-122.4023652
449361	37.8286844643	-122.2492153741
1503556	37.933599283	-122.302297067
1517246	37.7366819273	-122.453776896
2430519	37.77744255	-122.42510059
898678	37.7956068386	-122.3967995587
355842	37.68501281	-122.10307997
3550264	37.566441565	-122.295487504
1096953	37.5390501799	-122.3005556012
1048994	37.5413003833	-122.2913274667
694768	37.7940070535	-122.3939160121
309480	37.5359798667	-122.3034639333
1519278	37.787804686	-122.402882667
652348	37.7720021683	-122.4299850393
828002	37.8061074169	-122.4100200047
1518557	37.79049628	-122.39663773
969892	37.78426748	-122.40149509
187956	37.7638177167	-122.45672445
115974	37.78276015	-122.3914284333
188409	37.7564236333	-122.4705207833
107325	37.5773816723	-122.3460292402
1314107	37.891116317	-122.285213267
5088616	37.823470842	-122.207157003
656110	37.9752194881	-122.5621837378
3139469	37.8201932	-122.218316933
4225823	37.807339254	-122.222590339
2590659	37.81508575	-122.24406695
556393	37.8387325833	-122.2513714333
1323488	37.803069467	-122.234761867
4560757	37.785258639	-122.430377664
1414447	37.815170984	-122.246238463
4178673	37.789958317	-122.393831733
56379	37.7474652023	-122.1843624115
3255964	37.80701434	-122.23829704
228816	37.7950355	-122.3987793833
326856	37.61231068	-122.3859357834
231418	37.6621838833	-122.1210245
507956	37.7494961	-122.4406248667
353101	37.75057274	-122.43401211
773881	37.68397025	-122.0988773333
2237242	37.837793117	-122.257183583
376806	37.7903593891	-122.4039381665
106463	37.769315457	-122.4448412683
31110	37.7719489833	-122.4443599167
255151	37.8985596333	-122.5140473667
4537870	37.878705916	-122.516637204
1444773	37.768282123	-122.397734844
197289	37.9067543529	-122.5460586694
1042699	37.8974118979	-122.5356876916
1004736	37.7693810667	-122.4224806
941477	37.8500985	-122.2920751
486676	37.9234566833	-122.0954746833
488247	37.8066905333	-122.2273699833
487925	37.7496624786	-122.4325193559
285121	37.90443255	-122.2743254167
421882	37.9050640333	-122.279041
376880	37.90381415	-122.2780067
376873	37.9037944	-122.27803805
376802	37.9040088333	-122.2780585167
376741	37.88178685	-122.2818186833
376646	37.8816317833	-122.28175735
291550	37.8282062667	-122.2105305833
400064	37.8284276332	-122.2560540077
19393	37.8284519333	-122.2606633
25493	37.8112372667	-122.2666254833
35700	37.8124553	-122.26851065
853208	37.8009539667	-122.4010578167
126513	37.76151585	-122.2452316167
575087	37.7617199333	-122.4493084167
346280	37.7728857923	-122.4150323868
239327	37.7142255157	-122.4715235326
80590	37.629168236	-122.4215427125
1262051	37.713345311	-122.473182678
1025875	37.7904490542	-122.4424150586
659070	37.7905652	-122.44216765
589941	37.7905967149	-122.4423234354
915370	37.8362466	-122.2949144
1518226	37.788539795	-122.421895282
227286	37.7929398667	-122.4209060833
1308803	37.79917721	-122.40679591
255435	37.79052901	-122.42131614
969872	37.7816073833	-122.4267343667
143609	37.7951071671	-122.3962649294
481613	37.7935102167	-122.42288285
4833084	37.78259865	-122.47022675
4771015	37.7809178	-122.4027625
4660583	37.7569949627	-122.4219793081
575684	37.782010953	-122.4845395131
196617	37.7826474	-122.4716398
4178011	37.771462	-122.45316
3982356	37.7646499872	-122.4664342403
356528	37.7803973142	-122.4802060901
2953726	37.7828097429	-122.4682670571
2430931	37.777175	-122.392581
1247244	37.7675360441	-122.4531465769
1536838	37.7869927883	-122.4041157961
1346666	37.7827337	-122.46440145
632512	37.78018675	-122.4822437667
760104	37.8058300833	-122.4320171167
694354	37.7880443604	-122.4407871487
1164054	37.9254242442	-122.3834285088
159569	37.7993610559	-122.2316150276
945584	37.6960337162	-122.078050375
625291	37.7893338162	-122.4102919264
1110086	37.53676342	-122.33904707
186938	37.5641170167	-122.32461335
992731	37.6475979167	-122.39403275
284986	37.7078113331	-122.1578407288
675641	37.7102592833	-122.1707567333
659686	37.7661943321	-122.1339154243
918651	37.7897990667	-122.40074605
703906	37.6427884	-122.4628819167
667419	37.7903429304	-122.4039379007
287840	37.9864425	-122.5822531833
1233147	37.6491488	-122.43020645
821707	37.724057436	-122.1547883749
834122	37.6886788672	-122.1384017253
506738	37.8681372929	-122.2661912441
565588	37.7096307667	-122.13417065
416608	37.7339798333	-122.1510633833
918631	37.78434926	-122.48041272
473325	37.79521515	-122.4067306833
1065423	38.0109335	-122.2697398167
961818	37.846284	-122.3004221167
880265	37.8817932855	-122.2815495729
2490217	38.0075927874	-122.2720813751
316490	37.985898	-122.313964
116827	37.9926649667	-122.2860127833
467503	37.7969166833	-122.4010442
906127	37.7981107167	-122.4086779667
376744	37.7920091167	-122.4447729167
745181	37.799610527	-122.408129505
457899	37.9271610333	-122.3200914
320272	37.787411555	-122.4311578274
252923	37.788567	-122.4019646
468342	37.7902315986	-122.4039414007
376862	37.7919722523	-122.4024501327
274845	37.80555105	-122.4151370333
183924	37.7696505667	-122.4491449833
765983	37.61127591	-122.39157229
549717	37.5439194421	-122.3074575528
641990	37.565725051	-122.3284496815
539767	37.5673113667	-122.32505845
94829	37.5648643	-122.3246635
213953	37.5672433333	-122.3253452167
25486	37.5651808268	-122.3277385533
375909	37.5648244197	-122.3272744919
427494	37.5645990459	-122.3261079053
416441	37.5663841892	-122.3260747873
583103	37.5662115333	-122.32339735
548225	37.5663874847	-122.3233710484
233394	37.5674743652	-122.3197021484
574976	37.7850716813	-122.3942418918
38665	37.5637141833	-122.3248783167
170398	37.5641225	-122.3242851667
292796	37.5638876667	-122.3251672667
131926	37.5643238326	-122.3271632297
335621	37.7988317347	-122.457062602
242936	37.7717232948	-122.4054056672
403783	37.79785	-122.422247
480938	37.9720409167	-122.5267891
422634	37.7740784	-122.4115217333
384559	37.992118	-122.3028252833
341262	37.8773232961	-122.4604089915
390958	37.9791916333	-122.5641913667
848848	37.7905910696	-122.4042499065
3144847	37.548595	-122.281207
230433	37.77104061	-122.40387779
907925	37.633391434	-122.4980896711
817394	37.8362239667	-122.1296550833
486029	37.8327810833	-122.1321474833
89923	37.79494285	-122.4005699
366523	37.5447595	-122.3195167333
331714	37.5649805	-122.32076513
316749	37.6958499333	-122.0770743
258352	37.6721984839	-122.0839458075
5017681	37.787146601	-122.412981771
175285	37.6459512944	-122.4278712639
209990	37.563388	-122.2505193167
526438	37.6219698167	-122.4122890667
501176	37.55485685	-122.2933748167
729982	37.5720623333	-122.3327205667
617747	37.5637604635	-122.3249004597
91965	37.5444837558	-122.2910166479
566204	37.5864343333	-122.3633009667
360642	37.6617536833	-122.4429370667
302783	37.7409326426	-122.4374127388
309122	37.7293847211	-122.4590098858
483135	37.85304427	-122.27610123
306120	37.89115905	-122.2825098
502754	37.7838994617	-122.4071228856
3279214	37.778555381	-122.49979564
731286	37.7929480615	-122.4230897427
3476269	37.777690002	-122.500567308
4378313	37.778330122	-122.388959657
3297065	37.780604629	-122.480530244
763320	37.8904146	-122.1263887667
154303	37.5505104446	-122.3167353338
5629096	37.743624467	-122.145358583
715035	37.7068636167	-122.1423211
1113818	37.7961093	-122.2799618667
1260162	37.747102733	-122.238500433
1063577	37.7577079667	-122.1629469167
1051467	37.78020335	-122.2545035833
624661	37.7870797125	-122.4011934803
785902	37.80282855	-122.2307324333
2667133	37.7973820547	-122.3998188972
632422	37.7718129944	-122.416652441
427968	37.7718250703	-122.4169148636
356753	37.7703671167	-122.44848795
400076	37.5856820705	-122.3651506226
3669947	37.564925311	-122.325115415
3470931	37.77083508	-122.412935083
896728	37.7690371592	-122.408073144
1314831	37.7631806	-122.4830449333
1310455	37.7797979406	-122.4926963669
788432	37.7766711291	-122.4242185559
857966	37.7979453664	-122.4069942075
485963	37.7657801667	-122.4504919167
160304	37.7514917	-122.4317306833
4429511	37.787168406	-122.404062191
3797855	37.789868984	-122.405811688
164459	37.7467869667	-122.4271186
160047	37.7515163667	-122.43252185
3116824	37.76365125	-122.466273867
1475269	37.7581451195	-122.4437052011
229694	37.7676170167	-122.43113015
1797075	37.792987133	-122.399475733
1020402	37.7903402	-122.4005898333
1886171	37.7751839869	-122.4195277691
624448	37.7822238207	-122.3102170229
4837590	37.678241376	-122.091835336
1546523	37.790179	-122.4191058
756803	37.5789172167	-122.3458607667
1404234	37.789053653	-122.420453743
172346	37.7071434833	-122.4571023667
1544417	37.795271769	-122.39960174
4765798	37.789536039	-122.3925109
3801009	37.790852554	-122.418727425
4079136	37.7854752239	-122.4089729852
1081087	37.7958011627	-122.4241036177
261354	37.8021341667	-122.4564108333
595280	37.8032491167	-122.4572728
841236	37.8072542833	-122.4697788833
1047405	37.8037343833	-122.4678632167
582767	37.6590104528	-122.4041660056
852568	37.7780329167	-122.3982060167
372484	37.767703992	-122.4108159542
150859	37.7645558833	-122.40773965
308495	37.9269857	-122.5169529833
1073297	37.7788897811	-122.3940145969
5718574	37.78038358	-122.412392255
977832	37.7463465929	-122.422247529
951431	37.7441096306	-122.4232292175
982171	37.7787461938	-122.4149963877
162041	37.9091483167	-122.6856067667
1537545	37.784773102	-122.432929295
1491840	37.7839096912	-122.4343764782
1473638	37.794595254	-122.404794278
1459860	37.783878977	-122.432709884
49382	37.96371185	-122.50780765
820630	37.96523785	-122.5151103167
239133	37.7819157667	-122.48496025
176372	37.7821035804	-122.48478055
549587	37.7906227179	-122.404181146
496539	37.79080745	-122.40259975
321025	37.7822646907	-122.483305335
63107	37.7802635066	-122.4851453304
190721	37.799041748	-122.436882019
102192	37.7804763	-122.48121515
59879	37.79442795	-122.4006134
44755	37.7804882	-122.4800996167
2741878	37.9727724833	-122.52353745
985844	37.9756438	-122.5267480333
4067756	37.96217215	-122.5117622833
606363	37.9754706692	-122.5271809101
1121603	37.9742860794	-122.5303137302
1170844	37.6860088	-122.4690597833
1127743	37.76324	-122.48072525
1303505	37.545160713	-122.303998951
939203	37.54560355	-122.3181366167
1187377	37.6295149326	-122.4179667234
1194390	37.77599692	-122.40256583
1452735	37.898729838	-122.515048429
165401	37.8592521285	-122.4863040447
1328944	37.797116791	-122.395159266
292653	37.8786304018	-122.4561989307
712088	37.8768922167	-122.4616241667
144087	37.8765331667	-122.4609479
967946	37.7299532502	-122.2129011154
1041542	37.8411748333	-122.29367405
966658	37.8445710498	-122.2943973541
1303211	37.5491023064	-122.311386466
718674	37.8401912833	-122.1076184333
1484649	37.835610717	-122.12736715
2553443	37.9001454914	-122.2979271412
1050170	37.7778137135	-122.4232062196
1431345	37.868462233	-122.295792333
1535394	37.772997864	-122.448701832
761166	37.78679931	-122.41392135
239348	37.80130535	-122.4450241833
4067206	37.776427982	-122.425562513
391064	37.6222269333	-122.4124307667
1042854	37.78582531	-122.43264991
75840	37.7826052833	-122.3866264833
1123717	37.77172225	-122.43684405
999853	37.8396826599	-122.2895184342
949734	37.7435624	-122.42142462
1398432	37.777036784	-122.401334205
834669	37.77429605	-122.4244549833
1139673	37.7656695143	-122.4505904479
1101614	37.7364167	-122.4406782667
766407	37.7423330333	-122.41368115
575516	37.6262813712	-122.4110645328
19529	37.5426343167	-122.30257335
17401	37.7526851667	-122.4089780833
235182	37.7942635333	-122.4232368
2121661	37.782744208	-122.394363737
735079	37.7990420333	-122.4225585167
539551	37.7756653	-122.4459328833
160200	37.7513847167	-122.4344559833
435293	37.5788517167	-122.34549125
244283	37.6498665015	-122.4307179451
708922	37.6441699333	-122.4522597
1218099	37.83753728	-122.46420842
487810	37.8029873	-122.421372
52415	37.6686965881	-122.4650595082
623692	37.9248703388	-122.5191771984
583139	37.75732618	-122.42318511
580029	37.8013410551	-122.4249887466
5107227	37.995781616	-122.286031421
342444	37.9891335333	-122.3117014167
983294	37.9861092567	-122.3170781136
2954798	37.995312972	-122.285533531
1355265	37.99505639	-122.28628015
115702	37.9955957167	-122.2851915
1366488	37.98171645	-122.318886467
645265	37.9834976833	-122.31750765
211227	37.9834128667	-122.31741375
310200	37.9916788833	-122.30135155
977764	37.9875893833	-122.31249595
101910	37.9861950833	-122.31091975
1097604	38.0041791071	-122.2947722789
552456	37.86835615	-122.2971485833
25215	37.8681848333	-122.2949950667
795501	37.7750452333	-122.4026761333
5384598	37.77602749	-122.402376546
57284	37.7750809167	-122.4025918833
2517695	37.76182347	-122.44070267
533925	37.7747548	-122.4041736833
1469078	37.781020339	-122.402553693
501876	37.7776067	-122.3933613833
546777	37.776546	-122.39396053
1036247	37.7477603643	-122.4187371914
1008240	37.9058781	-122.5479916667
637506	37.69605335	-122.0820980833
802917	37.7763737264	-122.4415759496
1208030	37.56323492	-122.32614159
206680	37.5436451667	-122.3081327833
765044	37.5506391667	-122.30918325
5774029	37.786369234	-122.398158889
750925	37.78937411	-122.41307485
348501	37.8907728333	-122.2896507333
994102	37.8692097154	-122.2916008551
2150128	37.836452917	-122.29316785
677178	37.8359626646	-122.294729948
2016703	37.71036988	-122.44743096
10323	37.8854513167	-122.2635412167
303002	37.8811740569	-122.2886238992
1947937	37.627108705	-122.400944621
4813942	37.6401203871	-122.105500102
5348417	37.7138448	-122.15871325
360862	37.94743195	-122.5091811833
1287465	37.797165211	-122.405575004
3729217	37.790390927	-122.40394037
1538763	37.75961893	-122.449462825
818532	37.7976713833	-122.2523196167
760843	37.7648118637	-122.24401474
1528518	37.7754807965	-122.4000227451
555753	37.7886695207	-122.4169468091
1568531	37.79065764	-122.398686428
591331	37.6478446	-122.4188210833
1306759	37.538988683	-122.313223067
1491439	37.613820063	-122.404454598
94163	37.6196406333	-122.41054335
5712228	37.722065067	-122.438678483
5712120	37.72208732	-122.43849876
1369161	37.761682883	-122.4216299
5108209	37.7764984203	-122.408863306
4000066	37.7571781373	-122.4213409424
47744	37.7515662333	-122.4322091833
1503829	37.782985568	-122.4638646841
1127972	37.782358	-122.396711
1116114	37.7596986294	-122.3853671551
780628	37.99899915	-122.3228902667
1529913	38.00359961	-122.544681796
1465387	37.990172321	-122.33496344
595268	37.9944831667	-122.3031699
1199380	37.7877507097	-122.4030911922
355520	37.56820809	-122.32366985
616131	37.5854099833	-122.3653306833
616135	37.58549425	-122.36524315
528583	37.5864198667	-122.3646052333
320552	37.5935173167	-122.3709046833
348526	37.7934854	-122.39584201
44840	37.5856093	-122.3651714
464565	37.7891075	-122.41906374
1413951	37.761956046	-122.418394784
1040357	37.7600378	-122.422693
1452764	37.776452785	-122.441617792
567027	37.5871999235	-122.3618262565
544216	37.7903452833	-122.42152975
744429	37.8383572833	-122.4786813667
978117	37.8087124845	-122.2697420993
811524	37.7845156833	-122.3893883667
5720320	37.6165437698	-122.4167650938
5663346	37.8073239326	-122.4182081223
5645354	37.628085	-122.411306
1233241	37.6266695	-122.411257367
5557931	37.761975	-122.424204
5551705	37.764568	-122.424985
5546039	37.761513	-122.426662
5352425	37.629999	-122.467992
1180248	37.6032326808	-122.3963787227
5176006	37.641183	-122.422708
1473857	37.6261407137	-122.4260079861
3047413	37.6228167	-122.41148475
4427989	37.625467	-122.414444
1519734	37.6289087534	-122.4672925472
116270	37.6266613833	-122.4249542833
1127358	37.7150512545	-122.3988103867
718980	37.7983781829	-122.2570958734
1096737	37.7824706333	-122.3876767
993257	37.7873800833	-122.3991984333
1247248	37.9993969202	-122.2481560707
1402527	37.64283165	-122.1070257333
1308973	37.774118062	-122.430886969
609734	37.8231509333	-122.1863624
1309947	37.69786605	-122.47011335
730469	37.6280700095	-122.4011682437
56679	37.9871671167	-122.5891839
75616	37.8953362167	-122.5342637833
825522	37.869454564	-122.5001238612
211037	37.9456137502	-122.5225625098
1328287	37.781932829	-122.448609813
1195521	37.649327381	-122.40417853
579877	37.7918882723	-122.4072754383
183237	37.7372267333	-122.46989405
4373210	37.761979	-122.436814
4367059	37.761979	-122.436814
183196	37.7394743567	-122.4678020889
1262112	37.7321255003	-122.4745827913
4893814	37.55489498	-122.26997745
3734561	37.568590067	-122.266526817
3545791	37.607389067	-122.39922015
446352	37.6064387167	-122.3981660833
1157327	37.55465485	-122.3111571333
1376449	37.537541067	-122.300457583
886840	37.55246705	-122.3136885833
1097136	37.5550000857	-122.3072905974
943094	37.5390407009	-122.300365891
584277	37.5416999667	-122.3028907
347317	37.5770886333	-122.3493
347265	37.5775416167	-122.34862175
1518017	37.771448294	-122.434807967
1502732	37.779971106	-122.481812627
332247	37.773071	-122.4268139333
434711	37.836422	-122.2882524
469371	37.59342753	-122.3753553
723755	37.7912184777	-122.3938241601
212726	37.7915025053	-122.3936605453
295610	37.8658335209	-122.2679185867
316641	37.8998962706	-122.2996885467
1578374	37.564101217	-122.327334867
360198	37.5347895167	-122.2946368333
4836834	37.7851274	-122.41719627
502802	37.75715798	-122.42211508
1140269	37.7749155315	-122.4010449401
5392302	37.775830547	-122.496694823
476358	37.7787652819	-122.494318795
1860132	37.785449102	-122.431432041
1430501	37.694247365	-122.1868783236
609989	37.7926419833	-122.4031438667
396432	37.77580855	-122.4980621167
706046	37.7759507997	-122.4943312346
1132986	37.7758723497	-122.4956649542
1246356	37.78563243	-122.41601163
1135821	37.7880143722	-122.4405756627
1141363	37.7995691333	-122.4101662833
566760	37.7898163167	-122.40570355
790781	37.79510955	-122.40706775
867732	37.8914038924	-122.2774457932
1307376	37.577471	-122.321869
612633	37.834904	-122.212634
570568	37.8693569078	-122.3005878925
1536693	37.82637975	-122.209247783
857518	37.84014803	-122.25109523
618443	37.7980163616	-122.4122390262
383705	37.6552327996	-122.4108508229
1498834	37.887996652	-122.517112602
4775067	37.773293662	-122.435218188
4607912	37.75856622	-122.411971717
5175012	37.785289358	-122.40231766
2951962	37.78340512	-122.39666031
1035520	37.78714501	-122.4099124
4006405	37.778248742	-122.468029747
512149	37.6105726267	-122.4960806966
664842	37.84145724	-122.29194688
992581	37.8406118691	-122.2915109058
578193	37.7948774167	-122.3953746333
4286425	37.77598961	-122.423143387
682874	37.7642675833	-122.4219666667
4760654	37.761213725	-122.409746549
1014259	37.7583922667	-122.4223195167
3369654	37.7444110903	-122.4204826355
1193233	37.751116167	-122.42064855
566346	37.8633899194	-122.2675967216
549214	37.8905614268	-122.1494936943
5443051	37.969648993	-122.516648915
3303488	37.775228934	-122.407050249
1504104	37.7764141	-122.189723283
1376802	37.840383484	-122.2514927387
616073	37.8110894833	-122.2868987
1436685	37.73457655	-122.396394233
1060574	37.8036401134	-122.2642458914
803733	37.7614022299	-122.4244308472
525908	37.6247236667	-122.4889431333
1448779	37.796216245	-122.278954782
512128	37.609746081	-122.4959680438
712682	37.654807	-122.4201572
1836275	37.60131901	-122.37843668
986860	37.7916084854	-122.3941862583
1557628	37.788269	-122.402764
1211802	37.8759119916	-122.2508168221
964165	37.6071833	-122.398265
756209	37.62242001	-122.4252842
83197	37.57836625	-122.3506029833
1657804	37.5678054271	-122.320715189
4592869	37.5947745	-122.3640089
1402999	37.947434483	-122.509924617
738809	37.947461959	-122.5250107795
452775	37.9721549333	-122.5238735833
941191	37.97198965	-122.5248976333
1062192	37.8046909702	-122.2627886656
652749	37.7999004388	-122.4050509811
4237404	37.795376847	-122.401266344
3313942	37.792629582	-122.406318358
5305407	37.6543048209	-122.4105530977
3325420	37.75640921	-122.42660023
1051083	37.7766080415	-122.4229681337
3486036	37.75435925	-122.43436211
3467421	37.789903	-122.400425
662502	37.7697271579	-122.4498735468
1300536	37.785254185	-122.396542406
1578020	37.789006584	-122.408877016
442554	37.8745490333	-122.4661010667
1048331	37.927476925	-122.5184690952
524330	37.89317155	-122.48335925
447493	37.9769677333	-122.5618477833
1996835	37.801349017	-122.27431885
1262935	37.79964941	-122.40772229
1033719	37.6969118667	-122.4630316667
771540	37.72417435	-122.4582663333
396510	37.71269475	-122.1370641333
854992	37.72613445	-122.4336913833
164359	37.7528955	-122.4297113833
128228	37.6968084	-122.4629394833
61341	37.6971594833	-122.4633967333
794651	37.72488665	-122.4601938333
128530	37.7256034667	-122.4339760333
144195	37.7314691333	-122.4498045333
150819	37.76337365	-122.4138989
771196	37.7247946333	-122.4609370667
2053436	38.006310917	-122.474017333
776678	38.0051743459	-122.5381330495
908045	37.7871317512	-122.4114274979
3196654	37.86199277	-122.49423593
1115914	37.7839275333	-122.4175365667
4071341	37.785239699	-122.409137105
1379802	37.7659250496	-122.41956532
1145289	37.8245313841	-122.2659718193
1193633	37.6984637976	-122.0999801159
1201234	37.7370393276	-122.2499424219
1366172	37.83670365	-122.46463459
324938	37.6923106007	-122.0901417732
4065886	37.751289231	-122.201038313
5497080	37.764905361	-122.412163238
1162949	37.7493569918	-122.4236476421
1355251	37.792888683	-122.392540017
1474670	37.7925046833	-122.398589
3926473	37.794171439	-122.398928226
695659	37.7942377986	-122.3974716652
426106	37.7932829518	-122.3974531889
739839	37.7930981129	-122.3971185411
347208	37.7937032333	-122.39730645
1033742	37.79381225	-122.3976239833
1028060	37.7936297468	-122.3979379879
5310253	37.793431	-122.398233
1383632	37.770190708	-122.419924902
642402	37.7704532441	-122.4184535497
2486551	37.770341661	-122.419010768
1393094	37.889545517	-122.300866233
302566	37.88685655	-122.30303531
1255260	37.89193135	-122.30727022
1216734	37.7866578893	-122.1967224526
1315448	37.786097733	-122.196435433
704790	37.7861871833	-122.1972580833
3998880	37.790057	-122.197812
3596214	37.87154925	-122.270977767
3011298	37.871810317	-122.271612067
201160	37.7542886333	-122.4779042333
747906	37.79280763	-122.4028021
694428	37.76300295	-122.4810479167
440898	37.7286443756	-122.478671707
440548	37.7526440167	-122.4109826333
179930	37.7757452667	-122.4966086833
2159387	37.565108733	-122.321201874
590661	37.7376574667	-122.1980063333
5803131	37.722721552	-122.154807364
3800413	37.73307745	-122.150806767
1507729	37.724702107	-122.161364387
1430444	37.776020513	-122.390639857
2004787	37.79533665	-122.417786067
443178	37.8004307274	-122.4400136848
87352	37.8584146333	-122.1246457
317228	37.89084205	-122.12041035
405961	37.9351805167	-122.53548185
651566	37.60766735	-122.3984224167
549318	37.79680746	-122.40636515
549242	37.7963402475	-122.405332859
526024	37.8920777167	-122.5719533667
270464	37.988099	-122.302395
355837	37.99165035	-122.3056080667
821508	37.9908294678	-122.3069152832
205983	37.990457	-122.307607
1310661	37.786124633	-122.204918267
1187348	37.7778175013	-122.3908513361
20071	38.0008029833	-122.4612112667
1308329	37.7993709	-122.40858985
1273871	37.76977475	-122.4469417833
132180	37.7822128796	-122.4829046198
279090	37.78857111	-122.43080341
625207	37.7793882378	-122.4235145538
544273	37.7239350833	-122.15462025
1066298	37.78414648	-122.4310221
579613	37.7752733927	-122.4209738336
481162	37.7820272649	-122.4854564667
361441	37.7393348	-122.4164589167
494900	37.7226219333	-122.4765560167
1201806	37.7455040733	-122.4203644933
1578799	37.775322596	-122.418814052
1576197	37.800406004	-122.457029396
721912	37.7339151881	-122.4900009932
730429	37.7851715088	-122.4102706909
629502	37.7726170654	-122.4028273229
186712	37.6219753833	-122.4114969
948988	37.6391845667	-122.4212272167
1392494	37.68872916	-122.47035872
1383042	37.673692	-122.470206
1124103	37.6505986333	-122.4070918167
1594862	37.7997869253	-122.2162109613
820205	37.78120145	-122.2986852333
90299	37.7862179833	-122.20569165
1167892	37.81373	-122.249271
1038171	37.787656	-122.399197
3827387	37.5980283	-122.37994819
131056	37.7500728023	-122.4070279194
1248984	37.750249399	-122.406981369
75511	37.7470951012	-122.4136923575
723154	37.79045552	-122.42126935
1262521	37.786048	-122.410578
1158991	37.7674836596	-122.4056142171
936540	37.78717565	-122.4666145167
211322	37.78004658	-122.42832928
575228	37.7631238833	-122.39739235
439453	37.79890155	-122.4246181167
183359	37.7407848833	-122.4654364833
59179	37.7840595	-122.4176923833
94067	37.7660348667	-122.4015336333
165278	37.7366157	-122.47019395
255176	37.7624841299	-122.4006264194
702790	37.778575	-122.4175292833
183287	37.7377784833	-122.4693565333
793912	37.7962139333	-122.4050023833
821048	37.64963705	-122.4917582167
238186	37.8956793833	-122.1031993667
583750	37.8451285333	-122.2904400667
577660	37.8452035667	-122.2906459667
502080	37.8453183333	-122.2900669333
1417469	37.56088745	-122.28253805
456167	37.7334508	-122.4903925
442690	37.7733286833	-122.486673
582476	37.7300620667	-122.3972098333
704236	37.7325835167	-122.4903199167
1193984	37.865873217	-122.299869083
579576	37.87006615	-122.28323935
809513	37.7441955667	-122.4212569
690109	37.9095346167	-122.35753115
74926	37.8316383167	-122.24790995
542801	37.8372479167	-122.3044508333
1295520	37.780179967	-122.400763033
119169	37.5629115167	-122.3185862667
67264	37.7598197333	-122.4288533167
4900993	37.7993064776	-122.4618691206
147192	37.83502035	-122.1272697667
1010408	37.83591775	-122.1288683833
1393546	37.808550517	-122.113130983
1374547	37.8358016714	-122.1279394627
171861	37.86394	-122.3131942667
1536277	37.961770943	-122.508268842
443268	37.775762	-122.4973925
682792	37.8511922833	-122.2576694833
600375	37.93703275	-122.5353104333
666436	37.8190649407	-122.2637933493
1462727	37.8482477	-122.251966583
197512	38.0187083797	-122.5316762924
1071933	38.0191414167	-122.5337035167
797703	37.8123367167	-122.2618964333
1029897	37.9439134804	-122.5327292144
554682	37.8082796667	-122.2528282167
1171871	37.94703895	-122.5091598
211430	37.8155734	-122.2606192167
590787	37.77342805	-122.2118672667
569716	37.9703981979	-122.5180478124
1059397	37.8341767382	-122.2525612707
285430	37.8398476667	-122.231683
887912	37.8105552942	-122.2470939159
706383	37.8138106573	-122.2466975962
646485	37.9465644333	-122.5255586667
1009916	37.8882160195	-122.4743843079
555547	37.971330436	-122.5295997981
5176303	37.760264834	-122.419160609
830484	37.8916329333	-122.5119538667
1313915	37.76217031	-122.43814897
1242334	37.99774205	-122.28841453
1212625	37.9255538	-122.3188238
861563	37.79146105	-122.40415102
2069599	37.787665921	-122.391890287
943162	37.7903157971	-122.4039583693
739905	37.78929	-122.403569
689138	37.7627860515	-122.3946762771
811816	37.7630336355	-122.395651511
542762	37.762614	-122.3962993833
1583954	37.8088684667	-122.2526648
981613	37.84171938	-122.25670808
866832	37.5763540459	-122.3498321477
5107979	37.703201933	-122.0611384
213819	37.7900134562	-122.3989742761
1251846	37.787064217	-122.4188105
1088438	37.80158052	-122.4397206
212720	37.6789442833	-122.4543959333
663704	37.8002431333	-122.43895215
266175	37.75943705	-122.4097958
306359	37.7948810779	-122.4044108391
3486583	37.7906283667	-122.40744775
1553846	37.8079034627	-122.4140731036
1399213	37.7815355	-122.42367559
1394275	37.7815355	-122.42367559
1250625	37.78167843	-122.40473097
864318	37.8686618068	-122.2678494086
883249	37.7998901	-122.4421718
534983	37.8715252876	-122.2677361965
1132888	37.7906243333	-122.4082295333
1478157	37.741746583	-122.405652767
730597	37.6652869284	-122.4451965094
1564412	37.702248246	-122.141947761
1392746	37.684471794	-122.098051347
205103	37.8974691167	-122.53628775
706068	37.6956099272	-122.1592193842
3561570	37.6809006929	-122.1270650625
3320124	37.6952826977	-122.1607428789
3148547	37.6847040653	-122.0949375629
2898025	37.7224695683	-122.1533453465
1530077	37.6921874285	-122.1308684349
1133088	37.7008297	-122.1430186833
1088488	37.69958495	-122.1764874333
1121642	37.7105176449	-122.1362757683
706548	37.6887971163	-122.138518095
705604	37.6956582069	-122.1591603756
604381	37.9015599833	-122.5351909833
3536819	37.89402015	-122.4969127
3035255	37.908345888	-122.686948298
83708	37.9775898333	-122.5630135167
3033338	37.762805033	-122.417258317
2963659	37.896643633	-122.5438722
688246	37.7926089306	-122.4062132835
4770622	37.807061933	-122.418833383
4515642	37.78630828	-122.41731339
1204343	37.7787099	-122.3879969167
313784	37.6727338667	-122.0849644833
1036030	37.7727461	-122.2261728
1065594	37.7818391	-122.2343290167
1123249	37.7740036167	-122.22824995
5547035	37.774696267	-122.2287619
1123207	37.77477295	-122.2294769167
1123188	37.7744329	-122.2300397333
1524191	37.777315317	-122.231853783
1139315	37.7816195	-122.2342958667
813491	37.9806378764	-122.3300170898
525988	37.8094655667	-122.4101622333
617512	37.8094753	-122.4101912833
1502418	37.809324083	-122.410031433
738480	37.7674968167	-122.21022115
10325	37.8859984833	-122.2622108333
342175	37.7773698667	-122.2147647667
1064881	37.7634543059	-122.1963218158
39533	37.8073400167	-122.25397565
885990	37.7390091548	-122.1664814466
90679	37.76180445	-122.2435283
230966	37.7333554167	-122.2045022333
1241757	37.77862779	-122.287895914
1030650	37.6877441406	-122.1370162964
1158478	37.5782299333	-122.3492842333
221580	37.6261208752	-122.4112836017
936821	37.6529084	-122.0913558333
593952	37.9337039833	-122.25330175
965273	37.6941986833	-122.0679706167
3373463	37.67643347	-122.142915624
629302	37.6731987667	-122.08434125
767095	37.6962111833	-122.0769469167
1110305	37.6727899	-122.0850332667
439701	37.6718728654	-122.086097002
1350956	37.674282583	-122.083758883
1039996	37.68776505	-122.1293467667
422381	37.6955068211	-122.0817767441
1199882	37.673766586	-122.081172466
1355404	37.673805256	-122.083503348
1314344	37.870649817	-122.300826267
765427	37.6678907167	-122.0804511167
280277	37.7006259833	-122.1270430667
1164117	37.6798583833	-122.1542646833
1232245	37.774801133	-122.262909583
491323	37.77143495	-122.2832170667
1425692	37.701972583	-122.143989954
1075033	37.8111943333	-122.2472828333
59564	37.7616703333	-122.2449117
628306	37.6676776	-122.0818238667
5759840	37.723972719	-122.153765264
1077619	37.7032920167	-122.1291764167
391576	37.7055365107	-122.0730829239
1035595	37.7995290333	-122.2514064333
1167448	37.7810473	-122.23237535
1558242	37.795599083	-122.253320967
1327683	37.79575914	-122.25404661
2019703	37.799585767	-122.250034183
4647385	37.80290502	-122.27515512
1346909	37.800389583	-122.2652794
4177122	37.759607967	-122.1870336
507621	37.7991199718	-122.2513318062
786715	37.8090419167	-122.2555617
956202	37.8100776333	-122.2454822833
628624	37.7941035	-122.2521350167
1587103	37.814144767	-122.26485335
574282	37.76223035	-122.2444127333
1323694	37.700062233	-122.125770833
1157104	37.7010028589	-122.1250233755
1302374	37.791465933	-122.2510895
1269971	37.79892945	-122.269728283
1269898	37.80205661	-122.27017349
704467	37.8000184333	-122.2496324
590202	37.73057866	-122.20306849
1149325	38.00283985	-122.2945462167
319393	37.7957057203	-122.2554847214
279353	37.77530974	-122.49611681
211332	37.837563	-122.3151329833
685992	37.79484277	-122.38711935
934939	37.7955026821	-122.4233214801
3344722	37.764899742	-122.431866795
591871	37.7427987833	-122.4781741
428045	37.7424672258	-122.4773418929
421146	37.7869635333	-122.4198914833
109990	37.7692721884	-122.4518121708
602639	37.7956355049	-122.4093033202
179272	37.75622255	-122.4064888333
1457385	37.778010326	-122.496821822
320177	37.7078564167	-122.4547663333
518414	37.79710015	-122.4070580833
888034	37.8692198532	-122.2915116525
848272	37.6858083167	-122.1008695
1402452	37.693644483	-122.089051883
1402442	37.693644483	-122.089051883
225377	37.6920353333	-122.0896808167
365853	37.69244665	-122.0900359167
893434	37.6933357333	-122.1111115167
3535307	37.6930778167	-122.0901386167
668384	37.6870795667	-122.0958068167
1467620	37.688144983	-122.104245783
1467625	37.68804445	-122.104451417
262427	37.6919966359	-122.0936050273
1356583	37.69852417	-122.10402339
335567	37.6955119667	-122.1031884667
4891280	37.8851336667	-122.5016004667
4890020	37.88510455	-122.50163825
1238650	37.9809712667	-122.5195021333
1573778	37.891005083	-122.12539835
3741375	37.79744	-122.400098
931271	37.577583	-122.322016
1010152	37.7263750333	-122.4392514333
758593	37.78144079	-122.43170088
467873	37.7393276375	-122.4497225286
170859	37.6880088833	-122.4679529833
693761	37.7254351667	-122.4299474833
5166092	37.758467618	-122.411057098
5716122	37.9669582844	-122.4957346916
667986	37.9700043333	-122.5200169833
2716098	37.970159427	-122.519420637
614003	37.9679980833	-122.5303615
5293587	37.763461	-122.412658
549252	37.7864364	-122.4153396833
236304	37.5944862695	-122.4439787865
236146	37.6044657456	-122.4577720463
236117	37.60460575	-122.45785495
1126558	37.8806984	-122.5197425667
557333	37.80726361	-122.42180317
1204963	37.80621805	-122.4318251667
1181532	37.8062322893	-122.41574049
5817549	37.6328481	-122.42106685
537867	37.8927932333	-122.1152924333
1562880	37.893372267	-122.11874425
332134	37.671127682	-122.0862360493
466141	37.90288005	-122.0962484833
377119	37.89167755	-122.1223648333
574285	37.7938376667	-122.4010183833
1020274	37.8609786333	-122.3167719167
1437002	37.7872771025	-122.455099225
508052	37.7950180364	-122.4051965906
5456395	37.807302	-122.408268
585607	37.7825007956	-122.4140632116
457484	37.7027592333	-122.1255508333
918935	37.8004094974	-122.2706299046
1598608	37.762668055	-122.194236191
1446531	37.697776479	-122.130407804
572830	37.7883175167	-122.3903095167
973092	37.8003705734	-122.2706698198
39386	37.8274395833	-122.25112365
267805	37.7717195326	-122.4343782139
696600	37.6883372735	-122.4555230141
628587	37.6814694167	-122.4526160333
481354	37.6150758	-122.4064176833
1310357	37.6148271561	-122.4064171314
1218968	37.53933846	-122.28354513
1106225	37.5778794	-122.3464263333
284153	37.56055215	-122.2738893333
458678	37.5638704833	-122.3229596667
664159	37.537524314	-122.3005409394
683220	37.6438195667	-122.4526886
587912	37.7759112833	-122.49070905
336484	37.8911778667	-122.27916005
166008	37.8915308964	-122.2787815332
552242	37.8053509667	-122.4148194333
129086	37.7746221466	-122.4029048468
988864	37.7586543833	-122.4368714667
681761	37.77888101	-122.39280551
497625	37.7768249458	-122.4381001878
706839	37.7749710083	-122.4451675415
171732	37.7724376	-122.4282864333
361355	37.8703085333	-122.4960736333
2069647	37.885388833	-122.078712333
962490	37.9275231833	-122.5173199667
1154106	38.0022333333	-122.3158814667
1047040	38.0137467228	-122.2722744942
351463	37.9646654807	-122.3155804946
5537877	37.776464659	-122.402236283
340322	37.776905	-122.4009038667
3135776	37.878882619	-122.18143767
981693	37.7013794667	-122.1291876667
1200919	37.76516075	-122.241849567
33520	37.8137761921	-122.2673285007
342255	37.81409485	-122.26750645
712205	37.76952004	-122.43002837
792543	37.8711700167	-122.2929804667
285724	37.71048241	-122.21284943
303257	37.71048873	-122.21288776
1051556	37.7863418886	-122.4166426721
970835	37.78560674	-122.41482651
1139766	37.7848772	-122.4173017333
717326	37.7798956633	-122.396364212
1176953	37.7773787	-122.4004704333
513057	37.7521919333	-122.4057441833
848370	37.7537313833	-122.4007113333
54136	37.7529655	-122.4051377167
795345	37.7533609787	-122.4006128311
88842	37.7532544667	-122.4006243667
88629	37.7529082333	-122.4008378833
1144957	37.7501691	-122.4027758
650023	37.7446670532	-122.4046401978
544140	37.7286647284	-122.4041658523
1030474	37.7296217	-122.40461755
1171506	37.7265842	-122.4031973167
1155082	37.7246888167	-122.4001884
689604	37.71437013	-122.40306645
1496360	37.789949	-122.407302
3474746	37.79012471	-122.40941739
3471535	37.796304783	-122.406823978
3467333	37.787603096	-122.409148507
3467201	37.787436939	-122.40901496
4775096	37.795229422	-122.42226399
826102	37.8006184101	-122.2737550735
969304	37.65548712	-122.40983498
1589192	37.947993483	-122.491856868
982586	37.7672498429	-122.4266688
4130478	37.626297117	-122.410553383
55754	37.5579299946	-122.2631484738
3733305	37.56801085	-122.257767317
534815	37.5553003333	-122.2608349833
11363	37.5587368	-122.2533488167
514380	37.5575238381	-122.2520419034
1010124	37.6562540252	-122.4081655666
887871	37.57349914	-122.31713247
745893	37.6422592167	-122.4266090167
1387664	37.674316353	-122.086261144
990709	37.783360157	-122.3932285234
747981	37.7997133976	-122.2685301304
1243002	37.763186265	-122.458853552
976378	37.7790576333	-122.4222653167
1369864	37.760574217	-122.49092135
300070	37.85790485	-122.2731279
494807	37.8702924333	-122.2839683333
409799	37.7681353861	-122.4223302822
1001437	37.7718129167	-122.4330589833
50715	37.7849903333	-122.4333008
100983	37.78189225	-122.44544355
781609	37.774864895	-122.4237342394
788535	37.77413672	-122.4240545
404131	37.7754892833	-122.4227156667
3143568	37.773518056	-122.421546491
73696	37.7801543667	-122.4853503167
1451429	37.7671187904	-122.4219310284
326951	37.7978763991	-122.4061139161
994093	37.613713	-122.401511
704345	37.6575898833	-122.397326
1131874	37.801027	-122.416612
759659	37.7975660563	-122.4076616764
711728	37.7983230783	-122.4084556103
994086	37.5775214	-122.3462379
868029	37.6780798432	-122.0915487506
1452570	37.701355217	-122.082996367
1404000	37.6745938	-122.08038836
357108	37.68041785	-122.0845470167
442688	37.6776682167	-122.08323255
596415	37.6947619865	-122.0719483495
549409	37.6943181412	-122.0866542656
1087944	37.7018883448	-122.1266303931
488181	37.6738114667	-122.08360585
696044	37.6858576333	-122.0732107333
416648	37.6954180667	-122.0750998833
384045	37.6942685833	-122.0852121167
348754	37.6966577	-122.0768047167
604411	37.6954895412	-122.0812122222
1538955	37.7777613333	-122.43816325
100944	37.7760831833	-122.4454579333
1180956	37.7718154167	-122.4118016167
802666	37.8007264805	-122.4292901532
767767	37.7535187504	-122.4850573851
491303	37.79153198	-122.39881438
683159	37.7904615271	-122.3991759443
545521	37.7902908465	-122.3984604068
365259	37.7904604	-122.39893031
763375	37.82813	-122.2466594
492908	37.77239865	-122.4255166
76867	37.9479053932	-122.5095326931
1019996	37.9570859833	-122.5529963667
514030	37.9547457667	-122.5482987167
381966	37.9732502537	-122.5290121376
122011	37.9521662	-122.5501581
1041987	37.8575368167	-122.2539947
950182	37.8756877167	-122.2709617
1261681	37.7876472473	-122.4512314796
555523	37.77569645	-122.40258115
5810828	37.790615	-122.401616
573518	37.7894399404	-122.4059324747
4506782	37.896162	-122.102452
132692	37.791299	-122.4035575333
845673	37.996387	-122.29097
767750	37.996387	-122.29097
39125	37.7610625833	-122.4384876667
416585	37.7610645	-122.43666885
194811	37.7608686667	-122.4369018167
166471	37.76409655	-122.4335512667
166475	37.764332	-122.4332859833
161032	37.7703241	-122.42559365
749000	37.79201549	-122.40813362
781122	37.78745466	-122.38833427
582840	37.7908947912	-122.3970982816
677493	37.7838703833	-122.3922284667
624852	37.7911657261	-122.3977521988
588929	37.7831557333	-122.2204587333
442631	37.92578505	-122.319835
433704	37.658200358	-122.1134369695
408916	37.5718022105	-122.2666525841
507579	37.5646422667	-122.3072554667
456767	37.5764428333	-122.3210526667
166153	37.7501552167	-122.3921605667
578705	37.79752987	-122.4067108
370195	37.790363187	-122.4079376025
370519	37.79146653	-122.39917671
93919	37.9251586167	-122.3191663833
232912	37.626625	-122.403568
217430	37.77795761	-122.40215492
411038	37.7922488278	-122.4344844936
1469381	37.787760933	-122.433494333
1336774	37.7871001	-122.433262683
1167560	37.7867280333	-122.4334934833
1523650	37.7861028667	-122.4328482833
969944	37.7861901124	-122.4328451816
3127416	37.787704317	-122.451156783
4562285	37.788556196	-122.447347641
5237980	38.014771659	-122.271862851
971390	37.9960187667	-122.3049780167
1512311	37.788303056	-122.447181666
2017578	38.003905182	-122.314256323
1508846	37.835956653	-122.292482125
1419587	37.835865183	-122.2936327
1570490	37.835504969	-122.294084666
667484	37.78997915	-122.4199432333
397168	37.78637635	-122.41839345
1331434	37.781776062	-122.417388568
1886305	37.7777365104	-122.4157190323
3424151	37.77986192	-122.41637486
3424906	37.78055525	-122.4167912
4222069	37.787553957	-122.432743298
4004148	37.788662432	-122.429485472
1420711	37.9002894122	-122.3025941849
2931166	37.901800773	-122.302924256
2327742	37.902328056	-122.30459712
3189193	37.899286765	-122.307681202
733903	37.788244209	-122.4167750156
3836615	37.840255	-122.299816
3425017	37.8412694	-122.293862483
93921	37.7886474667	-122.4203123333
3675629	37.789718663	-122.413830102
2636314	37.7928802355	-122.4005055428
1406930	37.791600007	-122.399507761
324069	37.79111468	-122.39940804
3928256	37.789062227	-122.387924443
3647248	37.788060094	-122.423627531
1323080	37.7897884171	-122.40765516
717709	37.7923257833	-122.4029481167
1537992	37.83797234	-122.29607081
820541	37.78401303	-122.43082749
886939	37.7833653667	-122.4323675833
3478416	37.79013915	-122.409374126
3554541	37.869069167	-122.300372533
351203	37.7911855453	-122.3960194773
840370	38.024557	-122.264545
590074	37.7888493183	-122.4344243792
3274865	37.78596585	-122.4300751
382268	37.7922877262	-122.3972543543
539161	37.7902807938	-122.3984559722
846036	37.7901612877	-122.3980709809
624860	37.79127845	-122.3965535
3402653	38.006716375	-122.289022226
1523536	37.785658083	-122.435382283
3349192	37.789777427	-122.41916902
3111058	37.78942	-122.411436
469823	37.7879986667	-122.420167
502935	37.7882397667	-122.4206482333
426549	37.9846070667	-122.3127546333
1261037	37.926947983	-122.339954783
548891	37.91598576	-122.3482058
258041	37.9201977167	-122.3485117333
898520	37.92095094	-122.34659814
1407572	37.908028855	-122.344301594
1425974	37.9128645	-122.34597565
652378	37.9149483167	-122.3514705833
1407601	37.908393475	-122.350202112
1228788	37.911791333	-122.359249367
971225	37.9050585833	-122.3649354167
1254348	37.910457567	-122.35893345
3009344	37.788294559	-122.446773944
1194781	37.7887850333	-122.4337721167
1167914	37.788632	-122.433818
840126	37.7926947	-122.3922516167
90200	37.7912391	-122.39275095
1309075	37.8677542667	-122.2982228333
2768595	37.951022117	-122.3330038
838110	37.7914704167	-122.3957774833
900136	37.8379067167	-122.2980021667
818141	37.8419456798	-122.2958783605
811307	37.8420547262	-122.29614079
553516	37.9288351907	-122.5142580271
1407801	37.927912017	-122.517303233
487365	37.9282582667	-122.5142654667
487387	37.9282337833	-122.5141610833
1328585	37.928187773	-122.514376087
1692188	37.787114383	-122.447479873
1895684	37.788352983	-122.3964292
1552912	37.788532	-122.396311
1483069	37.78906369	-122.39491212
2807394	38.006603813	-122.289200573
1267011	38.0183976889	-122.2874879837
1550851	37.797676914	-122.445265665
1140372	37.7866709232	-122.4522024393
107047	37.7904192097	-122.4321500036
760812	37.78993195	-122.40848326
873338	37.790336	-122.407089
2068389	37.79035846	-122.407635371
1556518	37.79173374	-122.40806889
647007	37.7913308115	-122.4077078493
395736	37.83740746	-122.2947762
171090	37.8588794194	-122.2904062271
689361	37.8593774	-122.29081915
1008136	37.86867955	-122.2993991333
388120	37.8693399688	-122.300311625
145199	37.9084413665	-122.3065592699
2691162	37.9106171105	-122.3084414005
1558466	37.986137408	-122.311098846
316339	37.9021073167	-122.5249534833
2390349	37.89652681	-122.51561981
867559	37.7905377008	-122.4216216961
722079	37.7914565	-122.4194665
847642	37.7922741812	-122.402532691
533737	37.7910327472	-122.4023644514
955409	37.7921201839	-122.4028540634
538249	37.7912795845	-122.402627744
879186	37.791820789	-122.4024008296
972859	37.7889561653	-122.3913860321
129142	37.7914962769	-122.3923034668
433174	37.7908539034	-122.3910856247
915270	37.78972768	-122.39051407
1508962	37.838068	-122.29638099
818365	37.8427666426	-122.29162395
381735	37.8655994167	-122.29915445
1537113	37.87955775	-122.299190633
1564644	37.789658615	-122.413101644
773125	37.7909302133	-122.3991758563
1568349	37.7903145	-122.3977896
1593595	37.790951139	-122.39913963
1524403	37.79152417	-122.39861911
1462419	37.78599707	-122.389011795
1089249	37.7884436167	-122.3895307833
1524432	37.80222046	-122.37353515
1231358	37.870112467	-122.301158983
1564227	38.0039513111	-122.3026478291
1544372	38.005737351	-122.290313691
1600271	37.788033254	-122.440453709
448321	37.7903306833	-122.4205422167
2275677	37.78995498	-122.420511925
1519471	37.7907918	-122.41944122
345919	37.79295927	-122.39984428
1035216	37.793449	-122.399274
247879	37.7841386317	-122.3907530308
1587800	37.783925928	-122.391505635
1244739	37.78581903	-122.38970895
1877383	37.8284295034	-122.2891616821
1538451	37.83153295	-122.29315924
1440112	37.8413665295	-122.2935926914
866007	37.8693358833	-122.3005842167
2267748	37.901045305	-122.303008332
2267332	37.902481826	-122.303630835
2267514	37.902070993	-122.303255242
371080	37.9779242333	-122.3301761333
1056926	37.9772370865	-122.3234250201
839044	37.8690089833	-122.3002427667
156529	37.8563278333	-122.2899707833
210067	37.7935600043	-122.2530401844
1018817	37.7897018452	-122.2487654207
394323	37.6761811833	-122.10940375
1170293	37.6762768333	-122.1098599167
448117	37.72476245	-122.19221675
313242	37.7438217333	-122.19575845
1018799	37.7897018452	-122.2487654207
1018838	37.7897034521	-122.2487792443
696906	37.8257431395	-122.2695922852
1473635	37.8411948681	-122.2937214375
1145494	37.8411719167	-122.2937689667
414810	37.8693484383	-122.3005986214
1668010	37.8857027194	-122.2973925814
1500895	37.9030661818	-122.3044288158
587466	37.9273584459	-122.3126363754
302924	37.9390676	-122.3321267
1128693	37.959356904	-122.3290783167
1547202	37.953968196	-122.338241401
1581310	37.96222501	-122.32570564
2066667	37.902287392	-122.09810203
530347	37.9034819833	-122.0970872833
1166080	37.8949302435	-122.10524261
316788	37.8951862667	-122.1047710667
502382	37.8944218167	-122.1072964833
1292361	37.893923	-122.112602
375662	37.8945663	-122.1090038
466201	37.89310775	-122.1107847833
778536	37.8929851333	-122.1101700333
397609	37.9872593	-122.3099812333
1516593	37.996144567	-122.30253935
1536091	37.994589199	-122.305651103
180234	37.9906728	-122.3017941333
1534647	37.99051726	-122.301900853
1469057	38.003461963	-122.315025481
5764334	37.78762584	-122.40805053
1033765	37.9068398	-122.3057728833
977432	37.7218396959	-122.4752807184
382499	37.7711403333	-122.49039705
5339347	37.78587793	-122.384073596
243067	37.9187089833	-122.4917538333
732468	37.7848952167	-122.4623985833
703643	37.7562164819	-122.4255850204
495660	37.6859846167	-122.4692127
679750	37.7512996667	-122.4366486167
886772	37.75138503	-122.43366318
905816	37.75138503	-122.43366318
663010	37.9763810303	-122.555910062
1042653	37.78812372	-122.38861119
1136135	37.673984	-122.466589
5152497	37.781962	-122.405749
119274	37.56891275	-122.3236765667
896643	37.7895914453	-122.3978349524
589725	37.7903535167	-122.4208193
506034	37.7905524167	-122.3971897667
1364306	37.79566335	-122.39692771
457561	37.7933932667	-122.4043000667
811482	37.8475635823	-122.2881675211
1025466	37.77001805	-122.3999355833
962540	37.8418613168	-122.2931972932
931386	37.844152948	-122.2944774302
1327418	37.7692295	-122.43325785
147487	37.5786907333	-122.3464942
381338	37.883693843	-122.2999114062
247708	37.6549659469	-122.4102240762
608396	37.92740374	-122.51355481
3255784	37.776134295	-122.457903661
1128417	37.92567795	-122.5295032333
242594	37.8696140333	-122.50425005
832408	37.7695743	-122.4194464167
637486	37.7894371667	-122.4047907833
1201144	37.764917117	-122.412160167
838276	37.8013308167	-122.4253772667
143591	37.8777496818	-122.2735834122
711059	37.8606497706	-122.2931849957
931237	37.7883403333	-122.3772544333
697805	37.7868648065	-122.3989864705
596107	37.5620094167	-122.3226090833
1219158	37.5432705	-122.3083175667
972779	37.5947075241	-122.5041704826
964457	37.6548878667	-122.4253469167
502865	37.5949793245	-122.4756073952
428471	37.5845538333	-122.4836146
469428	37.6851958171	-122.4059665203
759789	37.64354336	-122.49057555
478987	37.5832481333	-122.47628825
618350	37.5794792	-122.4905475
447655	37.65083405	-122.4915298833
441010	37.5844305167	-122.4759872833
440658	37.59424235	-122.5038322
430586	37.5959302167	-122.5038480667
4112471	37.781225633	-122.395999
2571769	37.565676513	-122.322652373
151192	37.5453429176	-122.2902131081
1176993	37.76955819	-122.41563147
12117	37.5642728667	-122.2495937333
399753	37.55995885	-122.29730205
237940	37.9519144167	-122.32171865
32771	37.6558389167	-122.4122845
35820	37.6751366167	-122.4583481
29967	37.7695230667	-122.4836684333
5230953	37.764958369	-122.432047027
1085581	37.78708638	-122.41632495
133117	37.6578645333	-122.4003448167
144277	37.7650177833	-122.1628247333
73551	37.7955121756	-122.4132338082
1086927	37.59668585	-122.50606035
1663855	37.793546	-122.404339
1084831	37.787464548	-122.4140453339
1113967	37.7894803728	-122.4142398897
4233756	37.78485238	-122.40003281
35805	37.7724276501	-122.4287578215
596877	37.7622888295	-122.4662986346
1079144	37.7001649	-122.4955307833
604660	37.7531583667	-122.5095406667
163001	37.6689168333	-122.4870377833
543900	37.7842283	-122.4764827
1033582	37.77934015	-122.4974390833
872482	37.78430485	-122.401394
4954478	37.7930007	-122.4162911
488515	37.7574455667	-122.42584705
866119	37.6223022667	-122.4117466667
469538	37.7424026	-122.4220843
1010384	37.78900355	-122.40839248
2262818	37.7719026804	-122.431409955
5230089	37.7718919516	-122.430562377
5174592	37.7967774868	-122.4371981621
1150373	37.56081616	-122.28271794
1149331	37.55992025	-122.2666189
414673	37.5664157333	-122.3188861667
42214	37.7815586605	-122.4093601163
2669483	37.75547435	-122.202587183
703039	37.7432392833	-122.4402737167
1388045	37.7619	-122.43760579
480846	37.75362545	-122.4887923
1008999	37.7584091667	-122.3988037333
5560158	37.787313761	-122.412397024
494708	37.79308593	-122.42160522
1116360	37.8852240833	-122.07830385
370897	37.6540922167	-122.4323712833
1355947	37.894925018	-122.530393361
529352	37.6655523	-122.4518939167
400098	37.66591355	-122.4513221
238384	37.66574945	-122.4513298667
112893	38.0007207	-122.53441635
1393429	38.003749733	-122.5437576
733280	37.6557700452	-122.4324452877
43604	37.6565210167	-122.43715955
582571	37.6555454333	-122.43559835
239332	38.0217242333	-122.2621795333
453938	37.89485436	-122.51521587
238192	37.9865100333	-122.5844222333
401630	37.8886501516	-122.2541661479
1240731	37.7885109186	-122.4009883404
45972	37.6796658	-122.4035290667
1055100	37.5558573167	-122.2641991667
664754	37.72044044	-122.40757769
4848276	37.8737185595	-122.2542178631
428559	37.5565202167	-122.2642075667
624432	37.7888136299	-122.4356252226
5209684	37.89036583	-122.30443364
4932724	37.87421355	-122.282643667
3364948	37.7751696	-122.409989833
861663	37.8217642601	-122.26092875
1014014	37.7778549333	-122.2919538
199468	37.8217465333	-122.2607885667
3926392	37.874163915	-122.266759729
3190944	37.900135301	-122.309312467
880540	37.8273019167	-122.25402955
1093365	37.8337705167	-122.2922449333
1187622	37.810671667	-122.2447137
502571	37.8374285334	-122.1848076582
1309806	37.8285668	-122.249473383
1581877	37.827851477	-122.250575022
1544341	37.75539689	-122.249394127
74163	37.8562264833	-122.27092985
1426278	37.8541713953	-122.2703379393
497872	37.8162511024	-122.2351098061
1449100	37.817087956	-122.262071645
1449077	37.819209354	-122.265068023
560614	37.8087401333	-122.2541642167
1419580	37.707745068	-122.157272943
1379934	37.82309341	-122.25615251
38492	37.8172349833	-122.2453593
38503	37.81960065	-122.2463175
1346314	37.891369521	-122.280301915
1346309	37.891369521	-122.280301915
1345499	37.970576047	-122.518408048
1345244	37.966288355	-122.519941087
1331195	37.834901733	-122.292032483
1330750	37.834750917	-122.291661583
1014727	37.7994745833	-122.26680045
1315413	37.798366683	-122.267570867
1309832	37.826039717	-122.253740833
650801	37.9000441689	-122.3075772635
1302125	37.6449268	-122.1214987
1302119	37.644939883	-122.121863733
936628	37.8118606223	-122.2416543961
987958	37.7365234167	-122.1969747667
1338047	37.904093926	-122.524306503
4364387	37.674351121	-122.465137161
931841	37.5666727333	-122.2900009167
5541121	37.99064356	-122.30386745
4386705	37.77157217	-122.43095326
1251961	37.75122302	-122.43392378
1519618	37.7604531	-122.418673517
787554	37.7909853651	-122.4021113514
5532449	37.790615	-122.401616
5530334	37.789903	-122.400425
978122	37.78830206	-122.40855991
5249215	37.8066656	-122.4215315
1359911	37.7873945972	-122.4031233788
391414	37.7964067833	-122.4049083667
1425405	37.7794647667	-122.4163602667
1162476	37.6739536864	-122.472433308
1119913	37.7851646155	-122.4626684189
977375	37.795265	-122.42233
3620756	37.77903699	-122.4623478
936514	37.791595459	-122.4212014675
1168564	37.7827422151	-122.3977228576
428250	37.7789431188	-122.4672842104
1132531	37.8627712	-122.0875842667
411015	37.890917374	-122.1272871634
780600	37.7912950516	-122.3901414871
446200	38.0050791985	-122.5330220185
848431	37.7858197	-122.41772472
1569750	37.784584619	-122.406577889
583649	37.7705012667	-122.5078753667
238448	37.89483046	-122.56783998
180533	37.9413489333	-122.3470408667
757966	37.7860179	-122.4055812
1358536	37.7930852833	-122.2429018667
1315947	37.77090105	-122.2864379833
1013994	37.7789613	-122.2918810333
1394255	37.77090065	-122.287722883
1072003	37.7705794833	-122.2864832333
5557404	37.57857235	-122.34496085
4227603	37.54362915	-122.3066764
1464933	37.578553017	-122.345586683
1997333	37.535471183	-122.3351653
1990819	37.536370377	-122.336845152
780167	37.6746327555	-122.4604582787
416811	37.57857924	-122.34247773
780529	37.5363211715	-122.3368954746
1350180	37.781205233	-122.41534495
366308	37.76944215	-122.4082795333
780676	37.9002790833	-122.28338815
50340	37.8685099552	-122.2664004564
310709	37.7511443667	-122.433747
924120	37.8227242833	-122.24632715
3471160	37.83621326	-122.26199016
1024301	37.788217045	-122.3995828629
1267839	37.537530867	-122.3004716
139974	37.5436091667	-122.3080781
1014576	37.5613090667	-122.2805215333
781324	37.7803311176	-122.4807697095
3671207	37.673852	-122.46992
3265504	37.78204381	-122.48446647
803921	37.7977412667	-122.4377509667
1499197	37.890023083	-122.298369617
1186713	37.7620919416	-122.4370876016
841527	37.762721405	-122.4368939516
1157150	37.7000514	-122.1259482167
1180206	37.70098475	-122.1269557833
603437	37.6877832413	-122.1387809515
35573	37.8671653979	-122.2650003433
189887	37.794973488	-122.4015788244
1015329	37.6481847	-122.4300801
1368259	37.64285557	-122.42471868
663098	37.9886361833	-122.2971178833
954407	37.8726622333	-122.5967022333
557035	37.7651464333	-122.4307620167
299371	37.7598686833	-122.4349426833
1598080	37.798212869	-122.4274563789
1592931	37.8038757212	-122.4113309383
342316	37.86218041	-122.2686752
4365203	37.76527185	-122.241964467
1145869	37.736749649	-122.2147786617
549669	37.7141292833	-122.46287335
3561660	37.68407685	-122.09106131
2237641	37.826109788	-122.209361783
1422402	37.807346983	-122.222653967
5655704	37.901171983	-122.527539017
150274	37.8732179333	-122.5062324667
682360	37.94713645	-122.5103081667
247942	37.5445131469	-122.305479591
887332	37.75927765	-122.43623675
873878	37.7784143096	-122.4099528988
480056	37.7754990833	-122.4092612333
4125835	37.773032971	-122.410867851
4125625	37.772664788	-122.410515539
2503262	37.75905522	-122.419054612
1279550	37.759415104	-122.42897184
983472	37.7653741837	-122.4593746662
2899122	37.763513483	-122.419556467
748466	37.6469815	-122.4259269
518672	37.6667385333	-122.4418110667
1240778	37.764794117	-122.427673483
759388	37.7714306116	-122.4408566952
640126	37.788034	-122.4006280333
1464947	37.8853563167	-122.1921799167
4882136	37.868652508	-122.268482101
972372	37.7099384994	-122.4243632966
941044	37.6856783333	-122.3997373667
977768	37.7398484667	-122.4316742
693631	37.7745060667	-122.4075253
946782	37.8933209181	-122.5370407104
828397	37.8934711218	-122.537072897
737371	37.7824891328	-122.4697843292
1230404	37.790516233	-122.420443267
873602	37.7416075	-122.5050332833
691975	37.86590965	-122.2990272833
1514720	37.762144367	-122.446346683
966954	37.79646319	-122.42343479
1868300	37.79921054	-122.426380017
497859	37.7976170861	-122.4236867728
2073057	37.760802783	-122.407986317
411268	37.8911727	-122.1190367833
507035	37.8224210748	-122.266044709
918566	37.7780146	-122.1912609
1310600	37.78888082	-122.40199565
1251206	37.827580683	-122.251367667
1232155	37.97276729	-122.52520072
1204482	37.9763568333	-122.5135825167
770407	37.73068315	-122.2016868
925564	37.8128282962	-122.2564389502
3360667	37.806925733	-122.268020167
3359770	37.819439033	-122.252978433
577657	37.7998744694	-122.2762656212
383100	37.7708508404	-122.4127050667
242888	37.9352438333	-122.5197029
316610	37.8757076333	-122.5173673167
404256	37.9700140319	-122.5172193218
376205	37.9554165	-122.5473164
298561	37.87173705	-122.50901475
248462	37.8726729	-122.5203570167
353306	37.8797702667	-122.52417365
324564	37.90067195	-122.5151203333
2218627	37.864292498	-122.290367187
113465	37.8625721667	-122.2903077
812731	37.7761031244	-122.4319561421
469447	37.6857703667	-122.4065159333
770513	37.7849865532	-122.4399125576
243823	37.7728790045	-122.432525754
947014	37.84703425	-122.2932263833
966263	37.67397695	-122.0828437
954199	37.5449271	-122.2850797
1450518	37.794182083	-122.421525983
75368	37.7611765938	-122.4608269845
237880	37.7909739389	-122.4040077953
2390329	37.792944642	-122.415982592
2155437	37.758142016	-122.408124543
3790646	37.613388028	-122.3881737
372984	37.7909068333	-122.4212873333
186954	37.7868318318	-122.4132918168
305084	37.9158365167	-122.48218275
2333829	37.797254262	-122.433887244
1015901	37.6964628696	-122.0767897367
908216	37.680503726	-122.0804321766
170045	37.7891964737	-122.3951942585
1069141	37.7805826667	-122.47329185
237746	37.7875859833	-122.4840031
144849	37.7902444167	-122.43727075
972800	37.79766219	-122.40648055
1995683	37.75291717	-122.40805715
2069655	37.771331756	-122.414163272
3561669	37.76252371	-122.436161552
3375237	37.806032943	-122.410082021
1920777	37.778669564	-122.422495141
1942013	37.77075374	-122.41385573
1459219	37.980048047	-122.593076389
1458194	37.990599717	-122.591371039
1370786	37.848171983	-122.488492367
1352211	37.694884517	-122.084789233
480994	37.54559	-122.3067937333
1156381	37.5632771894	-122.3225765243
759729	37.5781784058	-122.3472698203
1478889	37.777932	-122.396971
237994	37.7817813588	-122.4912393093
1209905	37.56297177	-122.32591098
82649	37.5539857833	-122.3163519167
834521	37.56935673	-122.32072854
1162965	37.5669469	-122.3195919333
506008	37.7652480667	-122.4310250667
943881	37.8607344667	-122.264761
544508	37.86080095	-122.2647905167
417413	37.7485666497	-122.4449081438
706054	37.7469399662	-122.4435873907
683319	37.7743566833	-122.4233787833
891855	37.5535733	-122.3016309667
628634	37.663765	-122.4647558167
511355	37.7905114	-122.4191329333
336955	37.7951230833	-122.2528262
5323476	37.888941067	-122.25173605
1727046	37.885440583	-122.247469417
1122890	37.89565085	-122.2513348167
2816287	37.885428387	-122.255453449
258256	37.89079585	-122.25593875
315852	37.8628039333	-122.2668636333
316120	37.86262965	-122.2669333
755854	37.858625	-122.26132
166092	37.863533912	-122.2676342726
566114	37.8636204	-122.2672821
186076	37.8599213059	-122.267575264
863267	37.8597884167	-122.2636299667
802445	37.8648081667	-122.26629375
402542	37.7646650667	-122.4405108
724159	37.76371419	-122.44175833
723917	37.76371419	-122.44175833
703824	37.7608063179	-122.4367727749
858427	37.7635406545	-122.4432135744
1516356	37.754083459	-122.437425124
1538316	37.906426433	-122.547505717
868485	37.7450095833	-122.4205686
316298	37.7424557667	-122.4667946167
1431709	37.873744783	-122.454930483
1427274	37.874501555	-122.457588409
1043350	37.7995203667	-122.2290514
114341	37.62014495	-122.4102621167
128822	37.5626371833	-122.3243731333
332196	37.8917109	-122.1206809
326707	37.8941606248	-122.1026522933
767604	37.6177998646	-122.3907088022
766877	37.8911582167	-122.4498775
766076	37.8918532387	-122.44904165
364736	37.6206986597	-122.38707304
1323832	37.79023468	-122.39678502
1034019	37.7759558111	-122.3983419222
1041529	37.7756504014	-122.3979628086
899779	37.8024119	-122.4364898
353080	37.79676675	-122.4221134167
1450333	37.664088493	-122.399865801
469052	37.7880833482	-122.4181412519
971999	37.7821459779	-122.4484741688
768359	37.7206915444	-122.4832181667
650134	37.6551449	-122.4092475
2069173	37.789070129	-122.409584045
1120109	37.7887342497	-122.4104297161
1954564	37.789541503	-122.407953349
725964	37.7908229393	-122.4072187176
1354731	37.745506483	-122.387853683
295891	37.74358528	-122.3979749
855948	37.7395255782	-122.4001164794
1411834	37.87047278	-122.266496697
1138828	37.8211196667	-122.2602263333
569860	37.6976759526	-122.0771920681
811380	37.6723059626	-122.083876133
656013	37.7910488167	-122.4041951333
5490836	38.017527833	-122.37311105
565056	37.7276068667	-122.4517437333
1179407	37.545623634	-122.293860912
172201	37.5368353833	-122.3000827167
856900	37.7885731535	-122.4170225859
589547	37.60326689	-122.38053935
560689	37.79356515	-122.40438097
1292530	37.73227795	-122.104190333
1036694	37.68615245	-122.07314515
930729	37.6958215667	-122.0804060667
410400	37.6950181167	-122.0803794667
570965	37.6960242167	-122.0797226833
1162810	37.691228	-122.076088
832280	37.6968327667	-122.0782570833
916079	37.6960879	-122.0785203833
422707	37.6978378156	-122.0768050902
640032	37.6961061833	-122.0781794833
749613	37.69202649	-122.07458698
1075110	37.6961744167	-122.0779236667
767050	37.69627815	-122.07787555
1013736	37.6942920167	-122.0708529167
1155580	37.6944142859	-122.0704741776
387350	37.6966995167	-122.0735422833
1247194	37.69369459	-122.07397907
1034841	37.6811632333	-122.1378665667
469314	37.6974212769	-122.1304553747
497760	37.6972368513	-122.1301634788
526663	37.68453625	-122.1252651
1233318	37.6879062833	-122.1383074667
704053	37.6876268833	-122.12507785
1030643	37.6877441406	-122.1370162964
1015572	37.6880053149	-122.1348828563
1077759	37.6884870158	-122.1301426396
565438	37.6804834667	-122.1279992167
947679	37.6956091059	-122.0752229969
313853	37.6944579	-122.0754307167
359712	37.6946046667	-122.0748308333
176225	37.6943881167	-122.0749341833
526089	37.99196925	-122.3041476
183420	37.7405412	-122.4662152667
260501	37.7404569333	-122.4662911667
183341	37.7406953833	-122.4659184167
139382	37.7778467503	-122.4222099781
135067	37.7402693	-122.46707916
85829	37.7369409027	-122.4693527561
4838671	37.75110906	-122.40068435
848894	37.8005787347	-122.2746658842
36433	37.8034275199	-122.2668718449
745373	37.79453355	-122.40677863
3609738	37.7760212	-122.4377789667
2840688	37.787492	-122.407598
2954214	37.774113567	-122.438238183
83690	37.7684954167	-122.4222299833
38745	37.7940496167	-122.40391245
166213	37.7494804167	-122.4087921833
828390	37.7481056	-122.4078599167
166200	37.7485039667	-122.4081104
5307576	37.7674562	-122.48525375
161717	37.7629934167	-122.4267314333
161712	37.7630265833	-122.4267981
1034706	37.763344553	-122.4221777916
1279171	37.9353243113	-122.5203841925
1116877	37.69171685	-122.1852166333
898610	37.6650969	-122.1425852833
738543	37.87117493	-122.27055877
749868	37.8684662	-122.29185385
603480	37.980001	-122.314367
1001333	38.01234096	-122.27427119
596224	37.5619889167	-122.3271742667
1535183	37.767628483	-122.224205083
359197	37.7531713667	-122.41077155
542466	37.80025923	-122.27104681
663188	37.8288037	-122.2647316333
659396	37.825348	-122.265407
486704	37.7980741833	-122.2589163333
719244	37.6518258667	-122.4928989
409514	37.5634081837	-122.3234935624
1445209	37.5642131333	-122.3226952333
45376	37.8976713333	-122.5127895167
739576	37.76707645	-122.4288214167
1469367	37.926605533	-122.15687915
261104	37.8023141025	-122.2680044328
1431199	37.7629509	-122.41880895
963090	37.59468257	-122.49870264
765116	37.58197307	-122.35491234
987484	37.78439253	-122.40175312
987414	37.78439253	-122.40175312
5722167	37.787749472	-122.422048964
38893	37.9069249833	-122.5483284167
972357	37.8965801	-122.53568605
809263	37.9383952	-122.5184644
589892	37.9073242559	-122.5477641821
224880	37.89679495	-122.52856955
127723	37.9034194946	-122.5250320435
320143	37.7633351333	-122.4820558667
4712716	37.582041215	-122.351022911
3008096	37.773830255	-122.446688358
4125450	37.87194567	-122.26585942
533742	37.8715518585	-122.2676466441
819592	37.5452536667	-122.3062449833
1141244	37.5460306	-122.3072827
1238954	37.7616475167	-122.47741725
1055211	37.79431676	-122.40641021
342184	37.78030323	-122.42868542
1318193	37.780560504	-122.394707168
547417	37.8979509667	-122.5357061
421901	37.8010489167	-122.4389367
881125	37.7459744047	-122.4143190999
5701584	37.747096467	-122.413270333
1199798	37.56283645	-122.318473
949726	37.76821745	-122.4529460833
341725	37.6877484333	-122.4726022833
337378	37.72273457	-122.43427151
688129	37.72386085	-122.43589015
500880	37.7238893333	-122.43587815
568534	37.7876244667	-122.24259555
495103	37.7207739833	-122.44626885
569092	37.7238717	-122.4354083
321960	37.8251821833	-122.3772819
492672	37.9373786167	-122.5338732167
260386	37.9757975167	-122.5623825833
991928	37.9446286439	-122.5368503257
4239096	37.925738527	-122.526779887
4237852	37.919578128	-122.506750049
3771624	37.86969929	-122.26804047
404952	37.9201723167	-122.5099593833
2837852	37.976939678	-122.564459158
538697	37.9750055182	-122.5625860691
100875	37.947446402	-122.536482811
226907	37.9976870833	-122.58489865
1589386	38.004335564	-122.544901502
1524652	37.562440416	-122.278145217
1485548	37.976104124	-122.56287095
806119	37.9481809333	-122.5092431333
1399040	37.987599386	-122.546628034
1398685	37.962942089	-122.556367982
1314179	37.987533533	-122.5467433
598364	37.9761440167	-122.5616021833
1255854	37.944489383	-122.5375535
1066237	37.99815755	-122.5854646667
426388	37.9757025333	-122.5628662667
574985	37.9059887833	-122.5460182833
1246159	37.974542467	-122.562362167
554757	37.9759239667	-122.5626402333
425408	37.9343718833	-122.5179041
316655	37.9804092333	-122.5646172
355965	37.9385712667	-122.5303235
393483	37.9443933667	-122.54040385
1094003	37.9875482167	-122.546718
814675	37.7812014286	-122.390142419
1000535	37.97290545	-122.52757763
364260	37.8909793982	-122.5167390994
949528	37.9681073333	-122.5303905333
856634	37.971456924	-122.5613585403
1484549	37.785991	-122.416438
560057	37.7777032167	-122.3958796167
1059145	37.7788241578	-122.3965870452
3140237	37.788821209	-122.406945433
352413	37.9591155	-122.6095247167
710379	38.0065783529	-122.4961423874
281476	37.8936185199	-122.5172074465
3149867	37.868537933	-122.498384717
378308	37.8948074833	-122.5305867833
1936212	37.776438735	-122.39172212
1490024	37.894226928	-122.532628722
574368	38.0090216833	-122.4947947333
350446	37.8610853	-122.4824776833
538335	37.7640706901	-122.4565625946
416523	37.8623819333	-122.4953505
574773	38.0092401667	-122.5197114167
1508948	37.80714732	-122.41630101
567011	37.7553605584	-122.4208485846
206769	37.769407278	-122.2478926199
329165	37.76162905	-122.2451063333
230565	37.7676667333	-122.2221830333
207434	37.7438932667	-122.18784355
722379	37.82378365	-122.2530551667
107236	37.7622420167	-122.3883921833
4895084	37.78798919	-122.40697729
1359619	37.780462767	-122.458860067
1056166	37.80322372	-122.44619452
1583517	37.7360608833	-122.4793958333
745557	37.8416636	-122.2897229333
827998	37.7572275356	-122.4680057737
36343	37.9732153833	-122.5308442
487522	37.9301076	-122.5147260833
1065187	37.8573239333	-122.4812975
4561583	37.788042	-122.40092
1200625	37.76118397	-122.42188888
856994	37.6570612192	-122.4084824324
846672	37.6274372526	-122.411416769
793702	37.6292216453	-122.4147748947
723322	37.5366571868	-122.3171317577
281005	37.9001793552	-122.2999978065
3188819	37.6133148	-122.48718475
1268581	37.788160617	-122.4055304
1309203	37.5458031893	-122.3002392054
994212	37.787714	-122.430649
3196556	37.785037305	-122.430218939
584900	37.753680567	-122.4890173457
1238332	37.77992685	-122.4845802
40687	37.7642108167	-122.4633122167
219231	37.7519285333	-122.4135996167
744733	37.7748432	-122.49376285
1050867	37.9737560667	-122.5371359833
681811	37.9756203333	-122.5449913333
653058	37.9549018167	-122.3340517833
803068	37.5671361333	-122.2664259833
1068648	37.5690472126	-122.2661805153
2822421	37.833286783	-122.24971615
430606	37.7935510333	-122.1663979833
1577576	37.83436614	-122.25233793
135978	37.7710679851	-122.4311005947
568909	37.76993185	-122.42165791
777793	37.8002305218	-122.452776432
1310475	37.797850367	-122.429451933
187815	37.77045835	-122.4956330167
1074950	37.7814781666	-122.4641650915
1246249	37.934963533	-122.535888383
820194	37.8569604333	-122.2205255667
526062	37.82493385	-122.2326125833
1209990	37.75993005	-122.442007567
2777374	37.5673440824	-122.3244783282
3539303	37.76154088	-122.42415875
1267432	37.76249802	-122.43830555
163800	37.7509068167	-122.4363474333
169342	37.62324506	-122.41250592
171091	37.713331	-122.484982
787400	37.8431882333	-122.2617759833
819753	37.7875038429	-122.3996362286
1020056	37.7871852	-122.4002156
977988	37.78685403	-122.40019859
847496	37.7869897094	-122.4048788495
77160	37.7784633333	-122.4076555833
454152	37.7780755833	-122.40884055
956940	37.8128286	-122.287309
532985	37.8148956167	-122.2966191
779481	37.7892938442	-122.401278019
550062	37.77488785	-122.42983735
3199482	37.760966457	-122.434183854
1469387	37.78532427	-122.433111515
281061	37.8118351941	-122.2604620457
93967	37.8016032186	-122.2703556754
92620	37.7684069394	-122.2527925653
260530	37.5637431333	-122.32048365
79211	37.7425177413	-122.4873514511
432269	37.8006896838	-122.4435387551
949434	37.97709225	-122.5698618833
571117	37.8175502	-122.2395887
636361	37.9414349756	-122.4845016003
514739	37.9557036333	-122.5479494833
530351	37.953798	-122.54887215
2731696	37.754439417	-122.413269383
694498	37.7711564	-122.408623
844332	37.79167115	-122.39453005
119998	37.7656422	-122.4500573333
161509	37.7659083333	-122.4500470167
1852694	37.789806246	-122.421988901
1578457	37.759352136	-122.427011037
3251384	37.78276491	-122.46460658
192580	37.7539247333	-122.4829872667
804391	37.7168844635	-122.4437695742
759274	37.6517630667	-122.4911390333
458002	37.6638222667	-122.3839485
211547	37.6604461667	-122.4099764
3559764	37.798330789	-122.403979417
4112408	37.854515609	-122.287789325
4940812	37.675773095	-122.38473285
3677277	37.729971217	-122.139087895
766497	37.76454997	-122.42716461
872752	37.7921318667	-122.4342707333
313811	37.800337154	-122.4298188797
416912	37.7925109863	-122.4039077759
4233960	37.805915552	-122.422948407
1181529	37.805081167	-122.442346583
237849	37.57734095	-122.3487586333
4996686	37.781663	-122.396559
474226	37.9744363167	-122.5626652833
3609198	37.8030645847	-122.4060416222
4607108	37.788509699	-122.414947711
846489	37.8243998	-122.2904174
971459	37.76583927	-122.40491867
1195331	37.784319525	-122.417183354
1384035	37.77413105	-122.42375338
1352385	37.77868843	-122.42011797
426272	37.7758842	-122.495447
507808	37.7875296833	-122.4029911833
1085621	37.60062665	-122.3694172333
1074542	37.5871121164	-122.3638964881
1172262	37.8267924167	-122.2106292833
164370	37.7513731833	-122.4274446833
386619	37.8263811397	-122.2090288483
1174020	37.9964071167	-122.3043781
377139	37.8711341	-122.2748583167
1389100	37.83881745	-122.315163867
633365	37.5619332333	-122.31745855
1204972	37.764267608	-122.454965624
682802	37.6214191333	-122.4119360667
4839742	37.76931923	-122.456357
4714906	37.6984415	-122.4638075
1320001	37.84322595	-122.251492161
1092553	37.65161263	-122.42950952
353756	37.77440047	-122.42602938
1010200	37.76353325	-122.4080240167
802997	37.74245385	-122.4513785
192351	37.7994406667	-122.4557908833
172402	37.7611646333	-122.4026205667
417748	37.7982551333	-122.4247623
662814	37.784377109	-122.3888402117
664889	37.7893692255	-122.433963418
1592706	37.7755486385	-122.4510169029
982695	37.7584195682	-122.3883274398
492820	37.5837232562	-122.347676754
417178	37.53659175	-122.2996809333
417184	37.53659175	-122.2996809333
162502	37.5756950054	-122.3471847574
433675	37.5860471466	-122.3654551344
1036133	37.7866063137	-122.4401650475
611080	37.7949625	-122.4057652
178409	37.76469361	-122.42969346
396979	37.5342962967	-122.2993808985
470023	37.7985651333	-122.4356517667
1247941	37.7430957	-122.4771985833
524853	37.74043732	-122.47300726
579994	37.7429445603	-122.4789329888
183693	37.7428920833	-122.47769095
2774707	37.738540472	-122.468494404
79043	37.8004757066	-122.4388964151
986920	37.7762176167	-122.4039374
3794735	37.98880845	-122.5907673167
196016	37.8972361	-122.5042371
341451	37.8921809333	-122.5130579667
725177	37.8689066673	-122.5109455042
196663	37.8809396833	-122.5249468333
525942	37.8996289706	-122.5358076745
490259	37.8918502167	-122.4493353
5773979	37.6284501	-122.415414767
2158311	37.8690859	-122.50153285
182781	37.9390174167	-122.3270162167
204388	37.7381807833	-122.4154101833
299360	37.7622792	-122.4093524333
163777	37.7513424	-122.4362964
555746	37.745752	-122.41807495
176175	37.7665314333	-122.4308103833
682738	37.6097001965	-122.4013805032
555653	37.8851893	-122.0782187833
549490	37.8926110167	-122.1235078333
825778	37.79506955	-122.40700905
1151674	37.7763835833	-122.4207912333
4893968	37.722298983	-122.153331767
639999	37.7668180667	-122.4461591833
469616	38.0037231445	-122.5525970459
923879	37.8584106115	-122.124546822
803132	37.7055605667	-122.1790726
813709	37.69157545	-122.15112195
785677	37.6996451221	-122.1761281996
695161	37.73322155	-122.15054755
650410	37.7046996	-122.1800989167
650402	37.6988650333	-122.1760691
355988	37.8908779833	-122.2907381167
323275	37.79251611	-122.39916688
201035	37.79071115	-122.3965102
243053	37.7716649116	-122.4058985525
1008259	37.8700293667	-122.3011998333
952093	37.82791905	-122.2649708
645267	37.85578335	-122.2564669167
1513390	37.554162	-122.313465
1262941	37.7853403	-122.46442669
547640	37.7820822136	-122.4101242527
138302	37.7881561145	-122.4473751435
1147947	37.787438035	-122.4571108818
1056232	37.798375	-122.407264
595051	37.7398579333	-122.43354545
417182	37.53659175	-122.2996809333
1089213	37.79628	-122.405961
1286591	37.783237927	-122.457862461
872280	37.7830259333	-122.4577134667
1166593	37.9605754667	-122.5554401833
940739	37.5440765038	-122.2916264893
886861	37.8544921875	-122.2835922241
182706	37.8803093132	-122.2967711655
410445	37.8619607307	-122.2898752088
865064	37.8662431105	-122.2818744643
422750	37.8714732156	-122.2730447279
1262505	37.78493291	-122.416269
154663	37.9732735667	-122.5290784667
349221	37.9724282	-122.5294561
1132973	37.8080282667	-122.4201349833
712890	37.79917103	-122.44076895
935680	37.7842329671	-122.4083935144
906992	37.5647625333	-122.3141446167
845996	37.5506624	-122.3147839667
201542	37.8149046833	-122.2462794833
716296	37.7872620667	-122.39992945
589773	37.7949624	-122.40733027
588874	37.7949679833	-122.4078777
441538	37.73120737	-122.4788956
382138	37.8130632	-122.2471510833
291497	37.74756866	-122.50444805
690027	37.7632393167	-122.4071241667
209370	38.0332946777	-122.2660839558
1130988	37.7845164491	-122.4399369289
1021062	37.771124713	-122.431954537
663948	37.77172565	-122.43061065
1065940	37.769305	-122.408745
3756696	37.7576118	-122.440534525
191293	37.5696252167	-122.2809815333
868097	37.7426801667	-122.4814998167
1478801	37.789798451	-122.405651226
1365482	37.8024971	-122.253609367
3036291	37.747662397	-122.40630801
17404	37.75291915	-122.4073854333
1492311	37.7124116933	-122.4075329304
1417236	37.9038873405	-122.3038172722
825757	37.6589919167	-122.0955644667
84997	37.9455549667	-122.5239487833
1269813	37.93109385	-122.522681767
525050	37.9276559167	-122.52565225
1275099	37.936191367	-122.54278185
1251999	37.850535317	-122.4865987
2697599	37.858550904	-122.276360104
1386751	37.910022591	-122.685144522
618189	37.8427479914	-122.2975577895
1547441	37.915172683	-122.116975833
1111372	37.7600848667	-122.46827745
5641034	37.783940159	-122.394394891
280638	37.8416379667	-122.552215
160514	37.7517683667	-122.4268149333
165987	37.8915859314	-122.2781324387
377790	37.8107100333	-122.1878909833
5441946	37.765020117	-122.1995759
3259224	37.769332617	-122.431253883
3198996	37.805349401	-122.415192414
594924	37.69755875	-122.1390866667
874331	37.7026076	-122.1421051
37067	37.8627553333	-122.5857662667
156698	37.8080007833	-122.2643234333
892438	37.9299801667	-122.3214697167
1287389	37.787114417	-122.387155
1030677	37.841689	-122.297029
4942294	37.788721778	-122.40289015
512345	37.79834705	-122.1827398833
112102	37.5760073167	-122.32986765
2222149	37.792012233	-122.1992712
276435	37.7977983833	-122.1822883
2153045	37.696044683	-122.073513117
1576077	37.892971933	-122.12105145
1464840	37.72572995	-122.1558153
1233346	37.823472283	-122.20727115
1233151	38.006545833	-122.544295483
900318	37.6960784833	-122.0817387
916181	37.8474767167	-122.2522212667
871890	37.7939590833	-122.2674678833
5311264	37.580344844	-122.313969997
968919	37.5715482218	-122.3292284416
2205622	37.824763308	-122.254748034
190273	37.5785866333	-122.3371602
1000942	37.5644989014	-122.3209381104
814232	37.82161074	-122.12436354
919921	37.7224684015	-122.4831841257
4947214	37.563303255	-122.31762364
302548	37.9251463333	-122.0872482
72097	37.92486125	-122.08731645
226707	37.9685205825	-122.5671431422
1414824	37.981730867	-122.566117417
667232	37.6601818542	-122.0951667021
492052	37.8998153192	-122.3073577881
692511	37.8094537982	-122.2488630446
689616	37.7908209807	-122.4014868803
1260874	37.7333579693	-122.4910515547
799722	37.8346757833	-122.24967345
359871	37.8349034	-122.2494157667
1472708	37.831531783	-122.245184967
3561438	37.836917967	-122.24793955
592296	37.7591529633	-122.4244091935
337215	37.8224460833	-122.5295473333
5252930	37.75986981	-122.42244744
625080	37.53516489	-122.29844409
809553	37.79520305	-122.39217895
555085	37.95574725	-122.3307512167
581138	37.6148212167	-122.3826676333
371487	37.5359929833	-122.2884749333
5057665	37.7608339423	-122.4988031387
1534562	37.7716709429	-122.4240258336
592215	37.9265454	-122.3846564667
855026	37.9241377333	-122.0882901
1523850	37.7832228655	-122.4021792412
1088153	37.7622206667	-122.41510985
53074	37.6731541	-122.4862871833
56452	37.6283963	-122.4671753
356312	37.6727218	-122.08511195
439487	37.6712529375	-122.0848739147
1333396	37.80042457	-122.42420697
1354962	37.783518	-122.237585
328885	37.7911900167	-122.4211052333
4424531	37.795805502	-122.422099231
778919	37.79674565	-122.4219535
1435392	37.79810959	-122.4221698
800507	37.7618294558	-122.474407882
1503334	37.7631171667	-122.4764806
964953	37.7540152113	-122.4790513515
221000	37.7543429333	-122.478231
2938416	37.740047515	-122.476914303
3318684	37.7294173	-122.474862983
539419	37.7318582151	-122.4739953876
1394522	37.643847402	-122.440467079
1009091	37.5797726333	-122.4131749167
2521485	37.753131	-122.419192
1502972	37.811459032	-122.242546991
1547420	37.772534517	-122.144913833
915750	37.87173146	-122.2679907
165736	37.8906291631	-122.2992897034
375238	37.6921298667	-122.4662381333
428628	37.7666268782	-122.4166846275
396631	37.5918183574	-122.4804515903
133585	37.7618067118	-122.393530561
897671	37.79458665	-122.40975654
794316	37.7778467503	-122.4113309383
1178846	37.58626919	-122.36506116
947824	37.8032966	-122.2684793
825839	37.804003314	-122.2687175765
846125	37.80053371	-122.26236766
321709	37.8008776969	-122.2737304857
783337	37.7156055	-122.1538817
1225953	37.80129158	-122.42726838
1222383	37.80130094	-122.42720448
721839	37.80319517	-122.43008893
1194626	37.80122488	-122.42627769
1469745	37.76498726	-122.42608877
1408208	37.9913284425	-122.3062929511
1365632	37.962784767	-122.320232383
838626	37.9527741	-122.3325416833
749136	37.9362871833	-122.3257157833
1176903	37.8622159	-122.2977978333
994539	37.7897782667	-122.2468037333
994543	37.7903787	-122.24767395
753766	37.8217815667	-122.2870384167
1199827	37.866544267	-122.3019425
231416	37.9425411833	-122.3316478
257736	37.9432611833	-122.32884675
624666	37.9552041167	-122.33013015
1016113	37.9543975167	-122.3319949333
874345	38.002071	-122.284674
1497138	37.8086811304	-122.4102205038
1554705	37.7832652624	-122.4194955826
3684411	37.5634727	-122.276382267
678532	37.7647758649	-122.4112927717
758036	37.77653312	-122.40326488
1906775	37.798249667	-122.402100098
499436	37.8094379242	-122.247555185
541973	37.7967617	-122.4027601
1320167	37.567812783	-122.32450135
1180666	37.6854658127	-122.3999100924
942203	37.7844434396	-122.408499995
719550	37.7664367667	-122.4330297
148016	37.7684932333	-122.4076763
307994	37.7589457167	-122.4020935
306323	37.7598653333	-122.4348162667
306307	37.7596828667	-122.4350870167
254161	37.87913489	-122.28329366
166745	37.7621542	-122.4350862167
260516	37.7621889193	-122.4350336194
172983	37.76224255	-122.43510115
153858	37.7938891416	-122.3988318443
1835833	37.729895633	-122.1943168
1402207	37.793143391	-122.399963003
4947727	37.6998685	-122.40795266
3741869	37.7949391	-122.41677474
3741379	37.792951133	-122.4179703
792241	37.7880474167	-122.4185110833
1903623	37.785805943	-122.419735207
1030882	37.801504	-122.443574
544128	37.9266614957	-122.5158557485
535409	37.7843606964	-122.3907540218
821693	37.7417337167	-122.1933197167
740557	37.7532627333	-122.4962373167
1310614	37.78784184	-122.412010616
207207	37.97211925	-122.5231605
1080853	37.9056146167	-122.5387809833
1056409	37.9100599333	-122.5385386167
1024246	37.5438989833	-122.2849134833
1349986	37.7888649702	-122.3929524422
1290269	37.78431	-122.412032
160060	37.7515454667	-122.4326580667
1193150	37.7892838347	-122.4120755763
1162182	37.7900346887	-122.4097725225
1451154	37.80616434	-122.268550844
187147	37.8062238126	-122.2668027878
1451133	37.80616434	-122.268550844
335977	37.8064318833	-122.2683717667
1072048	37.8081730167	-122.2653792167
4651843	37.8334026	-122.257697617
10583	37.8191900167	-122.1816587333
701605	37.83939003	-122.18685519
358244	37.8327752167	-122.1850344333
4455541	37.800266	-122.1922641
759618	37.8462763667	-122.2517929833
280346	37.8428173	-122.2515012167
914091	37.8473692167	-122.2519702833
255254	37.8426732244	-122.2517287731
963221	37.82805562	-122.24995881
179458	37.80000805	-122.26927077
1005273	37.8045993856	-122.2631252363
715612	37.7997440167	-122.2653674833
2218711	37.77733835	-122.275148433
1105916	37.82625204	-122.25484031
582986	37.8282110246	-122.2561999683
946717	37.8275517904	-122.2568024854
590676	37.7376574667	-122.1980063333
1563311	37.811319483	-122.197524117
327017	37.8057764	-122.1925653
1563296	37.811436183	-122.19756745
1134948	37.7831596427	-122.3966654874
255751	37.7633477336	-122.4664328992
1535232	37.701092433	-122.123262767
600401	37.8145221186	-122.2395022058
1167871	37.7704981333	-122.4229690667
462226	37.7722661833	-122.4118656167
832278	37.7738625333	-122.41870885
1155973	37.801735248	-122.1870553493
1140127	37.77140625	-122.4086980833
629582	37.7718156	-122.4103275
778808	37.77101582	-122.41037255
800452	37.6441550833	-122.10418355
549027	37.64438275	-122.1046077167
1172430	37.7258879017	-122.156647796
1144368	37.72080469	-122.15531128
841019	37.7224792897	-122.1539381146
1162094	37.7831897333	-122.1858540167
1290451	37.79169286	-122.197465367
1352218	37.86942254	-122.289856299
581633	37.8044606318	-122.2693777084
238268	37.8042326167	-122.2664478833
352122	37.8060302833	-122.26787135
1319424	37.772047517	-122.21429585
281818	37.7672335667	-122.2879100833
915589	37.53689932	-122.29766684
1161640	37.54352435	-122.3089005333
1167938	37.54253585	-122.3024849667
846587	37.5423647667	-122.3020029333
1188119	37.5420626667	-122.3060367667
803400	37.54501835	-122.3047984667
1195058	37.56125682	-122.33010298
886301	37.760651	-122.242268
573799	37.7622748667	-122.2435876167
111770	37.7986679077	-122.2703094482
1292149	37.7214948	-122.166291467
1269678	37.714864983	-122.141536367
1265079	37.819020518	-122.278179233
1167242	37.80944287	-122.26813286
1140369	37.8059016203	-122.2678106251
579856	37.8095944167	-122.2696992667
173895	37.802325061	-122.2662710855
114582	37.8036047667	-122.2692664167
1055416	37.8030070158	-122.2692915348
405112	37.8035507169	-122.266986646
543221	37.7886470333	-122.39878415
893372	37.7881510675	-122.399583944
1185908	37.7884186	-122.3987852
1175547	37.7892953239	-122.3991311326
977462	37.66495225	-122.1448877667
1168119	37.7237007	-122.1552027833
1185819	37.72548675	-122.15710115
26741	37.7241264833	-122.15833335
1176010	37.72412616	-122.15638929
26742	37.7243816833	-122.1579563667
1172434	37.7258879017	-122.156647796
1172425	37.7258561373	-122.1567000494
218608	37.7969436167	-122.1871037
1009928	37.7876026833	-122.19451285
1009921	37.7877562833	-122.1946046167
497016	37.8210135167	-122.2439409833
670925	37.77742715	-122.2547246333
924272	37.7738110167	-122.2572895167
1110905	37.8005750418	-122.2702552896
417224	37.8001815667	-122.27016155
290868	37.79972335	-122.2703361
572535	37.8005076167	-122.2709524
733185	37.80031096	-122.2713778
1151192	37.8003098	-122.2716195
1013534	37.8190687	-122.2449379667
884465	37.8259967362	-122.2528157441
884924	37.8259963843	-122.2528151976
1121076	37.8353094046	-122.2944303249
1145778	37.8012161312	-122.274295202
982816	37.8006490809	-122.2753063396
632175	37.8002751728	-122.2753135219
765040	37.8099591167	-122.1895670667
1129025	37.797073196	-122.4035629451
694882	37.7969335496	-122.4035755055
384185	37.8102743667	-122.18417555
73569	38.019758	-122.5361253167
323590	37.8205199333	-122.202495
1064946	37.7713649167	-122.2155894167
574379	37.7638375167	-122.24319205
262754	37.7632643399	-122.2433134809
201461	37.8323275231	-122.2544968128
607717	37.7881849058	-122.4095510455
939432	37.8473399	-122.2929137833
250056	37.8010952133	-122.2699999809
623131	37.7093374167	-122.1342501167
287596	37.8471042317	-122.2611057758
690048	37.7055254167	-122.1284046667
608348	37.7746333667	-122.2189805
10388	37.7432487979	-122.118884325
518185	37.701287	-122.1297044
492986	37.8003750721	-122.2696960341
452879	37.8316414	-122.2566341667
1262709	37.684267883	-122.098110567
629081	37.6851131333	-122.0982163333
716590	37.7908066621	-122.396883162
800397	37.7901619929	-122.3980691565
988639	37.7900014187	-122.3970330092
903471	37.78997063	-122.39743059
1204170	37.78563243	-122.41601163
3848382	37.76209215	-122.41446727
1583752	37.647558569	-122.419344797
3934665	38.020639	-122.261148922
826239	38.0094422637	-122.270626312
518804	37.9785977167	-122.2944546167
440109	37.9554355	-122.3363471
585093	37.9901454	-122.3356093333
559900	37.9632336	-122.31886255
447909	37.9652823833	-122.3133056667
445898	37.8836454333	-122.2717639167
353810	37.9899752833	-122.2997597667
335847	37.79919838	-122.43916016
780564	37.7771492682	-122.3951491714
35143	38.0199187167	-122.5334716333
203611	37.93665999	-122.5193358
542915	37.71947475	-122.1484914
11108	37.7881300333	-122.4660158
11649	37.7880012833	-122.4661660167
268762	37.6124976564	-122.3859786987
1194500	37.77546925	-122.39043735
5161620	37.555707281	-122.318186085
1374504	37.562066766	-122.277475444
363293	37.8902053851	-122.1163253831
1080741	37.8985552167	-122.6388963833
157370	37.7368783833	-122.1445155
1484850	37.783756567	-122.2239785
491715	37.7840852667	-122.2235655667
524904	37.7841949167	-122.2237832
491720	37.78392905	-122.2237553
542714	37.7083093167	-122.1326812667
1512797	37.704995033	-122.130242567
491510	37.7353960833	-122.1520101667
1050460	37.7343649333	-122.1524527167
307653	37.7237700833	-122.1609089333
834017	37.8790128167	-122.5333129167
811584	37.77278447	-122.2177596
1006650	37.7994882667	-122.2852239333
1361081	37.696307217	-122.07765065
416881	37.70155715	-122.1246036833
1246643	37.70839458	-122.12303417
1351247	37.7008863	-122.12891435
1246996	37.729907633	-122.159433233
981971	37.7273160167	-122.1483395333
195380	37.76418262	-122.24116545
1034509	37.7105385	-122.1356327833
981681	37.7013283333	-122.1288187667
898182	37.7158630833	-122.18835355
689049	37.7299235333	-122.1599671333
281323	37.9016926	-122.2991187333
468567	37.715387	-122.11556865
468494	37.7110705044	-122.13689112
69553	37.90102385	-122.29999915
733407	37.7638024092	-122.472807169
144066	37.8988501917	-122.5537884235
174461	37.8601067333	-122.25846505
964484	37.8704830167	-122.26765735
1230647	37.795383017	-122.391987183
803245	37.8784462333	-122.1810546333
1010041	37.7845965105	-122.3888969421
2839872	37.7715235	-122.509474467
2837291	37.772579517	-122.48436815
2767020	37.783898883	-122.388079183
547138	37.7906252	-122.4003644333
552797	37.8909322	-122.11462479
230313	37.7969940207	-122.4039797485
442344	37.95562045	-122.5391970167
399470	37.8708668574	-122.2728948358
377900	37.8423351623	-122.2517410106
500686	37.7877286806	-122.4191869528
340818	37.79671455	-122.42169865
774172	37.7875123	-122.4403298333
556273	37.7961794885	-122.4052957731
11370	37.5629103167	-122.2608160833
856979	37.7406469167	-122.4958458833
2729804	37.743862	-122.500654
92255	37.7503483167	-122.4139695333
632401	37.77637809	-122.4090501
786759	37.5950612333	-122.3857716667
416042	37.7902172153	-122.4039344473
5774135	37.694976344	-122.072805726
578273	37.7944097727	-122.4046213321
1128136	37.64866751	-122.42991715
439610	37.63302493	-122.4369325
606406	37.7919766773	-122.3950632279
645346	37.64386075	-122.4535974667
1178668	37.5911313667	-122.49532095
681654	37.6839954667	-122.4026518333
1055071	37.8944553014	-122.5300746831
1268356	37.78606665	-122.41790813
143243	37.7798080167	-122.4812946
812026	37.78184235	-122.42912524
242729	37.79807037	-122.40776979
3326080	37.7857755833	-122.4131702167
1346861	37.7635583833	-122.4338911
3766198	37.905512112	-122.304747836
1074173	37.7901179667	-122.4340418833
803436	37.738363406	-122.2146119149
1490324	37.965992117	-122.5138305
1198300	37.99863525	-122.5255189833
1092470	37.9431450333	-122.5404941667
1059639	37.9658224833	-122.5361256167
574776	37.8940199051	-122.5304870538
641541	37.80373847	-122.40959221
554085	37.973989	-122.5372092167
549058	37.8549968833	-122.4790040667
5152762	37.777374	-122.3963593667
673224	37.79768485	-122.4308397167
39176	37.7748760667	-122.4085576167
969763	37.7301006852	-122.2112515569
971268	37.7287365333	-122.2081027833
969385	37.7299341579	-122.213614583
346052	37.87771585	-122.2949567333
1109056	37.72952275	-122.2101554833
1101984	37.6643729167	-122.1167063667
1114517	37.7226102833	-122.4343047333
1110420	37.7681851387	-122.3990625143
1589557	37.626082	-122.426959
4607745	37.826155567	-122.210416733
4596848	37.637860017	-122.132699583
4554031	37.7644624	-122.2425332
1528247	37.80641695	-122.4159614
1246893	37.891612667	-122.189424333
1333060	37.56046195	-122.282897483
3836363	37.72247033	-122.478083953
5386681	37.728559301	-122.4770251
2068235	37.7821590821	-122.4844914835
1661744	37.7827012539	-122.4674105644
211240	37.7693086	-122.4531835167
1323187	37.731519367	-122.50435065
1070247	37.7746760845	-122.5102293491
1170840	37.775464654	-122.5037330389
255318	37.928954	-122.51748885
200653	37.6861659333	-122.0892598833
966477	37.76030385	-122.50525236
3727923	37.787623197	-122.399429122
1350740	37.781639083	-122.410869583
949826	37.78700947	-122.41403687
799365	37.7548744	-122.48466551
794875	37.65506374	-122.41453409
1519681	37.742196918	-122.497219001
1456856	37.76271635	-122.24442881
1458197	37.7215106	-122.170433933
1021666	37.57237315	-122.3402523833
337224	38.0023852078	-122.5302171707
552675	37.9248561167	-122.0888328167
1208829	37.942597167	-122.347810717
451308	37.7907592346	-122.3993194938
625068	37.9018259667	-122.5411617833
490189	37.97176035	-122.5179103833
2283544	37.76363176	-122.41755604
1414524	37.89143091	-122.27946221
1163061	38.0040688833	-122.3510310667
397147	37.8133836833	-122.2468111833
887236	37.923716	-122.3182387
814475	37.8346280833	-122.2631374667
652147	37.8489339833	-122.2855652667
306318	37.8802904629	-122.2739353829
552980	37.8811250833	-122.2740740833
488273	37.8138875667	-122.24657615
171854	37.8853963516	-122.2746670246
996685	37.9406565428	-122.315608263
502247	37.8685644667	-122.50482255
942231	37.7830121	-122.45939285
941994	37.7818054667	-122.487653
924924	37.7934791	-122.3942648333
861271	37.7858360667	-122.4588728667
760892	37.78534405	-122.4615147167
2834984	37.586658597	-122.363448143
4452259	37.646934367	-122.430435217
899865	37.7922753432	-122.3954623338
1441408	37.842073967	-122.25552955
1415289	37.760589285	-122.433899756
981308	37.7243417	-122.4524183
983561	37.8046680091	-122.4436651447
1187733	37.7954447594	-122.4114371216
956529	37.5770180167	-122.3457717
950115	37.7831813333	-122.4158860333
1458173	37.57020964	-122.326654396
411758	37.783075	-122.463533
147960	37.7153483053	-122.3779964447
1051278	37.7621740762	-122.4032843113
3553985	37.810258283	-122.417266367
3553889	37.810258283	-122.417266367
884758	37.765545845	-122.4117010832
319749	37.9022356	-122.5262043833
70065	37.8904409	-122.51613505
188514	37.8875376921	-122.5453370151
319283	37.8982646	-122.5026200833
150461	37.8950838833	-122.5168111667
319857	37.9022635333	-122.5259212667
832342	37.797556908	-122.4329991639
4056217	37.806299	-122.417838
1323037	37.688093733	-122.472049083
3739379	37.732953633	-122.42096265
986938	37.72097826	-122.4373215437
1324546	38.004287333	-122.304820167
1179646	37.7673732264	-122.4068892002
1480382	37.797534787	-122.405294962
1323537	37.7971478	-122.4044994
750553	37.7963562406	-122.4049687386
5727194	37.735106007	-122.25004899
4697659	37.7817356586	-122.3956239223
1124384	37.71753633	-122.47319275
170903	37.6889665167	-122.4665733167
267035	37.8142430667	-122.2604805333
1049958	37.8063679168	-122.41122365
589894	37.7535136688	-122.490131557
1326992	37.8777477	-122.181222467
417493	37.7774651499	-122.4342477322
1472854	37.790272258	-122.423241367
4212257	37.79069453	-122.432303463
832437	37.76130062	-122.4224475
179269	37.7561901167	-122.4083131333
969914	37.7544976643	-122.4091744423
1726536	37.922719367	-122.290810017
904247	37.5866318333	-122.3616878
5152862	37.872871657	-122.4629044533
3420374	37.874763317	-122.457325867
1473707	37.738669438	-122.495361721
832330	37.7242785667	-122.4592911167
1373069	37.642551716	-122.42443457
462908	37.8120470959	-122.2616529465
362503	37.6451240738	-122.4054772954
1340116	37.6282596588	-122.4115025997
1324629	37.5804519653	-122.323397398
627493	37.8243866333	-122.5275094333
573862	37.56162225	-122.2788319333
411193	37.63310495	-122.4880200167
918110	37.6341885833	-122.4922837167
733743	37.6300959833	-122.4926875167
1159127	37.6746476167	-122.0812539333
994380	37.6538672833	-122.0909527
128649	37.8591766442	-122.4866104223
4686796	37.690241	-122.408442
1419195	37.564850872	-122.324751039
542600	37.544299526	-122.2924060353
780648	37.8494660167	-122.2850179167
803803	37.8667984	-122.2909636167
786111	37.8558056833	-122.2880087167
730466	37.79959607	-122.4076212
937789	37.60092562	-122.38263338
1343702	37.788911117	-122.405126917
390735	37.5437417895	-122.3070385786
1156886	37.773170072	-122.437533968
732033	37.6096524	-122.49592125
5161715	37.7980434895	-122.4383085966
53572	38.0021871167	-122.5302871833
669073	37.7510401	-122.43503355
2741786	37.793397134	-122.405525758
2058002	37.794001112	-122.400278439
1409305	37.737134211	-122.42993913
1422555	37.74125601	-122.42866179
1279082	37.5971889333	-122.3666667833
5767286	37.79338163	-122.40008938
783914	38.0078596833	-122.2690664667
1065447	38.0107256833	-122.2706233833
834654	38.0127959	-122.2814793333
834639	38.0127985167	-122.281534
496655	37.9264438172	-122.38500419
460743	37.97205072	-122.52228242
722927	37.7042358	-122.1685363167
637381	37.8029092093	-122.2750498577
1582414	37.771259	-122.423238
171678	37.64559	-122.4134729
5432330	37.975430367	-122.5627218
1038952	37.9042742667	-122.5422571
1158596	37.76282835	-122.43883913
1086979	37.65672485	-122.43735355
507450	37.9629834167	-122.4318900833
243883	37.9406692344	-122.4828600883
881002	38.0121218833	-122.2742891167
786771	37.8906963333	-122.2914360333
560651	37.9852841167	-122.31327605
317296	37.70987433	-122.39609712
637455	37.7917861938	-122.405840437
5174862	37.7690702677	-122.4521166086
331390	37.7524561416	-122.4150402791
931705	37.7857839	-122.4143307833
1447163	37.7737911	-122.431891066
1163385	37.7757060528	-122.4976551533
3463639	37.7909141779	-122.4032735825
3556124	37.790005	-122.401854
1273891	37.72779995	-122.4770078
4230033	37.736294317	-122.504430417
934334	37.790027	-122.405029
5006357	37.768099653	-122.403347659
949623	37.8900031333	-122.2976824833
1019675	37.8600632667	-122.2891462667
1014440	37.65531283	-122.40689182
1009841	37.8160095215	-122.2638473511
887243	37.89090155	-122.2887539833
238100	37.86783558	-122.09880143
1375375	37.577739647	-122.348070046
792622	37.655525	-122.4074672
1458409	37.727648738	-122.477310554
964050	37.7821535176	-122.4661365377
1007468	37.7881613698	-122.3964479157
5766710	37.786207	-122.408196
3857584	37.725281	-122.462873
2362447	37.787215	-122.402445
1810719	37.787476	-122.482202
1584619	37.7400939703	-122.4098108548
1439521	37.78372001	-122.40328133
636840	37.7220726013	-122.4769753218
600453	37.7433908141	-122.478715113
422693	37.79119211	-122.40399336
1347125	37.760284007	-122.469375272
5642394	37.7853850729	-122.4130582809
949881	37.6096490679	-122.4012948662
1543521	37.6720002472	-122.4717128277
1167559	37.7990688167	-122.4239097167
497779	37.7972552065	-122.423754626
1180558	37.85617434	-122.47660553
279388	37.7167572	-122.3812212
166488	37.7649087833	-122.4332860333
996908	37.7676243333	-122.4305837
1387131	37.766773698	-122.430706576
486664	37.76498535	-122.4322040667
1033191	37.7659162348	-122.4307887118
166486	37.7649087833	-122.4332860333
166517	37.7649665833	-122.4326708833
539476	37.7658029521	-122.4314684491
1019745	37.7667647833	-122.4355335167
953821	37.7912682295	-122.4013584852
785769	37.931481	-122.513616
785034	37.906419	-122.309763
530847	37.9763999167	-122.55016595
1219800	37.747397355	-122.490292125
1326990	37.789532	-122.397835
210241	37.8915633	-122.2785178833
502733	37.6552070667	-122.4108472333
965724	37.6552935492	-122.4101106157
570585	37.6517409167	-122.4096965333
1569777	37.781702872	-122.392146943
1221956	37.789358267	-122.413888517
319218	37.7081759833	-122.4053734833
167262	37.73454105	-122.41460967
3202416	37.7798300743	-122.4318015575
1302190	37.786103542	-122.439838839
1310838	37.811474	-122.472198
1785579	37.858904305	-122.478602493
487504	37.6889882667	-122.4692024667
1036003	37.66568905	-122.4510951
791020	37.5632915167	-122.28138125
970497	37.8008416	-122.4578528667
135799	37.59886885	-122.3972205833
1176916	37.80814123	-122.27075082
1171823	37.77375085	-122.4258309167
1144384	37.7795304456	-122.393179699
462000	37.85238675	-122.2656343667
1038287	37.626926	-122.487757
990870	37.626926	-122.487757
839941	37.64814525	-122.4902346
5480755	37.720129541	-122.483232591
1503122	37.979479523	-122.35188721
1594220	37.7172684981	-122.1043628454
467024	37.8115712667	-122.26647825
355476	37.8116899833	-122.26634565
880377	37.5592294234	-122.2627316956
1172389	37.7970557989	-122.4219906271
1287488	37.750357	-122.413373
771153	37.6345034333	-122.4122135833
2080416	37.75986	-122.40687
459585	37.7879050485	-122.4184043931
273831	37.6653752	-122.1163552833
879990	37.787240275	-122.3978933639
966552	37.64364492	-122.45271354
157033	37.6653892833	-122.4521017
1382890	37.77715909	-122.2317149
454092	37.8372761005	-122.255263345
893884	37.7825990833	-122.3931316
972317	37.7603582667	-122.4431468667
1035079	37.97270825	-122.5334638833
628535	37.97378528	-122.53711932
1528932	37.728247143	-122.44487587
1552919	37.7125293016	-122.401111722
5627028	37.814085	-122.252005
4852046	37.803425	-122.444717
4657667	37.7013489667	-122.1227215333
1485352	37.6937436667	-122.0882534
1518325	37.76917565	-122.453180033
119817	37.7301573127	-122.3985112982
1094074	37.78220142	-122.48630325
942571	37.7451194	-122.4202388
1692377	37.8057414293	-122.2372716665
1902803	37.7985011085	-122.4325311184
1583344	37.64868655	-122.49330747
1886401	37.7780417897	-122.4158370495
1333936	37.76218718	-122.43816608
1558788	37.654808983	-122.408734333
773864	37.8690302833	-122.5032318333
757210	37.8482251304	-122.4808512847
1918948	37.929837939	-122.514376179
756117	37.7128930809	-122.1393965781
1558181	37.635913783	-122.1137639
771916	37.63580035	-122.1137449167
935520	37.7866467595	-122.4127211651
683336	37.7523181753	-122.413691377
1129088	37.5647950362	-122.3234004871
2846560	37.789596812	-122.390647088
163919	37.7229380167	-122.4805961167
2007821	37.71750211	-122.4731974
1211964	37.717468817	-122.47436695
594736	37.77160221	-122.43008917
195320	37.6281280667	-122.4115687667
340380	37.6423102833	-122.4265008
3937438	37.806255886	-122.431229431
3937323	37.806398591	-122.43142867
3937493	37.806181114	-122.431156704
3937783	37.806111188	-122.431230008
746437	37.6501919833	-122.4537618667
202989	37.8917565333	-122.1206116
4605169	37.722331143	-122.476780924
4651187	37.648308613	-122.468775432
4696996	37.795820401	-122.394158058
3682839	37.794040759	-122.40111162
622281	37.79276125	-122.42078215
575347	37.7899085742	-122.4205479644
881554	37.7952501821	-122.4128754366
1055128	37.7724481027	-122.4111871075
342022	37.7363263667	-122.1478559333
331682	37.70453875	-122.0615602833
1523622	37.812014867	-122.27102485
639382	37.7998515903	-122.2669132013
814579	37.7635422685	-122.469455795
1468582	37.890521767	-122.125528733
517327	37.9788460667	-122.2952719667
1047092	38.0349933	-122.2671587
848635	37.94654765	-122.3301512333
840768	37.93422545	-122.33629455
624985	37.96154165	-122.3259413
646562	37.9277975167	-122.32050175
1338588	37.663057617	-122.4015374
539606	37.8980539823	-122.514636809
1210288	37.773308689	-122.260518079
4218229	37.66905159	-122.389978484
5110213	37.632278945	-122.120124421
5095806	37.572999799	-122.310770213
2831651	37.767041966	-122.254232219
2425827	37.567514299	-122.275627553
1115588	37.7779908511	-122.2644920062
1600251	37.764653527	-122.243741486
165509	37.5690843167	-122.3260155333
1584280	37.774166863	-122.276430265
1088572	37.540828	-122.293929
5056653	37.806045801	-122.4060630798
